UNKNOWN																		
version=1																		
nRows=1449																		
nColumns=19																		
inDegrees=no																		
endheader																		
time	rF_x	rF_y	rF_z	rCOP_x	rCOP_y	rCOP_z	lF_x	lF_y	lF_z	lCOP_x	lCOP_y	lCOP_z	rT_x	rT_y	rT_z	lT_x	lT_y	lT_z
0	0	0	0	1.294771	0.0115	-0.46673	0	0	0	0.739225	0.0115	-0.552282	0	0	0	0	0	0
0.0005	0	0	0	1.294206	0.0115	-0.466813	0	0	0	0.738817	0.0115	-0.552075	0	0	0	0	0	0
0.001	0	0	0	1.29364	0.0115	-0.466896	0	0	0	0.738409	0.0115	-0.551869	0	0	0	0	0	0
0.0015	0	0	0	1.293075	0.0115	-0.466979	0	0	0	0.738001	0.0115	-0.551662	0	0	0	0	0	0
0.002	0	0	0	1.292509	0.0115	-0.467062	0	0	0	0.737593	0.0115	-0.551455	0	0	0	0	0	0
0.0025	0	0	0	1.291944	0.0115	-0.467145	0	0	0	0.737185	0.0115	-0.551248	0	0	0	0	0	0
0.003	0	0	0	1.291379	0.0115	-0.467228	0	0	0	0.736777	0.0115	-0.551042	0	0	0	0	0	0
0.0035	0	0	0	1.290813	0.0115	-0.467311	0	0	0	0.736369	0.0115	-0.550835	0	0	0	0	0	0
0.004	0	0	0	1.290248	0.0115	-0.467393	0	0	0	0.73596	0.0115	-0.550628	0	0	0	0	0	0
0.0045	0	0	0	1.289682	0.0115	-0.467476	0	0	0	0.735552	0.0115	-0.550422	0	0	0	0	0	0
0.005	0	0	0	1.289117	0.0115	-0.467559	0	0	0	0.735144	0.0115	-0.550215	0	0	0	0	0	0
0.0055	0	0	0	1.288551	0.0115	-0.467642	0	0	0	0.734736	0.0115	-0.550008	0	0	0	0	0	0
0.006	0	0	0	1.287986	0.0115	-0.467725	0	0	0	0.734328	0.0115	-0.549802	0	0	0	0	0	0
0.0065	0	0	0	1.28742	0.0115	-0.467808	0	0	0	0.73392	0.0115	-0.549595	0	0	0	0	0	0
0.007	0	0	0	1.286855	0.0115	-0.467891	0	0	0	0.733512	0.0115	-0.549388	0	0	0	0	0	0
0.0075	0	0	0	1.286289	0.0115	-0.467974	0	0	0	0.733104	0.0115	-0.549181	0	0	0	0	0	0
0.008	0	0	0	1.285724	0.0115	-0.468057	0	0	0	0.732695	0.0115	-0.548975	0	0	0	0	0	0
0.0085	0	0	0	1.285158	0.0115	-0.468139	0	0	0	0.732287	0.0115	-0.548768	0	0	0	0	0	0
0.009	0	0	0	1.284593	0.0115	-0.468222	0	0	0	0.731879	0.0115	-0.548561	0	0	0	0	0	0
0.0095	0	0	0	1.284028	0.0115	-0.468305	0	0	0	0.731471	0.0115	-0.548355	0	0	0	0	0	0
0.01	0	0	0	1.283462	0.0115	-0.468388	0	0	0	0.731063	0.0115	-0.548148	0	0	0	0	0	0
0.0105	0	0	0	1.282665	0.0115	-0.468486	0	0	0	0.730809	0.0115	-0.547978	0	0	0	0	0	0
0.011	0	0	0	1.281867	0.0115	-0.468585	0	0	0	0.730555	0.0115	-0.547807	0	0	0	0	0	0
0.0115	0	0	0	1.28107	0.0115	-0.468683	0	0	0	0.730301	0.0115	-0.547637	0	0	0	0	0	0
0.012	0	0	0	1.280273	0.0115	-0.468781	0	0	0	0.730047	0.0115	-0.547467	0	0	0	0	0	0
0.0125	0	0	0	1.279475	0.0115	-0.468879	0	0	0	0.729793	0.0115	-0.547297	0	0	0	0	0	0
0.013	0	0	0	1.278678	0.0115	-0.468977	0	0	0	0.729539	0.0115	-0.547127	0	0	0	0	0	0
0.0135	0	0	0	1.27788	0.0115	-0.469076	0	0	0	0.729284	0.0115	-0.546956	0	0	0	0	0	0
0.014	0	0	0	1.277083	0.0115	-0.469174	0	0	0	0.72903	0.0115	-0.546786	0	0	0	0	0	0
0.0145	0	0	0	1.276286	0.0115	-0.469272	0	0	0	0.728776	0.0115	-0.546616	0	0	0	0	0	0
0.015	7.456781	12.033484	-1.735169	1.275488	0.0115	-0.46937	0	0	0	0.728522	0.0115	-0.546446	0	1.684883	0	0	0	0
0.0155	7.641498	15.606073	-2.130594	1.274691	0.0115	-0.469468	0	0	0	0.728268	0.0115	-0.546276	0	1.803177	0	0	0	0
0.016	7.83391	19.389739	-2.547274	1.273894	0.0115	-0.469567	0	0	0	0.728014	0.0115	-0.546105	0	1.911738	0	0	0	0
0.0165	8.034488	23.390315	-2.985582	1.273096	0.0115	-0.469665	0	0	0	0.72776	0.0115	-0.545935	0	2.01174	0	0	0	0
0.017	8.243645	27.61354	-3.445816	1.272299	0.0115	-0.469763	0	0	0	0.727506	0.0115	-0.545765	0	2.104152	0	0	0	0
0.0175	8.46174	32.065035	-3.928198	1.271501	0.0115	-0.469861	0	0	0	0.727252	0.0115	-0.545595	0	2.189785	0	0	0	0
0.018	8.689084	36.750286	-4.432893	1.270704	0.0115	-0.469959	0	0	0	0.726998	0.0115	-0.545425	0	2.269321	0	0	0	0
0.0185	8.925934	41.674619	-4.960015	1.269907	0.0115	-0.470058	0	0	0	0.726744	0.0115	-0.545254	0	2.34334	0	0	0	0
0.019	9.172481	46.843178	-5.509634	1.269109	0.0115	-0.470156	0	0	0	0.72649	0.0115	-0.545084	0	2.412335	0	0	0	0
0.0195	9.428838	52.260902	-6.081782	1.268312	0.0115	-0.470254	0	0	0	0.726236	0.0115	-0.544914	0	2.476729	0	0	0	0
0.02	9.695018	57.932497	-6.676445	1.267515	0.0115	-0.470352	0	0	0	0.725982	0.0115	-0.544744	0	2.536871	0	0	0	0
0.0205	9.97092	63.86241	-7.293562	1.268557	0.0115	-0.468235	0	0	0	0.725891	0.0115	-0.544625	0	2.593044	0	0	0	0
0.021	10.256314	70.054803	-7.933017	1.2696	0.0115	-0.466117	0	0	0	0.725801	0.0115	-0.544506	0	2.645463	0	0	0	0
0.0215	10.550837	76.513522	-8.594616	1.270643	0.0115	-0.463999	0	0	0	0.725711	0.0115	-0.544386	0	2.694299	0	0	0	0
0.022	10.853983	83.242065	-9.278085	1.271686	0.0115	-0.461882	0	0	0	0.725621	0.0115	-0.544267	0	2.739694	0	0	0	0
0.0225	11.165108	90.243554	-9.983072	1.272728	0.0115	-0.459764	0	0	0	0.725531	0.0115	-0.544148	0	2.781775	0	0	0	0
0.023	11.483422	97.520698	-10.709162	1.273771	0.0115	-0.457646	0	0	0	0.72544	0.0115	-0.544029	0	2.820653	0	0	0	0
0.0235	11.807972	105.075759	-11.455897	1.274814	0.0115	-0.455529	0	0	0	0.72535	0.0115	-0.54391	0	2.856422	0	0	0	0
0.024	12.137626	112.910521	-12.222783	1.275857	0.0115	-0.453411	0	0	0	0.72526	0.0115	-0.543791	0	2.889151	0	0	0	0
0.0245	12.471048	121.026244	-13.009295	1.276899	0.0115	-0.451293	0	0	0	0.72517	0.0115	-0.543672	0	2.918891	0	0	0	0
0.025	12.806697	129.423632	-13.814868	1.277942	0.0115	-0.449176	0	0	0	0.72508	0.0115	-0.543553	0	2.945677	0	0	0	0
0.0255	13.142825	138.102793	-14.63888	1.278985	0.0115	-0.447058	0	0	0	0.724989	0.0115	-0.543434	0	2.969535	0	0	0	0
0.026	13.477487	147.063193	-15.480641	1.280028	0.0115	-0.44494	0	0	0	0.724899	0.0115	-0.543315	0	2.990489	0	0	0	0
0.0265	13.808563	156.303617	-16.339374	1.28107	0.0115	-0.442823	0	0	0	0.724809	0.0115	-0.543195	0	3.00857	0	0	0	0
0.027	14.133777	165.822123	-17.2142	1.282113	0.0115	-0.440705	0	0	0	0.724719	0.0115	-0.543076	0	3.023825	0	0	0	0
0.0275	14.450718	175.616029	-18.104137	1.283156	0.0115	-0.438587	0	0	0	0.724629	0.0115	-0.542957	0	3.036324	0	0	0	0
0.028	14.756863	185.681995	-19.008099	1.284199	0.0115	-0.43647	0	0	0	0.724538	0.0115	-0.542838	0	3.046163	0	0	0	0
0.0285	15.049601	196.016171	-19.924913	1.285241	0.0115	-0.434352	0	0	0	0.724448	0.0115	-0.542719	0	3.053465	0	0	0	0
0.029	15.326259	206.614299	-20.853332	1.286284	0.0115	-0.432234	0	0	0	0.724358	0.0115	-0.5426	0	3.058377	0	0	0	0
0.0295	15.584113	217.47173	-21.792044	1.287327	0.0115	-0.430117	0	0	0	0.724268	0.0115	-0.542481	0	3.061063	0	0	0	0
0.03	15.820409	228.583417	-22.739674	1.288061	0.0115	-0.430995	0	0	0	0.724178	0.0115	-0.542362	0	3.061709	0	0	0	0
0.0305	16.032385	239.943904	-23.694758	1.288719	0.0115	-0.431835	0	0	0	0.724259	0.0115	-0.542302	0	3.060524	0	0	0	0
0.031	16.217276	251.547315	-24.655721	1.289307	0.0115	-0.43264	0	0	0	0.724341	0.0115	-0.542243	0	3.057757	0	0	0	0
0.0315	16.372325	263.387332	-25.620857	1.289833	0.0115	-0.433413	0	0	0	0.724423	0.0115	-0.542183	0	3.053707	0	0	0	0
0.032	16.494774	275.457168	-26.588319	1.290302	0.0115	-0.434155	0	0	0	0.724504	0.0115	-0.542124	0	3.048728	0	0	0	0
0.0325	16.581848	287.749547	-27.556117	1.290721	0.0115	-0.43487	0	0	0	0.724586	0.0115	-0.542065	0	3.043231	0	0	0	0
0.033	16.630745	300.256674	-28.522139	1.291095	0.0115	-0.435558	0	0	0	0.724668	0.0115	-0.542005	0	3.03766	0	0	0	0
0.0335	16.638615	312.970213	-29.484171	1.291429	0.0115	-0.436222	0	0	0	0.724749	0.0115	-0.541946	0	3.032486	0	0	0	0
0.034	16.602567	325.881276	-30.439931	1.291726	0.0115	-0.436863	0	0	0	0.724831	0.0115	-0.541886	0	3.028187	0	0	0	0
0.0345	16.519672	338.980424	-31.387089	1.291991	0.0115	-0.437482	0	0	0	0.724913	0.0115	-0.541827	0	3.025239	0	0	0	0
0.035	16.386995	352.257663	-32.323281	1.292226	0.0115	-0.43808	0	0	0	0.724994	0.0115	-0.541767	0	3.02411	0	0	0	0
0.0355	16.201626	365.702437	-33.246114	1.292433	0.0115	-0.43866	0	0	0	0.725076	0.0115	-0.541708	0	3.025262	0	0	0	0
0.036	15.960715	379.303616	-34.153162	1.292617	0.0115	-0.439222	0	0	0	0.725158	0.0115	-0.541648	0	3.029141	0	0	0	0
0.0365	15.661513	393.049509	-35.041962	1.292778	0.0115	-0.439767	0	0	0	0.725239	0.0115	-0.541589	0	3.03618	0	0	0	0
0.037	15.301402	406.927891	-35.910022	1.292918	0.0115	-0.440297	0	0	0	0.725321	0.0115	-0.54153	0	3.046782	0	0	0	0
0.0375	14.87794	420.926032	-36.754845	1.29304	0.0115	-0.440813	0	0	0	0.725403	0.0115	-0.54147	0	3.06131	0	0	0	0
0.038	14.388894	435.030739	-37.57397	1.293145	0.0115	-0.441314	0	0	0	0.725484	0.0115	-0.541411	0	3.080073	0	0	0	0
0.0385	13.832301	449.228397	-38.365027	1.293234	0.0115	-0.441804	0	0	0	0.725566	0.0115	-0.541351	0	3.103307	0	0	0	0
0.039	13.206507	463.505013	-39.125788	1.29331	0.0115	-0.442282	0	0	0	0.725648	0.0115	-0.541292	0	3.131162	0	0	0	0
0.0395	12.510214	477.84629	-39.854212	1.293375	0.0115	-0.442749	0	0	0	0.725729	0.0115	-0.541232	0	3.163693	0	0	0	0
0.04	11.742504	492.237689	-40.548471	1.293429	0.0115	-0.443207	0	0	0	0.725811	0.0115	-0.541173	0	3.200846	0	0	0	0
0.0405	10.902853	506.664485	-41.206963	1.293475	0.0115	-0.443655	0	0	0	0.72607	0.0115	-0.541175	0	3.242446	0	0	0	0
0.041	9.991118	521.111824	-41.828293	1.293514	0.0115	-0.444096	0	0	0	0.72633	0.0115	-0.541177	0	3.288188	0	0	0	0
0.0415	9.007506	535.56477	-42.411255	1.293548	0.0115	-0.444529	0	0	0	0.726589	0.0115	-0.541179	0	3.337644	0	0	0	0
0.042	7.952533	550.00836	-42.954798	1.293577	0.0115	-0.444955	0	0	0	0.726848	0.0115	-0.541181	0	3.390271	0	0	0	0
0.0425	6.826991	564.427645	-43.45801	1.293603	0.0115	-0.445375	0	0	0	0.727108	0.0115	-0.541184	0	3.44542	0	0	0	0
0.043	5.631902	578.80775	-43.920099	1.293628	0.0115	-0.445789	0	0	0	0.727367	0.0115	-0.541186	0	3.50236	0	0	0	0
0.0435	4.36849	593.133955	-44.340392	1.293651	0.0115	-0.446197	0	0	0	0.727627	0.0115	-0.541188	0	3.560285	0	0	0	0
0.044	3.038144	607.391774	-44.718331	1.293674	0.0115	-0.4466	0	0	0	0.727886	0.0115	-0.54119	0	3.618346	0	0	0	0
0.0445	1.6424	621.567014	-45.053466	1.293697	0.0115	-0.446997	0	0	0	0.728145	0.0115	-0.541192	0	3.67566	0	0	0	0
0.045	0.182927	635.645843	-45.34545	1.29372	0.0115	-0.447387	0	0	0	0.728405	0.0115	-0.541194	0	3.731341	0	0	0	0
0.0455	-1.338474	649.614843	-45.594038	1.293744	0.0115	-0.447772	0	0	0	0.728664	0.0115	-0.541196	0	3.784513	0	0	0	0
0.046	-2.919885	663.461059	-45.799095	1.293767	0.0115	-0.44815	0	0	0	0.728923	0.0115	-0.541198	0	3.834334	0	0	0	0
0.0465	-4.559276	677.172043	-45.960595	1.293791	0.0115	-0.448522	0	0	0	0.729183	0.0115	-0.5412	0	3.880025	0	0	0	0
0.047	-6.254516	690.735879	-46.078634	1.293814	0.0115	-0.448886	0	0	0	0.729442	0.0115	-0.541203	0	3.920892	0	0	0	0
0.0475	-8.003381	704.141217	-46.153456	1.293836	0.0115	-0.449242	0	0	0	0.729702	0.0115	-0.541205	0	3.956342	0	0	0	0
0.048	-9.803568	717.377324	-46.185481	1.293858	0.0115	-0.44959	0	0	0	0.729961	0.0115	-0.541207	0	3.98589	0	0	0	0
0.0485	-11.652705	730.434152	-46.175333	1.293878	0.0115	-0.44993	0	0	0	0.73022	0.0115	-0.541209	0	4.009161	0	0	0	0
0.049	-13.548382	743.302429	-46.123861	1.293896	0.0115	-0.450262	0	0	0	0.73048	0.0115	-0.541211	0	4.025893	0	0	0	0
0.0495	-15.488188	755.973753	-46.032156	1.293912	0.0115	-0.450584	0	0	0	0.730739	0.0115	-0.541213	0	4.03593	0	0	0	0
0.05	-17.469751	768.44066	-45.901547	1.293926	0.0115	-0.450899	0	0	0	0.730999	0.0115	-0.541215	0	4.039219	0	0	0	0
0.0505	-19.490802	780.696677	-45.73359	1.293938	0.0115	-0.451205	0	0	0	0.731438	0.0115	-0.541274	0	4.035808	0	0	0	0
0.051	-21.549231	792.736341	-45.53003	1.293946	0.0115	-0.451503	0	0	0	0.731878	0.0115	-0.541334	0	4.025851	0	0	0	0
0.0515	-23.643147	804.555203	-45.292774	1.293951	0.0115	-0.451793	0	0	0	0.732318	0.0115	-0.541393	0	4.009609	0	0	0	0
0.052	-25.770916	816.149816	-45.023844	1.293952	0.0115	-0.452076	0	0	0	0.732758	0.0115	-0.541452	0	3.987443	0	0	0	0
0.0525	-27.931198	827.517722	-44.725342	1.293948	0.0115	-0.452351	0	0	0	0.733197	0.0115	-0.541512	0	3.959806	0	0	0	0
0.053	-30.122959	838.657417	-44.39942	1.293939	0.0115	-0.452619	0	0	0	0.733637	0.0115	-0.541571	0	3.927235	0	0	0	0
0.0535	-32.345476	849.568301	-44.04824	1.293923	0.0115	-0.45288	0	0	0	0.734077	0.0115	-0.54163	0	3.890348	0	0	0	0
0.054	-34.598337	860.250621	-43.673948	1.293901	0.0115	-0.453133	0	0	0	0.734517	0.0115	-0.54169	0	3.849833	0	0	0	0
0.0545	-36.881435	870.705431	-43.27866	1.29387	0.0115	-0.453381	0	0	0	0.734956	0.0115	-0.541749	0	3.806442	0	0	0	0
0.055	-39.194961	880.934559	-42.864443	1.29383	0.0115	-0.453622	0	0	0	0.735396	0.0115	-0.541808	0	3.760972	0	0	0	0
0.0555	-41.539361	890.940555	-42.433312	1.293779	0.0115	-0.453856	0	0	0	0.735836	0.0115	-0.541868	0	3.714242	0	0	0	0
0.056	-43.915282	900.726649	-41.987204	1.293718	0.0115	-0.454085	0	0	0	0.736276	0.0115	-0.541927	0	3.667077	0	0	0	0
0.0565	-46.32349	910.296705	-41.527964	1.293644	0.0115	-0.454308	0	0	0	0.736715	0.0115	-0.541986	0	3.620293	0	0	0	0
0.057	-48.764785	919.655187	-41.057324	1.293558	0.0115	-0.454525	0	0	0	0.737155	0.0115	-0.542046	0	3.574698	0	0	0	0
0.0575	-51.239911	928.807128	-40.576888	1.293459	0.0115	-0.454738	0	0	0	0.737595	0.0115	-0.542105	0	3.531083	0	0	0	0
0.058	-53.749497	937.758099	-40.088127	1.293345	0.0115	-0.454945	0	0	0	0.738035	0.0115	-0.542164	0	3.490208	0	0	0	0
0.0585	-56.294018	946.514178	-39.59238	1.293218	0.0115	-0.455147	0	0	0	0.738474	0.0115	-0.542223	0	3.452782	0	0	0	0
0.059	-58.873774	955.081904	-39.09086	1.293077	0.0115	-0.455344	0	0	0	0.738914	0.0115	-0.542283	0	3.419441	0	0	0	0
0.0595	-61.488891	963.46822	-38.584648	1.292922	0.0115	-0.455537	0	0	0	0.739354	0.0115	-0.542342	0	3.39074	0	0	0	0
0.06	-64.139311	971.680415	-38.074699	1.292752	0.0115	-0.455725	0	0	0	0.739794	0.0115	-0.542401	0	3.367154	0	0	0	0
0.0605	-66.824789	979.726065	-37.56184	1.292569	0.0115	-0.455909	0	0	0	0.740412	0.0115	-0.542509	0	3.349073	0	0	0	0
0.061	-69.544865	987.61299	-37.046796	1.292373	0.0115	-0.456088	0	0	0	0.74103	0.0115	-0.542617	0	3.336797	0	0	0	0
0.0615	-72.298842	995.349207	-36.530204	1.292164	0.0115	-0.456264	0	0	0	0.741648	0.0115	-0.542724	0	3.330529	0	0	0	0
0.062	-75.085768	1002.942902	-36.012647	1.291943	0.0115	-0.456435	0	0	0	0.742267	0.0115	-0.542832	0	3.330363	0	0	0	0
0.0625	-77.904432	1010.402407	-35.494671	1.29171	0.0115	-0.456603	0	0	0	0.742885	0.0115	-0.542939	0	3.336286	0	0	0	0
0.063	-80.753367	1017.736181	-34.976816	1.291465	0.0115	-0.456767	0	0	0	0.743503	0.0115	-0.543047	0	3.34817	0	0	0	0
0.0635	-83.630867	1024.9528	-34.459661	1.29121	0.0115	-0.456927	0	0	0	0.744122	0.0115	-0.543154	0	3.365773	0	0	0	0
0.064	-86.535005	1032.060946	-33.943855	1.290945	0.0115	-0.457083	0	0	0	0.74474	0.0115	-0.543262	0	3.388748	0	0	0	0
0.0645	-89.463634	1039.069398	-33.430154	1.29067	0.0115	-0.457235	0	0	0	0.745358	0.0115	-0.543369	0	3.416648	0	0	0	0
0.065	-92.414396	1045.987006	-32.919431	1.290385	0.0115	-0.457384	0	0	0	0.745976	0.0115	-0.543477	0	3.448953	0	0	0	0
0.0655	-95.384721	1052.822649	-32.412687	1.290091	0.0115	-0.457529	0	0	0	0.746595	0.0115	-0.543585	0	3.48509	0	0	0	0
0.066	-98.371824	1059.585196	-31.911043	1.289789	0.0115	-0.45767	0	0	0	0.747213	0.0115	-0.543692	0	3.524453	0	0	0	0
0.0665	-101.372723	1066.283459	-31.415735	1.289479	0.0115	-0.457808	0	0	0	0.747831	0.0115	-0.5438	0	3.566424	0	0	0	0
0.067	-104.384252	1072.926132	-30.92812	1.28916	0.0115	-0.457942	0	0	0	0.74845	0.0115	-0.543907	0	3.610383	0	0	0	0
0.0675	-107.40309	1079.52173	-30.449675	1.288835	0.0115	-0.458072	0	0	0	0.749068	0.0115	-0.544015	0	3.655718	0	0	0	0
0.068	-110.425784	1086.078535	-29.982013	1.288502	0.0115	-0.458198	0	0	0	0.749686	0.0115	-0.544122	0	3.701825	0	0	0	0
0.0685	-113.448783	1092.604547	-29.52689	1.288163	0.0115	-0.45832	0	0	0	0.750304	0.0115	-0.54423	0	3.748117	0	0	0	0
0.069	-116.468463	1099.107446	-29.086226	1.287817	0.0115	-0.458438	0	0	0	0.750923	0.0115	-0.544337	0	3.794012	0	0	0	0
0.0695	-119.481142	1105.594563	-28.662104	1.287465	0.0115	-0.458551	0	0	0	0.751541	0.0115	-0.544445	0	3.838926	0	0	0	0
0.07	-122.483097	1112.072861	-28.256781	1.287107	0.0115	-0.45866	0	0	0	0.752159	0.0115	-0.544553	0	3.882271	0	0	0	0
0.0705	-125.470569	1118.548913	-27.872666	1.286744	0.0115	-0.458764	0	0	0	0.752949	0.0115	-0.544697	0	3.923445	0	0	0	0
0.071	-128.439778	1125.028873	-27.512291	1.286374	0.0115	-0.458863	0	0	0	0.753739	0.0115	-0.544841	0	3.961835	0	0	0	0
0.0715	-131.386934	1131.51847	-27.178283	1.285998	0.0115	-0.458956	0	0	0	0.754529	0.0115	-0.544985	0	3.996817	0	0	0	0
0.072	-134.308248	1138.022987	-26.873343	1.285616	0.0115	-0.459045	0	0	0	0.755319	0.0115	-0.545129	0	4.027744	0	0	0	0
0.0725	-137.199941	1144.547256	-26.600223	1.285226	0.0115	-0.459128	0	0	0	0.756109	0.0115	-0.545273	0	4.053936	0	0	0	0
0.073	-140.058235	1151.095653	-26.361713	1.28483	0.0115	-0.459206	0	0	0	0.756898	0.0115	-0.545417	0	4.074671	0	0	0	0
0.0735	-142.879365	1157.6721	-26.160603	1.284426	0.0115	-0.459278	0	0	0	0.757688	0.0115	-0.545561	0	4.089195	0	0	0	0
0.074	-145.659562	1164.280084	-25.99966	1.284015	0.0115	-0.459345	0	0	0	0.758478	0.0115	-0.545705	0	4.096741	0	0	0	0
0.0745	-148.395055	1170.922673	-25.881594	1.283594	0.0115	-0.459405	0	0	0	0.759268	0.0115	-0.545849	0	4.096528	0	0	0	0
0.075	-151.082054	1177.602552	-25.809032	1.283165	0.0115	-0.45946	0	0	0	0.760058	0.0115	-0.545993	0	4.087772	0	0	0	0
0.0755	-153.716759	1184.322079	-25.784483	1.282727	0.0115	-0.45951	0	0	0	0.760848	0.0115	-0.546137	0	4.069684	0	0	0	0
0.076	-156.295368	1191.08332	-25.810296	1.28228	0.0115	-0.459553	0	0	0	0.761638	0.0115	-0.546281	0	4.041477	0	0	0	0
0.0765	-158.814102	1197.888094	-25.888614	1.281822	0.0115	-0.459591	0	0	0	0.762428	0.0115	-0.546425	0	4.002384	0	0	0	0
0.077	-161.26923	1204.738002	-26.021331	1.281354	0.0115	-0.459622	0	0	0	0.763217	0.0115	-0.546569	0	3.95168	0	0	0	0
0.0775	-163.657083	1211.63446	-26.210046	1.280876	0.0115	-0.459648	0	0	0	0.764007	0.0115	-0.546713	0	3.888702	0	0	0	0
0.078	-165.974078	1218.578722	-26.456031	1.280386	0.0115	-0.459669	0	0	0	0.764797	0.0115	-0.546857	0	3.81287	0	0	0	0
0.0785	-168.216749	1225.571903	-26.760196	1.279885	0.0115	-0.459684	0	0	0	0.765587	0.0115	-0.547001	0	3.723711	0	0	0	0
0.079	-170.381784	1232.61498	-27.123057	1.279372	0.0115	-0.459695	0	0	0	0.766377	0.0115	-0.547145	0	3.620884	0	0	0	0
0.0795	-172.466062	1239.708785	-27.544705	1.278847	0.0115	-0.4597	0	0	0	0.767167	0.0115	-0.547289	0	3.504199	0	0	0	0
0.08	-174.466689	1246.853993	-28.024779	1.27831	0.0115	-0.459701	0	0	0	0.767957	0.0115	-0.547433	0	3.373642	0	0	0	0
0.0805	-176.38102	1254.051127	-28.562455	1.277759	0.0115	-0.459697	0	0	0	0.768906	0.0115	-0.547601	0	3.229389	0	0	0	0
0.081	-178.206666	1261.300564	-29.156442	1.277194	0.0115	-0.45969	0	0	0	0.769856	0.0115	-0.547768	0	3.071826	0	0	0	0
0.0815	-179.941482	1268.602532	-29.804972	1.276616	0.0115	-0.459679	0	0	0	0.770806	0.0115	-0.547936	0	2.901554	0	0	0	0
0.082	-181.583547	1275.9571	-30.505802	1.276022	0.0115	-0.459665	0	0	0	0.771756	0.0115	-0.548103	0	2.719401	0	0	0	0
0.0825	-183.131143	1283.364177	-31.256225	1.275414	0.0115	-0.459649	0	0	0	0.772706	0.0115	-0.548271	0	2.526428	0	0	0	0
0.083	-184.582732	1290.823506	-32.053097	1.27479	0.0115	-0.459629	0	0	0	0.773656	0.0115	-0.548438	0	2.323922	0	0	0	0
0.0835	-185.93694	1298.334661	-32.892881	1.27415	0.0115	-0.459607	0	0	0	0.774605	0.0115	-0.548606	0	2.113378	0	0	0	0
0.084	-187.192552	1305.89705	-33.771707	1.273494	0.0115	-0.459583	0	0	0	0.775555	0.0115	-0.548773	0	1.896463	0	0	0	0
0.0845	-188.348504	1313.509911	-34.68543	1.272821	0.0115	-0.459556	0	0	0	0.776505	0.0115	-0.548941	0	1.674984	0	0	0	0
0.085	-189.403897	1321.1723	-35.6297	1.272131	0.0115	-0.459528	0	0	0	0.777455	0.0115	-0.549108	0	1.450847	0	0	0	0
0.0855	-190.358007	1328.883068	-36.60002	1.271424	0.0115	-0.459497	0	0	0	0.778405	0.0115	-0.549276	0	1.226017	0	0	0	0
0.086	-191.210301	1336.640837	-37.591808	1.2707	0.0115	-0.459464	0	0	0	0.779354	0.0115	-0.549443	0	1.002482	0	0	0	0
0.0865	-191.960434	1344.443993	-38.600446	1.269957	0.0115	-0.45943	0	0	0	0.780304	0.0115	-0.549611	0	0.782207	0	0	0	0
0.087	-192.608256	1352.290687	-39.621339	1.269197	0.0115	-0.459393	0	0	0	0.781254	0.0115	-0.549779	0	0.567099	0	0	0	0
0.0875	-193.153801	1360.178834	-40.649977	1.26842	0.0115	-0.459354	0	0	0	0.782204	0.0115	-0.549946	0	0.358955	0	0	0	0
0.088	-193.597289	1368.106129	-41.681999	1.267624	0.0115	-0.459314	0	0	0	0.783154	0.0115	-0.550114	0	0.159419	0	0	0	0
0.0885	-193.939119	1376.070053	-42.713248	1.266811	0.0115	-0.459271	0	0	0	0.784104	0.0115	-0.550281	0	-0.030064	0	0	0	0
0.089	-194.17988	1384.067904	-43.739828	1.265981	0.0115	-0.459227	0	0	0	0.785053	0.0115	-0.550449	0	-0.208286	0	0	0	0
0.0895	-194.320346	1392.096824	-44.758148	1.265133	0.0115	-0.459181	0	0	0	0.786003	0.0115	-0.550616	0	-0.374309	0	0	0	0
0.09	-194.361481	1400.153838	-45.764959	1.264268	0.0115	-0.459133	0	0	0	0.786953	0.0115	-0.550784	0	-0.527488	0	0	0	0
0.0905	-194.304432	1408.235884	-46.757378	1.263387	0.0115	-0.459083	0	0	0	0.788048	0.0115	-0.550963	0	-0.667493	0	0	0	0
0.091	-194.150523	1416.339826	-47.732887	1.262489	0.0115	-0.459033	0	0	0	0.789143	0.0115	-0.551141	0	-0.794299	0	0	0	0
0.0915	-193.901241	1424.46246	-48.689338	1.261575	0.0115	-0.458981	0	0	0	0.790238	0.0115	-0.55132	0	-0.908175	0	0	0	0
0.092	-193.558236	1432.600513	-49.62494	1.260645	0.0115	-0.458928	0	0	0	0.791333	0.0115	-0.551499	0	-1.009662	0	0	0	0
0.0925	-193.123313	1440.750627	-50.538248	1.259701	0.0115	-0.458874	0	0	0	0.792429	0.0115	-0.551678	0	-1.099548	0	0	0	0
0.093	-192.598428	1448.909336	-51.428144	1.258742	0.0115	-0.45882	0	0	0	0.793524	0.0115	-0.551857	0	-1.178848	0	0	0	0
0.0935	-191.985701	1457.073046	-52.293823	1.25777	0.0115	-0.458765	0	0	0	0.794619	0.0115	-0.552035	0	-1.248772	0	0	0	0
0.094	-191.287412	1465.238017	-53.134771	1.256784	0.0115	-0.45871	0	0	0	0.795714	0.0115	-0.552214	0	-1.310686	0	0	0	0
0.0945	-190.506	1473.400341	-53.95073	1.255787	0.0115	-0.458655	0	0	0	0.796809	0.0115	-0.552393	0	-1.366064	0	0	0	0
0.095	-189.64405	1481.555931	-54.741668	1.254778	0.0115	-0.4586	0	0	0	0.797904	0.0115	-0.552572	0	-1.416436	0	0	0	0
0.0955	-188.704273	1489.700529	-55.507737	1.253758	0.0115	-0.458546	0	0	0	0.798999	0.0115	-0.55275	0	-1.463336	0	0	0	0
0.096	-187.689487	1497.829715	-56.249227	1.252729	0.0115	-0.458493	0	0	0	0.800094	0.0115	-0.552929	0	-1.508249	0	0	0	0
0.0965	-186.602586	1505.938907	-56.966519	1.251691	0.0115	-0.45844	0	0	0	0.801189	0.0115	-0.553108	0	-1.552561	0	0	0	0
0.097	-185.446515	1514.023381	-57.660027	1.250645	0.0115	-0.458388	0	0	0	0.802284	0.0115	-0.553287	0	-1.59751	0	0	0	0
0.0975	-184.22423	1522.078298	-58.33015	1.249592	0.0115	-0.458338	0	0	0	0.803379	0.0115	-0.553466	0	-1.644145	0	0	0	0
0.098	-182.938675	1530.098743	-58.97723	1.248533	0.0115	-0.458289	0	0	0	0.804475	0.0115	-0.553644	0	-1.693294	0	0	0	0
0.0985	-181.592758	1538.079759	-59.601534	1.247468	0.0115	-0.458241	0	0	0	0.80557	0.0115	-0.553823	0	-1.745543	0	0	0	0
0.099	-180.189331	1546.016372	-60.203229	1.246399	0.0115	-0.458194	0	0	0	0.806665	0.0115	-0.554002	0	-1.801213	0	0	0	0
0.0995	-178.731172	1553.903615	-60.782384	1.245326	0.0115	-0.458148	0	0	0	0.80776	0.0115	-0.554181	0	-1.860357	0	0	0	0
0.1	-177.220969	1561.736546	-61.338966	1.244251	0.0115	-0.458104	0	0	0	0.808855	0.0115	-0.55436	0	-1.922762	0	0	0	0
0.1005	-175.661312	1569.510261	-61.872858	1.243174	0.0115	-0.45806	0	0	0	0.81008	0.0115	-0.55454	0	-1.987976	0	0	0	0
0.101	-174.054685	1577.219911	-62.383866	1.242095	0.0115	-0.458017	0	0	0	0.811305	0.0115	-0.55472	0	-2.055339	0	0	0	0
0.1015	-172.403469	1584.860727	-62.871727	1.241017	0.0115	-0.457974	0	0	0	0.81253	0.0115	-0.5549	0	-2.124023	0	0	0	0
0.102	-170.70996	1592.428026	-63.33612	1.239939	0.0115	-0.457932	0	0	0	0.813755	0.0115	-0.55508	0	-2.193081	0	0	0	0
0.1025	-168.976388	1599.91722	-63.776675	1.238862	0.0115	-0.45789	0	0	0	0.81498	0.0115	-0.555261	0	-2.261479	0	0	0	0
0.103	-167.204949	1607.323829	-64.192993	1.237788	0.0115	-0.457848	0	0	0	0.816205	0.0115	-0.555441	0	-2.328144	0	0	0	0
0.1035	-165.397821	1614.643485	-64.584656	1.236716	0.0115	-0.457805	0	0	0	0.81743	0.0115	-0.555621	0	-2.392003	0	0	0	0
0.104	-163.557183	1621.871951	-64.95125	1.235648	0.0115	-0.457763	0	0	0	0.818655	0.0115	-0.555801	0	-2.45203	0	0	0	0
0.1045	-161.685227	1629.005124	-65.292386	1.234584	0.0115	-0.457721	0	0	0	0.81988	0.0115	-0.555982	0	-2.507298	0	0	0	0
0.105	-159.784173	1636.039052	-65.607716	1.233524	0.0115	-0.457678	0	0	0	0.821105	0.0115	-0.556162	0	-2.557009	0	0	0	0
0.1055	-157.856272	1642.969923	-65.896939	1.232469	0.0115	-0.457635	0	0	0	0.82233	0.0115	-0.556342	0	-2.600529	0	0	0	0
0.106	-155.903817	1649.794064	-66.159792	1.231418	0.0115	-0.457593	0	0	0	0.823555	0.0115	-0.556522	0	-2.637399	0	0	0	0
0.1065	-153.92914	1656.507953	-66.396049	1.230373	0.0115	-0.45755	0	0	0	0.82478	0.0115	-0.556702	0	-2.667348	0	0	0	0
0.107	-151.934608	1663.10824	-66.605519	1.229332	0.0115	-0.457508	0	0	0	0.826005	0.0115	-0.556883	0	-2.690302	0	0	0	0
0.1075	-149.922605	1669.591766	-66.788045	1.228297	0.0115	-0.457465	0	0	0	0.82723	0.0115	-0.557063	0	-2.706375	0	0	0	0
0.108	-147.895511	1675.955569	-66.943516	1.227266	0.0115	-0.457423	0	0	0	0.828455	0.0115	-0.557243	0	-2.715866	0	0	0	0
0.1085	-145.855687	1682.196894	-67.071879	1.22624	0.0115	-0.457381	0	0	0	0.82968	0.0115	-0.557423	0	-2.719236	0	0	0	0
0.109	-143.805454	1688.313195	-67.173157	1.225219	0.0115	-0.457339	0	0	0	0.830906	0.0115	-0.557603	0	-2.717084	0	0	0	0
0.1095	-141.747072	1694.302126	-67.247476	1.224203	0.0115	-0.457297	0	0	0	0.832131	0.0115	-0.557784	0	-2.710132	0	0	0	0
0.11	-139.682714	1700.161527	-67.295079	1.223191	0.0115	-0.457256	0	0	0	0.833356	0.0115	-0.557964	0	-2.699197	0	0	0	0
0.1105	-137.614449	1705.889411	-67.316346	1.222183	0.0115	-0.457215	0	0	0	0.834697	0.0115	-0.558138	0	-2.685178	0	0	0	0
0.111	-135.544218	1711.483943	-67.311797	1.221179	0.0115	-0.457174	0	0	0	0.836038	0.0115	-0.558313	0	-2.66902	0	0	0	0
0.1115	-133.473827	1716.943406	-67.282091	1.220178	0.0115	-0.457134	0	0	0	0.837379	0.0115	-0.558487	0	-2.651677	0	0	0	0
0.112	-131.404928	1722.266174	-67.228009	1.21918	0.0115	-0.457094	0	0	0	0.83872	0.0115	-0.558662	0	-2.634064	0	0	0	0
0.1125	-129.339019	1727.450688	-67.150434	1.218186	0.0115	-0.457054	0	0	0	0.840061	0.0115	-0.558836	0	-2.617017	0	0	0	0
0.113	-127.277436	1732.495454	-67.05034	1.217194	0.0115	-0.457015	0	0	0	0.841402	0.0115	-0.55901	0	-2.601265	0	0	0	0
0.1135	-125.221358	1737.399042	-66.928777	1.216205	0.0115	-0.456976	0	0	0	0.842743	0.0115	-0.559185	0	-2.587415	0	0	0	0
0.114	-123.171801	1742.160107	-66.786869	1.215217	0.0115	-0.456937	0	0	0	0.844084	0.0115	-0.559359	0	-2.575938	0	0	0	0
0.1145	-121.129623	1746.777389	-66.625805	1.214231	0.0115	-0.456898	0	0	0	0.845425	0.0115	-0.559534	0	-2.567164	0	0	0	0
0.115	-119.095529	1751.249721	-66.446846	1.213246	0.0115	-0.456859	0	0	0	0.846766	0.0115	-0.559708	0	-2.561275	0	0	0	0
0.1155	-117.070096	1755.576039	-66.251331	1.212263	0.0115	-0.456821	0	0	0	0.848107	0.0115	-0.559882	0	-2.558299	0	0	0	0
0.116	-115.053795	1759.75539	-66.040691	1.21128	0.0115	-0.456782	0	0	0	0.849448	0.0115	-0.560057	0	-2.55812	0	0	0	0
0.1165	-113.047014	1763.786938	-65.816453	1.210297	0.0115	-0.456743	0	0	0	0.850789	0.0115	-0.560231	0	-2.560485	0	0	0	0
0.117	-111.050087	1767.669961	-65.580233	1.209315	0.0115	-0.456704	0	0	0	0.85213	0.0115	-0.560406	0	-2.56503	0	0	0	0
0.1175	-109.063315	1771.403846	-65.333728	1.208332	0.0115	-0.456666	0	0	0	0.853471	0.0115	-0.56058	0	-2.571303	0	0	0	0
0.118	-107.086983	1774.988097	-65.078698	1.207349	0.0115	-0.456627	0	0	0	0.854812	0.0115	-0.560754	0	-2.578783	0	0	0	0
0.1185	-105.121371	1778.422351	-64.81694	1.206365	0.0115	-0.456588	0	0	0	0.856153	0.0115	-0.560929	0	-2.586909	0	0	0	0
0.119	-103.166753	1781.70639	-64.550272	1.20538	0.0115	-0.456549	0	0	0	0.857494	0.0115	-0.561103	0	-2.595101	0	0	0	0
0.1195	-101.223402	1784.840147	-64.280508	1.204394	0.0115	-0.45651	0	0	0	0.858835	0.0115	-0.561278	0	-2.602782	0	0	0	0
0.12	-99.291584	1787.823708	-64.00944	1.203408	0.0115	-0.456472	0	0	0	0.860176	0.0115	-0.561452	0	-2.6094	0	0	0	0
0.1205	-97.37157	1790.657286	-63.738825	1.20242	0.0115	-0.456433	0	0	0	0.861621	0.0115	-0.561615	0	-2.614443	0	0	0	0
0.121	-95.463642	1793.341199	-63.470366	1.20143	0.0115	-0.456394	0	0	0	0.863066	0.0115	-0.561779	0	-2.617465	0	0	0	0
0.1215	-93.568096	1795.875837	-63.205701	1.20044	0.0115	-0.456356	0	0	0	0.864512	0.0115	-0.561942	0	-2.618101	0	0	0	0
0.122	-91.685249	1798.261631	-62.946382	1.199448	0.0115	-0.456318	0	0	0	0.865957	0.0115	-0.562106	0	-2.616075	0	0	0	0
0.1225	-89.815427	1800.499021	-62.693862	1.198456	0.0115	-0.456279	0	0	0	0.867402	0.0115	-0.562269	0	-2.611216	0	0	0	0
0.123	-87.958969	1802.588429	-62.449477	1.197462	0.0115	-0.456241	0	0	0	0.868848	0.0115	-0.562432	0	-2.603464	0	0	0	0
0.1235	-86.116207	1804.530237	-62.21443	1.196467	0.0115	-0.456203	0	0	0	0.870293	0.0115	-0.562596	0	-2.592879	0	0	0	0
0.124	-84.287468	1806.324777	-61.989791	1.195471	0.0115	-0.456165	0	0	0	0.871738	0.0115	-0.562759	0	-2.579641	0	0	0	0
0.1245	-82.473075	1807.972329	-61.776487	1.194475	0.0115	-0.456127	0	0	0	0.873184	0.0115	-0.562922	0	-2.564054	0	0	0	0
0.125	-80.673335	1809.473126	-61.575302	1.193478	0.0115	-0.456088	0	0	0	0.874629	0.0115	-0.563086	0	-2.546525	0	0	0	0
0.1255	-78.888539	1810.827362	-61.386872	1.192481	0.0115	-0.45605	0	0	0	0.876074	0.0115	-0.563249	0	-2.52755	0	0	0	0
0.126	-77.11894	1812.035198	-61.21169	1.191485	0.0115	-0.456012	0	0	0	0.87752	0.0115	-0.563412	0	-2.507691	0	0	0	0
0.1265	-75.36474	1813.096781	-61.050101	1.190489	0.0115	-0.455973	0	0	0	0.878965	0.0115	-0.563576	0	-2.487551	0	0	0	0
0.127	-73.626076	1814.012261	-60.902321	1.189493	0.0115	-0.455934	0	0	0	0.88041	0.0115	-0.563739	0	-2.46776	0	0	0	0
0.1275	-71.903015	1814.7818	-60.768434	1.1885	0.0115	-0.455895	0	0	0	0.881856	0.0115	-0.563902	0	-2.448956	0	0	0	0
0.128	-70.195558	1815.405572	-60.648403	1.187507	0.0115	-0.455856	0	0	0	0.883301	0.0115	-0.564066	0	-2.43177	0	0	0	0
0.1285	-68.503657	1815.883764	-60.542082	1.186517	0.0115	-0.455817	0	0	0	0.884746	0.0115	-0.564229	0	-2.416804	0	0	0	0
0.129	-66.827232	1816.216592	-60.44922	1.185529	0.0115	-0.455778	0	0	0	0.886192	0.0115	-0.564393	0	-2.404615	0	0	0	0
0.1295	-65.166193	1816.404316	-60.369474	1.184544	0.0115	-0.455738	0	0	0	0.887637	0.0115	-0.564556	0	-2.395699	0	0	0	0
0.13	-63.520447	1816.447255	-60.302413	1.183561	0.0115	-0.455698	0	0	0	0.889082	0.0115	-0.564719	0	-2.390483	0	0	0	0
0.1305	-61.889912	1816.345818	-60.247518	1.182582	0.0115	-0.455658	0	0	0	0.890623	0.0115	-0.564868	0	-2.389303	0	0	0	0
0.131	-60.274525	1816.100522	-60.204193	1.181605	0.0115	-0.455618	0	0	0	0.892164	0.0115	-0.565017	0	-2.392391	0	0	0	0
0.1315	-58.67424	1815.712004	-60.171764	1.180633	0.0115	-0.455577	0	0	0	0.893704	0.0115	-0.565165	0	-2.399858	0	0	0	0
0.132	-57.089017	1815.181026	-60.149502	1.179663	0.0115	-0.455537	0	0	0	0.895245	0.0115	-0.565314	0	-2.411695	0	0	0	0
0.1325	-55.518809	1814.508481	-60.136637	1.178697	0.0115	-0.455495	0	0	0	0.896786	0.0115	-0.565463	0	-2.42777	0	0	0	0
0.133	-53.963547	1813.695405	-60.132394	1.177735	0.0115	-0.455454	0	0	0	0.898326	0.0115	-0.565611	0	-2.447841	0	0	0	0
0.1335	-52.423126	1812.742977	-60.136022	1.176776	0.0115	-0.455412	0	0	0	0.899867	0.0115	-0.56576	0	-2.471567	0	0	0	0
0.134	-50.897383	1811.652518	-60.146812	1.175821	0.0115	-0.455371	0	0	0	0.901408	0.0115	-0.565909	0	-2.498517	0	0	0	0
0.1345	-49.38608	1810.425491	-60.164108	1.174869	0.0115	-0.455329	0	0	0	0.902948	0.0115	-0.566058	0	-2.528188	0	0	0	0
0.135	-47.88888	1809.063498	-60.187308	1.17392	0.0115	-0.455287	0	0	0	0.904489	0.0115	-0.566206	0	-2.560012	0	0	0	0
0.1355	-46.405332	1807.56827	-60.215848	1.172974	0.0115	-0.455245	0	0	0	0.90603	0.0115	-0.566355	0	-2.593367	0	0	0	0
0.136	-44.934851	1805.941668	-60.249182	1.17203	0.0115	-0.455204	0	0	0	0.90757	0.0115	-0.566504	0	-2.627605	0	0	0	0
0.1365	-43.476719	1804.185691	-60.286766	1.17109	0.0115	-0.455163	0	0	0	0.909111	0.0115	-0.566652	0	-2.662072	0	0	0	0
0.137	-42.030082	1802.302454	-60.328047	1.170151	0.0115	-0.455122	0	0	0	0.910652	0.0115	-0.566801	0	-2.696137	0	0	0	0
0.1375	-40.593957	1800.294171	-60.372463	1.169215	0.0115	-0.455081	0	0	0	0.912193	0.0115	-0.56695	0	-2.729216	0	0	0	0
0.138	-39.167241	1798.163135	-60.41944	1.16828	0.0115	-0.455041	0	0	0	0.913733	0.0115	-0.567098	0	-2.760779	0	0	0	0
0.1385	-37.748706	1795.911708	-60.468392	1.167347	0.0115	-0.455001	0	0	0	0.915274	0.0115	-0.567247	0	-2.79037	0	0	0	0
0.139	-36.337007	1793.542319	-60.518725	1.166416	0.0115	-0.454962	0	0	0	0.916815	0.0115	-0.567396	0	-2.81762	0	0	0	0
0.1395	-34.930688	1791.057442	-60.569837	1.165485	0.0115	-0.454923	0	0	0	0.918355	0.0115	-0.567544	0	-2.842257	0	0	0	0
0.14	-33.528197	1788.459583	-60.621112	1.164555	0.0115	-0.454885	0	0	0	0.919896	0.0115	-0.567693	0	-2.864114	0	0	0	0
0.1405	-32.127902	1785.751236	-60.67191	1.163626	0.0115	-0.454847	0	0	0	0.921525	0.0115	-0.567825	0	-2.883124	0	0	0	0
0.141	-30.72811	1782.934849	-60.721557	1.162696	0.0115	-0.45481	0	0	0	0.923154	0.0115	-0.567957	0	-2.899326	0	0	0	0
0.1415	-29.327086	1780.012772	-60.769353	1.161766	0.0115	-0.454773	0	0	0	0.854428	0.0115	-0.530864	0	-2.912852	0	0	0	0
0.142	-27.923066	1776.987228	-60.814574	1.160835	0.0115	-0.454736	0	0	0	0.855348	0.0115	-0.530899	0	-2.923917	0	0	0	0
0.1425	-26.514264	1773.860292	-60.856488	1.159902	0.0115	-0.4547	0	0	0	0.856267	0.0115	-0.530933	0	-2.932818	0	0	0	0
0.143	-25.098881	1770.633883	-60.894358	1.158968	0.0115	-0.454664	0	0	0	0.857187	0.0115	-0.530967	0	-2.939912	0	0	0	0
0.1435	-23.675111	1767.309772	-60.927452	1.158031	0.0115	-0.454629	0	0	0	0.858106	0.0115	-0.531002	0	-2.945601	0	0	0	0
0.144	-22.241155	1763.889603	-60.955057	1.157091	0.0115	-0.454594	0	0	0	0.859025	0.0115	-0.531036	0	-2.950312	0	0	0	0
0.1445	-20.795232	1760.374917	-60.976483	1.156148	0.0115	-0.454559	0	0	0	0.859945	0.0115	-0.531071	0	-2.954474	0	0	0	0
0.145	-19.335598	1756.767182	-60.991065	1.155201	0.0115	-0.454525	0	0	0	0.860864	0.0115	-0.531105	0	-2.958503	0	0	0	0
0.1455	-17.860577	1753.067826	-60.998172	1.15425	0.0115	-0.454492	0	0	0	0.861784	0.0115	-0.53114	0	-2.962778	0	0	0	0
0.146	-16.36859	1749.278265	-60.997209	1.153294	0.0115	-0.454459	0	0	0	0.862703	0.0115	-0.531174	0	-2.967625	0	0	0	0
0.1465	-14.858178	1745.399918	-60.987619	1.152334	0.0115	-0.454426	0	0	0	0.863622	0.0115	-0.531209	0	-2.973311	0	0	0	0
0.147	-13.328022	1741.434198	-60.968884	1.151368	0.0115	-0.454394	0	0	0	0.864542	0.0115	-0.531243	0	-2.980031	0	0	0	0
0.1475	-11.776963	1737.382504	-60.940525	1.150397	0.0115	-0.454362	0	0	0	0.865461	0.0115	-0.531277	0	-2.9879	0	0	0	0
0.148	-10.20401	1733.246199	-60.902106	1.14942	0.0115	-0.454331	0	0	0	0.866381	0.0115	-0.531312	0	-2.996943	0	0	0	0
0.1485	-8.608349	1729.026581	-60.853228	1.148437	0.0115	-0.454301	0	0	0	0.8673	0.0115	-0.531346	0	-3.007089	0	0	0	0
0.149	-6.989341	1724.724864	-60.793528	1.147447	0.0115	-0.454271	0	0	0	0.868219	0.0115	-0.531381	0	-3.018172	0	0	0	0
0.1495	-5.346519	1720.342168	-60.722682	1.146451	0.0115	-0.454242	0	0	0	0.869139	0.0115	-0.531415	0	-3.029952	0	0	0	0
0.15	-3.679589	1715.879507	-60.640407	1.145448	0.0115	-0.454214	0	0	0	0.870058	0.0115	-0.53145	0	-3.042131	0	0	0	0
0.1505	-1.988418	1711.337797	-60.546459	1.144438	0.0115	-0.454186	0	0	0	0.871009	0.0115	-0.531473	0	-3.054373	0	0	0	0
0.151	-0.273018	1706.71785	-60.440631	1.14342	0.0115	-0.454159	0	0	0	0.87196	0.0115	-0.531496	0	-3.066319	0	0	0	0
0.1515	1.466471	1702.020384	-60.322734	1.142395	0.0115	-0.454133	0	0	0	0.87291	0.0115	-0.53152	0	-3.077593	0	0	0	0
0.152	3.229816	1697.246019	-60.192584	1.141363	0.0115	-0.454107	0	0	0	0.873861	0.0115	-0.531543	0	-3.087805	0	0	0	0
0.1525	5.016701	1692.395297	-60.049997	1.140323	0.0115	-0.454081	0	0	0	0.874812	0.0115	-0.531566	0	-3.096559	0	0	0	0
0.153	6.826742	1687.468683	-59.894795	1.139276	0.0115	-0.454056	0	0	0	0.875762	0.0115	-0.53159	0	-3.103469	0	0	0	0
0.1535	8.659489	1682.466575	-59.72681	1.138221	0.0115	-0.454032	0	0	0	0.876713	0.0115	-0.531613	0	-3.108183	0	0	0	0
0.154	10.514426	1677.389293	-59.545904	1.137159	0.0115	-0.454008	0	0	0	0.877664	0.0115	-0.531636	0	-3.110399	0	0	0	0
0.1545	12.390957	1672.237071	-59.351983	1.13609	0.0115	-0.453984	0	0	0	0.878615	0.0115	-0.53166	0	-3.109882	0	0	0	0
0.155	14.288391	1667.010059	-59.145024	1.135014	0.0115	-0.45396	0	0	0	0.879565	0.0115	-0.531683	0	-3.106474	0	0	0	0
0.1555	16.205946	1661.708317	-58.925091	1.133931	0.0115	-0.453937	0	0	0	0.880516	0.0115	-0.531706	0	-3.100104	0	0	0	0
0.156	18.142751	1656.331826	-58.692336	1.132841	0.0115	-0.453914	0	0	0	0.881467	0.0115	-0.53173	0	-3.090801	0	0	0	0
0.1565	20.097847	1650.880501	-58.446992	1.131745	0.0115	-0.453891	0	0	0	0.882417	0.0115	-0.531753	0	-3.078686	0	0	0	0
0.157	22.07018	1645.35422	-58.189357	1.130642	0.0115	-0.453868	0	0	0	0.883368	0.0115	-0.531776	0	-3.063967	0	0	0	0
0.1575	24.058596	1639.752837	-57.91978	1.129534	0.0115	-0.453845	0	0	0	0.884319	0.0115	-0.5318	0	-3.046929	0	0	0	0
0.158	26.061838	1634.076203	-57.638638	1.128419	0.0115	-0.453822	0	0	0	0.88527	0.0115	-0.531823	0	-3.027924	0	0	0	0
0.1585	28.078555	1628.324193	-57.346345	1.127299	0.0115	-0.453799	0	0	0	0.88622	0.0115	-0.531846	0	-3.007369	0	0	0	0
0.159	30.107307	1622.496729	-57.043358	1.126173	0.0115	-0.453776	0	0	0	0.887171	0.0115	-0.53187	0	-2.985731	0	0	0	0
0.1595	32.146586	1616.593787	-56.730188	1.125043	0.0115	-0.453752	0	0	0	0.888122	0.0115	-0.531893	0	-2.963508	0	0	0	0
0.16	34.194831	1610.61539	-56.407418	1.123907	0.0115	-0.453729	0	0	0	0.889072	0.0115	-0.531916	0	-2.941206	0	0	0	0
0.1605	36.250455	1604.561603	-56.075703	1.122767	0.0115	-0.453705	0	0	0	0.89007	0.0115	-0.531928	0	-2.919316	0	0	0	0
0.161	38.31187	1598.432525	-55.73578	1.121622	0.0115	-0.453681	0	0	0	0.891068	0.0115	-0.531941	0	-2.898296	0	0	0	0
0.1615	40.377512	1592.228289	-55.388462	1.120472	0.0115	-0.453656	0	0	0	0.892066	0.0115	-0.531953	0	-2.87856	0	0	0	0
0.162	42.44586	1585.949074	-55.034619	1.119319	0.0115	-0.453632	0	0	0	0.893065	0.0115	-0.531965	0	-2.860478	0	0	0	0
0.1625	44.515454	1579.59511	-54.675159	1.118162	0.0115	-0.453607	0	0	0	0.894063	0.0115	-0.531977	0	-2.844368	0	0	0	0
0.163	46.584894	1573.166688	-54.311004	1.117001	0.0115	-0.453581	0	0	0	0.895061	0.0115	-0.531989	0	-2.830493	0	0	0	0
0.1635	48.652841	1566.664146	-53.943078	1.115837	0.0115	-0.453556	0	0	0	0.896059	0.0115	-0.532002	0	-2.819047	0	0	0	0
0.164	50.718022	1560.087864	-53.572291	1.114671	0.0115	-0.45353	0	0	0	0.897057	0.0115	-0.532014	0	-2.810145	0	0	0	0
0.1645	52.77924	1553.438253	-53.199536	1.113501	0.0115	-0.453504	0	0	0	0.898055	0.0115	-0.532026	0	-2.80382	0	0	0	0
0.165	54.835381	1546.715749	-52.825684	1.11233	0.0115	-0.453477	0	0	0	0.899053	0.0115	-0.532038	0	-2.800024	0	0	0	0
0.1655	56.885409	1539.920813	-52.451575	1.111157	0.0115	-0.45345	0	0	0	0.900051	0.0115	-0.53205	0	-2.798634	0	0	0	0
0.166	58.928354	1533.053926	-52.078008	1.109982	0.0115	-0.453423	0	0	0	0.901049	0.0115	-0.532063	0	-2.799464	0	0	0	0
0.1665	60.963307	1526.115597	-51.705725	1.108806	0.0115	-0.453395	0	0	0	0.902047	0.0115	-0.532075	0	-2.802274	0	0	0	0
0.167	62.989408	1519.106348	-51.335386	1.107629	0.0115	-0.453367	0	0	0	0.903045	0.0115	-0.532087	0	-2.806779	0	0	0	0
0.1675	65.005848	1512.02673	-50.967567	1.106452	0.0115	-0.453338	0	0	0	0.904043	0.0115	-0.532099	0	-2.812665	0	0	0	0
0.168	67.011869	1504.877334	-50.60276	1.105273	0.0115	-0.453309	0	0	0	0.905041	0.0115	-0.532111	0	-2.819593	0	0	0	0
0.1685	69.006777	1497.658793	-50.24138	1.104094	0.0115	-0.45328	0	0	0	0.906039	0.0115	-0.532124	0	-2.82722	0	0	0	0
0.169	70.989947	1490.371774	-49.883777	1.102914	0.0115	-0.45325	0	0	0	0.907037	0.0115	-0.532136	0	-2.835206	0	0	0	0
0.1695	72.96083	1483.01699	-49.53025	1.101733	0.0115	-0.45322	0	0	0	0.908035	0.0115	-0.532148	0	-2.843225	0	0	0	0
0.17	74.918958	1475.595209	-49.181055	1.100552	0.0115	-0.453189	0	0	0	0.909033	0.0115	-0.53216	0	-2.850975	0	0	0	0
0.1705	76.863944	1468.107261	-48.83642	1.09937	0.0115	-0.453159	0	0	0	0.910095	0.0115	-0.532163	0	-2.858191	0	0	0	0
0.171	78.795481	1460.554045	-48.49654	1.098188	0.0115	-0.453127	0	0	0	0.911157	0.0115	-0.532165	0	-2.864649	0	0	0	0
0.1715	80.713334	1452.936523	-48.16157	1.097004	0.0115	-0.453096	0	0	0	0.912219	0.0115	-0.532168	0	-2.870176	0	0	0	0
0.172	82.617318	1445.255724	-47.831617	1.095821	0.0115	-0.453065	0	0	0	0.913281	0.0115	-0.53217	0	-2.874646	0	0	0	0
0.1725	84.507282	1437.512738	-47.506737	1.094636	0.0115	-0.453033	0	0	0	0.914344	0.0115	-0.532173	0	-2.877985	0	0	0	0
0.173	86.383089	1429.708708	-47.18693	1.09345	0.0115	-0.453001	0	0	0	0.915406	0.0115	-0.532176	0	-2.880179	0	0	0	0
0.1735	88.244606	1421.844833	-46.872142	1.092263	0.0115	-0.45297	0	0	0	0.916468	0.0115	-0.532178	0	-2.881273	0	0	0	0
0.174	90.091685	1413.922367	-46.562268	1.091076	0.0115	-0.452938	0	0	0	0.91753	0.0115	-0.532181	0	-2.881363	0	0	0	0
0.1745	91.924151	1405.942618	-46.257158	1.089887	0.0115	-0.452907	0	0	0	0.918592	0.0115	-0.532183	0	-2.880593	0	0	0	0
0.175	93.741791	1397.906948	-45.95662	1.088696	0.0115	-0.452876	0	0	0	0.919655	0.0115	-0.532186	0	-2.879136	0	0	0	0
0.1755	95.544341	1389.816766	-45.660426	1.087505	0.0115	-0.452846	0	0	0	0.920717	0.0115	-0.532188	0	-2.877194	0	0	0	0
0.176	97.331479	1381.673508	-45.368328	1.086311	0.0115	-0.452816	0	0	0	0.921779	0.0115	-0.532191	0	-2.874998	0	0	0	0
0.1765	99.10283	1373.478634	-45.080068	1.085116	0.0115	-0.452786	0	0	0	0.922841	0.0115	-0.532194	0	-2.872799	0	0	0	0
0.177	100.857965	1365.233616	-44.795382	1.083919	0.0115	-0.452757	0	0	0	0.923903	0.0115	-0.532196	0	-2.870859	0	0	0	0
0.1775	102.596415	1356.939932	-44.514005	1.08272	0.0115	-0.452729	0	0	0	0.924965	0.0115	-0.532199	0	-2.869445	0	0	0	0
0.178	104.31768	1348.59906	-44.235657	1.081519	0.0115	-0.452702	0	0	0	0.926028	0.0115	-0.532201	0	-2.868812	0	0	0	0
0.1785	106.021232	1340.212472	-43.960044	1.080316	0.0115	-0.452675	0	0	0	0.92709	0.0115	-0.532204	0	-2.869197	0	0	0	0
0.179	107.706526	1331.781636	-43.686848	1.07911	0.0115	-0.452649	0	0	0	0.928152	0.0115	-0.532206	0	-2.870814	0	0	0	0
0.1795	109.372994	1323.308012	-43.415717	1.077902	0.0115	-0.452624	0	0	0	0.929214	0.0115	-0.532209	0	-2.873841	0	0	0	0
0.18	111.020052	1314.79304	-43.146265	1.076693	0.0115	-0.452599	0	0	0	0.930276	0.0115	-0.532212	0	-2.878415	0	0	0	0
0.1805	112.64708	1306.238112	-42.878082	1.075481	0.0115	-0.452575	0	0	0	0.931418	0.0115	-0.532208	0	-2.884614	0	0	0	0
0.181	114.253428	1297.644546	-42.610761	1.074267	0.0115	-0.452551	0	0	0	0.932561	0.0115	-0.532203	0	-2.892457	0	0	0	0
0.1815	115.838409	1289.013554	-42.343922	1.073051	0.0115	-0.452528	0	0	0	0.933703	0.0115	-0.532199	0	-2.901899	0	0	0	0
0.182	117.401302	1280.346211	-42.077227	1.071834	0.0115	-0.452506	0	0	0	0.934845	0.0115	-0.532195	0	-2.912842	0	0	0	0
0.1825	118.941357	1271.643443	-41.810392	1.070614	0.0115	-0.452484	0	0	0	0.935987	0.0115	-0.532191	0	-2.925138	0	0	0	0
0.183	120.457782	1262.90602	-41.543183	1.069393	0.0115	-0.452463	0	0	0	0.937129	0.0115	-0.532187	0	-2.938585	0	0	0	0
0.1835	121.949748	1254.134569	-41.275404	1.068171	0.0115	-0.452442	0	0	0	0.938271	0.0115	-0.532183	0	-2.952943	0	0	0	0
0.184	123.416394	1245.329594	-41.006887	1.066947	0.0115	-0.452422	0	0	0	0.939413	0.0115	-0.532179	0	-2.96793	0	0	0	0
0.1845	124.856833	1236.491514	-40.737484	1.065721	0.0115	-0.452402	0	0	0	0.940556	0.0115	-0.532175	0	-2.983241	0	0	0	0
0.185	126.270155	1227.620709	-40.467068	1.064495	0.0115	-0.452383	0	0	0	0.941698	0.0115	-0.532171	0	-2.998554	0	0	0	0
0.1855	127.655432	1218.717546	-40.195545	1.063267	0.0115	-0.452364	0	0	0	0.94284	0.0115	-0.532167	0	-3.013546	0	0	0	0
0.186	129.011712	1209.78241	-39.92285	1.062037	0.0115	-0.452346	0	0	0	0.943982	0.0115	-0.532163	0	-3.027895	0	0	0	0
0.1865	130.338022	1200.815722	-39.648951	1.060807	0.0115	-0.452328	0	0	0	0.945124	0.0115	-0.532159	0	-3.041299	0	0	0	0
0.187	131.633379	1191.817944	-39.37384	1.059576	0.0115	-0.452311	0	0	0	0.946266	0.0115	-0.532155	0	-3.053469	0	0	0	0
0.1875	132.896806	1182.789579	-39.09753	1.058343	0.0115	-0.452294	0	0	0	0.947408	0.0115	-0.532151	0	-3.064138	0	0	0	0
0.188	134.127362	1173.731183	-38.820047	1.05711	0.0115	-0.452278	0	0	0	0.948551	0.0115	-0.532147	0	-3.073059	0	0	0	0
0.1885	135.324154	1164.643359	-38.541424	1.055877	0.0115	-0.452262	0	0	0	0.949693	0.0115	-0.532143	0	-3.080018	0	0	0	0
0.189	136.486349	1155.526761	-38.2617	1.054643	0.0115	-0.452246	0	0	0	0.950835	0.0115	-0.532139	0	-3.084843	0	0	0	0
0.1895	137.613164	1146.38208	-37.980919	1.053408	0.0115	-0.452231	0	0	0	0.951977	0.0115	-0.532135	0	-3.087416	0	0	0	0
0.19	138.703868	1137.210047	-37.699132	1.052174	0.0115	-0.452217	0	0	0	0.953119	0.0115	-0.53213	0	-3.087674	0	0	0	0
0.1905	139.757768	1128.011429	-37.416381	1.05094	0.0115	-0.452203	0	0	0	0.954354	0.0115	-0.532124	0	-3.085605	0	0	0	0
0.191	140.774216	1118.787029	-37.13269	1.049707	0.0115	-0.452189	0	0	0	0.955589	0.0115	-0.532118	0	-3.081249	0	0	0	0
0.1915	141.752615	1109.537692	-36.848049	1.048474	0.0115	-0.452175	0	0	0	0.956824	0.0115	-0.532111	0	-3.074687	0	0	0	0
0.192	142.692431	1100.26431	-36.562388	1.047242	0.0115	-0.452162	0	0	0	0.958059	0.0115	-0.532105	0	-3.066027	0	0	0	0
0.1925	143.5932	1090.967822	-36.275569	1.046011	0.0115	-0.452149	0	0	0	0.959294	0.0115	-0.532098	0	-3.0554	0	0	0	0
0.193	144.454533	1081.649211	-35.98738	1.044781	0.0115	-0.452136	0	0	0	0.960528	0.0115	-0.532092	0	-3.042949	0	0	0	0
0.1935	145.276107	1072.309501	-35.697555	1.043552	0.0115	-0.452123	0	0	0	0.961763	0.0115	-0.532085	0	-3.028835	0	0	0	0
0.194	146.057661	1062.949767	-35.405791	1.042324	0.0115	-0.45211	0	0	0	0.962998	0.0115	-0.532079	0	-3.013231	0	0	0	0
0.1945	146.798989	1053.571146	-35.111776	1.041097	0.0115	-0.452097	0	0	0	0.964233	0.0115	-0.532072	0	-2.996319	0	0	0	0
0.195	147.499944	1044.174832	-34.815206	1.039871	0.0115	-0.452083	0	0	0	0.965468	0.0115	-0.532066	0	-2.978287	0	0	0	0
0.1955	148.160431	1034.762083	-34.515785	1.038646	0.0115	-0.452069	0	0	0	0.966703	0.0115	-0.532059	0	-2.95931	0	0	0	0
0.196	148.78042	1025.334218	-34.213223	1.037422	0.0115	-0.452055	0	0	0	0.967938	0.0115	-0.532053	0	-2.939537	0	0	0	0
0.1965	149.359955	1015.892615	-33.907231	1.036199	0.0115	-0.45204	0	0	0	0.969172	0.0115	-0.532046	0	-2.919072	0	0	0	0
0.197	149.899153	1006.438712	-33.597525	1.034976	0.0115	-0.452024	0	0	0	0.970407	0.0115	-0.53204	0	-2.897986	0	0	0	0
0.1975	150.398199	996.973998	-33.283829	1.033754	0.0115	-0.452008	0	0	0	0.971642	0.0115	-0.532033	0	-2.876324	0	0	0	0
0.198	150.857339	987.499999	-32.965894	1.032533	0.0115	-0.451991	0	0	0	0.972877	0.0115	-0.532027	0	-2.854118	0	0	0	0
0.1985	151.276865	978.018246	-32.643517	1.031313	0.0115	-0.451973	0	0	0	0.974112	0.0115	-0.53202	0	-2.831392	0	0	0	0
0.199	151.657103	968.530255	-32.316547	1.030092	0.0115	-0.451955	0	0	0	0.975347	0.0115	-0.532014	0	-2.808152	0	0	0	0
0.1995	151.998412	959.037521	-31.984895	1.028873	0.0115	-0.451935	0	0	0	0.976582	0.0115	-0.532007	0	-2.784383	0	0	0	0
0.2	152.301176	949.541518	-31.648523	1.027653	0.0115	-0.451915	0	0	0	0.977817	0.0115	-0.532001	0	-2.760052	0	0	0	0
0.2005	152.565794	940.043705	-31.307438	1.026433	0.0115	-0.451893	0	0	0	0.979152	0.0115	-0.531997	0	-2.735111	0	0	0	0
0.201	152.792675	930.545532	-30.96167	1.025213	0.0115	-0.451869	0	0	0	0.980487	0.0115	-0.531993	0	-2.709505	0	0	0	0
0.2015	152.982229	921.048457	-30.61126	1.023992	0.0115	-0.451845	0	0	0	0.981822	0.0115	-0.531989	0	-2.683181	0	0	0	0
0.202	153.134857	911.553956	-30.256265	1.022771	0.0115	-0.451819	0	0	0	0.983158	0.0115	-0.531984	0	-2.656082	0	0	0	0
0.2025	153.250948	902.063537	-29.896777	1.021548	0.0115	-0.451791	0	0	0	0.984493	0.0115	-0.53198	0	-2.628158	0	0	0	0
0.203	153.330879	892.578751	-29.532958	1.020324	0.0115	-0.451762	0	0	0	0.985828	0.0115	-0.531976	0	-2.599356	0	0	0	0
0.2035	153.375016	883.101177	-29.165061	1.019098	0.0115	-0.451731	0	0	0	0.987163	0.0115	-0.531972	0	-2.569625	0	0	0	0
0.204	153.383731	873.632407	-28.793442	1.017871	0.0115	-0.451698	0	0	0	0.988499	0.0115	-0.531968	0	-2.53892	0	0	0	0
0.2045	153.357402	864.174041	-28.418564	1.016641	0.0115	-0.451663	0	0	0	0.989834	0.0115	-0.531964	0	-2.50721	0	0	0	0
0.205	153.296415	854.727684	-28.040979	1.015409	0.0115	-0.451626	0	0	0	0.991169	0.0115	-0.531959	0	-2.474483	0	0	0	0
0.2055	153.201159	845.294946	-27.661313	1.014175	0.0115	-0.451586	0	0	0	0.992504	0.0115	-0.531955	0	-2.440748	0	0	0	0
0.206	153.072011	835.877437	-27.280233	1.012938	0.0115	-0.451544	0	0	0	0.99384	0.0115	-0.531951	0	-2.406039	0	0	0	0
0.2065	152.909332	826.476755	-26.898421	1.0117	0.0115	-0.4515	0	0	0	0.995175	0.0115	-0.531947	0	-2.37041	0	0	0	0
0.207	152.713451	817.094477	-26.516565	1.010459	0.0115	-0.451452	0	0	0	0.99651	0.0115	-0.531943	0	-2.333932	0	0	0	0
0.2075	152.484668	807.732139	-26.135354	1.009215	0.0115	-0.451402	0	0	0	0.997845	0.0115	-0.531939	0	-2.296694	0	0	0	0
0.208	152.223251	798.39122	-25.755477	1.00797	0.0115	-0.451349	0	0	0	0.999181	0.0115	-0.531935	0	-2.258795	0	0	0	0
0.2085	151.929445	789.073145	-25.377626	1.006724	0.0115	-0.451292	0	0	0	1.000516	0.0115	-0.53193	0	-2.220352	0	0	0	0
0.209	151.603473	779.779279	-25.002496	1.005475	0.0115	-0.451233	0	0	0	1.001851	0.0115	-0.531926	0	-2.181491	0	0	0	0
0.2095	151.245539	770.510927	-24.630778	1.004225	0.0115	-0.45117	0	0	0	1.003186	0.0115	-0.531922	0	-2.142347	0	0	0	0
0.21	150.855818	761.269327	-24.263149	1.002972	0.0115	-0.451104	0	0	0	1.004522	0.0115	-0.531918	0	-2.103058	0	0	0	0
0.2105	150.434456	752.05564	-23.900255	1.001718	0.0115	-0.451034	0	0	0	1.005958	0.0115	-0.53192	0	-2.063762	0	0	0	0
0.211	149.981568	742.870953	-23.542704	1.000462	0.0115	-0.450961	0	0	0	1.007394	0.0115	-0.531923	0	-2.024588	0	0	0	0
0.2115	149.497247	733.716276	-23.191054	0.999203	0.0115	-0.450885	0	0	0	1.00883	0.0115	-0.531926	0	-1.985659	0	0	0	0
0.212	148.981581	724.59256	-22.845807	0.997943	0.0115	-0.450805	0	0	0	1.010266	0.0115	-0.531928	0	-1.947081	0	0	0	0
0.2125	148.434677	715.500702	-22.507389	0.99668	0.0115	-0.450723	0	0	0	1.011702	0.0115	-0.531931	0	-1.908944	0	0	0	0
0.213	147.856695	706.441565	-22.17615	0.995415	0.0115	-0.450637	0	0	0	1.013138	0.0115	-0.531933	0	-1.871314	0	0	0	0
0.2135	147.247859	697.416005	-21.852357	0.994148	0.0115	-0.450548	0	0	0	1.014574	0.0115	-0.531936	0	-1.834236	0	0	0	0
0.214	146.608471	688.424904	-21.536203	0.992879	0.0115	-0.450456	0	0	0	1.01601	0.0115	-0.531938	0	-1.797734	0	0	0	0
0.2145	145.938901	679.469208	-21.227808	0.99161	0.0115	-0.45036	0	0	0	1.017446	0.0115	-0.531941	0	-1.761818	0	0	0	0
0.215	145.239572	670.549935	-20.927231	0.990341	0.0115	-0.450261	0	0	0	1.018882	0.0115	-0.531944	0	-1.726494	0	0	0	0
0.2155	144.510934	661.668167	-20.634458	0.989072	0.0115	-0.450158	0	0	0	1.020319	0.0115	-0.531946	0	-1.69177	0	0	0	0
0.216	143.753436	652.82504	-20.349404	0.987805	0.0115	-0.450052	0	0	0	1.021755	0.0115	-0.531949	0	-1.657654	0	0	0	0
0.2165	142.967512	644.021711	-20.071896	0.98654	0.0115	-0.449941	0	0	0	1.023191	0.0115	-0.531951	0	-1.62416	0	0	0	0
0.217	142.153567	635.259331	-19.801664	0.985277	0.0115	-0.449827	0	0	0	1.024627	0.0115	-0.531954	0	-1.591306	0	0	0	0
0.2175	141.31197	626.539015	-19.53833	0.984018	0.0115	-0.449708	0	0	0	1.026063	0.0115	-0.531956	0	-1.559118	0	0	0	0
0.218	140.443045	617.861831	-19.281409	0.982762	0.0115	-0.449585	0	0	0	1.027499	0.0115	-0.531959	0	-1.527643	0	0	0	0
0.2185	139.54707	609.228782	-19.030321	0.981511	0.0115	-0.449458	0	0	0	1.028935	0.0115	-0.531962	0	-1.496946	0	0	0	0
0.219	138.624276	600.640796	-18.784412	0.980265	0.0115	-0.449325	0	0	0	1.030371	0.0115	-0.531964	0	-1.467112	0	0	0	0
0.2195	137.674866	592.098729	-18.542981	0.979023	0.0115	-0.449187	0	0	0	1.031807	0.0115	-0.531967	0	-1.438242	0	0	0	0
0.22	136.699039	583.603366	-18.30532	0.977786	0.0115	-0.449044	0	0	0	1.033243	0.0115	-0.531969	0	-1.410445	0	0	0	0
0.2205	135.697023	575.155439	-18.070728	0.976554	0.0115	-0.448895	0	0	0	1.034771	0.0115	-0.531982	0	-1.383828	0	0	0	0
0.221	134.669113	566.755653	-17.838524	0.975327	0.0115	-0.448741	0	0	0	1.0363	0.0115	-0.531995	0	-1.358487	0	0	0	0
0.2215	133.6157	558.404715	-17.608049	0.974106	0.0115	-0.448581	0	0	0	1.037828	0.0115	-0.532008	0	-1.334505	0	0	0	0
0.222	132.537291	550.103359	-17.378656	0.972891	0.0115	-0.448416	0	0	0	1.039356	0.0115	-0.53202	0	-1.311944	0	0	0	0
0.2225	131.43451	541.852364	-17.149713	0.971681	0.0115	-0.448244	0	0	0	1.040884	0.0115	-0.532033	0	-1.290842	0	0	0	0
0.223	130.308091	533.652565	-16.920614	0.970477	0.0115	-0.448068	0	0	0	1.042412	0.0115	-0.532046	0	-1.271213	0	0	0	0
0.2235	129.158847	525.504847	-16.690797	0.96928	0.0115	-0.447886	0	0	0	1.04394	0.0115	-0.532059	0	-1.253048	0	0	0	0
0.224	127.987645	517.410132	-16.459763	0.96809	0.0115	-0.447698	0	0	0	1.045469	0.0115	-0.532071	0	-1.236317	0	0	0	0
0.2245	126.795367	509.36935	-16.227095	0.966908	0.0115	-0.447506	0	0	0	1.046997	0.0115	-0.532084	0	-1.220966	0	0	0	0
0.225	125.582895	501.383405	-15.992456	0.965732	0.0115	-0.447308	0	0	0	1.048525	0.0115	-0.532097	0	-1.206917	0	0	0	0
0.2255	124.351096	493.453143	-15.755589	0.964565	0.0115	-0.447106	0	0	0	1.050053	0.0115	-0.53211	0	-1.194066	0	0	0	0
0.226	123.100825	485.579326	-15.516295	0.963407	0.0115	-0.4469	0	0	0	1.051581	0.0115	-0.532122	0	-1.182288	0	0	0	0
0.2265	121.832923	477.762622	-15.274407	0.962256	0.0115	-0.44669	0	0	0	1.053109	0.0115	-0.532135	0	-1.171449	0	0	0	0
0.227	120.548228	470.003614	-15.029761	0.961115	0.0115	-0.446477	0	0	0	1.054638	0.0115	-0.532148	0	-1.161412	0	0	0	0
0.2275	119.247577	462.302816	-14.782173	0.959981	0.0115	-0.44626	0	0	0	1.056166	0.0115	-0.532161	0	-1.152042	0	0	0	0
0.228	117.931805	454.660692	-14.531434	0.958856	0.0115	-0.44604	0	0	0	1.057694	0.0115	-0.532174	0	-1.14321	0	0	0	0
0.2285	116.601752	447.077664	-14.27732	0.957739	0.0115	-0.445817	0	0	0	1.059222	0.0115	-0.532186	0	-1.134797	0	0	0	0
0.229	115.258274	439.554126	-14.019617	0.95663	0.0115	-0.44559	0	0	0	1.06075	0.0115	-0.532199	0	-1.126686	0	0	0	0
0.2295	113.902261	432.090456	-13.758136	0.955528	0.0115	-0.445361	0	0	0	1.062278	0.0115	-0.532212	0	-1.118755	0	0	0	0
0.23	112.534654	424.687016	-13.492732	0.954433	0.0115	-0.445128	0	0	0	1.063807	0.0115	-0.532225	0	-1.110877	0	0	0	0
0.2305	111.156456	417.344144	-13.223318	0.953345	0.0115	-0.444892	0	0	0	1.065407	0.0115	-0.53225	0	-1.102916	0	0	0	0
0.231	109.768741	410.062145	-12.949865	0.952263	0.0115	-0.444652	0	0	0	1.067008	0.0115	-0.532275	0	-1.094735	0	0	0	0
0.2315	108.372638	402.841263	-12.672399	0.951187	0.0115	-0.444409	0	0	0	1.068609	0.0115	-0.5323	0	-1.086194	0	0	0	0
0.232	106.969317	395.681673	-12.39099	0.950117	0.0115	-0.444162	0	0	0	1.070209	0.0115	-0.532325	0	-1.077163	0	0	0	0
0.2325	105.55996	388.583468	-12.105758	0.949053	0.0115	-0.443911	0	0	0	1.07181	0.0115	-0.53235	0	-1.067525	0	0	0	0
0.233	104.145736	381.546665	-11.816876	0.947995	0.0115	-0.443657	0	0	0	1.073411	0.0115	-0.532375	0	-1.057188	0	0	0	0
0.2335	102.727781	374.571199	-11.524591	0.946943	0.0115	-0.443398	0	0	0	1.075011	0.0115	-0.5324	0	-1.04608	0	0	0	0
0.234	101.307195	367.656937	-11.229225	0.945897	0.0115	-0.443136	0	0	0	1.076612	0.0115	-0.532425	0	-1.034153	0	0	0	0
0.2345	99.885037	360.8037	-10.931186	0.944856	0.0115	-0.44287	0	0	0	1.078213	0.0115	-0.53245	0	-1.021372	0	0	0	0
0.235	98.46232	354.011281	-10.630968	0.943821	0.0115	-0.4426	0	0	0	1.079814	0.0115	-0.532475	0	-1.007719	0	0	0	0
0.2355	97.039989	347.279456	-10.329142	0.942792	0.0115	-0.442327	0	0	0	1.081414	0.0115	-0.5325	0	-0.993194	0	0	0	0
0.236	95.618913	340.607984	-10.026334	0.941767	0.0115	-0.442051	0	0	0	1.083015	0.0115	-0.532525	0	-0.977829	0	0	0	0
0.2365	94.199871	333.99661	-9.723194	0.940746	0.0115	-0.441771	0	0	0	1.084616	0.0115	-0.53255	0	-0.961693	0	0	0	0
0.237	92.783543	327.445069	-9.420379	0.939728	0.0115	-0.441489	0	0	0	1.086216	0.0115	-0.532575	0	-0.944894	0	0	0	0
0.2375	91.370514	320.953086	-9.118527	0.938712	0.0115	-0.441203	0	0	0	1.087817	0.0115	-0.5326	0	-0.927575	0	0	0	0
0.238	89.961281	314.520385	-8.818266	0.937697	0.0115	-0.440916	0	0	0	1.089418	0.0115	-0.532625	0	-0.909908	0	0	0	0
0.2385	88.556276	308.146681	-8.520211	0.936682	0.0115	-0.440626	0	0	0	1.091019	0.0115	-0.53265	0	-0.892079	0	0	0	0
0.239	87.155892	301.831675	-8.224972	0.935666	0.0115	-0.440334	0	0	0	1.092619	0.0115	-0.532675	0	-0.874287	0	0	0	0
0.2395	85.760509	295.57506	-7.933158	0.934648	0.0115	-0.44004	0	0	0	1.09422	0.0115	-0.5327	0	-0.856734	0	0	0	0
0.24	84.37051	289.376532	-7.645382	0.933629	0.0115	-0.439744	0	0	0	1.095821	0.0115	-0.532725	0	-0.839621	0	0	0	0
0.2405	82.986292	283.235795	-7.362254	0.932607	0.0115	-0.439446	0	0	0	1.097463	0.0115	-0.532763	0	-0.823143	0	0	0	0
0.241	81.608267	277.152559	-7.084376	0.931584	0.0115	-0.439145	0	0	0	1.099105	0.0115	-0.5328	0	-0.80748	0	0	0	0
0.2415	80.236853	271.126529	-6.812322	0.93056	0.0115	-0.438843	0	0	0	1.100747	0.0115	-0.532837	0	-0.792793	0	0	0	0
0.242	78.87246	265.157398	-6.546617	0.929535	0.0115	-0.438538	0	0	0	1.10239	0.0115	-0.532875	0	-0.779211	0	0	0	0
0.2425	77.515487	259.24483	-6.287726	0.928511	0.0115	-0.438231	0	0	0	1.104032	0.0115	-0.532912	0	-0.766838	0	0	0	0
0.243	76.166311	253.38845	-6.036039	0.927487	0.0115	-0.437921	0	0	0	1.105674	0.0115	-0.532949	0	-0.755746	0	0	0	0
0.2435	74.825288	247.58784	-5.791876	0.926465	0.0115	-0.437607	0	0	0	1.107316	0.0115	-0.532987	0	-0.745984	0	0	0	0
0.244	73.492753	241.842535	-5.555472	0.925445	0.0115	-0.43729	0	0	0	1.108958	0.0115	-0.533024	0	-0.737573	0	0	0	0
0.2445	72.169009	236.152027	-5.326981	0.924427	0.0115	-0.436967	0	0	0	1.110601	0.0115	-0.533062	0	-0.730496	0	0	0	0
0.245	70.854321	230.515772	-5.106474	0.923411	0.0115	-0.43664	0	0	0	1.112243	0.0115	-0.533099	0	-0.724699	0	0	0	0
0.2455	69.548912	224.933213	-4.893941	0.922398	0.0115	-0.436307	0	0	0	1.113885	0.0115	-0.533136	0	-0.720082	0	0	0	0
0.246	68.25297	219.403815	-4.689309	0.921386	0.0115	-0.435967	0	0	0	1.115527	0.0115	-0.533174	0	-0.716507	0	0	0	0
0.2465	66.966667	213.927087	-4.492455	0.920375	0.0115	-0.435621	0	0	0	1.117169	0.0115	-0.533211	0	-0.713798	0	0	0	0
0.247	65.69019	208.502598	-4.30321	0.919366	0.0115	-0.435268	0	0	0	1.118812	0.0115	-0.533249	0	-0.711747	0	0	0	0
0.2475	64.423757	203.129987	-4.121372	0.918283	0.0115	-0.436055	0	0	0	1.120454	0.0115	-0.533286	0	-0.710116	0	0	0	0
0.248	63.167634	197.808966	-3.946708	0.917201	0.0115	-0.436842	0	0	0	1.122096	0.0115	-0.533323	0	-0.708647	0	0	0	0
0.2485	61.922142	192.53932	-3.778963	0.916119	0.0115	-0.437629	0	0	0	1.123738	0.0115	-0.533361	0	-0.707071	0	0	0	0
0.249	60.687648	187.320918	-3.617851	0.915037	0.0115	-0.438416	0	0	0	1.12538	0.0115	-0.533398	0	-0.705122	0	0	0	0
0.2495	59.464566	182.153721	-3.463051	0.913954	0.0115	-0.439204	0	0	0	1.127023	0.0115	-0.533435	0	-0.702548	0	0	0	0
0.25	58.253331	177.037801	-3.314202	0.912872	0.0115	-0.439991	0	0	0	1.128665	0.0115	-0.533473	0	-0.699124	0	0	0	0
0.2505	57.054391	171.973339	-3.170904	0.91179	0.0115	-0.440778	0	0	0	1.130307	0.0115	-0.53352	0	-0.69466	0	0	0	0
0.251	55.868187	166.960616	-3.032722	0.910708	0.0115	-0.441565	0	0	0	1.131948	0.0115	-0.533567	0	-0.689003	0	0	0	0
0.2515	54.695141	162.000001	-2.899185	0.909625	0.0115	-0.442352	0	0	0	1.13359	0.0115	-0.533613	0	-0.682051	0	0	0	0
0.252	53.535634	157.091946	-2.769799	0.908543	0.0115	-0.44314	0	0	0	1.135231	0.0115	-0.53366	0	-0.673754	0	0	0	0
0.2525	52.390003	152.236978	-2.644044	0.907461	0.0115	-0.443927	0	0	0	1.136873	0.0115	-0.533707	0	-0.664116	0	0	0	0
0.253	51.258543	147.435697	-2.521387	0.906379	0.0115	-0.444714	0	0	0	1.138514	0.0115	-0.533754	0	-0.653203	0	0	0	0
0.2535	50.141516	142.688767	-2.40128	0.905296	0.0115	-0.445501	0	0	0	1.140156	0.0115	-0.533801	0	-0.641136	0	0	0	0
0.254	49.039163	137.996918	-2.283165	0.904214	0.0115	-0.446289	0	0	0	1.141798	0.0115	-0.533848	0	-0.628096	0	0	0	0
0.2545	47.951723	133.360959	-2.16648	0.903132	0.0115	-0.447076	0	0	0	1.143439	0.0115	-0.533895	0	-0.614306	0	0	0	0
0.255	46.87944	128.781805	-2.050685	0.90205	0.0115	-0.447863	0	0	0	1.145081	0.0115	-0.533942	0	-0.600021	0	0	0	0
0.2555	45.822583	124.26049	-1.935274	0.900967	0.0115	-0.44865	0	0	0	1.146722	0.0115	-0.533988	0	-0.58551	0	0	0	0
0.256	44.781454	119.798173	-1.819796	0.899885	0.0115	-0.449437	0	0	0	1.148364	0.0115	-0.534035	0	-0.571051	0	0	0	0
0.2565	43.756407	115.396144	-1.703862	0.898803	0.0115	-0.450225	0	0	0	1.150006	0.0115	-0.534082	0	-0.556916	0	0	0	0
0.257	42.747856	111.05583	-1.587152	0.897721	0.0115	-0.451012	0	0	0	1.151647	0.0115	-0.534129	0	-0.543368	0	0	0	0
0.2575	41.756282	106.778789	-1.469412	0.896638	0.0115	-0.451799	0	0	0	1.153289	0.0115	-0.534176	0	-0.530649	0	0	0	0
0.258	40.782235	102.566724	-1.350451	0.895523	0.0115	-0.451779	0	0	0	1.15493	0.0115	-0.534223	0	-0.518978	0	0	0	0
0.2585	39.826318	98.421482	-1.230137	0.894407	0.0115	-0.451759	0	0	0	1.156572	0.0115	-0.53427	0	-0.508539	0	0	0	0
0.259	38.88916	94.345066	-1.108396	0.893291	0.0115	-0.45174	0	0	0	1.158214	0.0115	-0.534317	0	-0.499471	0	0	0	0
0.2595	37.971385	90.33962	-0.985216	0.892175	0.0115	-0.45172	0	0	0	1.159855	0.0115	-0.534363	0	-0.491865	0	0	0	0
0.26	37.073581	86.407413	-0.860661	0.891059	0.0115	-0.4517	0	0	0	1.161497	0.0115	-0.53441	0	-0.485755	0	0	0	0
0.2605	36.196273	82.550826	-0.734874	0.889979	0.0115	-0.451687	0	0	0	1.163086	0.0115	-0.534461	0	-0.481128	0	0	0	0
0.261	35.339908	78.772315	-0.60809	0.8889	0.0115	-0.451674	0	0	0	1.164676	0.0115	-0.534511	0	-0.477925	0	0	0	0
0.2615	34.504845	75.074281	-0.48063	0.887821	0.0115	-0.451661	0	0	0	1.166266	0.0115	-0.534561	0	-0.476055	0	0	0	0
0.262	33.691352	71.458899	-0.352886	0.886741	0.0115	-0.451648	0	0	0	1.167855	0.0115	-0.534611	0	-0.475408	0	0	0	0
0.2625	32.899612	67.928001	-0.225296	0.885662	0.0115	-0.451635	0	0	0	1.169445	0.0115	-0.534661	0	-0.475867	0	0	0	0
0.263	32.129732	64.483068	-0.098321	0.884583	0.0115	-0.451622	0	0	0	1.171034	0.0115	-0.534711	0	-0.477312	0	0	0	0
0.2635	31.381751	61.125245	0.027584	0.883503	0.0115	-0.451609	0	0	0	1.172624	0.0115	-0.534762	0	-0.479619	0	0	0	0
0.264	30.655647	57.85539	0.151974	0.882424	0.0115	-0.451596	0	0	0	1.174214	0.0115	-0.534812	0	-0.482665	0	0	0	0
0.2645	29.951358	54.674186	0.274423	0.881345	0.0115	-0.451583	0	0	0	1.175803	0.0115	-0.534862	0	-0.486332	0	0	0	0
0.265	29.268794	51.582247	0.39452	0.880265	0.0115	-0.45157	0	0	0	1.177393	0.0115	-0.534912	0	-0.490509	0	0	0	0
0.2655	28.60785	48.580173	0.511856	0.879186	0.0115	-0.451557	0	0	0	1.178982	0.0115	-0.534962	0	-0.495105	0	0	0	0
0.266	27.96841	45.668523	0.626028	0.878107	0.0115	-0.451544	0	0	0	1.180572	0.0115	-0.535012	0	-0.500052	0	0	0	0
0.2665	27.350336	42.847744	0.736637	0.877027	0.0115	-0.451531	0	0	0	1.182161	0.0115	-0.535063	0	-0.505307	0	0	0	0
0.267	26.75346	40.11809	0.843297	0.875948	0.0115	-0.451518	0	0	0	1.183751	0.0115	-0.535113	0	-0.510851	0	0	0	0
0.2675	26.177566	37.4796	0.945639	0.874869	0.0115	-0.451505	0	0	0	1.185341	0.0115	-0.535163	0	-0.516688	0	0	0	0
0.268	25.622371	34.932118	1.043316	0.873789	0.0115	-0.451492	0	0	0	1.18693	0.0115	-0.535213	0	-0.52284	0	0	0	0
0.2685	25.087521	32.475301	1.13601	0.87271	0.0115	-0.451479	0	0	0	1.18852	0.0115	-0.535263	0	-0.529353	0	0	0	0
0.269	24.572587	30.108633	1.223442	0.871631	0.0115	-0.451466	0	0	0	1.190109	0.0115	-0.535313	0	-0.536302	0	0	0	0
0.2695	24.077064	27.83144	1.305368	0.870551	0.0115	-0.451453	0	0	0	1.191699	0.0115	-0.535364	0	-0.543799	0	0	0	0
0.27	23.600372	25.642895	1.381586	0.869472	0.0115	-0.45144	0	0	0	1.193289	0.0115	-0.535414	0	-0.551987	0	0	0	0
0.2705	23.141864	23.542037	1.451927	0.868434	0.0115	-0.451437	0	0	0	1.194768	0.0115	-0.535458	0	-0.561039	0	0	0	0
0.271	22.70084	21.527778	1.516267	0.867396	0.0115	-0.451434	0	0	0	1.196248	0.0115	-0.535503	0	-0.571148	0	0	0	0
0.2715	22.276561	19.598912	1.574535	0.866357	0.0115	-0.451431	0	0	0	1.197728	0.0115	-0.535548	0	-0.582522	0	0	0	0
0.272	21.868261	17.754127	1.62672	0.865319	0.0115	-0.451429	0	0	0	1.199208	0.0115	-0.535592	0	-0.595364	0	0	0	0
0.2725	21.475148	15.992015	1.672874	0.864281	0.0115	-0.451426	0	0	0	1.200688	0.0115	-0.535637	0	-0.609864	0	0	0	0
0.273	21.096417	14.31108	1.713105	0.863243	0.0115	-0.451423	0	0	0	1.202168	0.0115	-0.535681	0	-0.626187	0	0	0	0
0.2735	20.731251	12.709744	1.747565	0.862204	0.0115	-0.45142	0	0	0	1.203647	0.0115	-0.535726	0	-0.644465	0	0	0	0
0.274	20.378832	11.186364	1.776429	0.861166	0.0115	-0.451418	0	0	0	1.205127	0.0115	-0.535771	0	-0.664793	0	0	0	0
0.2745	0	0	0	0.860128	0.0115	-0.451415	0	0	0	1.206607	0.0115	-0.535815	0	0	0	0	0	0
0.275	0	0	0	0.859089	0.0115	-0.451412	0	0	0	1.208087	0.0115	-0.53586	0	0	0	0	0	0
0.2755	0	0	0	0.858051	0.0115	-0.45141	0	0	0	1.209567	0.0115	-0.535904	0	0	0	0	0	0
0.276	0	0	0	0.857013	0.0115	-0.451407	0	0	0	1.211047	0.0115	-0.535949	0	0	0	0	0	0
0.2765	0	0	0	0.855975	0.0115	-0.451404	0	0	0	1.212526	0.0115	-0.535994	0	0	0	0	0	0
0.277	0	0	0	0.854936	0.0115	-0.451401	0	0	0	1.214006	0.0115	-0.536038	0	0	0	0	0	0
0.2775	0	0	0	0.853898	0.0115	-0.451399	0	0	0	1.215486	0.0115	-0.536083	0	0	0	0	0	0
0.278	0	0	0	0.85286	0.0115	-0.451396	0	0	0	1.216966	0.0115	-0.536127	0	0	0	0	0	0
0.2785	0	0	0	0.851822	0.0115	-0.451393	0	0	0	1.218446	0.0115	-0.536172	0	0	0	0	0	0
0.279	0	0	0	0.850783	0.0115	-0.45139	0	0	0	1.219926	0.0115	-0.536217	0	0	0	0	0	0
0.2795	0	0	0	0.849745	0.0115	-0.451388	0	0	0	1.221405	0.0115	-0.536261	0	0	0	0	0	0
0.28	0	0	0	0.848707	0.0115	-0.451385	0	0	0	1.222885	0.0115	-0.536306	0	0	0	0	0	0
0.2805	0	0	0	0.847716	0.0115	-0.451396	0	0	0	1.224195	0.0115	-0.536336	0	0	0	0	0	0
0.281	0	0	0	0.846724	0.0115	-0.451406	0	0	0	1.225505	0.0115	-0.536365	0	0	0	0	0	0
0.2815	0	0	0	0.845733	0.0115	-0.451417	0	0	0	1.226815	0.0115	-0.536395	0	0	0	0	0	0
0.282	0	0	0	0.844742	0.0115	-0.451428	0	0	0	1.228125	0.0115	-0.536425	0	0	0	0	0	0
0.2825	0	0	0	0.843751	0.0115	-0.451439	0	0	0	1.229435	0.0115	-0.536454	0	0	0	0	0	0
0.283	0	0	0	0.842759	0.0115	-0.45145	0	0	0	1.230745	0.0115	-0.536484	0	0	0	0	0	0
0.2835	0	0	0	0.841768	0.0115	-0.45146	0	0	0	1.232054	0.0115	-0.536514	0	0	0	0	0	0
0.284	0	0	0	0.840777	0.0115	-0.451471	0	0	0	1.233364	0.0115	-0.536543	0	0	0	0	0	0
0.2845	0	0	0	0.839786	0.0115	-0.451482	0	0	0	1.234674	0.0115	-0.536573	0	0	0	0	0	0
0.285	0	0	0	0.838794	0.0115	-0.451493	0	0	0	1.235984	0.0115	-0.536603	0	0	0	0	0	0
0.2855	0	0	0	0.837803	0.0115	-0.451504	0	0	0	1.237294	0.0115	-0.536632	0	0	0	0	0	0
0.286	0	0	0	0.836812	0.0115	-0.451514	0	0	0	1.238604	0.0115	-0.536662	0	0	0	0	0	0
0.2865	0	0	0	0.835821	0.0115	-0.451525	0	0	0	1.239914	0.0115	-0.536692	0	0	0	0	0	0
0.287	0	0	0	0.834829	0.0115	-0.451536	0	0	0	1.241224	0.0115	-0.536721	0	0	0	0	0	0
0.2875	0	0	0	0.833838	0.0115	-0.451547	0	0	0	1.242534	0.0115	-0.536751	0	0	0	0	0	0
0.288	0	0	0	0.832847	0.0115	-0.451558	0	0	0	1.243843	0.0115	-0.536781	0	0	0	0	0	0
0.2885	0	0	0	0.831856	0.0115	-0.451568	0	0	0	1.245153	0.0115	-0.536811	0	0	0	0	0	0
0.289	0	0	0	0.830864	0.0115	-0.451579	0	0	0	1.246463	0.0115	-0.53684	0	0	0	0	0	0
0.2895	0	0	0	0.829873	0.0115	-0.45159	0	0	0	1.247773	0.0115	-0.53687	0	0	0	0	0	0
0.29	0	0	0	0.828882	0.0115	-0.451601	0	0	0	1.249083	0.0115	-0.5369	0	0	0	0	0	0
0.2905	0	0	0	0.827946	0.0115	-0.451628	0	0	0	1.250165	0.0115	-0.536908	0	0	0	0	0	0
0.291	0	0	0	0.82701	0.0115	-0.451654	0	0	0	1.251247	0.0115	-0.536916	0	0	0	0	0	0
0.2915	0	0	0	0.826075	0.0115	-0.451681	0	0	0	1.252329	0.0115	-0.536923	0	0	0	0	0	0
0.292	0	0	0	0.825139	0.0115	-0.451707	0	0	0	1.253411	0.0115	-0.536931	0	0	0	0	0	0
0.2925	0	0	0	0.824203	0.0115	-0.451734	0	0	0	1.254493	0.0115	-0.536939	0	0	0	0	0	0
0.293	0	0	0	0.823268	0.0115	-0.451761	0	0	0	1.255575	0.0115	-0.536947	0	0	0	0	0	0
0.2935	0	0	0	0.822332	0.0115	-0.451787	0	0	0	1.256657	0.0115	-0.536955	0	0	0	0	0	0
0.294	0	0	0	0.821396	0.0115	-0.451814	0	0	0	1.257739	0.0115	-0.536963	0	0	0	0	0	0
0.2945	0	0	0	0.820461	0.0115	-0.45184	0	0	0	1.258821	0.0115	-0.536971	0	0	0	0	0	0
0.295	0	0	0	0.819525	0.0115	-0.451867	0	0	0	1.259903	0.0115	-0.536979	0	0	0	0	0	0
0.2955	0	0	0	0.818589	0.0115	-0.451894	0	0	0	1.260985	0.0115	-0.536987	0	0	0	0	0	0
0.296	0	0	0	0.817654	0.0115	-0.45192	0	0	0	1.262067	0.0115	-0.536995	0	0	0	0	0	0
0.2965	0	0	0	0.816718	0.0115	-0.451947	0	0	0	1.263149	0.0115	-0.537003	0	0	0	0	0	0
0.297	0	0	0	0.815782	0.0115	-0.451974	0	0	0	1.264231	0.0115	-0.537011	0	0	0	0	0	0
0.2975	0	0	0	0.814847	0.0115	-0.452	0	0	0	1.265313	0.0115	-0.537019	0	0	0	0	0	0
0.298	0	0	0	0.813911	0.0115	-0.452027	0	0	0	1.266395	0.0115	-0.537027	0	0	0	0	0	0
0.2985	0	0	0	0.812975	0.0115	-0.452053	0	0	0	1.267477	0.0115	-0.537035	0	0	0	0	0	0
0.299	0	0	0	0.81204	0.0115	-0.45208	0	0	0	1.268559	0.0115	-0.537043	0	0	0	0	0	0
0.2995	0	0	0	0.811104	0.0115	-0.452107	0	0	0	1.269641	0.0115	-0.537051	0	0	0	0	0	0
0.3	0	0	0	0.810168	0.0115	-0.452133	0	0	0	1.270723	0.0115	-0.537059	0	0	0	0	0	0
0.3005	0	0	0	0.8093	0.0115	-0.452176	0	0	0	1.271527	0.0115	-0.537043	0	0	0	0	0	0
0.301	0	0	0	0.808432	0.0115	-0.452219	0	0	0	1.272331	0.0115	-0.537027	0	0	0	0	0	0
0.3015	0	0	0	0.807564	0.0115	-0.452261	0	0	0	1.273135	0.0115	-0.537012	0	0	0	0	0	0
0.302	0	0	0	0.806696	0.0115	-0.452304	0	0	0	1.27394	0.0115	-0.536996	0	0	0	0	0	0
0.3025	0	0	0	0.805828	0.0115	-0.452346	0	0	0	1.274744	0.0115	-0.53698	0	0	0	0	0	0
0.303	0	0	0	0.80496	0.0115	-0.452389	0	0	0	1.275548	0.0115	-0.536965	0	0	0	0	0	0
0.3035	0	0	0	0.804092	0.0115	-0.452432	0	0	0	1.276352	0.0115	-0.536949	0	0	0	0	0	0
0.304	0	0	0	0.803224	0.0115	-0.452474	0	0	0	1.277156	0.0115	-0.536933	0	0	0	0	0	0
0.3045	0	0	0	0.802356	0.0115	-0.452517	0	0	0	1.27796	0.0115	-0.536917	0	0	0	0	0	0
0.305	0	0	0	0.801488	0.0115	-0.452559	0	0	0	1.278764	0.0115	-0.536902	0	0	0	0	0	0
0.3055	0	0	0	0.80062	0.0115	-0.452602	0	0	0	1.279568	0.0115	-0.536886	0	0	0	0	0	0
0.306	0	0	0	0.799752	0.0115	-0.452645	0	0	0	1.280372	0.0115	-0.53687	0	0	0	0	0	0
0.3065	0	0	0	0.798884	0.0115	-0.452687	0	0	0	1.281176	0.0115	-0.536854	0	0	0	0	0	0
0.307	0	0	0	0.798016	0.0115	-0.45273	0	0	0	1.28198	0.0115	-0.536839	0	0	0	0	0	0
0.3075	0	0	0	0.797148	0.0115	-0.452772	0	0	0	1.282784	0.0115	-0.536823	0	0	0	0	0	0
0.308	0	0	0	0.79628	0.0115	-0.452815	0	0	0	1.283588	0.0115	-0.536807	0	0	0	0	0	0
0.3085	0	0	0	0.795412	0.0115	-0.452858	0	0	0	1.284392	0.0115	-0.536792	0	0	0	0	0	0
0.309	0	0	0	0.794544	0.0115	-0.4529	0	0	0	1.285196	0.0115	-0.536776	0	0	0	0	0	0
0.3095	0	0	0	0.793676	0.0115	-0.452943	0	0	0	1.286001	0.0115	-0.53676	0	0	0	0	0	0
0.31	0	0	0	0.792808	0.0115	-0.452985	0	0	0	1.286805	0.0115	-0.536744	0	0	0	0	0	0
0.3105	0	0	0	0.792023	0.0115	-0.453041	0	0	0	1.287294	0.0115	-0.536708	0	0	0	0	0	0
0.311	0	0	0	0.791238	0.0115	-0.453097	0	0	0	1.287784	0.0115	-0.536671	0	0	0	0	0	0
0.3115	0	0	0	0.790453	0.0115	-0.453153	0	0	0	1.288274	0.0115	-0.536635	0	0	0	0	0	0
0.312	0	0	0	0.789668	0.0115	-0.453209	0	0	0	1.288763	0.0115	-0.536598	0	0	0	0	0	0
0.3125	0	0	0	0.788883	0.0115	-0.453264	0	0	0	1.289253	0.0115	-0.536562	0	0	0	0	0	0
0.313	0	0	0	0.788098	0.0115	-0.45332	0	0	0	1.289743	0.0115	-0.536525	0	0	0	0	0	0
0.3135	0	0	0	0.787313	0.0115	-0.453376	0	0	0	1.290232	0.0115	-0.536489	0	0	0	0	0	0
0.314	0	0	0	0.786528	0.0115	-0.453432	0	0	0	1.290722	0.0115	-0.536452	0	0	0	0	0	0
0.3145	0	0	0	0.785743	0.0115	-0.453488	0	0	0	1.291212	0.0115	-0.536416	0	0	0	0	0	0
0.315	0	0	0	0.784958	0.0115	-0.453543	0	0	0	1.291701	0.0115	-0.536379	0	0	0	0	0	0
0.3155	0	0	0	0.784173	0.0115	-0.453599	0	0	0	1.292191	0.0115	-0.536343	0	0	0	0	0	0
0.316	0	0	0	0.783388	0.0115	-0.453655	0	0	0	1.292681	0.0115	-0.536306	0	0	0	0	0	0
0.3165	0	0	0	0.782603	0.0115	-0.453711	0	0	0	1.29317	0.0115	-0.53627	0	0	0	0	0	0
0.317	0	0	0	0.781818	0.0115	-0.453767	0	0	0	1.29366	0.0115	-0.536233	0	0	0	0	0	0
0.3175	0	0	0	0.781033	0.0115	-0.453822	0	0	0	1.29415	0.0115	-0.536197	0	0	0	0	0	0
0.318	0	0	0	0.780248	0.0115	-0.453878	0	0	0	1.294639	0.0115	-0.53616	0	0	0	0	0	0
0.3185	0	0	0	0.779463	0.0115	-0.453934	0	0	0	1.295129	0.0115	-0.536124	0	0	0	0	0	0
0.319	0	0	0	0.778678	0.0115	-0.45399	0	0	0	1.295619	0.0115	-0.536087	0	0	0	0	0	0
0.3195	0	0	0	0.777893	0.0115	-0.454046	0	0	0	1.296108	0.0115	-0.536051	0	0	0	0	0	0
0.32	0	0	0	0.777108	0.0115	-0.454101	0	0	0	1.296598	0.0115	-0.536014	0	0	0	0	0	0
0.3205	0	0	0	0.776424	0.0115	-0.454164	0	0	0	1.296755	0.0115	-0.535963	0	0	0	0	0	0
0.321	0	0	0	0.775739	0.0115	-0.454227	0	0	0	1.296913	0.0115	-0.535911	0	0	0	0	0	0
0.3215	0	0	0	0.775054	0.0115	-0.45429	0	0	0	1.29707	0.0115	-0.535859	0	0	0	0	0	0
0.322	0	0	0	0.77437	0.0115	-0.454353	0	0	0	1.297227	0.0115	-0.535807	0	0	0	0	0	0
0.3225	0	0	0	0.773685	0.0115	-0.454416	0	0	0	1.297384	0.0115	-0.535755	0	0	0	0	0	0
0.323	0	0	0	0.773001	0.0115	-0.454479	0	0	0	1.297542	0.0115	-0.535703	0	0	0	0	0	0
0.3235	0	0	0	0.772316	0.0115	-0.454542	0	0	0	1.297699	0.0115	-0.535652	0	0	0	0	0	0
0.324	0	0	0	0.771631	0.0115	-0.454605	0	0	0	1.297856	0.0115	-0.5356	0	0	0	0	0	0
0.3245	0	0	0	0.770947	0.0115	-0.454668	0	0	0	1.298014	0.0115	-0.535548	0	0	0	0	0	0
0.325	0	0	0	0.770262	0.0115	-0.454731	0	0	0	1.298171	0.0115	-0.535496	0	0	0	0	0	0
0.3255	0	0	0	0.769578	0.0115	-0.454794	0	0	0	1.298328	0.0115	-0.535444	0	0	0	0	0	0
0.326	0	0	0	0.768893	0.0115	-0.454856	0	0	0	1.298485	0.0115	-0.535392	0	0	0	0	0	0
0.3265	0	0	0	0.768208	0.0115	-0.454919	0	0	0	1.298643	0.0115	-0.535341	0	0	0	0	0	0
0.327	0	0	0	0.767524	0.0115	-0.454982	0	0	0	1.2988	0.0115	-0.535289	0	0	0	0	0	0
0.3275	0	0	0	0.766839	0.0115	-0.455045	0	0	0	1.298957	0.0115	-0.535237	0	0	0	0	0	0
0.328	0	0	0	0.766155	0.0115	-0.455108	0	0	0	1.299115	0.0115	-0.535185	0	0	0	0	0	0
0.3285	0	0	0	0.76547	0.0115	-0.455171	0	0	0	1.299272	0.0115	-0.535133	0	0	0	0	0	0
0.329	0	0	0	0.764785	0.0115	-0.455234	0	0	0	1.299429	0.0115	-0.535081	0	0	0	0	0	0
0.3295	0	0	0	0.764101	0.0115	-0.455297	0	0	0	1.299586	0.0115	-0.535029	0	0	0	0	0	0
0.33	0	0	0	0.763416	0.0115	-0.45536	0	0	0	1.299744	0.0115	-0.534978	0	0	0	0	0	0
0.3305	0	0	0	0.762849	0.0115	-0.455421	0	0	0	1.299572	0.0115	-0.534916	0	0	0	0	0	0
0.331	0	0	0	0.762283	0.0115	-0.455482	0	0	0	1.2994	0.0115	-0.534854	0	0	0	0	0	0
0.3315	0	0	0	0.761716	0.0115	-0.455543	0	0	0	1.299228	0.0115	-0.534791	0	0	0	0	0	0
0.332	0	0	0	0.761149	0.0115	-0.455604	0	0	0	1.299056	0.0115	-0.534729	0	0	0	0	0	0
0.3325	0	0	0	0.760582	0.0115	-0.455666	0	0	0	1.298884	0.0115	-0.534667	0	0	0	0	0	0
0.333	0	0	0	0.760016	0.0115	-0.455727	0	0	0	1.298712	0.0115	-0.534605	0	0	0	0	0	0
0.3335	0	0	0	0.759449	0.0115	-0.455788	0	0	0	1.29854	0.0115	-0.534543	0	0	0	0	0	0
0.334	0	0	0	0.758882	0.0115	-0.455849	0	0	0	1.298368	0.0115	-0.534481	0	0	0	0	0	0
0.3345	0	0	0	0.758315	0.0115	-0.45591	0	0	0	1.298196	0.0115	-0.534419	0	0	0	0	0	0
0.335	0	0	0	0.757749	0.0115	-0.455971	0	0	0	1.298024	0.0115	-0.534357	0	0	0	0	0	0
0.3355	0	0	0	0.757182	0.0115	-0.456033	0	0	0	1.297852	0.0115	-0.534295	0	0	0	0	0	0
0.336	0	0	0	0.756615	0.0115	-0.456094	0	0	0	1.29768	0.0115	-0.534233	0	0	0	0	0	0
0.3365	0	0	0	0.756048	0.0115	-0.456155	0	0	0	1.297508	0.0115	-0.534171	0	0	0	0	0	0
0.337	0	0	0	0.755482	0.0115	-0.456216	0	0	0	1.297336	0.0115	-0.534109	0	0	0	0	0	0
0.3375	0	0	0	0.754915	0.0115	-0.456277	0	0	0	1.297164	0.0115	-0.534046	0	0	0	0	0	0
0.338	0	0	0	0.754348	0.0115	-0.456338	0	0	0	1.296993	0.0115	-0.533984	0	0	0	0	0	0
0.3385	0	0	0	0.753781	0.0115	-0.456399	0	0	0	1.296821	0.0115	-0.533922	0	0	0	0	0	0
0.339	0	0	0	0.753214	0.0115	-0.456461	0	0	0	1.296649	0.0115	-0.53386	0	0	0	0	0	0
0.3395	0	0	0	0.752648	0.0115	-0.456522	0	0	0	1.296477	0.0115	-0.533798	0	0	0	0	0	0
0.34	0	0	0	0.752081	0.0115	-0.456583	0	0	0	1.296305	0.0115	-0.533736	0	0	0	0	0	0
0.3405	0	0	0	0.751648	0.0115	-0.456632	0	0	0	1.295828	0.0115	-0.533667	0	0	0	0	0	0
0.341	0	0	0	0.751215	0.0115	-0.456681	0	0	0	1.295351	0.0115	-0.533598	0	0	0	0	0	0
0.3415	0	0	0	0.750783	0.0115	-0.45673	0	0	0	1.294874	0.0115	-0.533529	0	0	0	0	0	0
0.342	0	0	0	0.75035	0.0115	-0.456779	0	0	0	1.294396	0.0115	-0.533459	0	0	0	0	0	0
0.3425	0	0	0	0.749917	0.0115	-0.456829	0	0	0	1.293919	0.0115	-0.53339	0	0	0	0	0	0
0.343	0	0	0	0.749485	0.0115	-0.456878	0	0	0	1.293442	0.0115	-0.533321	0	0	0	0	0	0
0.3435	0	0	0	0.749052	0.0115	-0.456927	0	0	0	1.292965	0.0115	-0.533252	0	0	0	0	0	0
0.344	0	0	0	0.748619	0.0115	-0.456976	0	0	0	1.292488	0.0115	-0.533183	0	0	0	0	0	0
0.3445	0	0	0	0.748186	0.0115	-0.457025	0	0	0	1.292011	0.0115	-0.533114	0	0	0	0	0	0
0.345	0	0	0	0.747754	0.0115	-0.457074	0	0	0	1.291534	0.0115	-0.533044	0	0	0	0	0	0
0.3455	0	0	0	0.747321	0.0115	-0.457123	0	0	0	1.291057	0.0115	-0.532975	0	0	0	0	0	0
0.346	0	0	0	0.746888	0.0115	-0.457172	0	0	0	1.29058	0.0115	-0.532906	0	0	0	0	0	0
0.3465	0	0	0	0.746456	0.0115	-0.457222	0	0	0	1.290103	0.0115	-0.532837	0	0	0	0	0	0
0.347	0	0	0	0.746023	0.0115	-0.457271	0	0	0	1.289626	0.0115	-0.532768	0	0	0	0	0	0
0.3475	0	0	0	0.74559	0.0115	-0.45732	0	0	0	1.289149	0.0115	-0.532699	0	0	0	0	0	0
0.348	0	0	0	0.745157	0.0115	-0.457369	0	0	0	1.288672	0.0115	-0.532629	0	0	0	0	0	0
0.3485	0	0	0	0.744725	0.0115	-0.457418	0	0	0	1.288195	0.0115	-0.53256	0	0	0	0	0	0
0.349	0	0	0	0.744292	0.0115	-0.457467	0	0	0	1.287718	0.0115	-0.532491	0	0	0	0	0	0
0.3495	0	0	0	0.743859	0.0115	-0.457516	0	0	0	1.287241	0.0115	-0.532422	0	0	0	0	0	0
0.35	0	0	0	0.743426	0.0115	-0.457565	0	0	0	1.286764	0.0115	-0.532353	0	0	0	0	0	0
0.3505	0	0	0	0.743142	0.0115	-0.457593	0	0	0	1.286023	0.0115	-0.532278	0	0	0	0	0	0
0.351	0	0	0	0.742857	0.0115	-0.457621	0	0	0	1.285283	0.0115	-0.532203	0	0	0	0	0	0
0.3515	0	0	0	0.742573	0.0115	-0.457648	0	0	0	1.284542	0.0115	-0.532128	0	0	0	0	0	0
0.352	0	0	0	0.742288	0.0115	-0.457676	0	0	0	1.283802	0.0115	-0.532053	0	0	0	0	0	0
0.3525	0	0	0	0.742004	0.0115	-0.457704	0	0	0	1.283062	0.0115	-0.531979	0	0	0	0	0	0
0.353	0	0	0	0.74172	0.0115	-0.457732	0	0	0	1.282321	0.0115	-0.531904	0	0	0	0	0	0
0.3535	0	0	0	0.741435	0.0115	-0.457759	2.794034	12.41582	4.017581	1.281581	0.0115	-0.531829	0	0	0	0	0.893757	0
0.354	0	0	0	0.741151	0.0115	-0.457787	3.287233	15.291101	4.274621	1.28084	0.0115	-0.531754	0	0	0	0	0.844711	0
0.3545	0	0	0	0.740866	0.0115	-0.457815	3.805928	18.330414	4.547348	1.2801	0.0115	-0.531679	0	0	0	0	0.799818	0
0.355	0	0	0	0.740582	0.0115	-0.457842	4.350356	21.538064	4.835974	1.27936	0.0115	-0.531604	0	0	0	0	0.759094	0
0.3555	0	0	0	0.740297	0.0115	-0.45787	4.920705	24.918267	5.140658	1.278619	0.0115	-0.53153	0	0	0	0	0.722523	0
0.356	0	0	0	0.740013	0.0115	-0.457898	5.517112	28.475132	5.461498	1.277879	0.0115	-0.531455	0	0	0	0	0.690061	0
0.3565	0	0	0	0.739728	0.0115	-0.457925	6.139654	32.212645	5.79852	1.277138	0.0115	-0.53138	0	0	0	0	0.66163	0
0.357	0	0	0	0.739444	0.0115	-0.457953	6.78833	36.134651	6.151685	1.276398	0.0115	-0.531305	0	0	0	0	0.637118	0
0.3575	0	0	0	0.739159	0.0115	-0.457981	7.463048	40.244834	6.520897	1.275658	0.0115	-0.53123	0	0	0	0	0.616388	0
0.358	0	0	0	0.738875	0.0115	-0.458008	8.163616	44.546701	6.906025	1.274917	0.0115	-0.531155	0	0	0	0	0.599285	0
0.3585	0	0	0	0.73859	0.0115	-0.458036	8.889738	49.043559	7.306915	1.274177	0.0115	-0.531081	0	0	0	0	0.585644	0
0.359	0	0	0	0.738306	0.0115	-0.458064	9.641014	53.738496	7.723394	1.273436	0.0115	-0.531006	0	0	0	0	0.575299	0
0.3595	0	0	0	0.738021	0.0115	-0.458092	10.41694	58.634355	8.155268	1.272696	0.0115	-0.530931	0	0	0	0	0.568093	0
0.36	0	0	0	0.737737	0.0115	-0.458119	11.216899	63.733716	8.602311	1.271956	0.0115	-0.530856	0	0	0	0	0.563881	0
0.3605	0	0	0	0.737612	0.0115	-0.458119	12.040142	69.038868	9.06425	1.271004	0.0115	-0.530777	0	0	0	0	0.562538	0
0.361	0	0	0	0.737488	0.0115	-0.458118	12.885777	74.551784	9.540748	1.271792	0.0115	-0.530679	0	0	0	0	0.563948	0
0.3615	0	0	0	0.737363	0.0115	-0.458118	13.752751	80.274097	10.031393	1.272579	0.0115	-0.530581	0	0	0	0	0.568008	0
0.362	0	0	0	0.737239	0.0115	-0.458118	14.639844	86.207072	10.535691	1.273366	0.0115	-0.530483	0	0	0	0	0.574626	0
0.3625	0	0	0	0.737114	0.0115	-0.458117	15.545662	92.351575	11.053071	1.274154	0.0115	-0.530384	0	0	0	0	0.58372	0
0.363	0	0	0	0.73699	0.0115	-0.458117	16.468624	98.708049	11.582883	1.274941	0.0115	-0.530286	0	0	0	0	0.595217	0
0.3635	0	0	0	0.736866	0.0115	-0.458117	17.406954	105.276479	12.12441	1.275729	0.0115	-0.530188	0	0	0	0	0.609041	0
0.364	0	0	0	0.736741	0.0115	-0.458116	18.358676	112.056362	12.676872	1.276516	0.0115	-0.53009	0	0	0	0	0.625108	0
0.3645	0	0	0	0.736617	0.0115	-0.458116	19.32161	119.046677	13.23944	1.277303	0.0115	-0.529992	0	0	0	0	0.643314	0
0.365	0	0	0	0.736492	0.0115	-0.458115	20.293371	126.245878	13.811243	1.278091	0.0115	-0.529894	0	0	0	0	0.663536	0
0.3655	0	0	0	0.736368	0.0115	-0.458115	21.271379	133.65199	14.391378	1.278878	0.0115	-0.529796	0	0	0	0	0.685633	0
0.366	0	0	0	0.736243	0.0115	-0.458115	22.252867	141.262763	14.978923	1.279665	0.0115	-0.529698	0	0	0	0	0.709445	0
0.3665	0	0	0	0.736119	0.0115	-0.458114	23.234897	149.075786	15.572948	1.280453	0.0115	-0.5296	0	0	0	0	0.734792	0
0.367	0	0	0	0.735995	0.0115	-0.458114	24.214388	157.088507	16.172535	1.28124	0.0115	-0.529502	0	0	0	0	0.761482	0
0.3675	0	0	0	0.73587	0.0115	-0.458113	25.188136	165.298225	16.776788	1.282027	0.0115	-0.529404	0	0	0	0	0.789318	0
0.368	0	0	0	0.735746	0.0115	-0.458113	26.152836	173.702079	17.384832	1.282815	0.0115	-0.529306	0	0	0	0	0.818098	0
0.3685	0	0	0	0.735621	0.0115	-0.458113	27.1051	182.297019	17.995804	1.283602	0.0115	-0.529208	0	0	0	0	0.84762	0
0.369	0	0	0	0.735497	0.0115	-0.458112	28.04147	191.079778	18.608848	1.284389	0.0115	-0.52911	0	0	0	0	0.877667	0
0.3695	0	0	0	0.735372	0.0115	-0.458112	28.958422	200.046845	19.223101	1.285177	0.0115	-0.529012	0	0	0	0	0.908014	0
0.37	0	0	0	0.735248	0.0115	-0.458111	29.852364	209.194443	19.837691	1.285964	0.0115	-0.528914	0	0	0	0	0.93842	0
0.3705	0	0	0	0.735293	0.0115	-0.45808	30.719634	218.518498	20.451729	1.286169	0.0115	-0.529558	0	0	0	0	0.968637	0
0.371	0	0	0	0.735338	0.0115	-0.458048	31.556495	228.014621	21.0643	1.286332	0.0115	-0.530156	0	0	0	0	0.998406	0
0.3715	0	0	0	0.735383	0.0115	-0.458017	32.359128	237.678093	21.674455	1.28646	0.0115	-0.530712	0	0	0	0	1.027459	0
0.372	0	0	0	0.735428	0.0115	-0.457985	33.123622	247.503868	22.281205	1.286557	0.0115	-0.531226	0	0	0	0	1.055516	0
0.3725	0	0	0	0.735473	0.0115	-0.457954	33.845973	257.486567	22.883516	1.28663	0.0115	-0.531703	0	0	0	0	1.082286	0
0.373	0	0	0	0.735518	0.0115	-0.457922	34.52208	267.620485	23.480316	1.286682	0.0115	-0.532145	0	0	0	0	1.107452	0
0.3735	0	0	0	0.735563	0.0115	-0.457891	35.147751	277.899599	24.070507	1.286716	0.0115	-0.532553	0	0	0	0	1.130681	0
0.374	0	0	0	0.735608	0.0115	-0.457859	35.718706	288.317577	24.652975	1.286736	0.0115	-0.53293	0	0	0	0	1.151625	0
0.3745	0	0	0	0.735653	0.0115	-0.457828	36.230597	298.867788	25.226609	1.286745	0.0115	-0.533278	0	0	0	0	1.169932	0
0.375	0	0	0	0.735698	0.0115	-0.457796	36.679038	309.543309	25.790317	1.286745	0.0115	-0.5336	0	0	0	0	1.185247	0
0.3755	0	0	0	0.735743	0.0115	-0.457765	37.059635	320.336943	26.34303	1.286739	0.0115	-0.533895	0	0	0	0	1.197223	0
0.376	0	0	0	0.735788	0.0115	-0.457733	37.368035	331.241233	26.883701	1.286728	0.0115	-0.534168	0	0	0	0	1.205524	0
0.3765	0	0	0	0.735833	0.0115	-0.457702	37.599965	342.248486	27.411296	1.286714	0.0115	-0.534418	0	0	0	0	1.209835	0
0.377	0	0	0	0.735878	0.0115	-0.45767	37.751286	353.350779	27.924771	1.2867	0.0115	-0.534647	0	0	0	0	1.209867	0
0.3775	0	0	0	0.735923	0.0115	-0.457638	37.818034	364.539971	28.423057	1.286687	0.0115	-0.534856	0	0	0	0	1.205352	0
0.378	0	0	0	0.735968	0.0115	-0.457607	37.796465	375.807705	28.905045	1.286677	0.0115	-0.535047	0	0	0	0	1.196036	0
0.3785	0	0	0	0.736013	0.0115	-0.457575	37.683083	387.145412	29.369595	1.286672	0.0115	-0.535221	0	0	0	0	1.18168	0
0.379	0	0	0	0.736058	0.0115	-0.457544	37.474664	398.544322	29.815545	1.286675	0.0115	-0.535378	0	0	0	0	1.162057	0
0.3795	0	0	0	0.736103	0.0115	-0.457512	37.168272	409.995473	30.241734	1.286686	0.0115	-0.535519	0	0	0	0	1.136959	0
0.38	0	0	0	0.736148	0.0115	-0.457481	36.761262	421.489714	30.647027	1.286707	0.0115	-0.535646	0	0	0	0	1.106203	0
0.3805	0	0	0	0.73637	0.0115	-0.457419	36.251291	433.017705	31.030339	1.28674	0.0115	-0.535759	0	0	0	0	1.069641	0
0.381	0	0	0	0.736591	0.0115	-0.457357	35.636321	444.569923	31.390666	1.286786	0.0115	-0.535859	0	0	0	0	1.027172	0
0.3815	0	0	0	0.736812	0.0115	-0.457295	34.914643	456.136687	31.727106	1.286846	0.0115	-0.535947	0	0	0	0	0.978742	0
0.382	0	0	0	0.737033	0.0115	-0.457232	34.084899	467.708193	32.038878	1.28692	0.0115	-0.536023	0	0	0	0	0.924343	0
0.3825	0	0	0	0.737255	0.0115	-0.45717	33.146108	479.274575	32.325324	1.28701	0.0115	-0.536088	0	0	0	0	0.864008	0
0.383	0	0	0	0.737476	0.0115	-0.457108	32.097671	490.82598	32.585898	1.287116	0.0115	-0.536142	0	0	0	0	0.797813	0
0.3835	0	0	0	0.737697	0.0115	-0.457046	30.939392	502.352641	32.820169	1.287239	0.0115	-0.536187	0	0	0	0	0.725885	0
0.384	0	0	0	0.737918	0.0115	-0.456984	29.671481	513.844947	33.027813	1.287378	0.0115	-0.536223	0	0	0	0	0.648414	0
0.3845	0	0	0	0.73814	0.0115	-0.456922	28.294554	525.293527	33.208613	1.287534	0.0115	-0.53625	0	0	0	0	0.565653	0
0.385	0	0	0	0.738361	0.0115	-0.45686	26.809623	536.689343	33.362448	1.287706	0.0115	-0.536268	0	0	0	0	0.477922	0
0.3855	0	0	0	0.738582	0.0115	-0.456798	25.218063	548.023771	33.489278	1.287896	0.0115	-0.536279	0	0	0	0	0.385595	0
0.386	0	0	0	0.738803	0.0115	-0.456736	23.521579	559.28867	33.589127	1.288102	0.0115	-0.536282	0	0	0	0	0.289091	0
0.3865	0	0	0	0.739025	0.0115	-0.456674	21.722154	570.476437	33.662061	1.288325	0.0115	-0.536278	0	0	0	0	0.188857	0
0.387	0	0	0	0.739246	0.0115	-0.456612	19.822012	581.58004	33.708171	1.288563	0.0115	-0.536268	0	0	0	0	0.085361	0
0.3875	0	0	0	0.739467	0.0115	-0.45655	17.823585	592.593042	33.727552	1.288817	0.0115	-0.536251	0	0	0	0	-0.020919	0
0.388	0	0	0	0.739688	0.0115	-0.456487	15.729479	603.509623	33.720285	1.289085	0.0115	-0.536229	0	0	0	0	-0.129509	0
0.3885	0	0	0	0.73991	0.0115	-0.456425	13.542442	614.3246	33.686435	1.289367	0.0115	-0.536202	0	0	0	0	-0.239953	0
0.389	0	0	0	0.740131	0.0115	-0.456363	11.265315	625.033433	33.626063	1.289661	0.0115	-0.536171	0	0	0	0	-0.351832	0
0.3895	0	0	0	0.740352	0.0115	-0.456301	8.900985	635.632223	33.539238	1.289966	0.0115	-0.536136	0	0	0	0	-0.464769	0
0.39	0	0	0	0.740573	0.0115	-0.456239	6.452338	646.117688	33.426075	1.290281	0.0115	-0.536099	0	0	0	0	-0.578432	0
0.3905	0	0	0	0.740974	0.0115	-0.45615	3.922236	656.487158	33.286762	1.290604	0.0115	-0.536059	0	0	0	0	-0.692526	0
0.391	0	0	0	0.741375	0.0115	-0.456062	1.313501	666.738565	33.121583	1.290932	0.0115	-0.536018	0	0	0	0	-0.806791	0
0.3915	0	0	0	0.741776	0.0115	-0.455973	-1.371082	676.870438	32.930938	1.291263	0.0115	-0.535975	0	0	0	0	-0.920991	0
0.392	0	0	0	0.742177	0.0115	-0.455884	-4.128749	686.881888	32.715356	1.291596	0.0115	-0.535932	0	0	0	0	-1.034912	0
0.3925	0	0	0	0.742578	0.0115	-0.455795	-6.956735	696.772599	32.475511	1.291927	0.0115	-0.535888	0	0	0	0	-1.148338	0
0.393	0	0	0	0.742979	0.0115	-0.455706	-9.852253	706.542813	32.212239	1.292254	0.0115	-0.535844	0	0	0	0	-1.261042	0
0.3935	0	0	0	0.74338	0.0115	-0.455617	-12.812466	716.193328	31.926543	1.292576	0.0115	-0.535801	0	0	0	0	-1.372774	0
0.394	0	0	0	0.743781	0.0115	-0.455529	-15.834462	725.725493	31.619586	1.292888	0.0115	-0.535757	0	0	0	0	-1.483261	0
0.3945	0	0	0	0.744182	0.0115	-0.45544	-18.915234	735.141193	31.292682	1.29319	0.0115	-0.535715	0	0	0	0	-1.592221	0
0.395	0	0	0	0.744583	0.0115	-0.455351	-22.051667	744.442805	30.947282	1.29348	0.0115	-0.535673	0	0	0	0	-1.699366	0
0.3955	0	0	0	0.744984	0.0115	-0.455262	-25.240531	753.633159	30.584955	1.293754	0.0115	-0.535631	0	0	0	0	-1.804413	0
0.396	0	0	0	0.745385	0.0115	-0.455173	-28.478481	762.715489	30.207378	1.294013	0.0115	-0.53559	0	0	0	0	-1.907094	0
0.3965	0	0	0	0.745786	0.0115	-0.455084	-31.762059	771.693404	29.816306	1.294255	0.0115	-0.53555	0	0	0	0	-2.007163	0
0.397	0	0	0	0.746187	0.0115	-0.454996	-35.087702	780.570852	29.413558	1.294477	0.0115	-0.535511	0	0	0	0	-2.104408	0
0.3975	0	0	0	0.746587	0.0115	-0.454907	-38.451769	789.352093	29.000989	1.29468	0.0115	-0.535473	0	0	0	0	-2.198662	0
0.398	0	0	0	0.746988	0.0115	-0.454818	-41.850573	798.041667	28.580478	1.294862	0.0115	-0.535435	0	0	0	0	-2.289814	0
0.3985	0	0	0	0.747389	0.0115	-0.454729	-45.280431	806.644353	28.153925	1.295021	0.0115	-0.535399	0	0	0	0	-2.377812	0
0.399	0	0	0	0.74779	0.0115	-0.45464	-48.737703	815.165133	27.723246	1.295158	0.0115	-0.535363	0	0	0	0	-2.462663	0
0.3995	0	0	0	0.748191	0.0115	-0.454552	-52.218843	823.609153	27.290377	1.295272	0.0115	-0.535328	0	0	0	0	-2.544428	0
0.4	0	0	0	0.748592	0.0115	-0.454463	-55.720421	831.981694	26.857258	1.295362	0.0115	-0.535294	0	0	0	0	-2.62322	0
0.4005	0	0	0	0.749172	0.0115	-0.454353	-59.239144	840.288125	26.425838	1.295427	0.0115	-0.535261	0	0	0	0	-2.699191	0
0.401	0	0	0	0.749752	0.0115	-0.454243	-62.771864	848.533863	25.99807	1.295467	0.0115	-0.535229	0	0	0	0	-2.772506	0
0.4015	0	0	0	0.750332	0.0115	-0.454134	-66.315567	856.724344	25.575902	1.295482	0.0115	-0.535199	0	0	0	0	-2.843333	0
0.402	0	0	0	0.750911	0.0115	-0.454024	-69.867358	864.865005	25.16125	1.29547	0.0115	-0.535168	0	0	0	0	-2.911823	0
0.4025	0	0	0	0.751491	0.0115	-0.453915	-73.424437	872.961275	24.755967	1.295433	0.0115	-0.535139	0	0	0	0	-2.97811	0
0.403	0	0	0	0.752071	0.0115	-0.453805	-76.984083	881.018569	24.361815	1.29537	0.0115	-0.535111	0	0	0	0	-3.042304	0
0.4035	0	0	0	0.752651	0.0115	-0.453695	-80.543627	889.042273	23.98044	1.295281	0.0115	-0.535084	0	0	0	0	-3.104487	0
0.404	0	0	0	0.753231	0.0115	-0.453586	-84.100427	897.037723	23.613358	1.295166	0.0115	-0.535058	0	0	0	0	-3.164708	0
0.4045	0	0	0	0.75381	0.0115	-0.453476	-87.651851	905.010174	23.26194	1.295026	0.0115	-0.535033	0	0	0	0	-3.222978	0
0.405	0	0	0	0.75439	0.0115	-0.453366	-91.195246	912.964774	22.927412	1.294862	0.0115	-0.53501	0	0	0	0	-3.279264	0
0.4055	0	0	0	0.75497	0.0115	-0.453257	-94.727917	920.906525	22.610859	1.294674	0.0115	-0.534987	0	0	0	0	-3.333486	0
0.406	0	0	0	0.75555	0.0115	-0.453147	-98.247106	928.840244	22.313242	1.294463	0.0115	-0.534967	0	0	0	0	-3.385517	0
0.4065	0	0	0	0.75613	0.0115	-0.453038	-101.74999	936.770523	22.035409	1.294231	0.0115	-0.534948	0	0	0	0	-3.435189	0
0.407	0	0	0	0.756709	0.0115	-0.452928	-105.233675	944.701712	21.778107	1.293979	0.0115	-0.53493	0	0	0	0	-3.482302	0
0.4075	0	0	0	0.757289	0.0115	-0.452818	-108.695201	952.637892	21.541987	1.293708	0.0115	-0.534914	0	0	0	0	-3.526632	0
0.408	0	0	0	0.757869	0.0115	-0.452709	-112.131556	960.582876	21.327605	1.293418	0.0115	-0.534901	0	0	0	0	-3.567943	0
0.4085	0	0	0	0.758449	0.0115	-0.452599	-115.539685	968.540218	21.135428	1.293113	0.0115	-0.534889	0	0	0	0	-3.605995	0
0.409	0	0	0	0.759029	0.0115	-0.452489	-118.916501	976.513242	20.965829	1.292791	0.0115	-0.53488	0	0	0	0	-3.640547	0
0.4095	0	0	0	0.759609	0.0115	-0.45238	-122.258887	984.505063	20.8191	1.292456	0.0115	-0.534873	0	0	0	0	-3.671361	0
0.41	0	0	0	0.760188	0.0115	-0.45227	-125.563678	992.518591	20.695469	1.292107	0.0115	-0.534868	0	0	0	0	-3.698211	0
0.4105	0	0	0	0.760941	0.0115	-0.452146	-128.827656	1000.556559	20.595113	1.291746	0.0115	-0.534866	0	0	0	0	-3.72089	0
0.411	0	0	0	0.761694	0.0115	-0.452022	-132.047544	1008.621549	20.51816	1.291373	0.0115	-0.534868	0	0	0	0	-3.739209	0
0.4115	0	0	0	0.762446	0.0115	-0.451899	-135.220021	1016.716014	20.464691	1.29099	0.0115	-0.534872	0	0	0	0	-3.753004	0
0.412	0	0	0	0.763199	0.0115	-0.451775	-138.341739	1024.842278	20.434742	1.290597	0.0115	-0.534879	0	0	0	0	-3.762135	0
0.4125	0	0	0	0.763952	0.0115	-0.451651	-141.409341	1033.002548	20.428299	1.290196	0.0115	-0.53489	0	0	0	0	-3.766492	0
0.413	0	0	0	0.764705	0.0115	-0.451527	-144.419482	1041.198932	20.445285	1.289785	0.0115	-0.534904	0	0	0	0	-3.765989	0
0.4135	0	0	0	0.765457	0.0115	-0.451403	-147.368841	1049.433452	20.485564	1.289366	0.0115	-0.534921	0	0	0	0	-3.760559	0
0.414	0	0	0	0.76621	0.0115	-0.451279	-150.254141	1057.708067	20.548933	1.28894	0.0115	-0.534941	0	0	0	0	-3.750158	0
0.4145	0	0	0	0.766963	0.0115	-0.451155	-153.072161	1066.024678	20.635126	1.288505	0.0115	-0.534964	0	0	0	0	-3.734769	0
0.415	0	0	0	0.767716	0.0115	-0.451032	-155.819755	1074.385123	20.743819	1.288063	0.0115	-0.534991	0	0	0	0	-3.714411	0
0.4155	0	0	0	0.768468	0.0115	-0.450908	-158.493876	1082.791166	20.874642	1.287613	0.0115	-0.535021	0	0	0	0	-3.689144	0
0.416	0	0	0	0.769221	0.0115	-0.450784	-161.091595	1091.244471	21.027189	1.287155	0.0115	-0.535054	0	0	0	0	-3.659075	0
0.4165	0	0	0	0.769974	0.0115	-0.45066	-163.610109	1099.746579	21.201022	1.286689	0.0115	-0.53509	0	0	0	0	-3.624366	0
0.417	0	0	0	0.770726	0.0115	-0.450536	-166.046744	1108.298889	21.395676	1.286213	0.0115	-0.535129	0	0	0	0	-3.585235	0
0.4175	0	0	0	0.771479	0.0115	-0.450412	-168.398947	1116.902641	21.610666	1.285728	0.0115	-0.535171	0	0	0	0	-3.541945	0
0.418	0	0	0	0.772232	0.0115	-0.450289	-170.664277	1125.558907	21.845498	1.285232	0.0115	-0.535217	0	0	0	0	-3.494786	0
0.4185	0	0	0	0.772985	0.0115	-0.450165	-172.840389	1134.268578	22.099676	1.284724	0.0115	-0.535265	0	0	0	0	-3.444063	0
0.419	0	0	0	0.773737	0.0115	-0.450041	-174.92501	1143.032364	22.372702	1.284204	0.0115	-0.535316	0	0	0	0	-3.390094	0
0.4195	0	0	0	0.77449	0.0115	-0.449917	-176.915925	1151.850792	22.664078	1.283671	0.0115	-0.53537	0	0	0	0	-3.333207	0
0.42	0	0	0	0.775243	0.0115	-0.449793	-178.810964	1160.724213	22.973305	1.283122	0.0115	-0.535427	0	0	0	0	-3.273729	0
0.4205	0	0	0	0.776158	0.0115	-0.449661	-180.608	1169.652788	23.299877	1.282559	0.0115	-0.535486	0	0	0	0	-3.211986	0
0.421	0	0	0	0.777073	0.0115	-0.449529	-182.304935	1178.636453	23.643286	1.281978	0.0115	-0.535547	0	0	0	0	-3.148295	0
0.4215	0	0	0	0.777988	0.0115	-0.449397	-183.899707	1187.674889	24.003017	1.281381	0.0115	-0.535612	0	0	0	0	-3.082951	0
0.422	0	0	0	0.778903	0.0115	-0.449265	-185.390289	1196.767508	24.378541	1.280765	0.0115	-0.535678	0	0	0	0	-3.016223	0
0.4225	0	0	0	0.779818	0.0115	-0.449133	-186.774706	1205.913429	24.769304	1.28013	0.0115	-0.535746	0	0	0	0	-2.948347	0
0.423	0	0	0	0.780733	0.0115	-0.449002	-188.051067	1215.111446	25.174726	1.279477	0.0115	-0.535816	0	0	0	0	-2.879536	0
0.4235	0	0	0	0.781648	0.0115	-0.44887	-189.217602	1224.36	25.594187	1.278803	0.0115	-0.535888	0	0	0	0	-2.809986	0
0.424	0	0	0	0.782563	0.0115	-0.448738	-190.272708	1233.657176	26.027017	1.27811	0.0115	-0.535962	0	0	0	0	-2.739882	0
0.4245	0	0	0	0.783477	0.0115	-0.448606	-191.214991	1243.000706	26.472499	1.277396	0.0115	-0.536036	0	0	0	0	-2.669402	0
0.425	0	0	0	0.784392	0.0115	-0.448474	-192.043304	1252.38798	26.929883	1.276662	0.0115	-0.536112	0	0	0	0	-2.598718	0
0.4255	0	0	0	0.785307	0.0115	-0.448342	-192.756778	1261.816063	27.398398	1.275907	0.0115	-0.536189	0	0	0	0	-2.527992	0
0.426	0	0	0	0.786222	0.0115	-0.44821	-193.354853	1271.281723	27.87727	1.275132	0.0115	-0.536267	0	0	0	0	-2.457368	0
0.4265	0	0	0	0.787137	0.0115	-0.448078	-193.837293	1280.781455	28.365734	1.274336	0.0115	-0.536345	0	0	0	0	-2.38697	0
0.427	0	0	0	0.788052	0.0115	-0.447946	-194.204193	1290.311496	28.863037	1.273518	0.0115	-0.536424	0	0	0	0	-2.316897	0
0.4275	0	0	0	0.788967	0.0115	-0.447814	-194.455977	1299.867843	29.368435	1.272681	0.0115	-0.536503	0	0	0	0	-2.24724	0
0.428	0	0	0	0.789882	0.0115	-0.447682	-194.593401	1309.446276	29.881168	1.271822	0.0115	-0.536582	0	0	0	0	-2.178084	0
0.4285	0	0	0	0.790797	0.0115	-0.44755	-194.617546	1319.042381	30.400432	1.270943	0.0115	-0.536661	0	0	0	0	-2.109518	0
0.429	0	0	0	0.791712	0.0115	-0.447418	-194.529823	1328.651579	30.925354	1.270045	0.0115	-0.536741	0	0	0	0	-2.041631	0
0.4295	0	0	0	0.792627	0.0115	-0.447286	-194.331969	1338.269139	31.454963	1.269126	0.0115	-0.536819	0	0	0	0	-1.974518	0
0.43	0	0	0	0.793542	0.0115	-0.447155	-194.026023	1347.890201	31.988181	1.268188	0.0115	-0.536898	0	0	0	0	-1.908268	0
0.4305	0	0	0	0.794606	0.0115	-0.44702	-193.614304	1357.509811	32.523815	1.267231	0.0115	-0.536976	0	0	0	0	-1.842968	0
0.431	0	0	0	0.795669	0.0115	-0.446885	-193.099387	1367.122957	33.060568	1.266257	0.0115	-0.537054	0	0	0	0	-1.778702	0
0.4315	0	0	0	0.796733	0.0115	-0.44675	-192.48408	1376.724606	33.597047	1.265265	0.0115	-0.537131	0	0	0	0	-1.715556	0
0.432	0	0	0	0.797796	0.0115	-0.446615	-191.771399	1386.309723	34.131791	1.264258	0.0115	-0.537209	0	0	0	0	-1.653623	0
0.4325	0	0	0	0.79886	0.0115	-0.446481	-190.964552	1395.873276	34.663294	1.263235	0.0115	-0.537286	0	0	0	0	-1.593001	0
0.433	0	0	0	0.799923	0.0115	-0.446346	-190.066939	1405.410251	35.190036	1.262199	0.0115	-0.537364	0	0	0	0	-1.53379	0
0.4335	0	0	0	0.800987	0.0115	-0.446211	-189.08214	1414.915666	35.710511	1.26115	0.0115	-0.537441	0	0	0	0	-1.476075	0
0.434	0	0	0	0.80205	0.0115	-0.446076	-188.013908	1424.384581	36.223264	1.26009	0.0115	-0.537519	0	0	0	0	-1.419923	0
0.4345	0	0	0	0.803114	0.0115	-0.445942	-186.86616	1433.812109	36.726913	1.259019	0.0115	-0.537598	0	0	0	0	-1.365375	0
0.435	0	0	0	0.804177	0.0115	-0.445807	-185.642958	1443.193417	37.220169	1.25794	0.0115	-0.537677	0	0	0	0	-1.31244	0
0.4355	0	0	0	0.805241	0.0115	-0.445672	-184.348486	1452.523724	37.701841	1.256853	0.0115	-0.537756	0	0	0	0	-1.261098	0
0.436	0	0	0	0.806304	0.0115	-0.445537	-182.98702	1461.798283	38.17084	1.255759	0.0115	-0.537837	0	0	0	0	-1.211305	0
0.4365	0	0	0	0.807368	0.0115	-0.445403	-181.562898	1471.012377	38.626183	1.254661	0.0115	-0.537918	0	0	0	0	-1.163007	0
0.437	0	0	0	0.808431	0.0115	-0.445268	-180.080488	1480.161329	39.066988	1.253559	0.0115	-0.538	0	0	0	0	-1.116146	0
0.4375	0	0	0	0.809495	0.0115	-0.445133	-178.544159	1489.240506	39.492483	1.252455	0.0115	-0.538083	0	0	0	0	-1.070675	0
0.438	0	0	0	0.810558	0.0115	-0.444998	-176.958245	1498.24533	39.902014	1.251349	0.0115	-0.538166	0	0	0	0	-1.026556	0
0.4385	0	0	0	0.811622	0.0115	-0.444863	-175.327015	1507.171296	40.295062	1.250244	0.0115	-0.53825	0	0	0	0	-0.983755	0
0.439	0	0	0	0.812685	0.0115	-0.444729	-173.654644	1516.013975	40.671242	1.249139	0.0115	-0.538335	0	0	0	0	-0.942236	0
0.4395	0	0	0	0.813749	0.0115	-0.444594	-171.945182	1524.769027	41.030301	1.248037	0.0115	-0.538421	0	0	0	0	-0.901956	0
0.44	0	0	0	0.814813	0.0115	-0.444459	-170.202535	1533.432207	41.372106	1.246939	0.0115	-0.538507	0	0	0	0	-0.862871	0
0.4405	0	0	0	0.81601	0.0115	-0.444326	-168.430444	1541.999374	41.696626	1.245844	0.0115	-0.538594	0	0	0	0	-0.824954	0
0.441	0	0	0	0.817207	0.0115	-0.444192	-166.632488	1550.466516	42.003911	1.244756	0.0115	-0.538681	0	0	0	0	-0.788206	0
0.4415	0	0	0	0.818404	0.0115	-0.444059	-164.812085	1558.829766	42.29408	1.243674	0.0115	-0.538768	0	0	0	0	-0.75267	0
0.442	0	0	0	0.819601	0.0115	-0.443926	-162.972506	1567.085419	42.567314	1.242599	0.0115	-0.538856	0	0	0	0	-0.718446	0
0.4425	0	0	0	0.820798	0.0115	-0.443792	-161.116875	1575.229951	42.823857	1.241532	0.0115	-0.538943	0	0	0	0	-0.685681	0
0.443	0	0	0	0.821996	0.0115	-0.443659	-159.248177	1583.260015	43.064013	1.240474	0.0115	-0.539031	0	0	0	0	-0.654577	0
0.4435	0	0	0	0.823193	0.0115	-0.443526	-157.369272	1591.172462	43.288134	1.239425	0.0115	-0.539119	0	0	0	0	-0.625382	0
0.444	0	0	0	0.82439	0.0115	-0.443392	-155.4829	1598.964358	43.4966	1.238385	0.0115	-0.539206	0	0	0	0	-0.598402	0
0.4445	0	0	0	0.825587	0.0115	-0.443259	-153.59169	1606.633003	43.689793	1.237356	0.0115	-0.539294	0	0	0	0	-0.573994	0
0.445	0	0	0	0.826784	0.0115	-0.443126	-151.698156	1614.175939	43.868083	1.236337	0.0115	-0.539381	0	0	0	0	-0.552556	0
0.4455	0	0	0	0.827981	0.0115	-0.442992	-149.804698	1621.590972	44.031803	1.235328	0.0115	-0.539469	0	0	0	0	-0.534517	0
0.446	0	0	0	0.829179	0.0115	-0.442859	-147.913586	1628.876182	44.18124	1.234329	0.0115	-0.539557	0	0	0	0	-0.520321	0
0.4465	0	0	0	0.830376	0.0115	-0.442726	-146.026945	1636.029933	44.316629	1.23334	0.0115	-0.539645	0	0	0	0	-0.510407	0
0.447	0	0	0	0.831573	0.0115	-0.442592	-144.146729	1643.050866	44.438179	1.232361	0.0115	-0.539733	0	0	0	0	-0.505188	0
0.4475	0	0	0	0.83277	0.0115	-0.442459	-142.274697	1649.937896	44.546093	1.231391	0.0115	-0.539822	0	0	0	0	-0.505017	0
0.448	0	0	0	0.833967	0.0115	-0.442326	-140.412388	1656.690216	44.640606	1.230431	0.0115	-0.539912	0	0	0	0	-0.510155	0
0.4485	0	0	0	0.835164	0.0115	-0.442192	-138.561123	1663.30728	44.721991	1.22948	0.0115	-0.540002	0	0	0	0	-0.520743	0
0.449	0	0	0	0.836362	0.0115	-0.442059	-136.721995	1669.78878	44.790574	1.228537	0.0115	-0.540094	0	0	0	0	-0.536803	0
0.4495	0	0	0	0.837559	0.0115	-0.441926	-134.895884	1676.134609	44.846734	1.227603	0.0115	-0.540186	0	0	0	0	-0.558234	0
0.45	0	0	0	0.838756	0.0115	-0.441792	-133.083464	1682.344834	44.890911	1.226676	0.0115	-0.540279	0	0	0	0	-0.584817	0
0.4505	0	0	0	0.840072	0.0115	-0.441664	-131.285232	1688.419658	44.923613	1.225757	0.0115	-0.540373	0	0	0	0	-0.616219	0
0.451	0	0	0	0.841389	0.0115	-0.441535	-129.501532	1694.359399	44.945431	1.224845	0.0115	-0.540468	0	0	0	0	-0.652006	0
0.4515	0	0	0	0.842706	0.0115	-0.441406	-127.732572	1700.164459	44.957046	1.223938	0.0115	-0.540564	0	0	0	0	-0.691647	0
0.452	0	0	0	0.844022	0.0115	-0.441278	-125.978433	1705.83529	44.959237	1.223038	0.0115	-0.54066	0	0	0	0	-0.734527	0
0.4525	0	0	0	0.845339	0.0115	-0.441149	-124.239068	1711.372366	44.952891	1.222142	0.0115	-0.540758	0	0	0	0	-0.779939	0
0.453	0	0	0	0.846656	0.0115	-0.441021	-122.514294	1716.776148	44.939001	1.22125	0.0115	-0.540857	0	0	0	0	-0.827106	0
0.4535	0	0	0	0.847972	0.0115	-0.440892	-120.80378	1722.047074	44.918654	1.220362	0.0115	-0.540956	0	0	0	0	-0.875195	0
0.454	0	0	0	0.849289	0.0115	-0.440763	-119.107044	1727.185564	44.893017	1.219477	0.0115	-0.541056	0	0	0	0	-0.923351	0
0.4545	0	0	0	0.850605	0.0115	-0.440635	-117.423457	1732.192037	44.86331	1.218593	0.0115	-0.541157	0	0	0	0	-0.970714	0
0.455	0	0	0	0.851922	0.0115	-0.440506	-115.752261	1737.066924	44.830793	1.217712	0.0115	-0.541258	0	0	0	0	-1.016444	0
0.4555	0	0	0	0.853239	0.0115	-0.440378	-114.09258	1741.810683	44.796755	1.216831	0.0115	-0.54136	0	0	0	0	-1.059728	0
0.456	0	0	0	0.854555	0.0115	-0.440249	-112.44344	1746.423798	44.762494	1.21595	0.0115	-0.541463	0	0	0	0	-1.09979	0
0.4565	0	0	0	0.855872	0.0115	-0.44012	-110.803786	1750.90678	44.729294	1.215069	0.0115	-0.541566	0	0	0	0	-1.135896	0
0.457	0	0	0	0.857189	0.0115	-0.439992	-109.172509	1755.260171	44.698398	1.214186	0.0115	-0.54167	0	0	0	0	-1.167372	0
0.4575	0	0	0	0.858505	0.0115	-0.439863	-107.548475	1759.484531	44.670981	1.213303	0.0115	-0.541774	0	0	0	0	-1.193625	0
0.458	0	0	0	0.859822	0.0115	-0.439735	-105.930568	1763.580417	44.648137	1.212417	0.0115	-0.541878	0	0	0	0	-1.214178	0
0.4585	0	0	0	0.861139	0.0115	-0.439606	-104.317724	1767.54837	44.630872	1.211529	0.0115	-0.541982	0	0	0	0	-1.228684	0
0.459	0	0	0	0.862455	0.0115	-0.439477	-102.708983	1771.388899	44.62012	1.210638	0.0115	-0.542087	0	0	0	0	-1.236941	0
0.4595	0	0	0	0.863772	0.0115	-0.439349	-101.103522	1775.102474	44.616745	1.209745	0.0115	-0.542192	0	0	0	0	-1.238893	0
0.46	0	0	0	0.865088	0.0115	-0.43922	-99.500685	1778.689509	44.621563	1.208848	0.0115	-0.542297	0	0	0	0	-1.234617	0
0.4605	0	0	0	0.866512	0.0115	-0.439099	-97.900004	1782.150341	44.635338	1.207948	0.0115	-0.542402	0	0	0	0	-1.224312	0
0.461	0	0	0	0.867936	0.0115	-0.438978	-96.301199	1785.485227	44.658795	1.207044	0.0115	-0.542507	0	0	0	0	-1.208273	0
0.4615	0	0	0	0.86936	0.0115	-0.438856	-94.704179	1788.694325	44.69261	1.206136	0.0115	-0.542613	0	0	0	0	-1.186874	0
0.462	0	0	0	0.870784	0.0115	-0.438735	-93.109015	1791.777688	44.737402	1.205225	0.0115	-0.542719	0	0	0	0	-1.160554	0
0.4625	0	0	0	0.872208	0.0115	-0.438614	-91.51591	1794.73526	44.793724	1.204309	0.0115	-0.542825	0	0	0	0	-1.129804	0
0.463	0	0	0	0.873632	0.0115	-0.438493	-89.925167	1797.566882	44.862057	1.20339	0.0115	-0.542931	0	0	0	0	-1.095156	0
0.4635	0	0	0	0.875055	0.0115	-0.438372	-88.33716	1800.272301	44.942818	1.202466	0.0115	-0.543038	0	0	0	0	-1.05717	0
0.464	0	0	0	0.876479	0.0115	-0.43825	-86.752318	1802.85117	45.036371	1.201538	0.0115	-0.543144	0	0	0	0	-1.016418	0
0.4645	0	0	0	0.877903	0.0115	-0.438129	-85.171101	1805.303039	45.143037	1.200607	0.0115	-0.543251	0	0	0	0	-0.973468	0
0.465	0	0	0	0.879327	0.0115	-0.438008	-83.593981	1807.627358	45.263102	1.199671	0.0115	-0.543358	0	0	0	0	-0.928857	0
0.4655	0	0	0	0.880751	0.0115	-0.437887	-82.021423	1809.823464	45.396803	1.198733	0.0115	-0.543465	0	0	0	0	-0.883072	0
0.466	0	0	0	0.882175	0.0115	-0.437765	-80.45387	1811.890596	45.544324	1.197791	0.0115	-0.543572	0	0	0	0	-0.836541	0
0.4665	0	0	0	0.883599	0.0115	-0.437644	-78.891728	1813.827898	45.705784	1.196847	0.0115	-0.543679	0	0	0	0	-0.789625	0
0.467	0	0	0	0.885022	0.0115	-0.437523	-77.335358	1815.63443	45.881228	1.1959	0.0115	-0.543785	0	0	0	0	-0.74262	0
0.4675	0	0	0	0.886446	0.0115	-0.437402	-75.785067	1817.309186	46.070627	1.194952	0.0115	-0.543891	0	0	0	0	-0.695758	0
0.468	0	0	0	0.88787	0.0115	-0.43728	-74.241115	1818.851115	46.27388	1.194003	0.0115	-0.543997	0	0	0	0	-0.649213	0
0.4685	0	0	0	0.889294	0.0115	-0.437159	-72.703713	1820.259143	46.490824	1.193054	0.0115	-0.544102	0	0	0	0	-0.603105	0
0.469	0	0	0	0.890718	0.0115	-0.437038	-71.173037	1821.532181	46.721229	1.192104	0.0115	-0.544207	0	0	0	0	-0.557501	0
0.4695	0	0	0	0.892142	0.0115	-0.436917	-69.649236	1822.669139	46.9648	1.191155	0.0115	-0.544312	0	0	0	0	-0.512414	0
0.47	0	0	0	0.893566	0.0115	-0.436796	-68.132444	1823.66894	47.221164	1.190207	0.0115	-0.544416	0	0	0	0	-0.46781	0
0.4705	0	0	0	0.895087	0.0115	-0.436684	-66.622785	1824.530538	47.489874	1.18926	0.0115	-0.54452	0	0	0	0	-0.423611	0
0.471	0	0	0	0.896609	0.0115	-0.436572	-65.120378	1825.252919	47.770394	1.188315	0.0115	-0.544623	0	0	0	0	-0.379711	0
0.4715	0	0	0	0.89813	0.0115	-0.436461	-63.625325	1825.83512	48.062105	1.187372	0.0115	-0.544727	0	0	0	0	-0.335984	0
0.472	0	0	0	0.899652	0.0115	-0.436349	-62.137707	1826.276252	48.364307	1.186432	0.0115	-0.54483	0	0	0	0	-0.292293	0
0.4725	0	0	0	0.901173	0.0115	-0.436237	-60.657569	1826.575545	48.676232	1.185493	0.0115	-0.544933	0	0	0	0	-0.248497	0
0.473	0	0	0	0.902695	0.0115	-0.436126	-59.184908	1826.732386	48.997062	1.184558	0.0115	-0.545036	0	0	0	0	-0.204459	0
0.4735	0	0	0	0.904216	0.0115	-0.436014	-57.719665	1826.746365	49.325938	1.183626	0.0115	-0.545139	0	0	0	0	-0.160049	0
0.474	0	0	0	0.905738	0.0115	-0.435902	-56.261717	1826.617307	49.66197	1.182697	0.0115	-0.545242	0	0	0	0	-0.115149	0
0.4745	0	0	0	0.907259	0.0115	-0.435791	-54.810873	1826.345301	50.004245	1.18177	0.0115	-0.545345	0	0	0	0	-0.069654	0
0.475	0	0	0	0.908781	0.0115	-0.435679	-53.366868	1825.930702	50.351829	1.180848	0.0115	-0.545448	0	0	0	0	-0.023476	0
0.4755	0	0	0	0.910302	0.0115	-0.435567	-51.92936	1825.374134	50.703771	1.179928	0.0115	-0.545551	0	0	0	0	0.023442	0
0.476	0	0	0	0.911824	0.0115	-0.435456	-50.497923	1824.67647	51.059112	1.179012	0.0115	-0.545653	0	0	0	0	0.071131	0
0.4765	0	0	0	0.913345	0.0115	-0.435344	-49.072047	1823.838812	51.416887	1.178098	0.0115	-0.545756	0	0	0	0	0.119583	0
0.477	0	0	0	0.914867	0.0115	-0.435233	-47.65113	1822.862439	51.776137	1.177188	0.0115	-0.545858	0	0	0	0	0.16875	0
0.4775	0	0	0	0.916388	0.0115	-0.435121	-46.234477	1821.748764	52.135916	1.176281	0.0115	-0.545959	0	0	0	0	0.21855	0
0.478	0	0	0	0.91791	0.0115	-0.435009	-44.821303	1820.499282	52.495298	1.175375	0.0115	-0.546061	0	0	0	0	0.268857	0
0.4785	0	0	0	0.919431	0.0115	-0.434898	-43.410735	1819.115519	52.853377	1.174472	0.0115	-0.546161	0	0	0	0	0.319504	0
0.479	0	0	0	0.920953	0.0115	-0.434786	-42.001801	1817.599	53.209266	1.173571	0.0115	-0.546261	0	0	0	0	0.370276	0
0.4795	0	0	0	0.922474	0.0115	-0.434674	-40.593425	1815.951237	53.562114	1.172671	0.0115	-0.54636	0	0	0	0	0.420917	0
0.48	0	0	0	0.923996	0.0115	-0.434563	-39.184405	1814.173728	53.911108	1.171771	0.0115	-0.546458	0	0	0	0	0.471151	0
0.4805	0	0	0	0.925607	0.0115	-0.434463	-37.773407	1812.267984	54.255478	1.170872	0.0115	-0.546555	0	0	0	0	0.520691	0
0.481	0	0	0	0.927219	0.0115	-0.434363	-36.358963	1810.235549	54.594504	1.169973	0.0115	-0.546651	0	0	0	0	0.569263	0
0.4815	0	0	0	0.928831	0.0115	-0.434263	-34.939471	1808.078032	54.927514	1.169072	0.0115	-0.546746	0	0	0	0	0.616614	0
0.482	0	0	0	0.930443	0.0115	-0.434163	-33.513215	1805.797122	55.253873	1.168171	0.0115	-0.54684	0	0	0	0	0.662515	0
0.4825	0	0	0	0.932055	0.0115	-0.434063	-32.078378	1803.394614	55.572974	1.167268	0.0115	-0.546932	0	0	0	0	0.706768	0
0.483	0	0	0	0.933667	0.0115	-0.433963	-30.633073	1800.872414	55.884219	1.166362	0.0115	-0.547024	0	0	0	0	0.749204	0
0.4835	0	0	0	0.935279	0.0115	-0.433862	-29.175367	1798.232535	56.187001	1.165454	0.0115	-0.547113	0	0	0	0	0.789694	0
0.484	0	0	0	0.936891	0.0115	-0.433762	-27.703316	1795.477059	56.480705	1.164543	0.0115	-0.547202	0	0	0	0	0.828141	0
0.4845	0	0	0	0.938503	0.0115	-0.433662	-26.215007	1792.608099	56.7647	1.163628	0.0115	-0.547289	0	0	0	0	0.864487	0
0.485	0	0	0	0.940115	0.0115	-0.433562	-24.708599	1789.62777	57.038355	1.16271	0.0115	-0.547374	0	0	0	0	0.898713	0
0.4855	0	0	0	0.941727	0.0115	-0.433462	-23.182373	1786.538158	57.30105	1.161787	0.0115	-0.547458	0	0	0	0	0.930834	0
0.486	0	0	0	0.943339	0.0115	-0.433362	-21.634777	1783.341293	57.552197	1.160859	0.0115	-0.547541	0	0	0	0	0.960883	0
0.4865	0	0	0	0.868277	0.0115	-0.461921	-20.064463	1780.039134	57.791248	1.159926	0.0115	-0.547622	0	0	0	0	0.988911	0
0.487	0	0	0	0.869221	0.0115	-0.461897	-18.470308	1776.633552	58.017707	1.158988	0.0115	-0.547701	0	0	0	0	1.014983	0
0.4875	0	0	0	0.870164	0.0115	-0.461874	-16.851413	1773.126316	58.23113	1.158044	0.0115	-0.547779	0	0	0	0	1.039188	0
0.488	0	0	0	0.871108	0.0115	-0.46185	-15.207082	1769.519084	58.431124	1.157095	0.0115	-0.547855	0	0	0	0	1.061639	0
0.4885	0	0	0	0.872052	0.0115	-0.461826	-13.536808	1765.81341	58.617331	1.156138	0.0115	-0.54793	0	0	0	0	1.082465	0
0.489	0	0	0	0.872995	0.0115	-0.461802	-11.840237	1762.010774	58.789424	1.155175	0.0115	-0.548003	0	0	0	0	1.101808	0
0.4895	0	0	0	0.873939	0.0115	-0.461778	-10.117156	1758.112587	58.947095	1.154204	0.0115	-0.548075	0	0	0	0	1.119811	0
0.49	0	0	0	0.874882	0.0115	-0.461755	-8.367476	1754.120197	59.090069	1.153227	0.0115	-0.548145	0	0	0	0	1.136611	0
0.4905	0	0	0	0.875854	0.0115	-0.461753	-6.591212	1750.03489	59.218116	1.152241	0.0115	-0.548213	0	0	0	0	1.152344	0
0.491	0	0	0	0.876827	0.0115	-0.461751	-4.788475	1745.857877	59.331059	1.151248	0.0115	-0.54828	0	0	0	0	1.16715	0
0.4915	0	0	0	0.877799	0.0115	-0.46175	-2.959456	1741.590283	59.428786	1.150247	0.0115	-0.548345	0	0	0	0	1.181185	0
0.492	0	0	0	0.878771	0.0115	-0.461748	-1.104411	1737.233134	59.51124	1.149238	0.0115	-0.548409	0	0	0	0	1.194618	0
0.4925	0	0	0	0.879743	0.0115	-0.461747	0.776352	1732.787335	59.578416	1.148221	0.0115	-0.548471	0	0	0	0	1.207631	0
0.493	0	0	0	0.880715	0.0115	-0.461745	2.682482	1728.253667	59.630347	1.147197	0.0115	-0.54853	0	0	0	0	1.220406	0
0.4935	0	0	0	0.881688	0.0115	-0.461744	4.613579	1723.632777	59.667086	1.146166	0.0115	-0.548588	0	0	0	0	1.233118	0
0.494	0	0	0	0.88266	0.0115	-0.461742	6.569172	1718.92519	59.688693	1.145128	0.0115	-0.548645	0	0	0	0	1.245921	0
0.4945	0	0	0	0.883632	0.0115	-0.461741	8.548694	1714.131325	59.695231	1.144084	0.0115	-0.548699	0	0	0	0	1.258925	0
0.495	0	0	0	0.884604	0.0115	-0.461739	10.551463	1709.251518	59.686766	1.143033	0.0115	-0.548751	0	0	0	0	1.272199	0
0.4955	0	0	0	0.885576	0.0115	-0.461738	12.576661	1704.28604	59.663379	1.141977	0.0115	-0.548801	0	0	0	0	1.285759	0
0.496	0	0	0	0.886549	0.0115	-0.461736	14.623315	1699.235109	59.625177	1.140915	0.0115	-0.548849	0	0	0	0	1.29959	0
0.4965	0	0	0	0.887521	0.0115	-0.461735	16.690304	1694.098893	59.572303	1.139848	0.0115	-0.548895	0	0	0	0	1.313651	0
0.497	0	0	0	0.888493	0.0115	-0.461733	18.776372	1688.877517	59.504933	1.138776	0.0115	-0.54894	0	0	0	0	1.32788	0
0.4975	0	0	0	0.889465	0.0115	-0.461732	20.880152	1683.571069	59.423256	1.137699	0.0115	-0.548982	0	0	0	0	1.342205	0
0.498	0	0	0	0.890438	0.0115	-0.46173	23.000191	1678.179628	59.327457	1.136618	0.0115	-0.549023	0	0	0	0	1.356536	0
0.4985	0	0	0	0.89141	0.0115	-0.461729	25.134969	1672.703283	59.217688	1.135532	0.0115	-0.549062	0	0	0	0	1.370768	0
0.499	0	0	0	0.892382	0.0115	-0.461727	27.282916	1667.142146	59.094065	1.134443	0.0115	-0.549099	0	0	0	0	1.384782	0
0.4995	0	0	0	0.893354	0.0115	-0.461726	29.442415	1661.496368	58.956674	1.133351	0.0115	-0.549134	0	0	0	0	1.398449	0
0.5	0	0	0	0.894326	0.0115	-0.461724	31.61181	1655.766165	58.805587	1.132255	0.0115	-0.549168	0	0	0	0	1.411643	0
0.5005	0	0	0	0.895342	0.0115	-0.461747	33.789422	1649.95182	58.640883	1.131156	0.0115	-0.5492	0	0	0	0	1.424257	0
0.501	0	0	0	0.896357	0.0115	-0.46177	35.973565	1644.05369	58.462667	1.130055	0.0115	-0.549231	0	0	0	0	1.436204	0
0.5015	0	0	0	0.897373	0.0115	-0.461793	38.162573	1638.072192	58.271089	1.128951	0.0115	-0.549261	0	0	0	0	1.447417	0
0.502	0	0	0	0.898388	0.0115	-0.461816	40.354817	1632.007799	58.066352	1.127846	0.0115	-0.549289	0	0	0	0	1.45786	0
0.5025	0	0	0	0.899404	0.0115	-0.461839	42.548723	1625.861018	57.848716	1.126739	0.0115	-0.549315	0	0	0	0	1.467519	0
0.503	0	0	0	0.900419	0.0115	-0.461862	44.742775	1619.632373	57.618488	1.12563	0.0115	-0.54934	0	0	0	0	1.476398	0
0.5035	0	0	0	0.901435	0.0115	-0.461885	46.935524	1613.322392	57.376008	1.124521	0.0115	-0.549364	0	0	0	0	1.484507	0
0.504	0	0	0	0.90245	0.0115	-0.461908	49.12559	1606.931587	57.121641	1.12341	0.0115	-0.549386	0	0	0	0	1.491847	0
0.5045	0	0	0	0.903466	0.0115	-0.461932	51.311673	1600.46045	56.855774	1.122299	0.0115	-0.549407	0	0	0	0	1.498412	0
0.505	0	0	0	0.904481	0.0115	-0.461955	53.492565	1593.909446	56.578832	1.121187	0.0115	-0.549426	0	0	0	0	1.504192	0
0.5055	0	0	0	0.905497	0.0115	-0.461978	55.667169	1587.279023	56.291281	1.120074	0.0115	-0.549444	0	0	0	0	1.509185	0
0.506	0	0	0	0.906512	0.0115	-0.462001	57.834514	1580.56963	55.993632	1.118962	0.0115	-0.54946	0	0	0	0	1.513396	0
0.5065	0	0	0	0.907528	0.0115	-0.462024	59.993768	1573.78172	55.686435	1.117849	0.0115	-0.549474	0	0	0	0	1.516838	0
0.507	0	0	0	0.908543	0.0115	-0.462047	62.144238	1566.915757	55.370272	1.116735	0.0115	-0.549487	0	0	0	0	1.519526	0
0.5075	0	0	0	0.909559	0.0115	-0.46207	64.285359	1559.972225	55.045744	1.115621	0.0115	-0.549498	0	0	0	0	1.521461	0
0.508	0	0	0	0.910574	0.0115	-0.462093	66.41668	1552.951627	54.713455	1.114507	0.0115	-0.549507	0	0	0	0	1.522632	0
0.5085	0	0	0	0.91159	0.0115	-0.462116	68.537847	1545.854491	54.374003	1.113392	0.0115	-0.549515	0	0	0	0	1.523011	0
0.509	0	0	0	0.912605	0.0115	-0.462139	70.648581	1538.681382	54.027966	1.112277	0.0115	-0.549521	0	0	0	0	1.522562	0
0.5095	0	0	0	0.913621	0.0115	-0.462162	72.748662	1531.432901	53.675904	1.111161	0.0115	-0.549525	0	0	0	0	1.521256	0
0.51	0	0	0	0.914636	0.0115	-0.462185	74.837914	1524.10968	53.318365	1.110045	0.0115	-0.549527	0	0	0	0	1.519076	0
0.5105	0	0	0	0.915711	0.0115	-0.462233	76.916189	1516.712386	52.955893	1.108927	0.0115	-0.549527	0	0	0	0	1.516017	0
0.511	0	0	0	0.916786	0.0115	-0.46228	78.983346	1509.241739	52.589016	1.107809	0.0115	-0.549526	0	0	0	0	1.512082	0
0.5115	0	0	0	0.91786	0.0115	-0.462327	81.039233	1501.698512	52.218246	1.10669	0.0115	-0.549523	0	0	0	0	1.507274	0
0.512	0	0	0	0.918935	0.0115	-0.462375	83.083663	1494.083523	51.844067	1.105569	0.0115	-0.549517	0	0	0	0	1.501582	0
0.5125	0	0	0	0.92001	0.0115	-0.462422	85.116397	1486.397636	51.466931	1.104448	0.0115	-0.54951	0	0	0	0	1.494986	0
0.513	0	0	0	0.921085	0.0115	-0.46247	87.137126	1478.641758	51.08725	1.103324	0.0115	-0.549501	0	0	0	0	1.48746	0
0.5135	0	0	0	0.922159	0.0115	-0.462517	89.145463	1470.816833	50.705401	1.102199	0.0115	-0.54949	0	0	0	0	1.478982	0
0.514	0	0	0	0.923234	0.0115	-0.462564	91.140947	1462.923818	50.321732	1.101072	0.0115	-0.549478	0	0	0	0	1.469541	0
0.5145	0	0	0	0.924309	0.0115	-0.462612	93.123054	1454.963673	49.936558	1.099942	0.0115	-0.549463	0	0	0	0	1.459145	0
0.515	0	0	0	0.925383	0.0115	-0.462659	95.091208	1446.937353	49.55016	1.098809	0.0115	-0.549446	0	0	0	0	1.447822	0
0.5155	0	0	0	0.926458	0.0115	-0.462707	97.044804	1438.845798	49.162777	1.097674	0.0115	-0.549427	0	0	0	0	1.435622	0
0.516	0	0	0	0.927533	0.0115	-0.462754	98.983228	1430.689938	48.774601	1.096535	0.0115	-0.549407	0	0	0	0	1.422613	0
0.5165	0	0	0	0.928607	0.0115	-0.462802	100.90587	1422.470686	48.385776	1.095393	0.0115	-0.549384	0	0	0	0	1.40888	0
0.517	0	0	0	0.929682	0.0115	-0.462849	102.812139	1414.188945	47.996405	1.094247	0.0115	-0.549359	0	0	0	0	1.394525	0
0.5175	0	0	0	0.930757	0.0115	-0.462896	104.701465	1405.845611	47.606557	1.093098	0.0115	-0.549333	0	0	0	0	1.379672	0
0.518	0	0	0	0.931832	0.0115	-0.462944	106.573301	1397.441592	47.216285	1.091945	0.0115	-0.549304	0	0	0	0	1.364464	0
0.5185	0	0	0	0.932906	0.0115	-0.462991	108.427124	1388.977813	46.825636	1.090789	0.0115	-0.549273	0	0	0	0	1.349062	0
0.519	0	0	0	0.933981	0.0115	-0.463039	110.262436	1380.455214	46.434677	1.089629	0.0115	-0.54924	0	0	0	0	1.33364	0
0.5195	0	0	0	0.935056	0.0115	-0.463086	112.078746	1371.874731	46.043491	1.088466	0.0115	-0.549204	0	0	0	0	1.318388	0
0.52	0	0	0	0.93613	0.0115	-0.463133	113.87556	1363.237288	45.652174	1.0873	0.0115	-0.549167	0	0	0	0	1.303503	0
0.5205	0	0	0	0.93728	0.0115	-0.463202	115.652359	1354.543774	45.260808	1.086131	0.0115	-0.549127	0	0	0	0	1.289174	0
0.521	0	0	0	0.938429	0.0115	-0.463271	117.408581	1345.795024	44.869455	1.084959	0.0115	-0.549085	0	0	0	0	1.275558	0
0.5215	0	0	0	0.939578	0.0115	-0.46334	119.143606	1336.991816	44.47814	1.083784	0.0115	-0.549041	0	0	0	0	1.262765	0
0.522	0	0	0	0.940728	0.0115	-0.463409	120.856735	1328.134887	44.086853	1.082606	0.0115	-0.548994	0	0	0	0	1.250861	0
0.5225	0	0	0	0.941877	0.0115	-0.463477	122.547178	1319.224943	43.695565	1.081427	0.0115	-0.548946	0	0	0	0	1.239868	0
0.523	0	0	0	0.943026	0.0115	-0.463546	124.214068	1310.262669	43.304251	1.080245	0.0115	-0.548894	0	0	0	0	1.229771	0
0.5235	0	0	0	0.944176	0.0115	-0.463615	125.856461	1301.248733	42.912898	1.07906	0.0115	-0.548841	0	0	0	0	1.220523	0
0.524	0	0	0	0.945325	0.0115	-0.463684	127.47336	1292.183809	42.52151	1.077874	0.0115	-0.548785	0	0	0	0	1.212058	0
0.5245	0	0	0	0.946474	0.0115	-0.463752	129.063728	1283.068593	42.130107	1.076686	0.0115	-0.548727	0	0	0	0	1.204294	0
0.525	0	0	0	0.947624	0.0115	-0.463821	130.626504	1273.903807	41.738704	1.075495	0.0115	-0.548668	0	0	0	0	1.197129	0
0.5255	0	0	0	0.948773	0.0115	-0.46389	132.160621	1264.690212	41.347304	1.074304	0.0115	-0.548605	0	0	0	0	1.190447	0
0.526	0	0	0	0.949922	0.0115	-0.463959	133.665007	1255.428611	40.95588	1.07311	0.0115	-0.548541	0	0	0	0	1.184113	0
0.5265	0	0	0	0.951072	0.0115	-0.464027	135.1386	1246.119857	40.564373	1.071915	0.0115	-0.548475	0	0	0	0	1.177986	0
0.527	0	0	0	0.952221	0.0115	-0.464096	136.580356	1236.76485	40.172712	1.070719	0.0115	-0.548407	0	0	0	0	1.171919	0
0.5275	0	0	0	0.95337	0.0115	-0.464165	137.989251	1227.364547	39.780832	1.069522	0.0115	-0.548337	0	0	0	0	1.165767	0
0.528	0	0	0	0.95452	0.0115	-0.464234	139.364293	1217.919965	39.388704	1.068324	0.0115	-0.548264	0	0	0	0	1.159384	0
0.5285	0	0	0	0.955669	0.0115	-0.464303	140.704517	1208.432192	38.996344	1.067125	0.0115	-0.548189	0	0	0	0	1.15263	0
0.529	0	0	0	0.956818	0.0115	-0.464371	142.00898	1198.902377	38.603823	1.065926	0.0115	-0.548113	0	0	0	0	1.145372	0
0.5295	0	0	0	0.957968	0.0115	-0.46444	143.276762	1189.331734	38.211263	1.064727	0.0115	-0.548034	0	0	0	0	1.137484	0
0.53	0	0	0	0.959117	0.0115	-0.464509	144.506958	1179.721518	37.818816	1.063528	0.0115	-0.547953	0	0	0	0	1.128843	0
0.5305	0	0	0	0.960354	0.0115	-0.464593	145.698683	1170.073022	37.426647	1.062329	0.0115	-0.547869	0	0	0	0	1.11933	0
0.531	0	0	0	0.96159	0.0115	-0.464677	146.851071	1160.387573	37.034913	1.061131	0.0115	-0.547784	0	0	0	0	1.10883	0
0.5315	0	0	0	0.962827	0.0115	-0.464762	147.963298	1150.666526	36.643758	1.059933	0.0115	-0.547696	0	0	0	0	1.097231	0
0.532	0	0	0	0.964063	0.0115	-0.464846	149.034607	1140.911255	36.253325	1.058736	0.0115	-0.547606	0	0	0	0	1.084427	0
0.5325	0	0	0	0.9653	0.0115	-0.464931	150.06433	1131.123147	35.863762	1.057539	0.0115	-0.547513	0	0	0	0	1.070319	0
0.533	0	0	0	0.966537	0.0115	-0.465015	151.051904	1121.30362	35.475234	1.056343	0.0115	-0.547418	0	0	0	0	1.054829	0
0.5335	0	0	0	0.967773	0.0115	-0.465099	151.996875	1111.45414	35.087929	1.055148	0.0115	-0.547321	0	0	0	0	1.037909	0
0.534	0	0	0	0.96901	0.0115	-0.465184	152.898895	1101.576235	34.702054	1.053954	0.0115	-0.547222	0	0	0	0	1.01954	0
0.5345	0	0	0	0.970246	0.0115	-0.465268	153.757719	1091.671509	34.31782	1.052761	0.0115	-0.54712	0	0	0	0	0.999727	0
0.535	0	0	0	0.971483	0.0115	-0.465352	154.573198	1081.741649	33.93543	1.05157	0.0115	-0.547015	0	0	0	0	0.978497	0
0.5355	0	0	0	0.972719	0.0115	-0.465437	155.345277	1071.788432	33.555063	1.05038	0.0115	-0.546909	0	0	0	0	0.955897	0
0.536	0	0	0	0.973956	0.0115	-0.465521	156.073992	1061.813715	33.176869	1.049191	0.0115	-0.5468	0	0	0	0	0.931994	0
0.5365	0	0	0	0.975193	0.0115	-0.465605	156.759462	1051.819412	32.800972	1.048005	0.0115	-0.546689	0	0	0	0	0.906874	0
0.537	0	0	0	0.976429	0.0115	-0.46569	157.401871	1041.807473	32.427468	1.04682	0.0115	-0.546576	0	0	0	0	0.880636	0
0.5375	0	0	0	0.977666	0.0115	-0.465774	158.001452	1031.779859	32.056434	1.045638	0.0115	-0.546462	0	0	0	0	0.853385	0
0.538	0	0	0	0.978902	0.0115	-0.465858	158.558465	1021.73853	31.687936	1.044457	0.0115	-0.546345	0	0	0	0	0.825224	0
0.5385	0	0	0	0.980139	0.0115	-0.465943	159.073186	1011.685426	31.322041	1.04328	0.0115	-0.546227	0	0	0	0	0.796252	0
0.539	0	0	0	0.981376	0.0115	-0.466027	159.545892	1001.622458	30.958821	1.042104	0.0115	-0.546108	0	0	0	0	0.766565	0
0.5395	0	0	0	0.982612	0.0115	-0.466111	159.976864	991.551512	30.598364	1.040931	0.0115	-0.545987	0	0	0	0	0.736259	0
0.54	0	0	0	0.983849	0.0115	-0.466196	160.366383	981.474455	30.240766	1.03976	0.0115	-0.545866	0	0	0	0	0.705438	0
0.5405	0	0	0	0.98518	0.0115	-0.466287	160.714743	971.393169	29.886139	1.038592	0.0115	-0.545743	0	0	0	0	0.674208	0
0.541	0	0	0	0.986512	0.0115	-0.466379	161.022267	961.309567	29.534607	1.037425	0.0115	-0.54562	0	0	0	0	0.642667	0
0.5415	0	0	0	0.987843	0.0115	-0.466471	161.289317	951.225611	29.186308	1.036261	0.0115	-0.545497	0	0	0	0	0.610903	0
0.542	0	0	0	0.989175	0.0115	-0.466563	161.516296	941.143324	28.841392	1.035099	0.0115	-0.545372	0	0	0	0	0.579003	0
0.5425	0	0	0	0.990506	0.0115	-0.466654	161.703638	931.064794	28.500021	1.033939	0.0115	-0.545248	0	0	0	0	0.547052	0
0.543	0	0	0	0.991837	0.0115	-0.466746	161.851806	920.992156	28.162363	1.032781	0.0115	-0.545123	0	0	0	0	0.515129	0
0.5435	0	0	0	0.993169	0.0115	-0.466838	161.961286	910.92757	27.828589	1.031624	0.0115	-0.544997	0	0	0	0	0.483304	0
0.544	0	0	0	0.9945	0.0115	-0.46693	162.032575	900.8732	27.498877	1.03047	0.0115	-0.544871	0	0	0	0	0.451636	0
0.5445	0	0	0	0.995832	0.0115	-0.467022	162.066173	890.831196	27.173413	1.029317	0.0115	-0.544745	0	0	0	0	0.420174	0
0.545	0	0	0	0.997163	0.0115	-0.467113	162.062566	880.803667	26.852401	1.028167	0.0115	-0.544618	0	0	0	0	0.388955	0
0.5455	0	0	0	0.998495	0.0115	-0.467205	162.022212	870.792668	26.536061	1.027017	0.0115	-0.54449	0	0	0	0	0.357999	0
0.546	0	0	0	0.999826	0.0115	-0.467297	161.945534	860.800185	26.224618	1.02587	0.0115	-0.544361	0	0	0	0	0.327307	0
0.5465	0	0	0	1.001158	0.0115	-0.467389	161.832916	850.828118	25.918305	1.024724	0.0115	-0.544232	0	0	0	0	0.296868	0
0.547	0	0	0	1.002489	0.0115	-0.46748	161.684713	840.878282	25.617348	1.02358	0.0115	-0.544102	0	0	0	0	0.266664	0
0.5475	0	0	0	1.003821	0.0115	-0.467572	161.501253	830.952403	25.321961	1.022437	0.0115	-0.543971	0	0	0	0	0.236674	0
0.548	0	0	0	1.005152	0.0115	-0.467664	161.282831	821.052132	25.032322	1.021296	0.0115	-0.54384	0	0	0	0	0.20687	0
0.5485	0	0	0	1.006483	0.0115	-0.467756	161.029716	811.179058	24.748573	1.020155	0.0115	-0.543708	0	0	0	0	0.17722	0
0.549	0	0	0	1.007815	0.0115	-0.467847	160.742153	801.334723	24.470826	1.019015	0.0115	-0.543576	0	0	0	0	0.147685	0
0.5495	0	0	0	1.009146	0.0115	-0.467939	160.420362	791.52065	24.199179	1.017876	0.0115	-0.543443	0	0	0	0	0.118224	0
0.55	0	0	0	1.010478	0.0115	-0.468031	160.064548	781.738361	23.933724	1.016736	0.0115	-0.54331	0	0	0	0	0.088797	0
0.5505	0	0	0	1.011905	0.0115	-0.468121	159.674898	771.9894	23.67454	1.015597	0.0115	-0.543177	0	0	0	0	0.059364	0
0.551	0	0	0	1.013332	0.0115	-0.468211	159.251592	762.275337	23.421688	1.014457	0.0115	-0.543043	0	0	0	0	0.029891	0
0.5515	0	0	0	1.014758	0.0115	-0.468301	158.794796	752.597765	23.175199	1.013317	0.0115	-0.542909	0	0	0	0	0.000353	0
0.552	0	0	0	1.016185	0.0115	-0.468391	158.304668	742.958293	22.935072	1.012177	0.0115	-0.542776	0	0	0	0	-0.029265	0
0.5525	0	0	0	1.017612	0.0115	-0.46848	157.781364	733.358526	22.701261	1.011036	0.0115	-0.542642	0	0	0	0	-0.05897	0
0.553	0	0	0	1.019039	0.0115	-0.46857	157.225047	723.800043	22.47367	1.009895	0.0115	-0.542508	0	0	0	0	-0.088755	0
0.5535	0	0	0	1.020466	0.0115	-0.46866	156.635896	714.284395	22.252153	1.008755	0.0115	-0.542374	0	0	0	0	-0.118613	0
0.554	0	0	0	1.021893	0.0115	-0.46875	156.014105	704.813096	22.036521	1.007615	0.0115	-0.542241	0	0	0	0	-0.14854	0
0.5545	0	0	0	1.02332	0.0115	-0.46884	155.359874	695.387618	21.826564	1.006475	0.0115	-0.542107	0	0	0	0	-0.178537	0
0.555	0	0	0	1.024747	0.0115	-0.46893	154.673411	686.00938	21.622066	1.005337	0.0115	-0.541973	0	0	0	0	-0.208611	0
0.5555	0	0	0	1.026173	0.0115	-0.46902	153.954939	676.679738	21.422823	1.0042	0.0115	-0.541839	0	0	0	0	-0.238773	0
0.556	0	0	0	1.0276	0.0115	-0.46911	153.204701	667.399985	21.22865	1.003064	0.0115	-0.541705	0	0	0	0	-0.269041	0
0.5565	0	0	0	1.029027	0.0115	-0.469199	152.422983	658.171351	21.03938	1.001931	0.0115	-0.54157	0	0	0	0	-0.299437	0
0.557	0	0	0	1.030454	0.0115	-0.469289	151.610109	648.995007	20.854853	1.0008	0.0115	-0.541435	0	0	0	0	-0.329977	0
0.5575	0	0	0	1.031881	0.0115	-0.469379	150.766462	639.872058	20.674909	0.999672	0.0115	-0.5413	0	0	0	0	-0.360669	0
0.558	0	0	0	1.033308	0.0115	-0.469469	149.892485	630.803532	20.499369	0.998547	0.0115	-0.541164	0	0	0	0	-0.391506	0
0.5585	0	0	0	1.034735	0.0115	-0.469559	148.988689	621.790374	20.328026	0.997424	0.0115	-0.541027	0	0	0	0	-0.422473	0
0.559	0	0	0	1.036162	0.0115	-0.469649	148.055655	612.833459	20.16063	0.996304	0.0115	-0.540889	0	0	0	0	-0.453537	0
0.5595	0	0	0	1.037589	0.0115	-0.469739	147.094034	603.933591	19.996884	0.995188	0.0115	-0.540751	0	0	0	0	-0.484655	0
0.56	0	0	0	1.039015	0.0115	-0.469829	146.104545	595.091505	19.836443	0.994075	0.0115	-0.540611	0	0	0	0	-0.515769	0
0.5605	0	0	0	1.04053	0.0115	-0.469908	145.087972	586.307875	19.678923	0.992965	0.0115	-0.540471	0	0	0	0	-0.546805	0
0.561	0	0	0	1.042044	0.0115	-0.469987	144.045175	577.583334	19.523915	0.991859	0.0115	-0.540329	0	0	0	0	-0.577679	0
0.5615	0	0	0	1.043558	0.0115	-0.470066	142.977081	568.918482	19.370984	0.990757	0.0115	-0.540186	0	0	0	0	-0.608291	0
0.562	0	0	0	1.045073	0.0115	-0.470145	141.884679	560.313903	19.21968	0.989659	0.0115	-0.540043	0	0	0	0	-0.63853	0
0.5625	0	0	0	1.046587	0.0115	-0.470225	140.769003	551.770177	19.069539	0.988566	0.0115	-0.539898	0	0	0	0	-0.668278	0
0.563	0	0	0	1.048101	0.0115	-0.470304	139.63111	543.287879	18.920086	0.987477	0.0115	-0.539752	0	0	0	0	-0.697419	0
0.5635	0	0	0	1.049616	0.0115	-0.470383	138.472061	534.867566	18.770842	0.986393	0.0115	-0.539604	0	0	0	0	-0.725844	0
0.564	0	0	0	1.05113	0.0115	-0.470462	137.292904	526.509761	18.621328	0.985315	0.0115	-0.539455	0	0	0	0	-0.753462	0
0.5645	0	0	0	1.052644	0.0115	-0.470541	136.094662	518.214945	18.471066	0.984241	0.0115	-0.539305	0	0	0	0	-0.780207	0
0.565	0	0	0	1.054159	0.0115	-0.470621	134.878332	509.983552	18.319582	0.983171	0.0115	-0.539152	0	0	0	0	-0.80603	0
0.5655	0	0	0	1.055673	0.0115	-0.4707	133.644882	501.815967	18.166423	0.982105	0.0115	-0.538998	0	0	0	0	-0.830901	0
0.566	0	0	0	1.057187	0.0115	-0.470779	132.395254	493.712517	18.011155	0.981043	0.0115	-0.538841	0	0	0	0	-0.854801	0
0.5665	0	0	0	1.058702	0.0115	-0.470858	131.13037	485.673476	17.85338	0.979983	0.0115	-0.538682	0	0	0	0	-0.877727	0
0.567	0	0	0	1.060216	0.0115	-0.470937	129.851147	477.699076	17.692728	0.978926	0.0115	-0.53852	0	0	0	0	-0.899687	0
0.5675	0	0	0	1.06173	0.0115	-0.471016	128.558503	469.789527	17.528859	0.97787	0.0115	-0.538356	0	0	0	0	-0.920701	0
0.568	0	0	0	1.063245	0.0115	-0.471096	127.253376	461.94503	17.361446	0.976815	0.0115	-0.538187	0	0	0	0	-0.940789	0
0.5685	0	0	0	1.064759	0.0115	-0.471175	125.936736	454.165792	17.190169	0.97576	0.0115	-0.538015	0	0	0	0	-0.959977	0
0.569	0	0	0	1.066273	0.0115	-0.471254	124.609601	446.452026	17.014705	0.974706	0.0115	-0.537838	0	0	0	0	-0.978282	0
0.5695	0	0	0	1.067788	0.0115	-0.471333	123.273036	438.803954	16.834728	0.973652	0.0115	-0.537656	0	0	0	0	-0.995719	0
0.57	0	0	0	1.069302	0.0115	-0.471412	121.928147	431.221812	16.649909	0.972599	0.0115	-0.537468	0	0	0	0	-1.012302	0
0.5705	0	0	0	1.070886	0.0115	-0.471474	120.576064	423.705849	16.45993	0.971545	0.0115	-0.537274	0	0	0	0	-1.028045	0
0.571	0	0	0	1.07247	0.0115	-0.471536	119.21792	416.25632	16.264496	0.970492	0.0115	-0.537074	0	0	0	0	-1.042965	0
0.5715	0	0	0	1.074054	0.0115	-0.471598	117.854818	408.873466	16.063343	0.969439	0.0115	-0.536865	0	0	0	0	-1.057081	0
0.572	0	0	0	1.075638	0.0115	-0.47166	116.487798	401.55749	15.856247	0.968386	0.0115	-0.536649	0	0	0	0	-1.070416	0
0.5725	0	0	0	1.077222	0.0115	-0.471721	115.117812	394.308522	15.643023	0.967332	0.0115	-0.536424	0	0	0	0	-1.083002	0
0.573	0	0	0	1.078806	0.0115	-0.471783	113.745713	387.126596	15.423511	0.966277	0.0115	-0.53619	0	0	0	0	-1.094888	0
0.5735	0	0	0	1.080391	0.0115	-0.471845	112.372255	380.011636	15.197566	0.965222	0.0115	-0.535947	0	0	0	0	-1.106144	0
0.574	0	0	0	1.081975	0.0115	-0.471907	110.9981	372.963454	14.965045	0.964164	0.0115	-0.535694	0	0	0	0	-1.11687	0
0.5745	0	0	0	1.083559	0.0115	-0.471968	109.623836	365.981746	14.725805	0.963103	0.0115	-0.535432	0	0	0	0	-1.127185	0
0.575	0	0	0	1.085143	0.0115	-0.47203	108.249993	359.066097	14.479705	0.962038	0.0115	-0.535159	0	0	0	0	-1.137224	0
0.5755	0	0	0	1.086727	0.0115	-0.472092	106.877077	352.216014	14.226626	0.960969	0.0115	-0.534876	0	0	0	0	-1.147123	0
0.576	0	0	0	1.088311	0.0115	-0.472154	105.505598	345.430959	13.966477	0.959893	0.0115	-0.534583	0	0	0	0	-1.157016	0
0.5765	0	0	0	1.089895	0.0115	-0.472216	104.136083	338.710397	13.699216	0.958811	0.0115	-0.534279	0	0	0	0	-1.167014	0
0.577	0	0	0	1.091479	0.0115	-0.472277	102.769088	332.053832	13.424849	0.957722	0.0115	-0.533964	0	0	0	0	-1.177205	0
0.5775	0	0	0	1.093063	0.0115	-0.472339	101.405194	325.460817	13.143439	0.956625	0.0115	-0.533638	0	0	0	0	-1.187645	0
0.578	0	0	0	1.094647	0.0115	-0.472401	100.045007	318.930964	12.855103	0.955519	0.0115	-0.533301	0	0	0	0	-1.198365	0
0.5785	0	0	0	1.096231	0.0115	-0.472463	98.689157	312.463923	12.560009	0.954406	0.0115	-0.532952	0	0	0	0	-1.209374	0
0.579	0	0	0	1.097815	0.0115	-0.472524	97.338286	306.059374	12.258361	0.953285	0.0115	-0.532591	0	0	0	0	-1.22066	0
0.5795	0	0	0	1.0994	0.0115	-0.472586	95.993027	299.716999	11.950396	0.952157	0.0115	-0.532218	0	0	0	0	-1.232204	0
0.58	0	0	0	1.100984	0.0115	-0.472648	94.653988	293.436457	11.636373	0.951023	0.0115	-0.531832	0	0	0	0	-1.243975	0
0.5805	0	0	0	1.10261	0.0115	-0.472689	93.321716	287.217353	11.316575	0.949882	0.0115	-0.531433	0	0	0	0	-1.255951	0
0.581	0	0	0	1.104235	0.0115	-0.47273	91.99669	281.059223	10.991307	0.948736	0.0115	-0.531021	0	0	0	0	-1.268117	0
0.5815	0	0	0	1.105861	0.0115	-0.47277	90.679304	274.961524	10.660907	0.947585	0.0115	-0.530594	0	0	0	0	-1.280478	0
0.582	0	0	0	1.107487	0.0115	-0.472811	89.369871	268.923651	10.325756	0.946429	0.0115	-0.530153	0	0	0	0	-1.293049	0
0.5825	0	0	0	1.109113	0.0115	-0.472852	88.068631	262.944954	9.986284	0.945267	0.0115	-0.529698	0	0	0	0	-1.305854	0
0.583	0	0	0	1.110739	0.0115	-0.472893	86.775761	257.024772	9.642968	0.944101	0.0115	-0.529226	0	0	0	0	-1.318929	0
0.5835	0	0	0	1.112365	0.0115	-0.472933	85.491408	251.162447	9.296324	0.942929	0.0115	-0.528739	0	0	0	0	-1.332316	0
0.584	0	0	0	1.113991	0.0115	-0.472974	84.215712	245.357345	8.946902	0.941751	0.0115	-0.528236	0	0	0	0	-1.346059	0
0.5845	0	0	0	1.115617	0.0115	-0.473015	82.948828	239.608873	8.595278	0.940568	0.0115	-0.527716	0	0	0	0	-1.3602	0
0.585	0	0	0	1.117242	0.0115	-0.473056	81.690936	233.916487	8.242044	0.939377	0.0115	-0.527178	0	0	0	0	-1.374773	0
0.5855	0	0	0	1.118868	0.0115	-0.473097	80.442238	228.279705	7.887785	0.93818	0.0115	-0.526622	0	0	0	0	-1.389801	0
0.586	0	0	0	1.120494	0.0115	-0.473137	79.202957	222.698107	7.533075	0.936975	0.0115	-0.526047	0	0	0	0	-1.405297	0
0.5865	0	0	0	1.12212	0.0115	-0.473178	77.973335	217.171327	7.178461	0.935763	0.0115	-0.525454	0	0	0	0	-1.421253	0
0.587	0	0	0	1.123746	0.0115	-0.473219	76.753622	211.699057	6.824458	0.934543	0.0115	-0.524842	0	0	0	0	-1.437639	0
0.5875	0	0	0	1.125372	0.0115	-0.47326	75.544074	206.281034	6.471557	0.933315	0.0115	-0.52421	0	0	0	0	-1.454396	0
0.588	0	0	0	1.126998	0.0115	-0.473301	74.344945	200.917034	6.12021	0.931598	0.0115	-0.526509	0	0	0	0	-1.471438	0
0.5885	0	0	0	1.128624	0.0115	-0.473341	73.156481	195.606878	5.770835	0.929881	0.0115	-0.528807	0	0	0	0	-1.488664	0
0.589	0	0	0	1.13025	0.0115	-0.473382	71.978917	190.350433	5.423809	0.928165	0.0115	-0.531105	0	0	0	0	-1.505967	0
0.5895	0	0	0	1.131875	0.0115	-0.473423	70.812475	185.147618	5.079476	0.926448	0.0115	-0.533403	0	0	0	0	-1.523247	0
0.59	0	0	0	1.133501	0.0115	-0.473464	69.657362	179.9984	4.738152	0.924731	0.0115	-0.535701	0	0	0	0	-1.54042	0
0.5905	0	0	0	1.135131	0.0115	-0.473484	68.513771	174.902794	4.400147	0.923014	0.0115	-0.537999	0	0	0	0	-1.557418	0
0.591	0	0	0	1.136761	0.0115	-0.473503	67.381877	169.860877	4.065769	0.921297	0.0115	-0.540297	0	0	0	0	-1.57419	0
0.5915	0	0	0	1.138391	0.0115	-0.473523	66.261846	164.872784	3.73534	0.91958	0.0115	-0.542595	0	0	0	0	-1.590695	0
0.592	0	0	0	1.140021	0.0115	-0.473543	65.153835	159.938716	3.4092	0.917863	0.0115	-0.544893	0	0	0	0	-1.606904	0
0.5925	0	0	0	1.141651	0.0115	-0.473563	64.057998	155.058935	3.087714	0.916147	0.0115	-0.547191	0	0	0	0	-1.622793	0
0.593	0	0	0	1.143281	0.0115	-0.473583	62.974493	150.233777	2.771263	0.91443	0.0115	-0.549489	0	0	0	0	-1.638349	0
0.5935	0	0	0	1.144911	0.0115	-0.473603	61.903493	145.463653	2.46023	0.912713	0.0115	-0.551787	0	0	0	0	-1.653559	0
0.594	0	0	0	1.146541	0.0115	-0.473622	60.845189	140.749066	2.154973	0.910996	0.0115	-0.554086	0	0	0	0	-1.668411	0
0.5945	0	0	0	1.148171	0.0115	-0.473642	59.799793	136.090623	1.855816	0.909279	0.0115	-0.556384	0	0	0	0	-1.682893	0
0.595	0	0	0	1.1498	0.0115	-0.473662	58.767533	131.48903	1.563038	0.907562	0.0115	-0.558682	0	0	0	0	-1.696983	0
0.5955	0	0	0	1.15143	0.0115	-0.473682	57.748654	126.945085	1.276887	0.905845	0.0115	-0.56098	0	0	0	0	-1.710662	0
0.596	0	0	0	1.15306	0.0115	-0.473702	56.743411	122.459665	0.997582	0.904129	0.0115	-0.563278	0	0	0	0	-1.723906	0
0.5965	0	0	0	1.15469	0.0115	-0.473722	55.752069	118.033725	0.725333	0.902412	0.0115	-0.565576	0	0	0	0	-1.736695	0
0.597	0	0	0	1.15632	0.0115	-0.473741	54.774898	113.668303	0.460344	0.900695	0.0115	-0.567874	0	0	0	0	-1.749006	0
0.5975	0	0	0	1.15795	0.0115	-0.473761	53.812159	109.364532	0.202815	0.898978	0.0115	-0.570172	0	0	0	0	-1.760817	0
0.598	0	0	0	1.15958	0.0115	-0.473781	52.864097	105.123645	-0.047068	0.897261	0.0115	-0.57247	0	0	0	0	-1.772105	0
0.5985	0	0	0	1.16121	0.0115	-0.473801	51.930924	100.946984	-0.289145	0.896151	0.0115	-0.572491	0	0	0	0	-1.782842	0
0.599	0	0	0	1.16284	0.0115	-0.473821	51.012807	96.836011	-0.523282	0.89504	0.0115	-0.572511	0	0	0	0	-1.792997	0
0.5995	0	0	0	1.16447	0.0115	-0.473841	50.109849	92.792326	-0.749385	0.893929	0.0115	-0.572531	0	0	0	0	-1.802534	0
0.6	0	0	0	1.1661	0.0115	-0.47386	49.222077	88.817687	-0.967391	0.892819	0.0115	-0.572552	0	0	0	0	-1.811414	0
0.6005	0	0	0	1.167687	0.0115	-0.473863	48.34944	84.914016	-1.177273	0.89174	0.0115	-0.572559	0	0	0	0	-1.819594	0
0.601	0	0	0	1.169275	0.0115	-0.473865	47.491814	81.083391	-1.379016	0.89066	0.0115	-0.572567	0	0	0	0	-1.827036	0
0.6015	0	0	0	1.170863	0.0115	-0.473868	46.649019	77.328039	-1.572607	0.889581	0.0115	-0.572575	0	0	0	0	-1.833708	0
0.602	0	0	0	1.172451	0.0115	-0.47387	45.820843	73.6503	-1.758023	0.888502	0.0115	-0.572583	0	0	0	0	-1.839581	0
0.6025	0	0	0	1.174039	0.0115	-0.473873	45.007059	70.05253	-1.935237	0.887422	0.0115	-0.57259	0	0	0	0	-1.844627	0
0.603	0	0	0	1.175627	0.0115	-0.473875	44.207434	66.537011	-2.104229	0.886343	0.0115	-0.572598	0	0	0	0	-1.848814	0
0.6035	0	0	0	1.177214	0.0115	-0.473878	43.421739	63.105896	-2.265	0.885264	0.0115	-0.572606	0	0	0	0	-1.852115	0
0.604	0	0	0	1.178802	0.0115	-0.47388	42.649745	59.761135	-2.417576	0.884185	0.0115	-0.572614	0	0	0	0	-1.8545	0
0.6045	0	0	0	1.18039	0.0115	-0.473883	41.891229	56.504395	-2.562004	0.883105	0.0115	-0.572621	0	0	0	0	-1.855946	0
0.605	0	0	0	1.181978	0.0115	-0.473885	41.145972	53.337049	-2.698346	0.882026	0.0115	-0.572629	0	0	0	0	-1.856438	0
0.6055	0	0	0	1.183566	0.0115	-0.473888	40.413768	50.260191	-2.826668	0.880947	0.0115	-0.572637	0	0	0	0	-1.85597	0
0.606	0	0	0	1.185153	0.0115	-0.47389	39.694417	47.274652	-2.94703	0.879867	0.0115	-0.572645	0	0	0	0	-1.854549	0
0.6065	0	0	0	1.186741	0.0115	-0.473893	38.987713	44.381013	-3.059478	0.878788	0.0115	-0.572652	0	0	0	0	-1.852198	0
0.607	0	0	0	1.188329	0.0115	-0.473895	38.293426	41.579623	-3.164036	0.877709	0.0115	-0.57266	0	0	0	0	-1.848955	0
0.6075	0	0	0	1.189917	0.0115	-0.473898	37.611277	38.870612	-3.260713	0.876629	0.0115	-0.572668	0	0	0	0	-1.844865	0
0.608	0	0	0	1.191505	0.0115	-0.4739	36.94092	36.253903	-3.349512	0.87555	0.0115	-0.572675	0	0	0	0	-1.83999	0
0.6085	0	0	0	1.193093	0.0115	-0.473903	36.281936	33.729228	-3.430435	0.874471	0.0115	-0.572683	0	0	0	0	-1.834401	0
0.609	0	0	0	1.19468	0.0115	-0.473905	35.633835	31.29614	-3.503493	0.873392	0.0115	-0.572691	0	0	0	0	-1.82818	0
0.6095	0	0	0	1.196268	0.0115	-0.473908	34.996069	28.954025	-3.568704	0.872312	0.0115	-0.572699	0	0	0	0	-1.821409	0
0.61	0	0	0	1.197856	0.0115	-0.47391	34.368051	26.702115	-3.626083	0.871233	0.0115	-0.572706	0	0	0	0	-1.814165	0
0.6105	0	0	0	1.19935	0.0115	-0.473902	33.74918	24.539498	-3.675643	0.870187	0.0115	-0.572695	0	0	0	0	-1.806516	0
0.611	0	0	0	1.200843	0.0115	-0.473893	33.138861	22.465129	-3.717401	0.869141	0.0115	-0.572684	0	0	0	0	-1.798519	0
0.6115	0	0	0	1.202337	0.0115	-0.473885	32.536528	20.477844	-3.751393	0.868094	0.0115	-0.572673	0	0	0	0	-1.790224	0
0.612	0	0	0	1.20383	0.0115	-0.473876	31.941654	18.576368	-3.777675	0.867048	0.0115	-0.572662	0	0	0	0	-1.781672	0
0.6125	0	0	0	1.205324	0.0115	-0.473867	31.353755	16.759321	-3.79633	0.866002	0.0115	-0.57265	0	0	0	0	-1.772894	0
0.613	0	0	0	1.206818	0.0115	-0.473859	30.772393	15.025236	-3.807462	0.864956	0.0115	-0.572639	0	0	0	0	-1.763909	0
0.6135	0	0	0	1.208311	0.0115	-0.47385	30.197189	13.37256	-3.8112	0.863909	0.0115	-0.572628	0	0	0	0	-1.754721	0
0.614	0	0	0	1.209805	0.0115	-0.473842	29.627816	11.799666	-3.807692	0.862863	0.0115	-0.572617	0	0	0	0	-1.745314	0
0.6145	0	0	0	1.211298	0.0115	-0.473833	29.063994	10.304862	-3.797106	0.861817	0.0115	-0.572606	0	0	0	0	-1.735647	0
0.615	0	0	0	1.212792	0.0115	-0.473825	0	0	0	0.860771	0.0115	-0.572595	0	0	0	0	0	0
0.6155	0	0	0	1.214285	0.0115	-0.473816	0	0	0	0.859724	0.0115	-0.572583	0	0	0	0	0	0
0.616	0	0	0	1.215779	0.0115	-0.473808	0	0	0	0.858678	0.0115	-0.572572	0	0	0	0	0	0
0.6165	0	0	0	1.217273	0.0115	-0.473799	0	0	0	0.857632	0.0115	-0.572561	0	0	0	0	0	0
0.617	0	0	0	1.218766	0.0115	-0.47379	0	0	0	0.856586	0.0115	-0.57255	0	0	0	0	0	0
0.6175	0	0	0	1.22026	0.0115	-0.473782	0	0	0	0.855539	0.0115	-0.572539	0	0	0	0	0	0
0.618	0	0	0	1.221753	0.0115	-0.473773	0	0	0	0.854493	0.0115	-0.572528	0	0	0	0	0	0
0.6185	0	0	0	1.223247	0.0115	-0.473765	0	0	0	0.853447	0.0115	-0.572516	0	0	0	0	0	0
0.619	0	0	0	1.224741	0.0115	-0.473756	0	0	0	0.852401	0.0115	-0.572505	0	0	0	0	0	0
0.6195	0	0	0	1.226234	0.0115	-0.473748	0	0	0	0.851354	0.0115	-0.572494	0	0	0	0	0	0
0.62	0	0	0	1.227728	0.0115	-0.473739	0	0	0	0.850308	0.0115	-0.572483	0	0	0	0	0	0
0.6205	0	0	0	1.229072	0.0115	-0.473727	0	0	0	0.8493	0.0115	-0.572446	0	0	0	0	0	0
0.621	0	0	0	1.230416	0.0115	-0.473714	0	0	0	0.848292	0.0115	-0.57241	0	0	0	0	0	0
0.6215	0	0	0	1.231761	0.0115	-0.473702	0	0	0	0.847284	0.0115	-0.572373	0	0	0	0	0	0
0.622	0	0	0	1.233105	0.0115	-0.47369	0	0	0	0.846276	0.0115	-0.572336	0	0	0	0	0	0
0.6225	0	0	0	1.23445	0.0115	-0.473677	0	0	0	0.845268	0.0115	-0.5723	0	0	0	0	0	0
0.623	0	0	0	1.235794	0.0115	-0.473665	0	0	0	0.84426	0.0115	-0.572263	0	0	0	0	0	0
0.6235	0	0	0	1.237138	0.0115	-0.473653	0	0	0	0.843251	0.0115	-0.572226	0	0	0	0	0	0
0.624	0	0	0	1.238483	0.0115	-0.47364	0	0	0	0.842243	0.0115	-0.57219	0	0	0	0	0	0
0.6245	0	0	0	1.239827	0.0115	-0.473628	0	0	0	0.841235	0.0115	-0.572153	0	0	0	0	0	0
0.625	0	0	0	1.241171	0.0115	-0.473616	0	0	0	0.840227	0.0115	-0.572117	0	0	0	0	0	0
0.6255	0	0	0	1.242516	0.0115	-0.473603	0	0	0	0.839219	0.0115	-0.57208	0	0	0	0	0	0
0.626	0	0	0	1.24386	0.0115	-0.473591	0	0	0	0.838211	0.0115	-0.572043	0	0	0	0	0	0
0.6265	0	0	0	1.245204	0.0115	-0.473578	0	0	0	0.837203	0.0115	-0.572007	0	0	0	0	0	0
0.627	0	0	0	1.246549	0.0115	-0.473566	0	0	0	0.836195	0.0115	-0.57197	0	0	0	0	0	0
0.6275	0	0	0	1.247893	0.0115	-0.473554	0	0	0	0.835187	0.0115	-0.571933	0	0	0	0	0	0
0.628	0	0	0	1.249237	0.0115	-0.473541	0	0	0	0.834179	0.0115	-0.571897	0	0	0	0	0	0
0.6285	0	0	0	1.250582	0.0115	-0.473529	0	0	0	0.833171	0.0115	-0.57186	0	0	0	0	0	0
0.629	0	0	0	1.251926	0.0115	-0.473517	0	0	0	0.832163	0.0115	-0.571824	0	0	0	0	0	0
0.6295	0	0	0	1.25327	0.0115	-0.473504	0	0	0	0.831154	0.0115	-0.571787	0	0	0	0	0	0
0.63	0	0	0	1.254615	0.0115	-0.473492	0	0	0	0.830146	0.0115	-0.57175	0	0	0	0	0	0
0.6305	0	0	0	1.255756	0.0115	-0.473482	0	0	0	0.829186	0.0115	-0.571683	0	0	0	0	0	0
0.631	0	0	0	1.256897	0.0115	-0.473472	0	0	0	0.828226	0.0115	-0.571616	0	0	0	0	0	0
0.6315	0	0	0	1.258038	0.0115	-0.473463	0	0	0	0.827265	0.0115	-0.571548	0	0	0	0	0	0
0.632	0	0	0	1.25918	0.0115	-0.473453	0	0	0	0.826305	0.0115	-0.571481	0	0	0	0	0	0
0.6325	0	0	0	1.260321	0.0115	-0.473443	0	0	0	0.825345	0.0115	-0.571414	0	0	0	0	0	0
0.633	0	0	0	1.261462	0.0115	-0.473433	0	0	0	0.824385	0.0115	-0.571346	0	0	0	0	0	0
0.6335	0	0	0	1.262603	0.0115	-0.473424	0	0	0	0.823424	0.0115	-0.571279	0	0	0	0	0	0
0.634	0	0	0	1.263744	0.0115	-0.473414	0	0	0	0.822464	0.0115	-0.571212	0	0	0	0	0	0
0.6345	0	0	0	1.264885	0.0115	-0.473404	0	0	0	0.821504	0.0115	-0.571145	0	0	0	0	0	0
0.635	0	0	0	1.266027	0.0115	-0.473394	0	0	0	0.820543	0.0115	-0.571077	0	0	0	0	0	0
0.6355	0	0	0	1.267168	0.0115	-0.473385	0	0	0	0.819583	0.0115	-0.57101	0	0	0	0	0	0
0.636	0	0	0	1.268309	0.0115	-0.473375	0	0	0	0.818623	0.0115	-0.570943	0	0	0	0	0	0
0.6365	0	0	0	1.26945	0.0115	-0.473365	0	0	0	0.817662	0.0115	-0.570875	0	0	0	0	0	0
0.637	0	0	0	1.270591	0.0115	-0.473355	0	0	0	0.816702	0.0115	-0.570808	0	0	0	0	0	0
0.6375	0	0	0	1.271733	0.0115	-0.473346	0	0	0	0.815742	0.0115	-0.570741	0	0	0	0	0	0
0.638	0	0	0	1.272874	0.0115	-0.473336	0	0	0	0.814782	0.0115	-0.570673	0	0	0	0	0	0
0.6385	0	0	0	1.274015	0.0115	-0.473326	0	0	0	0.813821	0.0115	-0.570606	0	0	0	0	0	0
0.639	0	0	0	1.275156	0.0115	-0.473316	0	0	0	0.812861	0.0115	-0.570539	0	0	0	0	0	0
0.6395	0	0	0	1.276297	0.0115	-0.473307	0	0	0	0.811901	0.0115	-0.570471	0	0	0	0	0	0
0.64	0	0	0	1.277439	0.0115	-0.473297	0	0	0	0.81094	0.0115	-0.570404	0	0	0	0	0	0
0.6405	0	0	0	1.278329	0.0115	-0.473295	0	0	0	0.810042	0.0115	-0.570305	0	0	0	0	0	0
0.641	0	0	0	1.279219	0.0115	-0.473292	0	0	0	0.809144	0.0115	-0.570205	0	0	0	0	0	0
0.6415	0	0	0	1.280109	0.0115	-0.47329	0	0	0	0.808246	0.0115	-0.570106	0	0	0	0	0	0
0.642	0	0	0	1.280999	0.0115	-0.473288	0	0	0	0.807348	0.0115	-0.570006	0	0	0	0	0	0
0.6425	0	0	0	1.281889	0.0115	-0.473286	0	0	0	0.80645	0.0115	-0.569906	0	0	0	0	0	0
0.643	0	0	0	1.282779	0.0115	-0.473283	0	0	0	0.805552	0.0115	-0.569807	0	0	0	0	0	0
0.6435	0	0	0	1.283669	0.0115	-0.473281	0	0	0	0.804653	0.0115	-0.569707	0	0	0	0	0	0
0.644	0	0	0	1.284559	0.0115	-0.473279	0	0	0	0.803755	0.0115	-0.569608	0	0	0	0	0	0
0.6445	0	0	0	1.285449	0.0115	-0.473277	0	0	0	0.802857	0.0115	-0.569508	0	0	0	0	0	0
0.645	0	0	0	1.286339	0.0115	-0.473274	0	0	0	0.801959	0.0115	-0.569409	0	0	0	0	0	0
0.6455	0	0	0	1.287229	0.0115	-0.473272	0	0	0	0.801061	0.0115	-0.569309	0	0	0	0	0	0
0.646	0	0	0	1.288119	0.0115	-0.47327	0	0	0	0.800163	0.0115	-0.56921	0	0	0	0	0	0
0.6465	0	0	0	1.289009	0.0115	-0.473268	0	0	0	0.799265	0.0115	-0.56911	0	0	0	0	0	0
0.647	0	0	0	1.289899	0.0115	-0.473266	0	0	0	0.798366	0.0115	-0.56901	0	0	0	0	0	0
0.6475	0	0	0	1.290789	0.0115	-0.473263	0	0	0	0.797468	0.0115	-0.568911	0	0	0	0	0	0
0.648	0	0	0	1.291679	0.0115	-0.473261	0	0	0	0.79657	0.0115	-0.568811	0	0	0	0	0	0
0.6485	0	0	0	1.292569	0.0115	-0.473259	0	0	0	0.795672	0.0115	-0.568712	0	0	0	0	0	0
0.649	0	0	0	1.293459	0.0115	-0.473257	0	0	0	0.794774	0.0115	-0.568612	0	0	0	0	0	0
0.6495	0	0	0	1.294349	0.0115	-0.473254	0	0	0	0.793876	0.0115	-0.568513	0	0	0	0	0	0
0.65	0	0	0	1.295239	0.0115	-0.473252	0	0	0	0.792978	0.0115	-0.568413	0	0	0	0	0	0
0.6505	0	0	0	1.29584	0.0115	-0.473261	0	0	0	0.79216	0.0115	-0.568285	0	0	0	0	0	0
0.651	0	0	0	1.296442	0.0115	-0.473271	0	0	0	0.791341	0.0115	-0.568157	0	0	0	0	0	0
0.6515	0	0	0	1.297043	0.0115	-0.47328	0	0	0	0.790523	0.0115	-0.568029	0	0	0	0	0	0
0.652	0	0	0	1.297645	0.0115	-0.473289	0	0	0	0.789705	0.0115	-0.567901	0	0	0	0	0	0
0.6525	0	0	0	1.298247	0.0115	-0.473298	0	0	0	0.788887	0.0115	-0.567774	0	0	0	0	0	0
0.653	0	0	0	1.298848	0.0115	-0.473307	0	0	0	0.788069	0.0115	-0.567646	0	0	0	0	0	0
0.6535	0	0	0	1.29945	0.0115	-0.473316	0	0	0	0.787251	0.0115	-0.567518	0	0	0	0	0	0
0.654	0	0	0	1.300052	0.0115	-0.473326	0	0	0	0.786433	0.0115	-0.56739	0	0	0	0	0	0
0.6545	0	0	0	1.300653	0.0115	-0.473335	0	0	0	0.785615	0.0115	-0.567262	0	0	0	0	0	0
0.655	0	0	0	1.301255	0.0115	-0.473344	0	0	0	0.784797	0.0115	-0.567134	0	0	0	0	0	0
0.6555	0	0	0	1.301857	0.0115	-0.473353	0	0	0	0.783979	0.0115	-0.567006	0	0	0	0	0	0
0.656	0	0	0	1.302458	0.0115	-0.473362	0	0	0	0.783161	0.0115	-0.566878	0	0	0	0	0	0
0.6565	0	0	0	1.30306	0.0115	-0.473372	0	0	0	0.782343	0.0115	-0.56675	0	0	0	0	0	0
0.657	0	0	0	1.303662	0.0115	-0.473381	0	0	0	0.781525	0.0115	-0.566622	0	0	0	0	0	0
0.6575	0	0	0	1.304263	0.0115	-0.47339	0	0	0	0.780707	0.0115	-0.566494	0	0	0	0	0	0
0.658	0	0	0	1.304865	0.0115	-0.473399	0	0	0	0.779889	0.0115	-0.566367	0	0	0	0	0	0
0.6585	0	0	0	1.305467	0.0115	-0.473408	0	0	0	0.779071	0.0115	-0.566239	0	0	0	0	0	0
0.659	0	0	0	1.306068	0.0115	-0.473418	0	0	0	0.778253	0.0115	-0.566111	0	0	0	0	0	0
0.6595	0	0	0	1.30667	0.0115	-0.473427	0	0	0	0.777435	0.0115	-0.565983	0	0	0	0	0	0
0.66	0	0	0	1.307271	0.0115	-0.473436	0	0	0	0.776617	0.0115	-0.565855	0	0	0	0	0	0
0.6605	0	0	0	1.307563	0.0115	-0.47346	0	0	0	0.775898	0.0115	-0.565708	0	0	0	0	0	0
0.661	0	0	0	1.307854	0.0115	-0.473484	0	0	0	0.775179	0.0115	-0.565562	0	0	0	0	0	0
0.6615	0	0	0	1.308146	0.0115	-0.473508	0	0	0	0.77446	0.0115	-0.565415	0	0	0	0	0	0
0.662	0	0	0	1.308437	0.0115	-0.473531	0	0	0	0.773741	0.0115	-0.565268	0	0	0	0	0	0
0.6625	0	0	0	1.308728	0.0115	-0.473555	0	0	0	0.773022	0.0115	-0.565122	0	0	0	0	0	0
0.663	0	0	0	1.30902	0.0115	-0.473579	0	0	0	0.772303	0.0115	-0.564975	0	0	0	0	0	0
0.6635	0	0	0	1.309311	0.0115	-0.473603	0	0	0	0.771584	0.0115	-0.564828	0	0	0	0	0	0
0.664	0	0	0	1.309602	0.0115	-0.473627	0	0	0	0.770865	0.0115	-0.564682	0	0	0	0	0	0
0.6645	0	0	0	1.309894	0.0115	-0.473651	0	0	0	0.770146	0.0115	-0.564535	0	0	0	0	0	0
0.665	0	0	0	1.310185	0.0115	-0.473675	0	0	0	0.769427	0.0115	-0.564388	0	0	0	0	0	0
0.6655	0	0	0	1.310476	0.0115	-0.473699	0	0	0	0.768709	0.0115	-0.564242	0	0	0	0	0	0
0.666	0	0	0	1.310768	0.0115	-0.473723	0	0	0	0.76799	0.0115	-0.564095	0	0	0	0	0	0
0.6665	0	0	0	1.311059	0.0115	-0.473747	0	0	0	0.767271	0.0115	-0.563949	0	0	0	0	0	0
0.667	0	0	0	1.31135	0.0115	-0.47377	0	0	0	0.766552	0.0115	-0.563802	0	0	0	0	0	0
0.6675	0	0	0	1.311642	0.0115	-0.473794	0	0	0	0.765833	0.0115	-0.563655	0	0	0	0	0	0
0.668	0	0	0	1.311933	0.0115	-0.473818	0	0	0	0.765114	0.0115	-0.563509	0	0	0	0	0	0
0.6685	0	0	0	1.312224	0.0115	-0.473842	0	0	0	0.764395	0.0115	-0.563362	0	0	0	0	0	0
0.669	0	0	0	1.312516	0.0115	-0.473866	0	0	0	0.763676	0.0115	-0.563215	0	0	0	0	0	0
0.6695	0	0	0	1.312807	0.0115	-0.47389	0	0	0	0.762957	0.0115	-0.563069	0	0	0	0	0	0
0.67	0	0	0	1.313098	0.0115	-0.473914	0	0	0	0.762238	0.0115	-0.562922	0	0	0	0	0	0
0.6705	0	0	0	1.313075	0.0115	-0.473955	0	0	0	0.761636	0.0115	-0.562771	0	0	0	0	0	0
0.671	0	0	0	1.313052	0.0115	-0.473996	0	0	0	0.761034	0.0115	-0.562619	0	0	0	0	0	0
0.6715	0	0	0	1.313028	0.0115	-0.474037	0	0	0	0.760432	0.0115	-0.562468	0	0	0	0	0	0
0.672	0	0	0	1.313005	0.0115	-0.474078	0	0	0	0.75983	0.0115	-0.562316	0	0	0	0	0	0
0.6725	0	0	0	1.312982	0.0115	-0.474119	0	0	0	0.759228	0.0115	-0.562165	0	0	0	0	0	0
0.673	0	0	0	1.312958	0.0115	-0.474159	0	0	0	0.758626	0.0115	-0.562014	0	0	0	0	0	0
0.6735	0	0	0	1.312935	0.0115	-0.4742	0	0	0	0.758023	0.0115	-0.561862	0	0	0	0	0	0
0.674	0	0	0	1.312912	0.0115	-0.474241	0	0	0	0.757421	0.0115	-0.561711	0	0	0	0	0	0
0.6745	0	0	0	1.312888	0.0115	-0.474282	0	0	0	0.756819	0.0115	-0.561559	0	0	0	0	0	0
0.675	0	0	0	1.312865	0.0115	-0.474323	0	0	0	0.756217	0.0115	-0.561408	0	0	0	0	0	0
0.6755	0	0	0	1.312842	0.0115	-0.474364	0	0	0	0.755615	0.0115	-0.561257	0	0	0	0	0	0
0.676	0	0	0	1.312818	0.0115	-0.474405	0	0	0	0.755013	0.0115	-0.561105	0	0	0	0	0	0
0.6765	0	0	0	1.312795	0.0115	-0.474446	0	0	0	0.754411	0.0115	-0.560954	0	0	0	0	0	0
0.677	0	0	0	1.312772	0.0115	-0.474487	0	0	0	0.753809	0.0115	-0.560802	0	0	0	0	0	0
0.6775	0	0	0	1.312748	0.0115	-0.474528	0	0	0	0.753206	0.0115	-0.560651	0	0	0	0	0	0
0.678	0	0	0	1.312725	0.0115	-0.474569	0	0	0	0.752604	0.0115	-0.5605	0	0	0	0	0	0
0.6785	0	0	0	1.312702	0.0115	-0.47461	0	0	0	0.752002	0.0115	-0.560348	0	0	0	0	0	0
0.679	0	0	0	1.312678	0.0115	-0.474651	0	0	0	0.7514	0.0115	-0.560197	0	0	0	0	0	0
0.6795	0	0	0	1.312655	0.0115	-0.474692	0	0	0	0.750798	0.0115	-0.560045	0	0	0	0	0	0
0.68	0	0	0	1.312632	0.0115	-0.474733	0	0	0	0.750196	0.0115	-0.559894	0	0	0	0	0	0
0.6805	0	0	0	1.312307	0.0115	-0.474791	0	0	0	0.749725	0.0115	-0.559754	0	0	0	0	0	0
0.681	0	0	0	1.311982	0.0115	-0.474849	0	0	0	0.749255	0.0115	-0.559614	0	0	0	0	0	0
0.6815	0	0	0	1.311657	0.0115	-0.474908	0	0	0	0.748785	0.0115	-0.559474	0	0	0	0	0	0
0.682	0	0	0	1.311332	0.0115	-0.474966	0	0	0	0.748314	0.0115	-0.559334	0	0	0	0	0	0
0.6825	0	0	0	1.311007	0.0115	-0.475024	0	0	0	0.747844	0.0115	-0.559194	0	0	0	0	0	0
0.683	0	0	0	1.310683	0.0115	-0.475083	0	0	0	0.747374	0.0115	-0.559054	0	0	0	0	0	0
0.6835	0	0	0	1.310358	0.0115	-0.475141	0	0	0	0.746903	0.0115	-0.558914	0	0	0	0	0	0
0.684	0	0	0	1.310033	0.0115	-0.4752	0	0	0	0.746433	0.0115	-0.558774	0	0	0	0	0	0
0.6845	0	0	0	1.309708	0.0115	-0.475258	0	0	0	0.745962	0.0115	-0.558634	0	0	0	0	0	0
0.685	0	0	0	1.309383	0.0115	-0.475316	0	0	0	0.745492	0.0115	-0.558494	0	0	0	0	0	0
0.6855	0	0	0	1.309058	0.0115	-0.475375	0	0	0	0.745022	0.0115	-0.558354	0	0	0	0	0	0
0.686	0	0	0	1.308733	0.0115	-0.475433	0	0	0	0.744551	0.0115	-0.558214	0	0	0	0	0	0
0.6865	0	0	0	1.308409	0.0115	-0.475492	0	0	0	0.744081	0.0115	-0.558074	0	0	0	0	0	0
0.687	0	0	0	1.308084	0.0115	-0.47555	0	0	0	0.743611	0.0115	-0.557934	0	0	0	0	0	0
0.6875	0	0	0	1.307759	0.0115	-0.475608	0	0	0	0.74314	0.0115	-0.557794	0	0	0	0	0	0
0.688	0	0	0	1.307434	0.0115	-0.475667	0	0	0	0.74267	0.0115	-0.557654	0	0	0	0	0	0
0.6885	0	0	0	1.307109	0.0115	-0.475725	0	0	0	0.742199	0.0115	-0.557514	0	0	0	0	0	0
0.689	0	0	0	1.306784	0.0115	-0.475784	0	0	0	0.741729	0.0115	-0.557374	0	0	0	0	0	0
0.6895	0	0	0	1.306459	0.0115	-0.475842	0	0	0	0.741259	0.0115	-0.557234	0	0	0	0	0	0
0.69	0	0	0	1.306135	0.0115	-0.4759	0	0	0	0.740788	0.0115	-0.557094	0	0	0	0	0	0
0.6905	0	0	0	1.305537	0.0115	-0.475974	0	0	0	0.740462	0.0115	-0.556981	0	0	0	0	0	0
0.691	0	0	0	1.30494	0.0115	-0.476048	0	0	0	0.740136	0.0115	-0.556868	0	0	0	0	0	0
0.6915	0	0	0	1.304342	0.0115	-0.476122	0	0	0	0.73981	0.0115	-0.556755	0	0	0	0	0	0
0.692	0	0	0	1.303745	0.0115	-0.476195	0	0	0	0.739484	0.0115	-0.556642	0	0	0	0	0	0
0.6925	0	0	0	1.303148	0.0115	-0.476269	0	0	0	0.739158	0.0115	-0.556529	0	0	0	0	0	0
0.693	0	0	0	1.30255	0.0115	-0.476343	0	0	0	0.738831	0.0115	-0.556416	0	0	0	0	0	0
0.6935	0	0	0	1.301953	0.0115	-0.476416	0	0	0	0.738505	0.0115	-0.556303	0	0	0	0	0	0
0.694	0	0	0	1.301355	0.0115	-0.47649	0	0	0	0.738179	0.0115	-0.55619	0	0	0	0	0	0
0.6945	0	0	0	1.300758	0.0115	-0.476564	0	0	0	0.737853	0.0115	-0.556078	0	0	0	0	0	0
0.695	0	0	0	1.30016	0.0115	-0.476638	0	0	0	0.737527	0.0115	-0.555965	0	0	0	0	0	0
0.6955	0	0	0	1.299563	0.0115	-0.476711	0	0	0	0.737201	0.0115	-0.555852	0	0	0	0	0	0
0.696	0	0	0	1.298966	0.0115	-0.476785	0	0	0	0.736874	0.0115	-0.555739	0	0	0	0	0	0
0.6965	0	0	0	1.298368	0.0115	-0.476859	0	0	0	0.736548	0.0115	-0.555626	0	0	0	0	0	0
0.697	0	0	0	1.297771	0.0115	-0.476932	0	0	0	0.736222	0.0115	-0.555513	0	0	0	0	0	0
0.6975	0	0	0	1.297173	0.0115	-0.477006	0	0	0	0.735896	0.0115	-0.5554	0	0	0	0	0	0
0.698	0	0	0	1.296576	0.0115	-0.47708	0	0	0	0.73557	0.0115	-0.555287	0	0	0	0	0	0
0.6985	0	0	0	1.295979	0.0115	-0.477154	0	0	0	0.735244	0.0115	-0.555174	0	0	0	0	0	0
0.699	-2.416484	11.331181	-1.869185	1.295381	0.0115	-0.477227	0	0	0	0.734918	0.0115	-0.555061	0	2.305221	0	0	0	0
0.6995	-2.484665	15.013627	-2.25123	1.294784	0.0115	-0.477301	0	0	0	0.734591	0.0115	-0.554948	0	2.379002	0	0	0	0
0.7	-2.546954	18.916158	-2.654312	1.294186	0.0115	-0.477375	0	0	0	0.734265	0.0115	-0.554835	0	2.450617	0	0	0	0
0.7005	-2.602656	23.044955	-3.07854	1.293357	0.0115	-0.477459	0	0	0	0.734094	0.0115	-0.554762	0	2.52037	0	0	0	0
0.701	-2.65104	27.406103	-3.524009	1.292529	0.0115	-0.477544	0	0	0	0.733923	0.0115	-0.554689	0	2.588489	0	0	0	0
0.7015	-2.691356	32.005575	-3.990808	1.2917	0.0115	-0.477629	0	0	0	0.733752	0.0115	-0.554616	0	2.655134	0	0	0	0
0.702	-2.722858	36.849208	-4.479017	1.290871	0.0115	-0.477713	0	0	0	0.733581	0.0115	-0.554543	0	2.72041	0	0	0	0
0.7025	-2.744835	41.942679	-4.988708	1.290042	0.0115	-0.477798	0	0	0	0.73341	0.0115	-0.55447	0	2.784377	0	0	0	0
0.703	-2.756642	47.291484	-5.519938	1.289214	0.0115	-0.477883	0	0	0	0.733239	0.0115	-0.554396	0	2.847056	0	0	0	0
0.7035	-2.757733	52.900909	-6.072745	1.288385	0.0115	-0.477967	0	0	0	0.733067	0.0115	-0.554323	0	2.90843	0	0	0	0
0.704	-2.747676	58.77601	-6.64715	1.289564	0.0115	-0.47616	0	0	0	0.732896	0.0115	-0.55425	0	2.96845	0	0	0	0
0.7045	-2.726186	64.921577	-7.24314	1.290743	0.0115	-0.474352	0	0	0	0.732725	0.0115	-0.554177	0	3.027036	0	0	0	0
0.705	-2.693133	71.342112	-7.860656	1.291922	0.0115	-0.472545	0	0	0	0.732554	0.0115	-0.554104	0	3.084093	0	0	0	0
0.7055	-2.648554	78.041795	-8.499577	1.293102	0.0115	-0.470737	0	0	0	0.732383	0.0115	-0.554031	0	3.139515	0	0	0	0
0.706	-2.592662	85.024454	-9.159717	1.294281	0.0115	-0.46893	0	0	0	0.732212	0.0115	-0.553958	0	3.193189	0	0	0	0
0.7065	-2.525836	92.29353	-9.840819	1.29546	0.0115	-0.467122	0	0	0	0.732041	0.0115	-0.553885	0	3.245	0	0	0	0
0.707	-2.448628	99.852044	-10.542561	1.296639	0.0115	-0.465315	0	0	0	0.73187	0.0115	-0.553811	0	3.294836	0	0	0	0
0.7075	-2.361753	107.702561	-11.264557	1.297819	0.0115	-0.463507	0	0	0	0.731698	0.0115	-0.553738	0	3.342591	0	0	0	0
0.708	-2.266099	115.847153	-12.006355	1.298998	0.0115	-0.461699	0	0	0	0.731527	0.0115	-0.553665	0	3.38817	0	0	0	0
0.7085	-2.162717	124.28736	-12.767437	1.300177	0.0115	-0.459892	0	0	0	0.731356	0.0115	-0.553592	0	3.431485	0	0	0	0
0.709	-2.052817	133.024147	-13.547215	1.301356	0.0115	-0.458084	0	0	0	0.731185	0.0115	-0.553519	0	3.472456	0	0	0	0
0.7095	-1.937751	142.057869	-14.345031	1.302535	0.0115	-0.456277	0	0	0	0.731014	0.0115	-0.553446	0	3.511003	0	0	0	0
0.71	-1.818996	151.38822	-15.160151	1.303715	0.0115	-0.454469	0	0	0	0.730843	0.0115	-0.553373	0	3.547043	0	0	0	0
0.7105	-1.698148	161.014195	-15.991767	1.304894	0.0115	-0.452662	0	0	0	0.730836	0.0115	-0.553348	0	3.580501	0	0	0	0
0.711	-1.57691	170.934039	-16.838993	1.306073	0.0115	-0.450854	0	0	0	0.73083	0.0115	-0.553322	0	3.611316	0	0	0	0
0.7115	-1.457092	181.145204	-17.700858	1.307252	0.0115	-0.449047	0	0	0	0.730824	0.0115	-0.553297	0	3.639452	0	0	0	0
0.712	-1.34061	191.644329	-18.576307	1.308432	0.0115	-0.447239	0	0	0	0.730817	0.0115	-0.553272	0	3.664898	0	0	0	0
0.7125	-1.229493	202.427339	-19.46418	1.309611	0.0115	-0.445431	0	0	0	0.730811	0.0115	-0.553247	0	3.687674	0	0	0	0
0.713	-1.125892	213.4896	-20.363213	1.31079	0.0115	-0.443624	0	0	0	0.730804	0.0115	-0.553221	0	3.707833	0	0	0	0
0.7135	-1.032086	224.826034	-21.272012	1.311376	0.0115	-0.444465	0	0	0	0.730798	0.0115	-0.553196	0	3.725466	0	0	0	0
0.714	-0.95049	236.43113	-22.189049	1.311892	0.0115	-0.445262	0	0	0	0.730791	0.0115	-0.553171	0	3.740712	0	0	0	0
0.7145	-0.883659	248.298921	-23.11266	1.312343	0.0115	-0.446021	0	0	0	0.730785	0.0115	-0.553146	0	3.753762	0	0	0	0
0.715	-0.834283	260.422982	-24.041053	1.312736	0.0115	-0.446744	0	0	0	0.730778	0.0115	-0.553121	0	3.76486	0	0	0	0
0.7155	-0.805188	272.796403	-24.972332	1.313075	0.0115	-0.447433	0	0	0	0.730772	0.0115	-0.553095	0	3.774295	0	0	0	0
0.716	-0.799326	285.411785	-25.904514	1.313366	0.0115	-0.448091	0	0	0	0.730766	0.0115	-0.55307	0	3.78239	0	0	0	0
0.7165	-0.819762	298.261221	-26.835551	1.313612	0.0115	-0.448722	0	0	0	0.730759	0.0115	-0.553045	0	3.789491	0	0	0	0
0.717	-0.869655	311.33629	-27.763341	1.313819	0.0115	-0.449326	0	0	0	0.730753	0.0115	-0.55302	0	3.795951	0	0	0	0
0.7175	-0.952235	324.628038	-28.685736	1.31399	0.0115	-0.449907	0	0	0	0.730746	0.0115	-0.552995	0	3.80213	0	0	0	0
0.718	-1.070778	338.126964	-29.600537	1.314128	0.0115	-0.450465	0	0	0	0.73074	0.0115	-0.552969	0	3.808383	0	0	0	0
0.7185	-1.228577	351.823015	-30.505482	1.314237	0.0115	-0.451004	0	0	0	0.730733	0.0115	-0.552944	0	3.815063	0	0	0	0
0.719	-1.428933	365.705575	-31.398232	1.314319	0.0115	-0.451523	0	0	0	0.730727	0.0115	-0.552919	0	3.822525	0	0	0	0
