UNKNOWN
version=1
nRows=1449
nColumns=19
inDegrees=no
endheader
time	rF_x	rF_y	rF_z	rCOP_x	rCOP_y	rCOP_z	lF_x	lF_y	lF_z	lCOP_x	lCOP_y	lCOP_z	rT_x	rT_y	rT_z	lT_x	lT_y	lT_z
      5.57500000	      0.00000000	      0.00000000	      0.00000000	      1.29770700	      0.01150000	     -0.46613300	      0.00000000	      0.00000000	      0.00000000	      0.74472800	      0.01150000	     -0.55452700	      0.00000000	      0.00000000	      0.00000000	      0.00000000	      0.00000000	      0.00000000
      5.57550000	      0.00000000	      0.00000000	      0.00000000	      1.29741300	      0.01150000	     -0.46619300	      0.00000000	      0.00000000	      0.00000000	      0.74417800	      0.01150000	     -0.55430200	      0.00000000	      0.00000000	      0.00000000	      0.00000000	      0.00000000	      0.00000000
      5.57600000	      0.00000000	      0.00000000	      0.00000000	      1.29712000	      0.01150000	     -0.46625300	      0.00000000	      0.00000000	      0.00000000	      0.74362800	      0.01150000	     -0.55407800	      0.00000000	      0.00000000	      0.00000000	      0.00000000	      0.00000000	      0.00000000
      5.57650000	      0.00000000	      0.00000000	      0.00000000	      1.29682600	      0.01150000	     -0.46631300	      0.00000000	      0.00000000	      0.00000000	      0.74307800	      0.01150000	     -0.55385300	      0.00000000	      0.00000000	      0.00000000	      0.00000000	      0.00000000	      0.00000000
      5.57700000	      0.00000000	      0.00000000	      0.00000000	      1.29653300	      0.01150000	     -0.46637200	      0.00000000	      0.00000000	      0.00000000	      0.74252700	      0.01150000	     -0.55362900	      0.00000000	      0.00000000	      0.00000000	      0.00000000	      0.00000000	      0.00000000
      5.57750000	      0.00000000	      0.00000000	      0.00000000	      1.29623900	      0.01150000	     -0.46643200	      0.00000000	      0.00000000	      0.00000000	      0.74197700	      0.01150000	     -0.55340400	      0.00000000	      0.00000000	      0.00000000	      0.00000000	      0.00000000	      0.00000000
      5.57800000	      0.00000000	      0.00000000	      0.00000000	      1.29594600	      0.01150000	     -0.46649200	      0.00000000	      0.00000000	      0.00000000	      0.74142700	      0.01150000	     -0.55318000	      0.00000000	      0.00000000	      0.00000000	      0.00000000	      0.00000000	      0.00000000
      5.57850000	      0.00000000	      0.00000000	      0.00000000	      1.29565200	      0.01150000	     -0.46655100	      0.00000000	      0.00000000	      0.00000000	      0.74087600	      0.01150000	     -0.55295500	      0.00000000	      0.00000000	      0.00000000	      0.00000000	      0.00000000	      0.00000000
      5.57900000	      0.00000000	      0.00000000	      0.00000000	      1.29535800	      0.01150000	     -0.46661100	      0.00000000	      0.00000000	      0.00000000	      0.74032600	      0.01150000	     -0.55273100	      0.00000000	      0.00000000	      0.00000000	      0.00000000	      0.00000000	      0.00000000
      5.57950000	      0.00000000	      0.00000000	      0.00000000	      1.29506500	      0.01150000	     -0.46667100	      0.00000000	      0.00000000	      0.00000000	      0.73977600	      0.01150000	     -0.55250700	      0.00000000	      0.00000000	      0.00000000	      0.00000000	      0.00000000	      0.00000000
      5.58000000	      0.00000000	      0.00000000	      0.00000000	      1.29477100	      0.01150000	     -0.46673000	      0.00000000	      0.00000000	      0.00000000	      0.73922500	      0.01150000	     -0.55228200	      0.00000000	      0.00000000	      0.00000000	      0.00000000	      0.00000000	      0.00000000
      5.58050000	      0.00000000	      0.00000000	      0.00000000	      1.29420600	      0.01150000	     -0.46681300	      0.00000000	      0.00000000	      0.00000000	      0.73881700	      0.01150000	     -0.55207500	      0.00000000	      0.00000000	      0.00000000	      0.00000000	      0.00000000	      0.00000000
      5.58100000	      0.00000000	      0.00000000	      0.00000000	      1.29364000	      0.01150000	     -0.46689600	      0.00000000	      0.00000000	      0.00000000	      0.73840900	      0.01150000	     -0.55186900	      0.00000000	      0.00000000	      0.00000000	      0.00000000	      0.00000000	      0.00000000
      5.58150000	      0.00000000	      0.00000000	      0.00000000	      1.29307500	      0.01150000	     -0.46697900	      0.00000000	      0.00000000	      0.00000000	      0.73800100	      0.01150000	     -0.55166200	      0.00000000	      0.00000000	      0.00000000	      0.00000000	      0.00000000	      0.00000000
      5.58200000	      0.00000000	      0.00000000	      0.00000000	      1.29250900	      0.01150000	     -0.46706200	      0.00000000	      0.00000000	      0.00000000	      0.73759300	      0.01150000	     -0.55145500	      0.00000000	      0.00000000	      0.00000000	      0.00000000	      0.00000000	      0.00000000
      5.58250000	      0.00000000	      0.00000000	      0.00000000	      1.29194400	      0.01150000	     -0.46714500	      0.00000000	      0.00000000	      0.00000000	      0.73718500	      0.01150000	     -0.55124800	      0.00000000	      0.00000000	      0.00000000	      0.00000000	      0.00000000	      0.00000000
      5.58300000	      0.00000000	      0.00000000	      0.00000000	      1.29137900	      0.01150000	     -0.46722800	      0.00000000	      0.00000000	      0.00000000	      0.73677700	      0.01150000	     -0.55104200	      0.00000000	      0.00000000	      0.00000000	      0.00000000	      0.00000000	      0.00000000
      5.58350000	      0.00000000	      0.00000000	      0.00000000	      1.29081300	      0.01150000	     -0.46731100	      0.00000000	      0.00000000	      0.00000000	      0.73636900	      0.01150000	     -0.55083500	      0.00000000	      0.00000000	      0.00000000	      0.00000000	      0.00000000	      0.00000000
      5.58400000	      0.00000000	      0.00000000	      0.00000000	      1.29024800	      0.01150000	     -0.46739300	      0.00000000	      0.00000000	      0.00000000	      0.73596000	      0.01150000	     -0.55062800	      0.00000000	      0.00000000	      0.00000000	      0.00000000	      0.00000000	      0.00000000
      5.58450000	      0.00000000	      0.00000000	      0.00000000	      1.28968200	      0.01150000	     -0.46747600	      0.00000000	      0.00000000	      0.00000000	      0.73555200	      0.01150000	     -0.55042200	      0.00000000	      0.00000000	      0.00000000	      0.00000000	      0.00000000	      0.00000000
      5.58500000	      0.00000000	      0.00000000	      0.00000000	      1.28911700	      0.01150000	     -0.46755900	      0.00000000	      0.00000000	      0.00000000	      0.73514400	      0.01150000	     -0.55021500	      0.00000000	      0.00000000	      0.00000000	      0.00000000	      0.00000000	      0.00000000
      5.58550000	      0.00000000	      0.00000000	      0.00000000	      1.28855100	      0.01150000	     -0.46764200	      0.00000000	      0.00000000	      0.00000000	      0.73473600	      0.01150000	     -0.55000800	      0.00000000	      0.00000000	      0.00000000	      0.00000000	      0.00000000	      0.00000000
      5.58600000	      0.00000000	      0.00000000	      0.00000000	      1.28798600	      0.01150000	     -0.46772500	      0.00000000	      0.00000000	      0.00000000	      0.73432800	      0.01150000	     -0.54980200	      0.00000000	      0.00000000	      0.00000000	      0.00000000	      0.00000000	      0.00000000
      5.58650000	      0.00000000	      0.00000000	      0.00000000	      1.28742000	      0.01150000	     -0.46780800	      0.00000000	      0.00000000	      0.00000000	      0.73392000	      0.01150000	     -0.54959500	      0.00000000	      0.00000000	      0.00000000	      0.00000000	      0.00000000	      0.00000000
      5.58700000	      0.00000000	      0.00000000	      0.00000000	      1.28685500	      0.01150000	     -0.46789100	      0.00000000	      0.00000000	      0.00000000	      0.73351200	      0.01150000	     -0.54938800	      0.00000000	      0.00000000	      0.00000000	      0.00000000	      0.00000000	      0.00000000
      5.58750000	      0.00000000	      0.00000000	      0.00000000	      1.28628900	      0.01150000	     -0.46797400	      0.00000000	      0.00000000	      0.00000000	      0.73310400	      0.01150000	     -0.54918100	      0.00000000	      0.00000000	      0.00000000	      0.00000000	      0.00000000	      0.00000000
      5.58800000	      0.00000000	      0.00000000	      0.00000000	      1.28572400	      0.01150000	     -0.46805700	      0.00000000	      0.00000000	      0.00000000	      0.73269500	      0.01150000	     -0.54897500	      0.00000000	      0.00000000	      0.00000000	      0.00000000	      0.00000000	      0.00000000
      5.58850000	      0.00000000	      0.00000000	      0.00000000	      1.28515800	      0.01150000	     -0.46813900	      0.00000000	      0.00000000	      0.00000000	      0.73228700	      0.01150000	     -0.54876800	      0.00000000	      0.00000000	      0.00000000	      0.00000000	      0.00000000	      0.00000000
      5.58900000	      0.00000000	      0.00000000	      0.00000000	      1.28459300	      0.01150000	     -0.46822200	      0.00000000	      0.00000000	      0.00000000	      0.73187900	      0.01150000	     -0.54856100	      0.00000000	      0.00000000	      0.00000000	      0.00000000	      0.00000000	      0.00000000
      5.58950000	      0.00000000	      0.00000000	      0.00000000	      1.28402800	      0.01150000	     -0.46830500	      0.00000000	      0.00000000	      0.00000000	      0.73147100	      0.01150000	     -0.54835500	      0.00000000	      0.00000000	      0.00000000	      0.00000000	      0.00000000	      0.00000000
      5.59000000	      0.00000000	      0.00000000	      0.00000000	      1.28346200	      0.01150000	     -0.46838800	      0.00000000	      0.00000000	      0.00000000	      0.73106300	      0.01150000	     -0.54814800	      0.00000000	      0.00000000	      0.00000000	      0.00000000	      0.00000000	      0.00000000
      5.59050000	      0.00000000	      0.00000000	      0.00000000	      1.28266500	      0.01150000	     -0.46848600	      0.00000000	      0.00000000	      0.00000000	      0.73080900	      0.01150000	     -0.54797800	      0.00000000	      0.00000000	      0.00000000	      0.00000000	      0.00000000	      0.00000000
      5.59100000	      0.00000000	      0.00000000	      0.00000000	      1.28186700	      0.01150000	     -0.46858500	      0.00000000	      0.00000000	      0.00000000	      0.73055500	      0.01150000	     -0.54780700	      0.00000000	      0.00000000	      0.00000000	      0.00000000	      0.00000000	      0.00000000
      5.59150000	      0.00000000	      0.00000000	      0.00000000	      1.28107000	      0.01150000	     -0.46868300	      0.00000000	      0.00000000	      0.00000000	      0.73030100	      0.01150000	     -0.54763700	      0.00000000	      0.00000000	      0.00000000	      0.00000000	      0.00000000	      0.00000000
      5.59200000	      0.00000000	      0.00000000	      0.00000000	      1.28027300	      0.01150000	     -0.46878100	      0.00000000	      0.00000000	      0.00000000	      0.73004700	      0.01150000	     -0.54746700	      0.00000000	      0.00000000	      0.00000000	      0.00000000	      0.00000000	      0.00000000
      5.59250000	      0.00000000	      0.00000000	      0.00000000	      1.27947500	      0.01150000	     -0.46887900	      0.00000000	      0.00000000	      0.00000000	      0.72979300	      0.01150000	     -0.54729700	      0.00000000	      0.00000000	      0.00000000	      0.00000000	      0.00000000	      0.00000000
      5.59300000	      0.00000000	      0.00000000	      0.00000000	      1.27867800	      0.01150000	     -0.46897700	      0.00000000	      0.00000000	      0.00000000	      0.72953900	      0.01150000	     -0.54712700	      0.00000000	      0.00000000	      0.00000000	      0.00000000	      0.00000000	      0.00000000
      5.59350000	      0.00000000	      0.00000000	      0.00000000	      1.27788000	      0.01150000	     -0.46907600	      0.00000000	      0.00000000	      0.00000000	      0.72928400	      0.01150000	     -0.54695600	      0.00000000	      0.00000000	      0.00000000	      0.00000000	      0.00000000	      0.00000000
      5.59400000	      0.00000000	      0.00000000	      0.00000000	      1.27708300	      0.01150000	     -0.46917400	      0.00000000	      0.00000000	      0.00000000	      0.72903000	      0.01150000	     -0.54678600	      0.00000000	      0.00000000	      0.00000000	      0.00000000	      0.00000000	      0.00000000
      5.59450000	      0.00000000	      0.00000000	      0.00000000	      1.27628600	      0.01150000	     -0.46927200	      0.00000000	      0.00000000	      0.00000000	      0.72877600	      0.01150000	     -0.54661600	      0.00000000	      0.00000000	      0.00000000	      0.00000000	      0.00000000	      0.00000000
      5.59500000	      7.45678100	     12.03348400	     -1.73516900	      1.27548800	      0.01150000	     -0.46937000	      0.00000000	      0.00000000	      0.00000000	      0.72852200	      0.01150000	     -0.54644600	      0.00000000	      1.68488300	      0.00000000	      0.00000000	      0.00000000	      0.00000000
      5.59550000	      7.64149800	     15.60607300	     -2.13059400	      1.27469100	      0.01150000	     -0.46946800	      0.00000000	      0.00000000	      0.00000000	      0.72826800	      0.01150000	     -0.54627600	      0.00000000	      1.80317700	      0.00000000	      0.00000000	      0.00000000	      0.00000000
      5.59600000	      7.83391000	     19.38973900	     -2.54727400	      1.27389400	      0.01150000	     -0.46956700	      0.00000000	      0.00000000	      0.00000000	      0.72801400	      0.01150000	     -0.54610500	      0.00000000	      1.91173800	      0.00000000	      0.00000000	      0.00000000	      0.00000000
      5.59650000	      8.03448800	     23.39031500	     -2.98558200	      1.27309600	      0.01150000	     -0.46966500	      0.00000000	      0.00000000	      0.00000000	      0.72776000	      0.01150000	     -0.54593500	      0.00000000	      2.01174000	      0.00000000	      0.00000000	      0.00000000	      0.00000000
      5.59700000	      8.24364500	     27.61354000	     -3.44581600	      1.27229900	      0.01150000	     -0.46976300	      0.00000000	      0.00000000	      0.00000000	      0.72750600	      0.01150000	     -0.54576500	      0.00000000	      2.10415200	      0.00000000	      0.00000000	      0.00000000	      0.00000000
      5.59750000	      8.46174000	     32.06503500	     -3.92819800	      1.27150100	      0.01150000	     -0.46986100	      0.00000000	      0.00000000	      0.00000000	      0.72725200	      0.01150000	     -0.54559500	      0.00000000	      2.18978500	      0.00000000	      0.00000000	      0.00000000	      0.00000000
      5.59800000	      8.68908400	     36.75028600	     -4.43289300	      1.27070400	      0.01150000	     -0.46995900	      0.00000000	      0.00000000	      0.00000000	      0.72699800	      0.01150000	     -0.54542500	      0.00000000	      2.26932100	      0.00000000	      0.00000000	      0.00000000	      0.00000000
      5.59850000	      8.92593400	     41.67461900	     -4.96001500	      1.26990700	      0.01150000	     -0.47005800	      0.00000000	      0.00000000	      0.00000000	      0.72674400	      0.01150000	     -0.54525400	      0.00000000	      2.34334000	      0.00000000	      0.00000000	      0.00000000	      0.00000000
      5.59900000	      9.17248100	     46.84317800	     -5.50963400	      1.26910900	      0.01150000	     -0.47015600	      0.00000000	      0.00000000	      0.00000000	      0.72649000	      0.01150000	     -0.54508400	      0.00000000	      2.41233500	      0.00000000	      0.00000000	      0.00000000	      0.00000000
      5.59950000	      9.42883800	     52.26090200	     -6.08178200	      1.26831200	      0.01150000	     -0.47025400	      0.00000000	      0.00000000	      0.00000000	      0.72623600	      0.01150000	     -0.54491400	      0.00000000	      2.47672900	      0.00000000	      0.00000000	      0.00000000	      0.00000000
      5.60000000	      9.69501800	     57.93249700	     -6.67644500	      1.26751500	      0.01150000	     -0.47035200	      0.00000000	      0.00000000	      0.00000000	      0.72598200	      0.01150000	     -0.54474400	      0.00000000	      2.53687100	      0.00000000	      0.00000000	      0.00000000	      0.00000000
      5.60050000	      9.97092000	     63.86241000	     -7.29356200	      1.26855700	      0.01150000	     -0.46823500	      0.00000000	      0.00000000	      0.00000000	      0.72589100	      0.01150000	     -0.54462500	      0.00000000	      2.59304400	      0.00000000	      0.00000000	      0.00000000	      0.00000000
      5.60100000	     10.25631400	     70.05480300	     -7.93301700	      1.26960000	      0.01150000	     -0.46611700	      0.00000000	      0.00000000	      0.00000000	      0.72580100	      0.01150000	     -0.54450600	      0.00000000	      2.64546300	      0.00000000	      0.00000000	      0.00000000	      0.00000000
      5.60150000	     10.55083700	     76.51352200	     -8.59461600	      1.27064300	      0.01150000	     -0.46399900	      0.00000000	      0.00000000	      0.00000000	      0.72571100	      0.01150000	     -0.54438600	      0.00000000	      2.69429900	      0.00000000	      0.00000000	      0.00000000	      0.00000000
      5.60200000	     10.85398300	     83.24206500	     -9.27808500	      1.27168600	      0.01150000	     -0.46188200	      0.00000000	      0.00000000	      0.00000000	      0.72562100	      0.01150000	     -0.54426700	      0.00000000	      2.73969400	      0.00000000	      0.00000000	      0.00000000	      0.00000000
      5.60250000	     11.16510800	     90.24355400	     -9.98307200	      1.27272800	      0.01150000	     -0.45976400	      0.00000000	      0.00000000	      0.00000000	      0.72553100	      0.01150000	     -0.54414800	      0.00000000	      2.78177500	      0.00000000	      0.00000000	      0.00000000	      0.00000000
      5.60300000	     11.48342200	     97.52069800	    -10.70916200	      1.27377100	      0.01150000	     -0.45764600	      0.00000000	      0.00000000	      0.00000000	      0.72544000	      0.01150000	     -0.54402900	      0.00000000	      2.82065300	      0.00000000	      0.00000000	      0.00000000	      0.00000000
      5.60350000	     11.80797200	    105.07575900	    -11.45589700	      1.27481400	      0.01150000	     -0.45552900	      0.00000000	      0.00000000	      0.00000000	      0.72535000	      0.01150000	     -0.54391000	      0.00000000	      2.85642200	      0.00000000	      0.00000000	      0.00000000	      0.00000000
      5.60400000	     12.13762600	    112.91052100	    -12.22278300	      1.27585700	      0.01150000	     -0.45341100	      0.00000000	      0.00000000	      0.00000000	      0.72526000	      0.01150000	     -0.54379100	      0.00000000	      2.88915100	      0.00000000	      0.00000000	      0.00000000	      0.00000000
      5.60450000	     12.47104800	    121.02624400	    -13.00929500	      1.27689900	      0.01150000	     -0.45129300	      0.00000000	      0.00000000	      0.00000000	      0.72517000	      0.01150000	     -0.54367200	      0.00000000	      2.91889100	      0.00000000	      0.00000000	      0.00000000	      0.00000000
      5.60500000	     12.80669700	    129.42363200	    -13.81486800	      1.27794200	      0.01150000	     -0.44917600	      0.00000000	      0.00000000	      0.00000000	      0.72508000	      0.01150000	     -0.54355300	      0.00000000	      2.94567700	      0.00000000	      0.00000000	      0.00000000	      0.00000000
      5.60550000	     13.14282500	    138.10279300	    -14.63888000	      1.27898500	      0.01150000	     -0.44705800	      0.00000000	      0.00000000	      0.00000000	      0.72498900	      0.01150000	     -0.54343400	      0.00000000	      2.96953500	      0.00000000	      0.00000000	      0.00000000	      0.00000000
      5.60600000	     13.47748700	    147.06319300	    -15.48064100	      1.28002800	      0.01150000	     -0.44494000	      0.00000000	      0.00000000	      0.00000000	      0.72489900	      0.01150000	     -0.54331500	      0.00000000	      2.99048900	      0.00000000	      0.00000000	      0.00000000	      0.00000000
      5.60650000	     13.80856300	    156.30361700	    -16.33937400	      1.28107000	      0.01150000	     -0.44282300	      0.00000000	      0.00000000	      0.00000000	      0.72480900	      0.01150000	     -0.54319500	      0.00000000	      3.00857000	      0.00000000	      0.00000000	      0.00000000	      0.00000000
      5.60700000	     14.13377700	    165.82212300	    -17.21420000	      1.28211300	      0.01150000	     -0.44070500	      0.00000000	      0.00000000	      0.00000000	      0.72471900	      0.01150000	     -0.54307600	      0.00000000	      3.02382500	      0.00000000	      0.00000000	      0.00000000	      0.00000000
      5.60750000	     14.45071800	    175.61602900	    -18.10413700	      1.28315600	      0.01150000	     -0.43858700	      0.00000000	      0.00000000	      0.00000000	      0.72462900	      0.01150000	     -0.54295700	      0.00000000	      3.03632400	      0.00000000	      0.00000000	      0.00000000	      0.00000000
      5.60800000	     14.75686300	    185.68199500	    -19.00809900	      1.28419900	      0.01150000	     -0.43647000	      0.00000000	      0.00000000	      0.00000000	      0.72453800	      0.01150000	     -0.54283800	      0.00000000	      3.04616300	      0.00000000	      0.00000000	      0.00000000	      0.00000000
      5.60850000	     15.04960100	    196.01617100	    -19.92491300	      1.28524100	      0.01150000	     -0.43435200	      0.00000000	      0.00000000	      0.00000000	      0.72444800	      0.01150000	     -0.54271900	      0.00000000	      3.05346500	      0.00000000	      0.00000000	      0.00000000	      0.00000000
      5.60900000	     15.32625900	    206.61429900	    -20.85333200	      1.28628400	      0.01150000	     -0.43223400	      0.00000000	      0.00000000	      0.00000000	      0.72435800	      0.01150000	     -0.54260000	      0.00000000	      3.05837700	      0.00000000	      0.00000000	      0.00000000	      0.00000000
      5.60950000	     15.58411300	    217.47173000	    -21.79204400	      1.28732700	      0.01150000	     -0.43011700	      0.00000000	      0.00000000	      0.00000000	      0.72426800	      0.01150000	     -0.54248100	      0.00000000	      3.06106300	      0.00000000	      0.00000000	      0.00000000	      0.00000000
      5.61000000	     15.82040900	    228.58341700	    -22.73967400	      1.28806100	      0.01150000	     -0.43099500	      0.00000000	      0.00000000	      0.00000000	      0.72417800	      0.01150000	     -0.54236200	      0.00000000	      3.06170900	      0.00000000	      0.00000000	      0.00000000	      0.00000000
      5.61050000	     16.03238500	    239.94390400	    -23.69475800	      1.28871900	      0.01150000	     -0.43183500	      0.00000000	      0.00000000	      0.00000000	      0.72425900	      0.01150000	     -0.54230200	      0.00000000	      3.06052400	      0.00000000	      0.00000000	      0.00000000	      0.00000000
      5.61100000	     16.21727600	    251.54731500	    -24.65572100	      1.28930700	      0.01150000	     -0.43264000	      0.00000000	      0.00000000	      0.00000000	      0.72434100	      0.01150000	     -0.54224300	      0.00000000	      3.05775700	      0.00000000	      0.00000000	      0.00000000	      0.00000000
      5.61150000	     16.37232500	    263.38733200	    -25.62085700	      1.28983300	      0.01150000	     -0.43341300	      0.00000000	      0.00000000	      0.00000000	      0.72442300	      0.01150000	     -0.54218300	      0.00000000	      3.05370700	      0.00000000	      0.00000000	      0.00000000	      0.00000000
      5.61200000	     16.49477400	    275.45716800	    -26.58831900	      1.29030200	      0.01150000	     -0.43415500	      0.00000000	      0.00000000	      0.00000000	      0.72450400	      0.01150000	     -0.54212400	      0.00000000	      3.04872800	      0.00000000	      0.00000000	      0.00000000	      0.00000000
      5.61250000	     16.58184800	    287.74954700	    -27.55611700	      1.29072100	      0.01150000	     -0.43487000	      0.00000000	      0.00000000	      0.00000000	      0.72458600	      0.01150000	     -0.54206500	      0.00000000	      3.04323100	      0.00000000	      0.00000000	      0.00000000	      0.00000000
      5.61300000	     16.63074500	    300.25667400	    -28.52213900	      1.29109500	      0.01150000	     -0.43555800	      0.00000000	      0.00000000	      0.00000000	      0.72466800	      0.01150000	     -0.54200500	      0.00000000	      3.03766000	      0.00000000	      0.00000000	      0.00000000	      0.00000000
      5.61350000	     16.63861500	    312.97021300	    -29.48417100	      1.29142900	      0.01150000	     -0.43622200	      0.00000000	      0.00000000	      0.00000000	      0.72474900	      0.01150000	     -0.54194600	      0.00000000	      3.03248600	      0.00000000	      0.00000000	      0.00000000	      0.00000000
      5.61400000	     16.60256700	    325.88127600	    -30.43993100	      1.29172600	      0.01150000	     -0.43686300	      0.00000000	      0.00000000	      0.00000000	      0.72483100	      0.01150000	     -0.54188600	      0.00000000	      3.02818700	      0.00000000	      0.00000000	      0.00000000	      0.00000000
      5.61450000	     16.51967200	    338.98042400	    -31.38708900	      1.29199100	      0.01150000	     -0.43748200	      0.00000000	      0.00000000	      0.00000000	      0.72491300	      0.01150000	     -0.54182700	      0.00000000	      3.02523900	      0.00000000	      0.00000000	      0.00000000	      0.00000000
      5.61500000	     16.38699500	    352.25766300	    -32.32328100	      1.29222600	      0.01150000	     -0.43808000	      0.00000000	      0.00000000	      0.00000000	      0.72499400	      0.01150000	     -0.54176700	      0.00000000	      3.02411000	      0.00000000	      0.00000000	      0.00000000	      0.00000000
      5.61550000	     16.20162600	    365.70243700	    -33.24611400	      1.29243300	      0.01150000	     -0.43866000	      0.00000000	      0.00000000	      0.00000000	      0.72507600	      0.01150000	     -0.54170800	      0.00000000	      3.02526200	      0.00000000	      0.00000000	      0.00000000	      0.00000000
      5.61600000	     15.96071500	    379.30361600	    -34.15316200	      1.29261700	      0.01150000	     -0.43922200	      0.00000000	      0.00000000	      0.00000000	      0.72515800	      0.01150000	     -0.54164800	      0.00000000	      3.02914100	      0.00000000	      0.00000000	      0.00000000	      0.00000000
      5.61650000	     15.66151300	    393.04950900	    -35.04196200	      1.29277800	      0.01150000	     -0.43976700	      0.00000000	      0.00000000	      0.00000000	      0.72523900	      0.01150000	     -0.54158900	      0.00000000	      3.03618000	      0.00000000	      0.00000000	      0.00000000	      0.00000000
      5.61700000	     15.30140200	    406.92789100	    -35.91002200	      1.29291800	      0.01150000	     -0.44029700	      0.00000000	      0.00000000	      0.00000000	      0.72532100	      0.01150000	     -0.54153000	      0.00000000	      3.04678200	      0.00000000	      0.00000000	      0.00000000	      0.00000000
      5.61750000	     14.87794000	    420.92603200	    -36.75484500	      1.29304000	      0.01150000	     -0.44081300	      0.00000000	      0.00000000	      0.00000000	      0.72540300	      0.01150000	     -0.54147000	      0.00000000	      3.06131000	      0.00000000	      0.00000000	      0.00000000	      0.00000000
      5.61800000	     14.38889400	    435.03073900	    -37.57397000	      1.29314500	      0.01150000	     -0.44131400	      0.00000000	      0.00000000	      0.00000000	      0.72548400	      0.01150000	     -0.54141100	      0.00000000	      3.08007300	      0.00000000	      0.00000000	      0.00000000	      0.00000000
      5.61850000	     13.83230100	    449.22839700	    -38.36502700	      1.29323400	      0.01150000	     -0.44180400	      0.00000000	      0.00000000	      0.00000000	      0.72556600	      0.01150000	     -0.54135100	      0.00000000	      3.10330700	      0.00000000	      0.00000000	      0.00000000	      0.00000000
      5.61900000	     13.20650700	    463.50501300	    -39.12578800	      1.29331000	      0.01150000	     -0.44228200	      0.00000000	      0.00000000	      0.00000000	      0.72564800	      0.01150000	     -0.54129200	      0.00000000	      3.13116200	      0.00000000	      0.00000000	      0.00000000	      0.00000000
      5.61950000	     12.51021400	    477.84629000	    -39.85421200	      1.29337500	      0.01150000	     -0.44274900	      0.00000000	      0.00000000	      0.00000000	      0.72572900	      0.01150000	     -0.54123200	      0.00000000	      3.16369300	      0.00000000	      0.00000000	      0.00000000	      0.00000000
      5.62000000	     11.74250400	    492.23768900	    -40.54847100	      1.29342900	      0.01150000	     -0.44320700	      0.00000000	      0.00000000	      0.00000000	      0.72581100	      0.01150000	     -0.54117300	      0.00000000	      3.20084600	      0.00000000	      0.00000000	      0.00000000	      0.00000000
      5.62050000	     10.90285300	    506.66448500	    -41.20696300	      1.29347500	      0.01150000	     -0.44365500	      0.00000000	      0.00000000	      0.00000000	      0.72607000	      0.01150000	     -0.54117500	      0.00000000	      3.24244600	      0.00000000	      0.00000000	      0.00000000	      0.00000000
      5.62100000	      9.99111800	    521.11182400	    -41.82829300	      1.29351400	      0.01150000	     -0.44409600	      0.00000000	      0.00000000	      0.00000000	      0.72633000	      0.01150000	     -0.54117700	      0.00000000	      3.28818800	      0.00000000	      0.00000000	      0.00000000	      0.00000000
      5.62150000	      9.00750600	    535.56477000	    -42.41125500	      1.29354800	      0.01150000	     -0.44452900	      0.00000000	      0.00000000	      0.00000000	      0.72658900	      0.01150000	     -0.54117900	      0.00000000	      3.33764400	      0.00000000	      0.00000000	      0.00000000	      0.00000000
      5.62200000	      7.95253300	    550.00836000	    -42.95479800	      1.29357700	      0.01150000	     -0.44495500	      0.00000000	      0.00000000	      0.00000000	      0.72684800	      0.01150000	     -0.54118100	      0.00000000	      3.39027100	      0.00000000	      0.00000000	      0.00000000	      0.00000000
      5.62250000	      6.82699100	    564.42764500	    -43.45801000	      1.29360300	      0.01150000	     -0.44537500	      0.00000000	      0.00000000	      0.00000000	      0.72710800	      0.01150000	     -0.54118400	      0.00000000	      3.44542000	      0.00000000	      0.00000000	      0.00000000	      0.00000000
      5.62300000	      5.63190200	    578.80775000	    -43.92009900	      1.29362800	      0.01150000	     -0.44578900	      0.00000000	      0.00000000	      0.00000000	      0.72736700	      0.01150000	     -0.54118600	      0.00000000	      3.50236000	      0.00000000	      0.00000000	      0.00000000	      0.00000000
      5.62350000	      4.36849000	    593.13395500	    -44.34039200	      1.29365100	      0.01150000	     -0.44619700	      0.00000000	      0.00000000	      0.00000000	      0.72762700	      0.01150000	     -0.54118800	      0.00000000	      3.56028500	      0.00000000	      0.00000000	      0.00000000	      0.00000000
      5.62400000	      3.03814400	    607.39177400	    -44.71833100	      1.29367400	      0.01150000	     -0.44660000	      0.00000000	      0.00000000	      0.00000000	      0.72788600	      0.01150000	     -0.54119000	      0.00000000	      3.61834600	      0.00000000	      0.00000000	      0.00000000	      0.00000000
      5.62450000	      1.64240000	    621.56701400	    -45.05346600	      1.29369700	      0.01150000	     -0.44699700	      0.00000000	      0.00000000	      0.00000000	      0.72814500	      0.01150000	     -0.54119200	      0.00000000	      3.67566000	      0.00000000	      0.00000000	      0.00000000	      0.00000000
      5.62500000	      0.18292700	    635.64584300	    -45.34545000	      1.29372000	      0.01150000	     -0.44738700	      0.00000000	      0.00000000	      0.00000000	      0.72840500	      0.01150000	     -0.54119400	      0.00000000	      3.73134100	      0.00000000	      0.00000000	      0.00000000	      0.00000000
      5.62550000	     -1.33847400	    649.61484300	    -45.59403800	      1.29374400	      0.01150000	     -0.44777200	      0.00000000	      0.00000000	      0.00000000	      0.72866400	      0.01150000	     -0.54119600	      0.00000000	      3.78451300	      0.00000000	      0.00000000	      0.00000000	      0.00000000
      5.62600000	     -2.91988500	    663.46105900	    -45.79909500	      1.29376700	      0.01150000	     -0.44815000	      0.00000000	      0.00000000	      0.00000000	      0.72892300	      0.01150000	     -0.54119800	      0.00000000	      3.83433400	      0.00000000	      0.00000000	      0.00000000	      0.00000000
      5.62650000	     -4.55927600	    677.17204300	    -45.96059500	      1.29379100	      0.01150000	     -0.44852200	      0.00000000	      0.00000000	      0.00000000	      0.72918300	      0.01150000	     -0.54120000	      0.00000000	      3.88002500	      0.00000000	      0.00000000	      0.00000000	      0.00000000
      5.62700000	     -6.25451600	    690.73587900	    -46.07863400	      1.29381400	      0.01150000	     -0.44888600	      0.00000000	      0.00000000	      0.00000000	      0.72944200	      0.01150000	     -0.54120300	      0.00000000	      3.92089200	      0.00000000	      0.00000000	      0.00000000	      0.00000000
      5.62750000	     -8.00338100	    704.14121700	    -46.15345600	      1.29383600	      0.01150000	     -0.44924200	      0.00000000	      0.00000000	      0.00000000	      0.72970200	      0.01150000	     -0.54120500	      0.00000000	      3.95634200	      0.00000000	      0.00000000	      0.00000000	      0.00000000
      5.62800000	     -9.80356800	    717.37732400	    -46.18548100	      1.29385800	      0.01150000	     -0.44959000	      0.00000000	      0.00000000	      0.00000000	      0.72996100	      0.01150000	     -0.54120700	      0.00000000	      3.98589000	      0.00000000	      0.00000000	      0.00000000	      0.00000000
      5.62850000	    -11.65270500	    730.43415200	    -46.17533300	      1.29387800	      0.01150000	     -0.44993000	      0.00000000	      0.00000000	      0.00000000	      0.73022000	      0.01150000	     -0.54120900	      0.00000000	      4.00916100	      0.00000000	      0.00000000	      0.00000000	      0.00000000
      5.62900000	    -13.54838200	    743.30242900	    -46.12386100	      1.29389600	      0.01150000	     -0.45026200	      0.00000000	      0.00000000	      0.00000000	      0.73048000	      0.01150000	     -0.54121100	      0.00000000	      4.02589300	      0.00000000	      0.00000000	      0.00000000	      0.00000000
      5.62950000	    -15.48818800	    755.97375300	    -46.03215600	      1.29391200	      0.01150000	     -0.45058400	      0.00000000	      0.00000000	      0.00000000	      0.73073900	      0.01150000	     -0.54121300	      0.00000000	      4.03593000	      0.00000000	      0.00000000	      0.00000000	      0.00000000
      5.63000000	    -17.46975100	    768.44066000	    -45.90154700	      1.29392600	      0.01150000	     -0.45089900	      0.00000000	      0.00000000	      0.00000000	      0.73099900	      0.01150000	     -0.54121500	      0.00000000	      4.03921900	      0.00000000	      0.00000000	      0.00000000	      0.00000000
      5.63050000	    -19.49080200	    780.69667700	    -45.73359000	      1.29393800	      0.01150000	     -0.45120500	      0.00000000	      0.00000000	      0.00000000	      0.73143800	      0.01150000	     -0.54127400	      0.00000000	      4.03580800	      0.00000000	      0.00000000	      0.00000000	      0.00000000
      5.63100000	    -21.54923100	    792.73634100	    -45.53003000	      1.29394600	      0.01150000	     -0.45150300	      0.00000000	      0.00000000	      0.00000000	      0.73187800	      0.01150000	     -0.54133400	      0.00000000	      4.02585100	      0.00000000	      0.00000000	      0.00000000	      0.00000000
      5.63150000	    -23.64314700	    804.55520300	    -45.29277400	      1.29395100	      0.01150000	     -0.45179300	      0.00000000	      0.00000000	      0.00000000	      0.73231800	      0.01150000	     -0.54139300	      0.00000000	      4.00960900	      0.00000000	      0.00000000	      0.00000000	      0.00000000
      5.63200000	    -25.77091600	    816.14981600	    -45.02384400	      1.29395200	      0.01150000	     -0.45207600	      0.00000000	      0.00000000	      0.00000000	      0.73275800	      0.01150000	     -0.54145200	      0.00000000	      3.98744300	      0.00000000	      0.00000000	      0.00000000	      0.00000000
      5.63250000	    -27.93119800	    827.51772200	    -44.72534200	      1.29394800	      0.01150000	     -0.45235100	      0.00000000	      0.00000000	      0.00000000	      0.73319700	      0.01150000	     -0.54151200	      0.00000000	      3.95980600	      0.00000000	      0.00000000	      0.00000000	      0.00000000
      5.63300000	    -30.12295900	    838.65741700	    -44.39942000	      1.29393900	      0.01150000	     -0.45261900	      0.00000000	      0.00000000	      0.00000000	      0.73363700	      0.01150000	     -0.54157100	      0.00000000	      3.92723500	      0.00000000	      0.00000000	      0.00000000	      0.00000000
      5.63350000	    -32.34547600	    849.56830100	    -44.04824000	      1.29392300	      0.01150000	     -0.45288000	      0.00000000	      0.00000000	      0.00000000	      0.73407700	      0.01150000	     -0.54163000	      0.00000000	      3.89034800	      0.00000000	      0.00000000	      0.00000000	      0.00000000
      5.63400000	    -34.59833700	    860.25062100	    -43.67394800	      1.29390100	      0.01150000	     -0.45313300	      0.00000000	      0.00000000	      0.00000000	      0.73451700	      0.01150000	     -0.54169000	      0.00000000	      3.84983300	      0.00000000	      0.00000000	      0.00000000	      0.00000000
      5.63450000	    -36.88143500	    870.70543100	    -43.27866000	      1.29387000	      0.01150000	     -0.45338100	      0.00000000	      0.00000000	      0.00000000	      0.73495600	      0.01150000	     -0.54174900	      0.00000000	      3.80644200	      0.00000000	      0.00000000	      0.00000000	      0.00000000
      5.63500000	    -39.19496100	    880.93455900	    -42.86444300	      1.29383000	      0.01150000	     -0.45362200	      0.00000000	      0.00000000	      0.00000000	      0.73539600	      0.01150000	     -0.54180800	      0.00000000	      3.76097200	      0.00000000	      0.00000000	      0.00000000	      0.00000000
      5.63550000	    -41.53936100	    890.94055500	    -42.43331200	      1.29377900	      0.01150000	     -0.45385600	      0.00000000	      0.00000000	      0.00000000	      0.73583600	      0.01150000	     -0.54186800	      0.00000000	      3.71424200	      0.00000000	      0.00000000	      0.00000000	      0.00000000
      5.63600000	    -43.91528200	    900.72664900	    -41.98720400	      1.29371800	      0.01150000	     -0.45408500	      0.00000000	      0.00000000	      0.00000000	      0.73627600	      0.01150000	     -0.54192700	      0.00000000	      3.66707700	      0.00000000	      0.00000000	      0.00000000	      0.00000000
      5.63650000	    -46.32349000	    910.29670500	    -41.52796400	      1.29364400	      0.01150000	     -0.45430800	      0.00000000	      0.00000000	      0.00000000	      0.73671500	      0.01150000	     -0.54198600	      0.00000000	      3.62029300	      0.00000000	      0.00000000	      0.00000000	      0.00000000
      5.63700000	    -48.76478500	    919.65518700	    -41.05732400	      1.29355800	      0.01150000	     -0.45452500	      0.00000000	      0.00000000	      0.00000000	      0.73715500	      0.01150000	     -0.54204600	      0.00000000	      3.57469800	      0.00000000	      0.00000000	      0.00000000	      0.00000000
      5.63750000	    -51.23991100	    928.80712800	    -40.57688800	      1.29345900	      0.01150000	     -0.45473800	      0.00000000	      0.00000000	      0.00000000	      0.73759500	      0.01150000	     -0.54210500	      0.00000000	      3.53108300	      0.00000000	      0.00000000	      0.00000000	      0.00000000
      5.63800000	    -53.74949700	    937.75809900	    -40.08812700	      1.29334500	      0.01150000	     -0.45494500	      0.00000000	      0.00000000	      0.00000000	      0.73803500	      0.01150000	     -0.54216400	      0.00000000	      3.49020800	      0.00000000	      0.00000000	      0.00000000	      0.00000000
      5.63850000	    -56.29401800	    946.51417800	    -39.59238000	      1.29321800	      0.01150000	     -0.45514700	      0.00000000	      0.00000000	      0.00000000	      0.73847400	      0.01150000	     -0.54222300	      0.00000000	      3.45278200	      0.00000000	      0.00000000	      0.00000000	      0.00000000
      5.63900000	    -58.87377400	    955.08190400	    -39.09086000	      1.29307700	      0.01150000	     -0.45534400	      0.00000000	      0.00000000	      0.00000000	      0.73891400	      0.01150000	     -0.54228300	      0.00000000	      3.41944100	      0.00000000	      0.00000000	      0.00000000	      0.00000000
      5.63950000	    -61.48889100	    963.46822000	    -38.58464800	      1.29292200	      0.01150000	     -0.45553700	      0.00000000	      0.00000000	      0.00000000	      0.73935400	      0.01150000	     -0.54234200	      0.00000000	      3.39074000	      0.00000000	      0.00000000	      0.00000000	      0.00000000
      5.64000000	    -64.13931100	    971.68041500	    -38.07469900	      1.29275200	      0.01150000	     -0.45572500	      0.00000000	      0.00000000	      0.00000000	      0.73979400	      0.01150000	     -0.54240100	      0.00000000	      3.36715400	      0.00000000	      0.00000000	      0.00000000	      0.00000000
      5.64050000	    -66.82478900	    979.72606500	    -37.56184000	      1.29256900	      0.01150000	     -0.45590900	      0.00000000	      0.00000000	      0.00000000	      0.74041200	      0.01150000	     -0.54250900	      0.00000000	      3.34907300	      0.00000000	      0.00000000	      0.00000000	      0.00000000
      5.64100000	    -69.54486500	    987.61299000	    -37.04679600	      1.29237300	      0.01150000	     -0.45608800	      0.00000000	      0.00000000	      0.00000000	      0.74103000	      0.01150000	     -0.54261700	      0.00000000	      3.33679700	      0.00000000	      0.00000000	      0.00000000	      0.00000000
      5.64150000	    -72.29884200	    995.34920700	    -36.53020400	      1.29216400	      0.01150000	     -0.45626400	      0.00000000	      0.00000000	      0.00000000	      0.74164800	      0.01150000	     -0.54272400	      0.00000000	      3.33052900	      0.00000000	      0.00000000	      0.00000000	      0.00000000
      5.64200000	    -75.08576800	   1002.94290200	    -36.01264700	      1.29194300	      0.01150000	     -0.45643500	      0.00000000	      0.00000000	      0.00000000	      0.74226700	      0.01150000	     -0.54283200	      0.00000000	      3.33036300	      0.00000000	      0.00000000	      0.00000000	      0.00000000
      5.64250000	    -77.90443200	   1010.40240700	    -35.49467100	      1.29171000	      0.01150000	     -0.45660300	      0.00000000	      0.00000000	      0.00000000	      0.74288500	      0.01150000	     -0.54293900	      0.00000000	      3.33628600	      0.00000000	      0.00000000	      0.00000000	      0.00000000
      5.64300000	    -80.75336700	   1017.73618100	    -34.97681600	      1.29146500	      0.01150000	     -0.45676700	      0.00000000	      0.00000000	      0.00000000	      0.74350300	      0.01150000	     -0.54304700	      0.00000000	      3.34817000	      0.00000000	      0.00000000	      0.00000000	      0.00000000
      5.64350000	    -83.63086700	   1024.95280000	    -34.45966100	      1.29121000	      0.01150000	     -0.45692700	      0.00000000	      0.00000000	      0.00000000	      0.74412200	      0.01150000	     -0.54315400	      0.00000000	      3.36577300	      0.00000000	      0.00000000	      0.00000000	      0.00000000
      5.64400000	    -86.53500500	   1032.06094600	    -33.94385500	      1.29094500	      0.01150000	     -0.45708300	      0.00000000	      0.00000000	      0.00000000	      0.74474000	      0.01150000	     -0.54326200	      0.00000000	      3.38874800	      0.00000000	      0.00000000	      0.00000000	      0.00000000
      5.64450000	    -89.46363400	   1039.06939800	    -33.43015400	      1.29067000	      0.01150000	     -0.45723500	      0.00000000	      0.00000000	      0.00000000	      0.74535800	      0.01150000	     -0.54336900	      0.00000000	      3.41664800	      0.00000000	      0.00000000	      0.00000000	      0.00000000
      5.64500000	    -92.41439600	   1045.98700600	    -32.91943100	      1.29038500	      0.01150000	     -0.45738400	      0.00000000	      0.00000000	      0.00000000	      0.74597600	      0.01150000	     -0.54347700	      0.00000000	      3.44895300	      0.00000000	      0.00000000	      0.00000000	      0.00000000
      5.64550000	    -95.38472100	   1052.82264900	    -32.41268700	      1.29009100	      0.01150000	     -0.45752900	      0.00000000	      0.00000000	      0.00000000	      0.74659500	      0.01150000	     -0.54358500	      0.00000000	      3.48509000	      0.00000000	      0.00000000	      0.00000000	      0.00000000
      5.64600000	    -98.37182400	   1059.58519600	    -31.91104300	      1.28978900	      0.01150000	     -0.45767000	      0.00000000	      0.00000000	      0.00000000	      0.74721300	      0.01150000	     -0.54369200	      0.00000000	      3.52445300	      0.00000000	      0.00000000	      0.00000000	      0.00000000
      5.64650000	   -101.37272300	   1066.28345900	    -31.41573500	      1.28947900	      0.01150000	     -0.45780800	      0.00000000	      0.00000000	      0.00000000	      0.74783100	      0.01150000	     -0.54380000	      0.00000000	      3.56642400	      0.00000000	      0.00000000	      0.00000000	      0.00000000
      5.64700000	   -104.38425200	   1072.92613200	    -30.92812000	      1.28916000	      0.01150000	     -0.45794200	      0.00000000	      0.00000000	      0.00000000	      0.74845000	      0.01150000	     -0.54390700	      0.00000000	      3.61038300	      0.00000000	      0.00000000	      0.00000000	      0.00000000
      5.64750000	   -107.40309000	   1079.52173000	    -30.44967500	      1.28883500	      0.01150000	     -0.45807200	      0.00000000	      0.00000000	      0.00000000	      0.74906800	      0.01150000	     -0.54401500	      0.00000000	      3.65571800	      0.00000000	      0.00000000	      0.00000000	      0.00000000
      5.64800000	   -110.42578400	   1086.07853500	    -29.98201300	      1.28850200	      0.01150000	     -0.45819800	      0.00000000	      0.00000000	      0.00000000	      0.74968600	      0.01150000	     -0.54412200	      0.00000000	      3.70182500	      0.00000000	      0.00000000	      0.00000000	      0.00000000
      5.64850000	   -113.44878300	   1092.60454700	    -29.52689000	      1.28816300	      0.01150000	     -0.45832000	      0.00000000	      0.00000000	      0.00000000	      0.75030400	      0.01150000	     -0.54423000	      0.00000000	      3.74811700	      0.00000000	      0.00000000	      0.00000000	      0.00000000
      5.64900000	   -116.46846300	   1099.10744600	    -29.08622600	      1.28781700	      0.01150000	     -0.45843800	      0.00000000	      0.00000000	      0.00000000	      0.75092300	      0.01150000	     -0.54433700	      0.00000000	      3.79401200	      0.00000000	      0.00000000	      0.00000000	      0.00000000
      5.64950000	   -119.48114200	   1105.59456300	    -28.66210400	      1.28746500	      0.01150000	     -0.45855100	      0.00000000	      0.00000000	      0.00000000	      0.75154100	      0.01150000	     -0.54444500	      0.00000000	      3.83892600	      0.00000000	      0.00000000	      0.00000000	      0.00000000
      5.65000000	   -122.48309700	   1112.07286100	    -28.25678100	      1.28710700	      0.01150000	     -0.45866000	      0.00000000	      0.00000000	      0.00000000	      0.75215900	      0.01150000	     -0.54455300	      0.00000000	      3.88227100	      0.00000000	      0.00000000	      0.00000000	      0.00000000
      5.65050000	   -125.47056900	   1118.54891300	    -27.87266600	      1.28674400	      0.01150000	     -0.45876400	      0.00000000	      0.00000000	      0.00000000	      0.75294900	      0.01150000	     -0.54469700	      0.00000000	      3.92344500	      0.00000000	      0.00000000	      0.00000000	      0.00000000
      5.65100000	   -128.43977800	   1125.02887300	    -27.51229100	      1.28637400	      0.01150000	     -0.45886300	      0.00000000	      0.00000000	      0.00000000	      0.75373900	      0.01150000	     -0.54484100	      0.00000000	      3.96183500	      0.00000000	      0.00000000	      0.00000000	      0.00000000
      5.65150000	   -131.38693400	   1131.51847000	    -27.17828300	      1.28599800	      0.01150000	     -0.45895600	      0.00000000	      0.00000000	      0.00000000	      0.75452900	      0.01150000	     -0.54498500	      0.00000000	      3.99681700	      0.00000000	      0.00000000	      0.00000000	      0.00000000
      5.65200000	   -134.30824800	   1138.02298700	    -26.87334300	      1.28561600	      0.01150000	     -0.45904500	      0.00000000	      0.00000000	      0.00000000	      0.75531900	      0.01150000	     -0.54512900	      0.00000000	      4.02774400	      0.00000000	      0.00000000	      0.00000000	      0.00000000
      5.65250000	   -137.19994100	   1144.54725600	    -26.60022300	      1.28522600	      0.01150000	     -0.45912800	      0.00000000	      0.00000000	      0.00000000	      0.75610900	      0.01150000	     -0.54527300	      0.00000000	      4.05393600	      0.00000000	      0.00000000	      0.00000000	      0.00000000
      5.65300000	   -140.05823500	   1151.09565300	    -26.36171300	      1.28483000	      0.01150000	     -0.45920600	      0.00000000	      0.00000000	      0.00000000	      0.75689800	      0.01150000	     -0.54541700	      0.00000000	      4.07467100	      0.00000000	      0.00000000	      0.00000000	      0.00000000
      5.65350000	   -142.87936500	   1157.67210000	    -26.16060300	      1.28442600	      0.01150000	     -0.45927800	      0.00000000	      0.00000000	      0.00000000	      0.75768800	      0.01150000	     -0.54556100	      0.00000000	      4.08919500	      0.00000000	      0.00000000	      0.00000000	      0.00000000
      5.65400000	   -145.65956200	   1164.28008400	    -25.99966000	      1.28401500	      0.01150000	     -0.45934500	      0.00000000	      0.00000000	      0.00000000	      0.75847800	      0.01150000	     -0.54570500	      0.00000000	      4.09674100	      0.00000000	      0.00000000	      0.00000000	      0.00000000
      5.65450000	   -148.39505500	   1170.92267300	    -25.88159400	      1.28359400	      0.01150000	     -0.45940500	      0.00000000	      0.00000000	      0.00000000	      0.75926800	      0.01150000	     -0.54584900	      0.00000000	      4.09652800	      0.00000000	      0.00000000	      0.00000000	      0.00000000
      5.65500000	   -151.08205400	   1177.60255200	    -25.80903200	      1.28316500	      0.01150000	     -0.45946000	      0.00000000	      0.00000000	      0.00000000	      0.76005800	      0.01150000	     -0.54599300	      0.00000000	      4.08777200	      0.00000000	      0.00000000	      0.00000000	      0.00000000
      5.65550000	   -153.71675900	   1184.32207900	    -25.78448300	      1.28272700	      0.01150000	     -0.45951000	      0.00000000	      0.00000000	      0.00000000	      0.76084800	      0.01150000	     -0.54613700	      0.00000000	      4.06968400	      0.00000000	      0.00000000	      0.00000000	      0.00000000
      5.65600000	   -156.29536800	   1191.08332000	    -25.81029600	      1.28228000	      0.01150000	     -0.45955300	      0.00000000	      0.00000000	      0.00000000	      0.76163800	      0.01150000	     -0.54628100	      0.00000000	      4.04147700	      0.00000000	      0.00000000	      0.00000000	      0.00000000
      5.65650000	   -158.81410200	   1197.88809400	    -25.88861400	      1.28182200	      0.01150000	     -0.45959100	      0.00000000	      0.00000000	      0.00000000	      0.76242800	      0.01150000	     -0.54642500	      0.00000000	      4.00238400	      0.00000000	      0.00000000	      0.00000000	      0.00000000
      5.65700000	   -161.26923000	   1204.73800200	    -26.02133100	      1.28135400	      0.01150000	     -0.45962200	      0.00000000	      0.00000000	      0.00000000	      0.76321700	      0.01150000	     -0.54656900	      0.00000000	      3.95168000	      0.00000000	      0.00000000	      0.00000000	      0.00000000
      5.65750000	   -163.65708300	   1211.63446000	    -26.21004600	      1.28087600	      0.01150000	     -0.45964800	      0.00000000	      0.00000000	      0.00000000	      0.76400700	      0.01150000	     -0.54671300	      0.00000000	      3.88870200	      0.00000000	      0.00000000	      0.00000000	      0.00000000
      5.65800000	   -165.97407800	   1218.57872200	    -26.45603100	      1.28038600	      0.01150000	     -0.45966900	      0.00000000	      0.00000000	      0.00000000	      0.76479700	      0.01150000	     -0.54685700	      0.00000000	      3.81287000	      0.00000000	      0.00000000	      0.00000000	      0.00000000
      5.65850000	   -168.21674900	   1225.57190300	    -26.76019600	      1.27988500	      0.01150000	     -0.45968400	      0.00000000	      0.00000000	      0.00000000	      0.76558700	      0.01150000	     -0.54700100	      0.00000000	      3.72371100	      0.00000000	      0.00000000	      0.00000000	      0.00000000
      5.65900000	   -170.38178400	   1232.61498000	    -27.12305700	      1.27937200	      0.01150000	     -0.45969500	      0.00000000	      0.00000000	      0.00000000	      0.76637700	      0.01150000	     -0.54714500	      0.00000000	      3.62088400	      0.00000000	      0.00000000	      0.00000000	      0.00000000
      5.65950000	   -172.46606200	   1239.70878500	    -27.54470500	      1.27884700	      0.01150000	     -0.45970000	      0.00000000	      0.00000000	      0.00000000	      0.76716700	      0.01150000	     -0.54728900	      0.00000000	      3.50419900	      0.00000000	      0.00000000	      0.00000000	      0.00000000
      5.66000000	   -174.46668900	   1246.85399300	    -28.02477900	      1.27831000	      0.01150000	     -0.45970100	      0.00000000	      0.00000000	      0.00000000	      0.76795700	      0.01150000	     -0.54743300	      0.00000000	      3.37364200	      0.00000000	      0.00000000	      0.00000000	      0.00000000
      5.66050000	   -176.38102000	   1254.05112700	    -28.56245500	      1.27775900	      0.01150000	     -0.45969700	      0.00000000	      0.00000000	      0.00000000	      0.76890600	      0.01150000	     -0.54760100	      0.00000000	      3.22938900	      0.00000000	      0.00000000	      0.00000000	      0.00000000
      5.66100000	   -178.20666600	   1261.30056400	    -29.15644200	      1.27719400	      0.01150000	     -0.45969000	      0.00000000	      0.00000000	      0.00000000	      0.76985600	      0.01150000	     -0.54776800	      0.00000000	      3.07182600	      0.00000000	      0.00000000	      0.00000000	      0.00000000
      5.66150000	   -179.94148200	   1268.60253200	    -29.80497200	      1.27661600	      0.01150000	     -0.45967900	      0.00000000	      0.00000000	      0.00000000	      0.77080600	      0.01150000	     -0.54793600	      0.00000000	      2.90155400	      0.00000000	      0.00000000	      0.00000000	      0.00000000
      5.66200000	   -181.58354700	   1275.95710000	    -30.50580200	      1.27602200	      0.01150000	     -0.45966500	      0.00000000	      0.00000000	      0.00000000	      0.77175600	      0.01150000	     -0.54810300	      0.00000000	      2.71940100	      0.00000000	      0.00000000	      0.00000000	      0.00000000
      5.66250000	   -183.13114300	   1283.36417700	    -31.25622500	      1.27541400	      0.01150000	     -0.45964900	      0.00000000	      0.00000000	      0.00000000	      0.77270600	      0.01150000	     -0.54827100	      0.00000000	      2.52642800	      0.00000000	      0.00000000	      0.00000000	      0.00000000
      5.66300000	   -184.58273200	   1290.82350600	    -32.05309700	      1.27479000	      0.01150000	     -0.45962900	      0.00000000	      0.00000000	      0.00000000	      0.77365600	      0.01150000	     -0.54843800	      0.00000000	      2.32392200	      0.00000000	      0.00000000	      0.00000000	      0.00000000
      5.66350000	   -185.93694000	   1298.33466100	    -32.89288100	      1.27415000	      0.01150000	     -0.45960700	      0.00000000	      0.00000000	      0.00000000	      0.77460500	      0.01150000	     -0.54860600	      0.00000000	      2.11337800	      0.00000000	      0.00000000	      0.00000000	      0.00000000
      5.66400000	   -187.19255200	   1305.89705000	    -33.77170700	      1.27349400	      0.01150000	     -0.45958300	      0.00000000	      0.00000000	      0.00000000	      0.77555500	      0.01150000	     -0.54877300	      0.00000000	      1.89646300	      0.00000000	      0.00000000	      0.00000000	      0.00000000
      5.66450000	   -188.34850400	   1313.50991100	    -34.68543000	      1.27282100	      0.01150000	     -0.45955600	      0.00000000	      0.00000000	      0.00000000	      0.77650500	      0.01150000	     -0.54894100	      0.00000000	      1.67498400	      0.00000000	      0.00000000	      0.00000000	      0.00000000
      5.66500000	   -189.40389700	   1321.17230000	    -35.62970000	      1.27213100	      0.01150000	     -0.45952800	      0.00000000	      0.00000000	      0.00000000	      0.77745500	      0.01150000	     -0.54910800	      0.00000000	      1.45084700	      0.00000000	      0.00000000	      0.00000000	      0.00000000
      5.66550000	   -190.35800700	   1328.88306800	    -36.60002000	      1.27142400	      0.01150000	     -0.45949700	      0.00000000	      0.00000000	      0.00000000	      0.77840500	      0.01150000	     -0.54927600	      0.00000000	      1.22601700	      0.00000000	      0.00000000	      0.00000000	      0.00000000
      5.66600000	   -191.21030100	   1336.64083700	    -37.59180800	      1.27070000	      0.01150000	     -0.45946400	      0.00000000	      0.00000000	      0.00000000	      0.77935400	      0.01150000	     -0.54944300	      0.00000000	      1.00248200	      0.00000000	      0.00000000	      0.00000000	      0.00000000
      5.66650000	   -191.96043400	   1344.44399300	    -38.60044600	      1.26995700	      0.01150000	     -0.45943000	      0.00000000	      0.00000000	      0.00000000	      0.78030400	      0.01150000	     -0.54961100	      0.00000000	      0.78220700	      0.00000000	      0.00000000	      0.00000000	      0.00000000
      5.66700000	   -192.60825600	   1352.29068700	    -39.62133900	      1.26919700	      0.01150000	     -0.45939300	      0.00000000	      0.00000000	      0.00000000	      0.78125400	      0.01150000	     -0.54977900	      0.00000000	      0.56709900	      0.00000000	      0.00000000	      0.00000000	      0.00000000
      5.66750000	   -193.15380100	   1360.17883400	    -40.64997700	      1.26842000	      0.01150000	     -0.45935400	      0.00000000	      0.00000000	      0.00000000	      0.78220400	      0.01150000	     -0.54994600	      0.00000000	      0.35895500	      0.00000000	      0.00000000	      0.00000000	      0.00000000
      5.66800000	   -193.59728900	   1368.10612900	    -41.68199900	      1.26762400	      0.01150000	     -0.45931400	      0.00000000	      0.00000000	      0.00000000	      0.78315400	      0.01150000	     -0.55011400	      0.00000000	      0.15941900	      0.00000000	      0.00000000	      0.00000000	      0.00000000
      5.66850000	   -193.93911900	   1376.07005300	    -42.71324800	      1.26681100	      0.01150000	     -0.45927100	      0.00000000	      0.00000000	      0.00000000	      0.78410400	      0.01150000	     -0.55028100	      0.00000000	     -0.03006400	      0.00000000	      0.00000000	      0.00000000	      0.00000000
      5.66900000	   -194.17988000	   1384.06790400	    -43.73982800	      1.26598100	      0.01150000	     -0.45922700	      0.00000000	      0.00000000	      0.00000000	      0.78505300	      0.01150000	     -0.55044900	      0.00000000	     -0.20828600	      0.00000000	      0.00000000	      0.00000000	      0.00000000
      5.66950000	   -194.32034600	   1392.09682400	    -44.75814800	      1.26513300	      0.01150000	     -0.45918100	      0.00000000	      0.00000000	      0.00000000	      0.78600300	      0.01150000	     -0.55061600	      0.00000000	     -0.37430900	      0.00000000	      0.00000000	      0.00000000	      0.00000000
      5.67000000	   -194.36148100	   1400.15383800	    -45.76495900	      1.26426800	      0.01150000	     -0.45913300	      0.00000000	      0.00000000	      0.00000000	      0.78695300	      0.01150000	     -0.55078400	      0.00000000	     -0.52748800	      0.00000000	      0.00000000	      0.00000000	      0.00000000
      5.67050000	   -194.30443200	   1408.23588400	    -46.75737800	      1.26338700	      0.01150000	     -0.45908300	      0.00000000	      0.00000000	      0.00000000	      0.78804800	      0.01150000	     -0.55096300	      0.00000000	     -0.66749300	      0.00000000	      0.00000000	      0.00000000	      0.00000000
      5.67100000	   -194.15052300	   1416.33982600	    -47.73288700	      1.26248900	      0.01150000	     -0.45903300	      0.00000000	      0.00000000	      0.00000000	      0.78914300	      0.01150000	     -0.55114100	      0.00000000	     -0.79429900	      0.00000000	      0.00000000	      0.00000000	      0.00000000
      5.67150000	   -193.90124100	   1424.46246000	    -48.68933800	      1.26157500	      0.01150000	     -0.45898100	      0.00000000	      0.00000000	      0.00000000	      0.79023800	      0.01150000	     -0.55132000	      0.00000000	     -0.90817500	      0.00000000	      0.00000000	      0.00000000	      0.00000000
      5.67200000	   -193.55823600	   1432.60051300	    -49.62494000	      1.26064500	      0.01150000	     -0.45892800	      0.00000000	      0.00000000	      0.00000000	      0.79133300	      0.01150000	     -0.55149900	      0.00000000	     -1.00966200	      0.00000000	      0.00000000	      0.00000000	      0.00000000
      5.67250000	   -193.12331300	   1440.75062700	    -50.53824800	      1.25970100	      0.01150000	     -0.45887400	      0.00000000	      0.00000000	      0.00000000	      0.79242900	      0.01150000	     -0.55167800	      0.00000000	     -1.09954800	      0.00000000	      0.00000000	      0.00000000	      0.00000000
      5.67300000	   -192.59842800	   1448.90933600	    -51.42814400	      1.25874200	      0.01150000	     -0.45882000	      0.00000000	      0.00000000	      0.00000000	      0.79352400	      0.01150000	     -0.55185700	      0.00000000	     -1.17884800	      0.00000000	      0.00000000	      0.00000000	      0.00000000
      5.67350000	   -191.98570100	   1457.07304600	    -52.29382300	      1.25777000	      0.01150000	     -0.45876500	      0.00000000	      0.00000000	      0.00000000	      0.79461900	      0.01150000	     -0.55203500	      0.00000000	     -1.24877200	      0.00000000	      0.00000000	      0.00000000	      0.00000000
      5.67400000	   -191.28741200	   1465.23801700	    -53.13477100	      1.25678400	      0.01150000	     -0.45871000	      0.00000000	      0.00000000	      0.00000000	      0.79571400	      0.01150000	     -0.55221400	      0.00000000	     -1.31068600	      0.00000000	      0.00000000	      0.00000000	      0.00000000
      5.67450000	   -190.50600000	   1473.40034100	    -53.95073000	      1.25578700	      0.01150000	     -0.45865500	      0.00000000	      0.00000000	      0.00000000	      0.79680900	      0.01150000	     -0.55239300	      0.00000000	     -1.36606400	      0.00000000	      0.00000000	      0.00000000	      0.00000000
      5.67500000	   -189.64405000	   1481.55593100	    -54.74166800	      1.25477800	      0.01150000	     -0.45860000	      0.00000000	      0.00000000	      0.00000000	      0.79790400	      0.01150000	     -0.55257200	      0.00000000	     -1.41643600	      0.00000000	      0.00000000	      0.00000000	      0.00000000
      5.67550000	   -188.70427300	   1489.70052900	    -55.50773700	      1.25375800	      0.01150000	     -0.45854600	      0.00000000	      0.00000000	      0.00000000	      0.79899900	      0.01150000	     -0.55275000	      0.00000000	     -1.46333600	      0.00000000	      0.00000000	      0.00000000	      0.00000000
      5.67600000	   -187.68948700	   1497.82971500	    -56.24922700	      1.25272900	      0.01150000	     -0.45849300	      0.00000000	      0.00000000	      0.00000000	      0.80009400	      0.01150000	     -0.55292900	      0.00000000	     -1.50824900	      0.00000000	      0.00000000	      0.00000000	      0.00000000
      5.67650000	   -186.60258600	   1505.93890700	    -56.96651900	      1.25169100	      0.01150000	     -0.45844000	      0.00000000	      0.00000000	      0.00000000	      0.80118900	      0.01150000	     -0.55310800	      0.00000000	     -1.55256100	      0.00000000	      0.00000000	      0.00000000	      0.00000000
      5.67700000	   -185.44651500	   1514.02338100	    -57.66002700	      1.25064500	      0.01150000	     -0.45838800	      0.00000000	      0.00000000	      0.00000000	      0.80228400	      0.01150000	     -0.55328700	      0.00000000	     -1.59751000	      0.00000000	      0.00000000	      0.00000000	      0.00000000
      5.67750000	   -184.22423000	   1522.07829800	    -58.33015000	      1.24959200	      0.01150000	     -0.45833800	      0.00000000	      0.00000000	      0.00000000	      0.80337900	      0.01150000	     -0.55346600	      0.00000000	     -1.64414500	      0.00000000	      0.00000000	      0.00000000	      0.00000000
      5.67800000	   -182.93867500	   1530.09874300	    -58.97723000	      1.24853300	      0.01150000	     -0.45828900	      0.00000000	      0.00000000	      0.00000000	      0.80447500	      0.01150000	     -0.55364400	      0.00000000	     -1.69329400	      0.00000000	      0.00000000	      0.00000000	      0.00000000
      5.67850000	   -181.59275800	   1538.07975900	    -59.60153400	      1.24746800	      0.01150000	     -0.45824100	      0.00000000	      0.00000000	      0.00000000	      0.80557000	      0.01150000	     -0.55382300	      0.00000000	     -1.74554300	      0.00000000	      0.00000000	      0.00000000	      0.00000000
      5.67900000	   -180.18933100	   1546.01637200	    -60.20322900	      1.24639900	      0.01150000	     -0.45819400	      0.00000000	      0.00000000	      0.00000000	      0.80666500	      0.01150000	     -0.55400200	      0.00000000	     -1.80121300	      0.00000000	      0.00000000	      0.00000000	      0.00000000
      5.67950000	   -178.73117200	   1553.90361500	    -60.78238400	      1.24532600	      0.01150000	     -0.45814800	      0.00000000	      0.00000000	      0.00000000	      0.80776000	      0.01150000	     -0.55418100	      0.00000000	     -1.86035700	      0.00000000	      0.00000000	      0.00000000	      0.00000000
      5.68000000	   -177.22096900	   1561.73654600	    -61.33896600	      1.24425100	      0.01150000	     -0.45810400	      0.00000000	      0.00000000	      0.00000000	      0.80885500	      0.01150000	     -0.55436000	      0.00000000	     -1.92276200	      0.00000000	      0.00000000	      0.00000000	      0.00000000
      5.68050000	   -175.66131200	   1569.51026100	    -61.87285800	      1.24317400	      0.01150000	     -0.45806000	      0.00000000	      0.00000000	      0.00000000	      0.81008000	      0.01150000	     -0.55454000	      0.00000000	     -1.98797600	      0.00000000	      0.00000000	      0.00000000	      0.00000000
      5.68100000	   -174.05468500	   1577.21991100	    -62.38386600	      1.24209500	      0.01150000	     -0.45801700	      0.00000000	      0.00000000	      0.00000000	      0.81130500	      0.01150000	     -0.55472000	      0.00000000	     -2.05533900	      0.00000000	      0.00000000	      0.00000000	      0.00000000
      5.68150000	   -172.40346900	   1584.86072700	    -62.87172700	      1.24101700	      0.01150000	     -0.45797400	      0.00000000	      0.00000000	      0.00000000	      0.81253000	      0.01150000	     -0.55490000	      0.00000000	     -2.12402300	      0.00000000	      0.00000000	      0.00000000	      0.00000000
      5.68200000	   -170.70996000	   1592.42802600	    -63.33612000	      1.23993900	      0.01150000	     -0.45793200	      0.00000000	      0.00000000	      0.00000000	      0.81375500	      0.01150000	     -0.55508000	      0.00000000	     -2.19308100	      0.00000000	      0.00000000	      0.00000000	      0.00000000
      5.68250000	   -168.97638800	   1599.91722000	    -63.77667500	      1.23886200	      0.01150000	     -0.45789000	      0.00000000	      0.00000000	      0.00000000	      0.81498000	      0.01150000	     -0.55526100	      0.00000000	     -2.26147900	      0.00000000	      0.00000000	      0.00000000	      0.00000000
      5.68300000	   -167.20494900	   1607.32382900	    -64.19299300	      1.23778800	      0.01150000	     -0.45784800	      0.00000000	      0.00000000	      0.00000000	      0.81620500	      0.01150000	     -0.55544100	      0.00000000	     -2.32814400	      0.00000000	      0.00000000	      0.00000000	      0.00000000
      5.68350000	   -165.39782100	   1614.64348500	    -64.58465600	      1.23671600	      0.01150000	     -0.45780500	      0.00000000	      0.00000000	      0.00000000	      0.81743000	      0.01150000	     -0.55562100	      0.00000000	     -2.39200300	      0.00000000	      0.00000000	      0.00000000	      0.00000000
      5.68400000	   -163.55718300	   1621.87195100	    -64.95125000	      1.23564800	      0.01150000	     -0.45776300	      0.00000000	      0.00000000	      0.00000000	      0.81865500	      0.01150000	     -0.55580100	      0.00000000	     -2.45203000	      0.00000000	      0.00000000	      0.00000000	      0.00000000
      5.68450000	   -161.68522700	   1629.00512400	    -65.29238600	      1.23458400	      0.01150000	     -0.45772100	      0.00000000	      0.00000000	      0.00000000	      0.81988000	      0.01150000	     -0.55598200	      0.00000000	     -2.50729800	      0.00000000	      0.00000000	      0.00000000	      0.00000000
      5.68500000	   -159.78417300	   1636.03905200	    -65.60771600	      1.23352400	      0.01150000	     -0.45767800	      0.00000000	      0.00000000	      0.00000000	      0.82110500	      0.01150000	     -0.55616200	      0.00000000	     -2.55700900	      0.00000000	      0.00000000	      0.00000000	      0.00000000
      5.68550000	   -157.85627200	   1642.96992300	    -65.89693900	      1.23246900	      0.01150000	     -0.45763500	      0.00000000	      0.00000000	      0.00000000	      0.82233000	      0.01150000	     -0.55634200	      0.00000000	     -2.60052900	      0.00000000	      0.00000000	      0.00000000	      0.00000000
      5.68600000	   -155.90381700	   1649.79406400	    -66.15979200	      1.23141800	      0.01150000	     -0.45759300	      0.00000000	      0.00000000	      0.00000000	      0.82355500	      0.01150000	     -0.55652200	      0.00000000	     -2.63739900	      0.00000000	      0.00000000	      0.00000000	      0.00000000
      5.68650000	   -153.92914000	   1656.50795300	    -66.39604900	      1.23037300	      0.01150000	     -0.45755000	      0.00000000	      0.00000000	      0.00000000	      0.82478000	      0.01150000	     -0.55670200	      0.00000000	     -2.66734800	      0.00000000	      0.00000000	      0.00000000	      0.00000000
      5.68700000	   -151.93460800	   1663.10824000	    -66.60551900	      1.22933200	      0.01150000	     -0.45750800	      0.00000000	      0.00000000	      0.00000000	      0.82600500	      0.01150000	     -0.55688300	      0.00000000	     -2.69030200	      0.00000000	      0.00000000	      0.00000000	      0.00000000
      5.68750000	   -149.92260500	   1669.59176600	    -66.78804500	      1.22829700	      0.01150000	     -0.45746500	      0.00000000	      0.00000000	      0.00000000	      0.82723000	      0.01150000	     -0.55706300	      0.00000000	     -2.70637500	      0.00000000	      0.00000000	      0.00000000	      0.00000000
      5.68800000	   -147.89551100	   1675.95556900	    -66.94351600	      1.22726600	      0.01150000	     -0.45742300	      0.00000000	      0.00000000	      0.00000000	      0.82845500	      0.01150000	     -0.55724300	      0.00000000	     -2.71586600	      0.00000000	      0.00000000	      0.00000000	      0.00000000
      5.68850000	   -145.85568700	   1682.19689400	    -67.07187900	      1.22624000	      0.01150000	     -0.45738100	      0.00000000	      0.00000000	      0.00000000	      0.82968000	      0.01150000	     -0.55742300	      0.00000000	     -2.71923600	      0.00000000	      0.00000000	      0.00000000	      0.00000000
      5.68900000	   -143.80545400	   1688.31319500	    -67.17315700	      1.22521900	      0.01150000	     -0.45733900	      0.00000000	      0.00000000	      0.00000000	      0.83090600	      0.01150000	     -0.55760300	      0.00000000	     -2.71708400	      0.00000000	      0.00000000	      0.00000000	      0.00000000
      5.68950000	   -141.74707200	   1694.30212600	    -67.24747600	      1.22420300	      0.01150000	     -0.45729700	      0.00000000	      0.00000000	      0.00000000	      0.83213100	      0.01150000	     -0.55778400	      0.00000000	     -2.71013200	      0.00000000	      0.00000000	      0.00000000	      0.00000000
      5.69000000	   -139.68271400	   1700.16152700	    -67.29507900	      1.22319100	      0.01150000	     -0.45725600	      0.00000000	      0.00000000	      0.00000000	      0.83335600	      0.01150000	     -0.55796400	      0.00000000	     -2.69919700	      0.00000000	      0.00000000	      0.00000000	      0.00000000
      5.69050000	   -137.61444900	   1705.88941100	    -67.31634600	      1.22218300	      0.01150000	     -0.45721500	      0.00000000	      0.00000000	      0.00000000	      0.83469700	      0.01150000	     -0.55813800	      0.00000000	     -2.68517800	      0.00000000	      0.00000000	      0.00000000	      0.00000000
      5.69100000	   -135.54421800	   1711.48394300	    -67.31179700	      1.22117900	      0.01150000	     -0.45717400	      0.00000000	      0.00000000	      0.00000000	      0.83603800	      0.01150000	     -0.55831300	      0.00000000	     -2.66902000	      0.00000000	      0.00000000	      0.00000000	      0.00000000
      5.69150000	   -133.47382700	   1716.94340600	    -67.28209100	      1.22017800	      0.01150000	     -0.45713400	      0.00000000	      0.00000000	      0.00000000	      0.83737900	      0.01150000	     -0.55848700	      0.00000000	     -2.65167700	      0.00000000	      0.00000000	      0.00000000	      0.00000000
      5.69200000	   -131.40492800	   1722.26617400	    -67.22800900	      1.21918000	      0.01150000	     -0.45709400	      0.00000000	      0.00000000	      0.00000000	      0.83872000	      0.01150000	     -0.55866200	      0.00000000	     -2.63406400	      0.00000000	      0.00000000	      0.00000000	      0.00000000
      5.69250000	   -129.33901900	   1727.45068800	    -67.15043400	      1.21818600	      0.01150000	     -0.45705400	      0.00000000	      0.00000000	      0.00000000	      0.84006100	      0.01150000	     -0.55883600	      0.00000000	     -2.61701700	      0.00000000	      0.00000000	      0.00000000	      0.00000000
      5.69300000	   -127.27743600	   1732.49545400	    -67.05034000	      1.21719400	      0.01150000	     -0.45701500	      0.00000000	      0.00000000	      0.00000000	      0.84140200	      0.01150000	     -0.55901000	      0.00000000	     -2.60126500	      0.00000000	      0.00000000	      0.00000000	      0.00000000
      5.69350000	   -125.22135800	   1737.39904200	    -66.92877700	      1.21620500	      0.01150000	     -0.45697600	      0.00000000	      0.00000000	      0.00000000	      0.84274300	      0.01150000	     -0.55918500	      0.00000000	     -2.58741500	      0.00000000	      0.00000000	      0.00000000	      0.00000000
      5.69400000	   -123.17180100	   1742.16010700	    -66.78686900	      1.21521700	      0.01150000	     -0.45693700	      0.00000000	      0.00000000	      0.00000000	      0.84408400	      0.01150000	     -0.55935900	      0.00000000	     -2.57593800	      0.00000000	      0.00000000	      0.00000000	      0.00000000
      5.69450000	   -121.12962300	   1746.77738900	    -66.62580500	      1.21423100	      0.01150000	     -0.45689800	      0.00000000	      0.00000000	      0.00000000	      0.84542500	      0.01150000	     -0.55953400	      0.00000000	     -2.56716400	      0.00000000	      0.00000000	      0.00000000	      0.00000000
      5.69500000	   -119.09552900	   1751.24972100	    -66.44684600	      1.21324600	      0.01150000	     -0.45685900	      0.00000000	      0.00000000	      0.00000000	      0.84676600	      0.01150000	     -0.55970800	      0.00000000	     -2.56127500	      0.00000000	      0.00000000	      0.00000000	      0.00000000
      5.69550000	   -117.07009600	   1755.57603900	    -66.25133100	      1.21226300	      0.01150000	     -0.45682100	      0.00000000	      0.00000000	      0.00000000	      0.84810700	      0.01150000	     -0.55988200	      0.00000000	     -2.55829900	      0.00000000	      0.00000000	      0.00000000	      0.00000000
      5.69600000	   -115.05379500	   1759.75539000	    -66.04069100	      1.21128000	      0.01150000	     -0.45678200	      0.00000000	      0.00000000	      0.00000000	      0.84944800	      0.01150000	     -0.56005700	      0.00000000	     -2.55812000	      0.00000000	      0.00000000	      0.00000000	      0.00000000
      5.69650000	   -113.04701400	   1763.78693800	    -65.81645300	      1.21029700	      0.01150000	     -0.45674300	      0.00000000	      0.00000000	      0.00000000	      0.85078900	      0.01150000	     -0.56023100	      0.00000000	     -2.56048500	      0.00000000	      0.00000000	      0.00000000	      0.00000000
      5.69700000	   -111.05008700	   1767.66996100	    -65.58023300	      1.20931500	      0.01150000	     -0.45670400	      0.00000000	      0.00000000	      0.00000000	      0.85213000	      0.01150000	     -0.56040600	      0.00000000	     -2.56503000	      0.00000000	      0.00000000	      0.00000000	      0.00000000
      5.69750000	   -109.06331500	   1771.40384600	    -65.33372800	      1.20833200	      0.01150000	     -0.45666600	      0.00000000	      0.00000000	      0.00000000	      0.85347100	      0.01150000	     -0.56058000	      0.00000000	     -2.57130300	      0.00000000	      0.00000000	      0.00000000	      0.00000000
      5.69800000	   -107.08698300	   1774.98809700	    -65.07869800	      1.20734900	      0.01150000	     -0.45662700	      0.00000000	      0.00000000	      0.00000000	      0.85481200	      0.01150000	     -0.56075400	      0.00000000	     -2.57878300	      0.00000000	      0.00000000	      0.00000000	      0.00000000
      5.69850000	   -105.12137100	   1778.42235100	    -64.81694000	      1.20636500	      0.01150000	     -0.45658800	      0.00000000	      0.00000000	      0.00000000	      0.85615300	      0.01150000	     -0.56092900	      0.00000000	     -2.58690900	      0.00000000	      0.00000000	      0.00000000	      0.00000000
      5.69900000	   -103.16675300	   1781.70639000	    -64.55027200	      1.20538000	      0.01150000	     -0.45654900	      0.00000000	      0.00000000	      0.00000000	      0.85749400	      0.01150000	     -0.56110300	      0.00000000	     -2.59510100	      0.00000000	      0.00000000	      0.00000000	      0.00000000
      5.69950000	   -101.22340200	   1784.84014700	    -64.28050800	      1.20439400	      0.01150000	     -0.45651000	      0.00000000	      0.00000000	      0.00000000	      0.85883500	      0.01150000	     -0.56127800	      0.00000000	     -2.60278200	      0.00000000	      0.00000000	      0.00000000	      0.00000000
      5.70000000	    -99.29158400	   1787.82370800	    -64.00944000	      1.20340800	      0.01150000	     -0.45647200	      0.00000000	      0.00000000	      0.00000000	      0.86017600	      0.01150000	     -0.56145200	      0.00000000	     -2.60940000	      0.00000000	      0.00000000	      0.00000000	      0.00000000
      5.70050000	    -97.37157000	   1790.65728600	    -63.73882500	      1.20242000	      0.01150000	     -0.45643300	      0.00000000	      0.00000000	      0.00000000	      0.86162100	      0.01150000	     -0.56161500	      0.00000000	     -2.61444300	      0.00000000	      0.00000000	      0.00000000	      0.00000000
      5.70100000	    -95.46364200	   1793.34119900	    -63.47036600	      1.20143000	      0.01150000	     -0.45639400	      0.00000000	      0.00000000	      0.00000000	      0.86306600	      0.01150000	     -0.56177900	      0.00000000	     -2.61746500	      0.00000000	      0.00000000	      0.00000000	      0.00000000
      5.70150000	    -93.56809600	   1795.87583700	    -63.20570100	      1.20044000	      0.01150000	     -0.45635600	      0.00000000	      0.00000000	      0.00000000	      0.86451200	      0.01150000	     -0.56194200	      0.00000000	     -2.61810100	      0.00000000	      0.00000000	      0.00000000	      0.00000000
      5.70200000	    -91.68524900	   1798.26163100	    -62.94638200	      1.19944800	      0.01150000	     -0.45631800	      0.00000000	      0.00000000	      0.00000000	      0.86595700	      0.01150000	     -0.56210600	      0.00000000	     -2.61607500	      0.00000000	      0.00000000	      0.00000000	      0.00000000
      5.70250000	    -89.81542700	   1800.49902100	    -62.69386200	      1.19845600	      0.01150000	     -0.45627900	      0.00000000	      0.00000000	      0.00000000	      0.86740200	      0.01150000	     -0.56226900	      0.00000000	     -2.61121600	      0.00000000	      0.00000000	      0.00000000	      0.00000000
      5.70300000	    -87.95896900	   1802.58842900	    -62.44947700	      1.19746200	      0.01150000	     -0.45624100	      0.00000000	      0.00000000	      0.00000000	      0.86884800	      0.01150000	     -0.56243200	      0.00000000	     -2.60346400	      0.00000000	      0.00000000	      0.00000000	      0.00000000
      5.70350000	    -86.11620700	   1804.53023700	    -62.21443000	      1.19646700	      0.01150000	     -0.45620300	      0.00000000	      0.00000000	      0.00000000	      0.87029300	      0.01150000	     -0.56259600	      0.00000000	     -2.59287900	      0.00000000	      0.00000000	      0.00000000	      0.00000000
      5.70400000	    -84.28746800	   1806.32477700	    -61.98979100	      1.19547100	      0.01150000	     -0.45616500	      0.00000000	      0.00000000	      0.00000000	      0.87173800	      0.01150000	     -0.56275900	      0.00000000	     -2.57964100	      0.00000000	      0.00000000	      0.00000000	      0.00000000
      5.70450000	    -82.47307500	   1807.97232900	    -61.77648700	      1.19447500	      0.01150000	     -0.45612700	      0.00000000	      0.00000000	      0.00000000	      0.87318400	      0.01150000	     -0.56292200	      0.00000000	     -2.56405400	      0.00000000	      0.00000000	      0.00000000	      0.00000000
      5.70500000	    -80.67333500	   1809.47312600	    -61.57530200	      1.19347800	      0.01150000	     -0.45608800	      0.00000000	      0.00000000	      0.00000000	      0.87462900	      0.01150000	     -0.56308600	      0.00000000	     -2.54652500	      0.00000000	      0.00000000	      0.00000000	      0.00000000
      5.70550000	    -78.88853900	   1810.82736200	    -61.38687200	      1.19248100	      0.01150000	     -0.45605000	      0.00000000	      0.00000000	      0.00000000	      0.87607400	      0.01150000	     -0.56324900	      0.00000000	     -2.52755000	      0.00000000	      0.00000000	      0.00000000	      0.00000000
      5.70600000	    -77.11894000	   1812.03519800	    -61.21169000	      1.19148500	      0.01150000	     -0.45601200	      0.00000000	      0.00000000	      0.00000000	      0.87752000	      0.01150000	     -0.56341200	      0.00000000	     -2.50769100	      0.00000000	      0.00000000	      0.00000000	      0.00000000
      5.70650000	    -75.36474000	   1813.09678100	    -61.05010100	      1.19048900	      0.01150000	     -0.45597300	      0.00000000	      0.00000000	      0.00000000	      0.87896500	      0.01150000	     -0.56357600	      0.00000000	     -2.48755100	      0.00000000	      0.00000000	      0.00000000	      0.00000000
      5.70700000	    -73.62607600	   1814.01226100	    -60.90232100	      1.18949300	      0.01150000	     -0.45593400	      0.00000000	      0.00000000	      0.00000000	      0.88041000	      0.01150000	     -0.56373900	      0.00000000	     -2.46776000	      0.00000000	      0.00000000	      0.00000000	      0.00000000
      5.70750000	    -71.90301500	   1814.78180000	    -60.76843400	      1.18850000	      0.01150000	     -0.45589500	      0.00000000	      0.00000000	      0.00000000	      0.88185600	      0.01150000	     -0.56390200	      0.00000000	     -2.44895600	      0.00000000	      0.00000000	      0.00000000	      0.00000000
      5.70800000	    -70.19555800	   1815.40557200	    -60.64840300	      1.18750700	      0.01150000	     -0.45585600	      0.00000000	      0.00000000	      0.00000000	      0.88330100	      0.01150000	     -0.56406600	      0.00000000	     -2.43177000	      0.00000000	      0.00000000	      0.00000000	      0.00000000
      5.70850000	    -68.50365700	   1815.88376400	    -60.54208200	      1.18651700	      0.01150000	     -0.45581700	      0.00000000	      0.00000000	      0.00000000	      0.88474600	      0.01150000	     -0.56422900	      0.00000000	     -2.41680400	      0.00000000	      0.00000000	      0.00000000	      0.00000000
      5.70900000	    -66.82723200	   1816.21659200	    -60.44922000	      1.18552900	      0.01150000	     -0.45577800	      0.00000000	      0.00000000	      0.00000000	      0.88619200	      0.01150000	     -0.56439300	      0.00000000	     -2.40461500	      0.00000000	      0.00000000	      0.00000000	      0.00000000
      5.70950000	    -65.16619300	   1816.40431600	    -60.36947400	      1.18454400	      0.01150000	     -0.45573800	      0.00000000	      0.00000000	      0.00000000	      0.88763700	      0.01150000	     -0.56455600	      0.00000000	     -2.39569900	      0.00000000	      0.00000000	      0.00000000	      0.00000000
      5.71000000	    -63.52044700	   1816.44725500	    -60.30241300	      1.18356100	      0.01150000	     -0.45569800	      0.00000000	      0.00000000	      0.00000000	      0.88908200	      0.01150000	     -0.56471900	      0.00000000	     -2.39048300	      0.00000000	      0.00000000	      0.00000000	      0.00000000
      5.71050000	    -61.88991200	   1816.34581800	    -60.24751800	      1.18258200	      0.01150000	     -0.45565800	      0.00000000	      0.00000000	      0.00000000	      0.89062300	      0.01150000	     -0.56486800	      0.00000000	     -2.38930300	      0.00000000	      0.00000000	      0.00000000	      0.00000000
      5.71100000	    -60.27452500	   1816.10052200	    -60.20419300	      1.18160500	      0.01150000	     -0.45561800	      0.00000000	      0.00000000	      0.00000000	      0.89216400	      0.01150000	     -0.56501700	      0.00000000	     -2.39239100	      0.00000000	      0.00000000	      0.00000000	      0.00000000
      5.71150000	    -58.67424000	   1815.71200400	    -60.17176400	      1.18063300	      0.01150000	     -0.45557700	      0.00000000	      0.00000000	      0.00000000	      0.89370400	      0.01150000	     -0.56516500	      0.00000000	     -2.39985800	      0.00000000	      0.00000000	      0.00000000	      0.00000000
      5.71200000	    -57.08901700	   1815.18102600	    -60.14950200	      1.17966300	      0.01150000	     -0.45553700	      0.00000000	      0.00000000	      0.00000000	      0.89524500	      0.01150000	     -0.56531400	      0.00000000	     -2.41169500	      0.00000000	      0.00000000	      0.00000000	      0.00000000
      5.71250000	    -55.51880900	   1814.50848100	    -60.13663700	      1.17869700	      0.01150000	     -0.45549500	      0.00000000	      0.00000000	      0.00000000	      0.89678600	      0.01150000	     -0.56546300	      0.00000000	     -2.42777000	      0.00000000	      0.00000000	      0.00000000	      0.00000000
      5.71300000	    -53.96354700	   1813.69540500	    -60.13239400	      1.17773500	      0.01150000	     -0.45545400	      0.00000000	      0.00000000	      0.00000000	      0.89832600	      0.01150000	     -0.56561100	      0.00000000	     -2.44784100	      0.00000000	      0.00000000	      0.00000000	      0.00000000
      5.71350000	    -52.42312600	   1812.74297700	    -60.13602200	      1.17677600	      0.01150000	     -0.45541200	      0.00000000	      0.00000000	      0.00000000	      0.89986700	      0.01150000	     -0.56576000	      0.00000000	     -2.47156700	      0.00000000	      0.00000000	      0.00000000	      0.00000000
      5.71400000	    -50.89738300	   1811.65251800	    -60.14681200	      1.17582100	      0.01150000	     -0.45537100	      0.00000000	      0.00000000	      0.00000000	      0.90140800	      0.01150000	     -0.56590900	      0.00000000	     -2.49851700	      0.00000000	      0.00000000	      0.00000000	      0.00000000
      5.71450000	    -49.38608000	   1810.42549100	    -60.16410800	      1.17486900	      0.01150000	     -0.45532900	      0.00000000	      0.00000000	      0.00000000	      0.90294800	      0.01150000	     -0.56605800	      0.00000000	     -2.52818800	      0.00000000	      0.00000000	      0.00000000	      0.00000000
      5.71500000	    -47.88888000	   1809.06349800	    -60.18730800	      1.17392000	      0.01150000	     -0.45528700	      0.00000000	      0.00000000	      0.00000000	      0.90448900	      0.01150000	     -0.56620600	      0.00000000	     -2.56001200	      0.00000000	      0.00000000	      0.00000000	      0.00000000
      5.71550000	    -46.40533200	   1807.56827000	    -60.21584800	      1.17297400	      0.01150000	     -0.45524500	      0.00000000	      0.00000000	      0.00000000	      0.90603000	      0.01150000	     -0.56635500	      0.00000000	     -2.59336700	      0.00000000	      0.00000000	      0.00000000	      0.00000000
      5.71600000	    -44.93485100	   1805.94166800	    -60.24918200	      1.17203000	      0.01150000	     -0.45520400	      0.00000000	      0.00000000	      0.00000000	      0.90757000	      0.01150000	     -0.56650400	      0.00000000	     -2.62760500	      0.00000000	      0.00000000	      0.00000000	      0.00000000
      5.71650000	    -43.47671900	   1804.18569100	    -60.28676600	      1.17109000	      0.01150000	     -0.45516300	      0.00000000	      0.00000000	      0.00000000	      0.90911100	      0.01150000	     -0.56665200	      0.00000000	     -2.66207200	      0.00000000	      0.00000000	      0.00000000	      0.00000000
      5.71700000	    -42.03008200	   1802.30245400	    -60.32804700	      1.17015100	      0.01150000	     -0.45512200	      0.00000000	      0.00000000	      0.00000000	      0.91065200	      0.01150000	     -0.56680100	      0.00000000	     -2.69613700	      0.00000000	      0.00000000	      0.00000000	      0.00000000
      5.71750000	    -40.59395700	   1800.29417100	    -60.37246300	      1.16921500	      0.01150000	     -0.45508100	      0.00000000	      0.00000000	      0.00000000	      0.91219300	      0.01150000	     -0.56695000	      0.00000000	     -2.72921600	      0.00000000	      0.00000000	      0.00000000	      0.00000000
      5.71800000	    -39.16724100	   1798.16313500	    -60.41944000	      1.16828000	      0.01150000	     -0.45504100	      0.00000000	      0.00000000	      0.00000000	      0.91373300	      0.01150000	     -0.56709800	      0.00000000	     -2.76077900	      0.00000000	      0.00000000	      0.00000000	      0.00000000
      5.71850000	    -37.74870600	   1795.91170800	    -60.46839200	      1.16734700	      0.01150000	     -0.45500100	      0.00000000	      0.00000000	      0.00000000	      0.91527400	      0.01150000	     -0.56724700	      0.00000000	     -2.79037000	      0.00000000	      0.00000000	      0.00000000	      0.00000000
      5.71900000	    -36.33700700	   1793.54231900	    -60.51872500	      1.16641600	      0.01150000	     -0.45496200	      0.00000000	      0.00000000	      0.00000000	      0.91681500	      0.01150000	     -0.56739600	      0.00000000	     -2.81762000	      0.00000000	      0.00000000	      0.00000000	      0.00000000
      5.71950000	    -34.93068800	   1791.05744200	    -60.56983700	      1.16548500	      0.01150000	     -0.45492300	      0.00000000	      0.00000000	      0.00000000	      0.91835500	      0.01150000	     -0.56754400	      0.00000000	     -2.84225700	      0.00000000	      0.00000000	      0.00000000	      0.00000000
      5.72000000	    -33.52819700	   1788.45958300	    -60.62111200	      1.16455500	      0.01150000	     -0.45488500	      0.00000000	      0.00000000	      0.00000000	      0.91989600	      0.01150000	     -0.56769300	      0.00000000	     -2.86411400	      0.00000000	      0.00000000	      0.00000000	      0.00000000
      5.72050000	    -32.12790200	   1785.75123600	    -60.67191000	      1.16362600	      0.01150000	     -0.45484700	      0.00000000	      0.00000000	      0.00000000	      0.92152500	      0.01150000	     -0.56782500	      0.00000000	     -2.88312400	      0.00000000	      0.00000000	      0.00000000	      0.00000000
      5.72100000	    -30.72811000	   1782.93484900	    -60.72155700	      1.16269600	      0.01150000	     -0.45481000	      0.00000000	      0.00000000	      0.00000000	      0.92315400	      0.01150000	     -0.56795700	      0.00000000	     -2.89932600	      0.00000000	      0.00000000	      0.00000000	      0.00000000
      5.72150000	    -29.32708600	   1780.01277200	    -60.76935300	      1.16176600	      0.01150000	     -0.45477300	      0.00000000	      0.00000000	      0.00000000	      0.85442800	      0.01150000	     -0.53086400	      0.00000000	     -2.91285200	      0.00000000	      0.00000000	      0.00000000	      0.00000000
      5.72200000	    -27.92306600	   1776.98722800	    -60.81457400	      1.16083500	      0.01150000	     -0.45473600	      0.00000000	      0.00000000	      0.00000000	      0.85534800	      0.01150000	     -0.53089900	      0.00000000	     -2.92391700	      0.00000000	      0.00000000	      0.00000000	      0.00000000
      5.72250000	    -26.51426400	   1773.86029200	    -60.85648800	      1.15990200	      0.01150000	     -0.45470000	      0.00000000	      0.00000000	      0.00000000	      0.85626700	      0.01150000	     -0.53093300	      0.00000000	     -2.93281800	      0.00000000	      0.00000000	      0.00000000	      0.00000000
      5.72300000	    -25.09888100	   1770.63388300	    -60.89435800	      1.15896800	      0.01150000	     -0.45466400	      0.00000000	      0.00000000	      0.00000000	      0.85718700	      0.01150000	     -0.53096700	      0.00000000	     -2.93991200	      0.00000000	      0.00000000	      0.00000000	      0.00000000
      5.72350000	    -23.67511100	   1767.30977200	    -60.92745200	      1.15803100	      0.01150000	     -0.45462900	      0.00000000	      0.00000000	      0.00000000	      0.85810600	      0.01150000	     -0.53100200	      0.00000000	     -2.94560100	      0.00000000	      0.00000000	      0.00000000	      0.00000000
      5.72400000	    -22.24115500	   1763.88960300	    -60.95505700	      1.15709100	      0.01150000	     -0.45459400	      0.00000000	      0.00000000	      0.00000000	      0.85902500	      0.01150000	     -0.53103600	      0.00000000	     -2.95031200	      0.00000000	      0.00000000	      0.00000000	      0.00000000
      5.72450000	    -20.79523200	   1760.37491700	    -60.97648300	      1.15614800	      0.01150000	     -0.45455900	      0.00000000	      0.00000000	      0.00000000	      0.85994500	      0.01150000	     -0.53107100	      0.00000000	     -2.95447400	      0.00000000	      0.00000000	      0.00000000	      0.00000000
      5.72500000	    -19.33559800	   1756.76718200	    -60.99106500	      1.15520100	      0.01150000	     -0.45452500	      0.00000000	      0.00000000	      0.00000000	      0.86086400	      0.01150000	     -0.53110500	      0.00000000	     -2.95850300	      0.00000000	      0.00000000	      0.00000000	      0.00000000
      5.72550000	    -17.86057700	   1753.06782600	    -60.99817200	      1.15425000	      0.01150000	     -0.45449200	      0.00000000	      0.00000000	      0.00000000	      0.86178400	      0.01150000	     -0.53114000	      0.00000000	     -2.96277800	      0.00000000	      0.00000000	      0.00000000	      0.00000000
      5.72600000	    -16.36859000	   1749.27826500	    -60.99720900	      1.15329400	      0.01150000	     -0.45445900	      0.00000000	      0.00000000	      0.00000000	      0.86270300	      0.01150000	     -0.53117400	      0.00000000	     -2.96762500	      0.00000000	      0.00000000	      0.00000000	      0.00000000
      5.72650000	    -14.85817800	   1745.39991800	    -60.98761900	      1.15233400	      0.01150000	     -0.45442600	      0.00000000	      0.00000000	      0.00000000	      0.86362200	      0.01150000	     -0.53120900	      0.00000000	     -2.97331100	      0.00000000	      0.00000000	      0.00000000	      0.00000000
      5.72700000	    -13.32802200	   1741.43419800	    -60.96888400	      1.15136800	      0.01150000	     -0.45439400	      0.00000000	      0.00000000	      0.00000000	      0.86454200	      0.01150000	     -0.53124300	      0.00000000	     -2.98003100	      0.00000000	      0.00000000	      0.00000000	      0.00000000
      5.72750000	    -11.77696300	   1737.38250400	    -60.94052500	      1.15039700	      0.01150000	     -0.45436200	      0.00000000	      0.00000000	      0.00000000	      0.86546100	      0.01150000	     -0.53127700	      0.00000000	     -2.98790000	      0.00000000	      0.00000000	      0.00000000	      0.00000000
      5.72800000	    -10.20401000	   1733.24619900	    -60.90210600	      1.14942000	      0.01150000	     -0.45433100	      0.00000000	      0.00000000	      0.00000000	      0.86638100	      0.01150000	     -0.53131200	      0.00000000	     -2.99694300	      0.00000000	      0.00000000	      0.00000000	      0.00000000
      5.72850000	     -8.60834900	   1729.02658100	    -60.85322800	      1.14843700	      0.01150000	     -0.45430100	      0.00000000	      0.00000000	      0.00000000	      0.86730000	      0.01150000	     -0.53134600	      0.00000000	     -3.00708900	      0.00000000	      0.00000000	      0.00000000	      0.00000000
      5.72900000	     -6.98934100	   1724.72486400	    -60.79352800	      1.14744700	      0.01150000	     -0.45427100	      0.00000000	      0.00000000	      0.00000000	      0.86821900	      0.01150000	     -0.53138100	      0.00000000	     -3.01817200	      0.00000000	      0.00000000	      0.00000000	      0.00000000
      5.72950000	     -5.34651900	   1720.34216800	    -60.72268200	      1.14645100	      0.01150000	     -0.45424200	      0.00000000	      0.00000000	      0.00000000	      0.86913900	      0.01150000	     -0.53141500	      0.00000000	     -3.02995200	      0.00000000	      0.00000000	      0.00000000	      0.00000000
      5.73000000	     -3.67958900	   1715.87950700	    -60.64040700	      1.14544800	      0.01150000	     -0.45421400	      0.00000000	      0.00000000	      0.00000000	      0.87005800	      0.01150000	     -0.53145000	      0.00000000	     -3.04213100	      0.00000000	      0.00000000	      0.00000000	      0.00000000
      5.73050000	     -1.98841800	   1711.33779700	    -60.54645900	      1.14443800	      0.01150000	     -0.45418600	      0.00000000	      0.00000000	      0.00000000	      0.87100900	      0.01150000	     -0.53147300	      0.00000000	     -3.05437300	      0.00000000	      0.00000000	      0.00000000	      0.00000000
      5.73100000	     -0.27301800	   1706.71785000	    -60.44063100	      1.14342000	      0.01150000	     -0.45415900	      0.00000000	      0.00000000	      0.00000000	      0.87196000	      0.01150000	     -0.53149600	      0.00000000	     -3.06631900	      0.00000000	      0.00000000	      0.00000000	      0.00000000
      5.73150000	      1.46647100	   1702.02038400	    -60.32273400	      1.14239500	      0.01150000	     -0.45413300	      0.00000000	      0.00000000	      0.00000000	      0.87291000	      0.01150000	     -0.53152000	      0.00000000	     -3.07759300	      0.00000000	      0.00000000	      0.00000000	      0.00000000
      5.73200000	      3.22981600	   1697.24601900	    -60.19258400	      1.14136300	      0.01150000	     -0.45410700	      0.00000000	      0.00000000	      0.00000000	      0.87386100	      0.01150000	     -0.53154300	      0.00000000	     -3.08780500	      0.00000000	      0.00000000	      0.00000000	      0.00000000
      5.73250000	      5.01670100	   1692.39529700	    -60.04999700	      1.14032300	      0.01150000	     -0.45408100	      0.00000000	      0.00000000	      0.00000000	      0.87481200	      0.01150000	     -0.53156600	      0.00000000	     -3.09655900	      0.00000000	      0.00000000	      0.00000000	      0.00000000
      5.73300000	      6.82674200	   1687.46868300	    -59.89479500	      1.13927600	      0.01150000	     -0.45405600	      0.00000000	      0.00000000	      0.00000000	      0.87576200	      0.01150000	     -0.53159000	      0.00000000	     -3.10346900	      0.00000000	      0.00000000	      0.00000000	      0.00000000
      5.73350000	      8.65948900	   1682.46657500	    -59.72681000	      1.13822100	      0.01150000	     -0.45403200	      0.00000000	      0.00000000	      0.00000000	      0.87671300	      0.01150000	     -0.53161300	      0.00000000	     -3.10818300	      0.00000000	      0.00000000	      0.00000000	      0.00000000
      5.73400000	     10.51442600	   1677.38929300	    -59.54590400	      1.13715900	      0.01150000	     -0.45400800	      0.00000000	      0.00000000	      0.00000000	      0.87766400	      0.01150000	     -0.53163600	      0.00000000	     -3.11039900	      0.00000000	      0.00000000	      0.00000000	      0.00000000
      5.73450000	     12.39095700	   1672.23707100	    -59.35198300	      1.13609000	      0.01150000	     -0.45398400	      0.00000000	      0.00000000	      0.00000000	      0.87861500	      0.01150000	     -0.53166000	      0.00000000	     -3.10988200	      0.00000000	      0.00000000	      0.00000000	      0.00000000
      5.73500000	     14.28839100	   1667.01005900	    -59.14502400	      1.13501400	      0.01150000	     -0.45396000	      0.00000000	      0.00000000	      0.00000000	      0.87956500	      0.01150000	     -0.53168300	      0.00000000	     -3.10647400	      0.00000000	      0.00000000	      0.00000000	      0.00000000
      5.73550000	     16.20594600	   1661.70831700	    -58.92509100	      1.13393100	      0.01150000	     -0.45393700	      0.00000000	      0.00000000	      0.00000000	      0.88051600	      0.01150000	     -0.53170600	      0.00000000	     -3.10010400	      0.00000000	      0.00000000	      0.00000000	      0.00000000
      5.73600000	     18.14275100	   1656.33182600	    -58.69233600	      1.13284100	      0.01150000	     -0.45391400	      0.00000000	      0.00000000	      0.00000000	      0.88146700	      0.01150000	     -0.53173000	      0.00000000	     -3.09080100	      0.00000000	      0.00000000	      0.00000000	      0.00000000
      5.73650000	     20.09784700	   1650.88050100	    -58.44699200	      1.13174500	      0.01150000	     -0.45389100	      0.00000000	      0.00000000	      0.00000000	      0.88241700	      0.01150000	     -0.53175300	      0.00000000	     -3.07868600	      0.00000000	      0.00000000	      0.00000000	      0.00000000
      5.73700000	     22.07018000	   1645.35422000	    -58.18935700	      1.13064200	      0.01150000	     -0.45386800	      0.00000000	      0.00000000	      0.00000000	      0.88336800	      0.01150000	     -0.53177600	      0.00000000	     -3.06396700	      0.00000000	      0.00000000	      0.00000000	      0.00000000
      5.73750000	     24.05859600	   1639.75283700	    -57.91978000	      1.12953400	      0.01150000	     -0.45384500	      0.00000000	      0.00000000	      0.00000000	      0.88431900	      0.01150000	     -0.53180000	      0.00000000	     -3.04692900	      0.00000000	      0.00000000	      0.00000000	      0.00000000
      5.73800000	     26.06183800	   1634.07620300	    -57.63863800	      1.12841900	      0.01150000	     -0.45382200	      0.00000000	      0.00000000	      0.00000000	      0.88527000	      0.01150000	     -0.53182300	      0.00000000	     -3.02792400	      0.00000000	      0.00000000	      0.00000000	      0.00000000
      5.73850000	     28.07855500	   1628.32419300	    -57.34634500	      1.12729900	      0.01150000	     -0.45379900	      0.00000000	      0.00000000	      0.00000000	      0.88622000	      0.01150000	     -0.53184600	      0.00000000	     -3.00736900	      0.00000000	      0.00000000	      0.00000000	      0.00000000
      5.73900000	     30.10730700	   1622.49672900	    -57.04335800	      1.12617300	      0.01150000	     -0.45377600	      0.00000000	      0.00000000	      0.00000000	      0.88717100	      0.01150000	     -0.53187000	      0.00000000	     -2.98573100	      0.00000000	      0.00000000	      0.00000000	      0.00000000
      5.73950000	     32.14658600	   1616.59378700	    -56.73018800	      1.12504300	      0.01150000	     -0.45375200	      0.00000000	      0.00000000	      0.00000000	      0.88812200	      0.01150000	     -0.53189300	      0.00000000	     -2.96350800	      0.00000000	      0.00000000	      0.00000000	      0.00000000
      5.74000000	     34.19483100	   1610.61539000	    -56.40741800	      1.12390700	      0.01150000	     -0.45372900	      0.00000000	      0.00000000	      0.00000000	      0.88907200	      0.01150000	     -0.53191600	      0.00000000	     -2.94120600	      0.00000000	      0.00000000	      0.00000000	      0.00000000
      5.74050000	     36.25045500	   1604.56160300	    -56.07570300	      1.12276700	      0.01150000	     -0.45370500	      0.00000000	      0.00000000	      0.00000000	      0.89007000	      0.01150000	     -0.53192800	      0.00000000	     -2.91931600	      0.00000000	      0.00000000	      0.00000000	      0.00000000
      5.74100000	     38.31187000	   1598.43252500	    -55.73578000	      1.12162200	      0.01150000	     -0.45368100	      0.00000000	      0.00000000	      0.00000000	      0.89106800	      0.01150000	     -0.53194100	      0.00000000	     -2.89829600	      0.00000000	      0.00000000	      0.00000000	      0.00000000
      5.74150000	     40.37751200	   1592.22828900	    -55.38846200	      1.12047200	      0.01150000	     -0.45365600	      0.00000000	      0.00000000	      0.00000000	      0.89206600	      0.01150000	     -0.53195300	      0.00000000	     -2.87856000	      0.00000000	      0.00000000	      0.00000000	      0.00000000
      5.74200000	     42.44586000	   1585.94907400	    -55.03461900	      1.11931900	      0.01150000	     -0.45363200	      0.00000000	      0.00000000	      0.00000000	      0.89306500	      0.01150000	     -0.53196500	      0.00000000	     -2.86047800	      0.00000000	      0.00000000	      0.00000000	      0.00000000
      5.74250000	     44.51545400	   1579.59511000	    -54.67515900	      1.11816200	      0.01150000	     -0.45360700	      0.00000000	      0.00000000	      0.00000000	      0.89406300	      0.01150000	     -0.53197700	      0.00000000	     -2.84436800	      0.00000000	      0.00000000	      0.00000000	      0.00000000
      5.74300000	     46.58489400	   1573.16668800	    -54.31100400	      1.11700100	      0.01150000	     -0.45358100	      0.00000000	      0.00000000	      0.00000000	      0.89506100	      0.01150000	     -0.53198900	      0.00000000	     -2.83049300	      0.00000000	      0.00000000	      0.00000000	      0.00000000
      5.74350000	     48.65284100	   1566.66414600	    -53.94307800	      1.11583700	      0.01150000	     -0.45355600	      0.00000000	      0.00000000	      0.00000000	      0.89605900	      0.01150000	     -0.53200200	      0.00000000	     -2.81904700	      0.00000000	      0.00000000	      0.00000000	      0.00000000
      5.74400000	     50.71802200	   1560.08786400	    -53.57229100	      1.11467100	      0.01150000	     -0.45353000	      0.00000000	      0.00000000	      0.00000000	      0.89705700	      0.01150000	     -0.53201400	      0.00000000	     -2.81014500	      0.00000000	      0.00000000	      0.00000000	      0.00000000
      5.74450000	     52.77924000	   1553.43825300	    -53.19953600	      1.11350100	      0.01150000	     -0.45350400	      0.00000000	      0.00000000	      0.00000000	      0.89805500	      0.01150000	     -0.53202600	      0.00000000	     -2.80382000	      0.00000000	      0.00000000	      0.00000000	      0.00000000
      5.74500000	     54.83538100	   1546.71574900	    -52.82568400	      1.11233000	      0.01150000	     -0.45347700	      0.00000000	      0.00000000	      0.00000000	      0.89905300	      0.01150000	     -0.53203800	      0.00000000	     -2.80002400	      0.00000000	      0.00000000	      0.00000000	      0.00000000
      5.74550000	     56.88540900	   1539.92081300	    -52.45157500	      1.11115700	      0.01150000	     -0.45345000	      0.00000000	      0.00000000	      0.00000000	      0.90005100	      0.01150000	     -0.53205000	      0.00000000	     -2.79863400	      0.00000000	      0.00000000	      0.00000000	      0.00000000
      5.74600000	     58.92835400	   1533.05392600	    -52.07800800	      1.10998200	      0.01150000	     -0.45342300	      0.00000000	      0.00000000	      0.00000000	      0.90104900	      0.01150000	     -0.53206300	      0.00000000	     -2.79946400	      0.00000000	      0.00000000	      0.00000000	      0.00000000
      5.74650000	     60.96330700	   1526.11559700	    -51.70572500	      1.10880600	      0.01150000	     -0.45339500	      0.00000000	      0.00000000	      0.00000000	      0.90204700	      0.01150000	     -0.53207500	      0.00000000	     -2.80227400	      0.00000000	      0.00000000	      0.00000000	      0.00000000
      5.74700000	     62.98940800	   1519.10634800	    -51.33538600	      1.10762900	      0.01150000	     -0.45336700	      0.00000000	      0.00000000	      0.00000000	      0.90304500	      0.01150000	     -0.53208700	      0.00000000	     -2.80677900	      0.00000000	      0.00000000	      0.00000000	      0.00000000
      5.74750000	     65.00584800	   1512.02673000	    -50.96756700	      1.10645200	      0.01150000	     -0.45333800	      0.00000000	      0.00000000	      0.00000000	      0.90404300	      0.01150000	     -0.53209900	      0.00000000	     -2.81266500	      0.00000000	      0.00000000	      0.00000000	      0.00000000
      5.74800000	     67.01186900	   1504.87733400	    -50.60276000	      1.10527300	      0.01150000	     -0.45330900	      0.00000000	      0.00000000	      0.00000000	      0.90504100	      0.01150000	     -0.53211100	      0.00000000	     -2.81959300	      0.00000000	      0.00000000	      0.00000000	      0.00000000
      5.74850000	     69.00677700	   1497.65879300	    -50.24138000	      1.10409400	      0.01150000	     -0.45328000	      0.00000000	      0.00000000	      0.00000000	      0.90603900	      0.01150000	     -0.53212400	      0.00000000	     -2.82722000	      0.00000000	      0.00000000	      0.00000000	      0.00000000
      5.74900000	     70.98994700	   1490.37177400	    -49.88377700	      1.10291400	      0.01150000	     -0.45325000	      0.00000000	      0.00000000	      0.00000000	      0.90703700	      0.01150000	     -0.53213600	      0.00000000	     -2.83520600	      0.00000000	      0.00000000	      0.00000000	      0.00000000
      5.74950000	     72.96083000	   1483.01699000	    -49.53025000	      1.10173300	      0.01150000	     -0.45322000	      0.00000000	      0.00000000	      0.00000000	      0.90803500	      0.01150000	     -0.53214800	      0.00000000	     -2.84322500	      0.00000000	      0.00000000	      0.00000000	      0.00000000
      5.75000000	     74.91895800	   1475.59520900	    -49.18105500	      1.10055200	      0.01150000	     -0.45318900	      0.00000000	      0.00000000	      0.00000000	      0.90903300	      0.01150000	     -0.53216000	      0.00000000	     -2.85097500	      0.00000000	      0.00000000	      0.00000000	      0.00000000
      5.75050000	     76.86394400	   1468.10726100	    -48.83642000	      1.09937000	      0.01150000	     -0.45315900	      0.00000000	      0.00000000	      0.00000000	      0.91009500	      0.01150000	     -0.53216300	      0.00000000	     -2.85819100	      0.00000000	      0.00000000	      0.00000000	      0.00000000
      5.75100000	     78.79548100	   1460.55404500	    -48.49654000	      1.09818800	      0.01150000	     -0.45312700	      0.00000000	      0.00000000	      0.00000000	      0.91115700	      0.01150000	     -0.53216500	      0.00000000	     -2.86464900	      0.00000000	      0.00000000	      0.00000000	      0.00000000
      5.75150000	     80.71333400	   1452.93652300	    -48.16157000	      1.09700400	      0.01150000	     -0.45309600	      0.00000000	      0.00000000	      0.00000000	      0.91221900	      0.01150000	     -0.53216800	      0.00000000	     -2.87017600	      0.00000000	      0.00000000	      0.00000000	      0.00000000
      5.75200000	     82.61731800	   1445.25572400	    -47.83161700	      1.09582100	      0.01150000	     -0.45306500	      0.00000000	      0.00000000	      0.00000000	      0.91328100	      0.01150000	     -0.53217000	      0.00000000	     -2.87464600	      0.00000000	      0.00000000	      0.00000000	      0.00000000
      5.75250000	     84.50728200	   1437.51273800	    -47.50673700	      1.09463600	      0.01150000	     -0.45303300	      0.00000000	      0.00000000	      0.00000000	      0.91434400	      0.01150000	     -0.53217300	      0.00000000	     -2.87798500	      0.00000000	      0.00000000	      0.00000000	      0.00000000
      5.75300000	     86.38308900	   1429.70870800	    -47.18693000	      1.09345000	      0.01150000	     -0.45300100	      0.00000000	      0.00000000	      0.00000000	      0.91540600	      0.01150000	     -0.53217600	      0.00000000	     -2.88017900	      0.00000000	      0.00000000	      0.00000000	      0.00000000
      5.75350000	     88.24460600	   1421.84483300	    -46.87214200	      1.09226300	      0.01150000	     -0.45297000	      0.00000000	      0.00000000	      0.00000000	      0.91646800	      0.01150000	     -0.53217800	      0.00000000	     -2.88127300	      0.00000000	      0.00000000	      0.00000000	      0.00000000
      5.75400000	     90.09168500	   1413.92236700	    -46.56226800	      1.09107600	      0.01150000	     -0.45293800	      0.00000000	      0.00000000	      0.00000000	      0.91753000	      0.01150000	     -0.53218100	      0.00000000	     -2.88136300	      0.00000000	      0.00000000	      0.00000000	      0.00000000
      5.75450000	     91.92415100	   1405.94261800	    -46.25715800	      1.08988700	      0.01150000	     -0.45290700	      0.00000000	      0.00000000	      0.00000000	      0.91859200	      0.01150000	     -0.53218300	      0.00000000	     -2.88059300	      0.00000000	      0.00000000	      0.00000000	      0.00000000
      5.75500000	     93.74179100	   1397.90694800	    -45.95662000	      1.08869600	      0.01150000	     -0.45287600	      0.00000000	      0.00000000	      0.00000000	      0.91965500	      0.01150000	     -0.53218600	      0.00000000	     -2.87913600	      0.00000000	      0.00000000	      0.00000000	      0.00000000
      5.75550000	     95.54434100	   1389.81676600	    -45.66042600	      1.08750500	      0.01150000	     -0.45284600	      0.00000000	      0.00000000	      0.00000000	      0.92071700	      0.01150000	     -0.53218800	      0.00000000	     -2.87719400	      0.00000000	      0.00000000	      0.00000000	      0.00000000
      5.75600000	     97.33147900	   1381.67350800	    -45.36832800	      1.08631100	      0.01150000	     -0.45281600	      0.00000000	      0.00000000	      0.00000000	      0.92177900	      0.01150000	     -0.53219100	      0.00000000	     -2.87499800	      0.00000000	      0.00000000	      0.00000000	      0.00000000
      5.75650000	     99.10283000	   1373.47863400	    -45.08006800	      1.08511600	      0.01150000	     -0.45278600	      0.00000000	      0.00000000	      0.00000000	      0.92284100	      0.01150000	     -0.53219400	      0.00000000	     -2.87279900	      0.00000000	      0.00000000	      0.00000000	      0.00000000
      5.75700000	    100.85796500	   1365.23361600	    -44.79538200	      1.08391900	      0.01150000	     -0.45275700	      0.00000000	      0.00000000	      0.00000000	      0.92390300	      0.01150000	     -0.53219600	      0.00000000	     -2.87085900	      0.00000000	      0.00000000	      0.00000000	      0.00000000
      5.75750000	    102.59641500	   1356.93993200	    -44.51400500	      1.08272000	      0.01150000	     -0.45272900	      0.00000000	      0.00000000	      0.00000000	      0.92496500	      0.01150000	     -0.53219900	      0.00000000	     -2.86944500	      0.00000000	      0.00000000	      0.00000000	      0.00000000
      5.75800000	    104.31768000	   1348.59906000	    -44.23565700	      1.08151900	      0.01150000	     -0.45270200	      0.00000000	      0.00000000	      0.00000000	      0.92602800	      0.01150000	     -0.53220100	      0.00000000	     -2.86881200	      0.00000000	      0.00000000	      0.00000000	      0.00000000
      5.75850000	    106.02123200	   1340.21247200	    -43.96004400	      1.08031600	      0.01150000	     -0.45267500	      0.00000000	      0.00000000	      0.00000000	      0.92709000	      0.01150000	     -0.53220400	      0.00000000	     -2.86919700	      0.00000000	      0.00000000	      0.00000000	      0.00000000
      5.75900000	    107.70652600	   1331.78163600	    -43.68684800	      1.07911000	      0.01150000	     -0.45264900	      0.00000000	      0.00000000	      0.00000000	      0.92815200	      0.01150000	     -0.53220600	      0.00000000	     -2.87081400	      0.00000000	      0.00000000	      0.00000000	      0.00000000
      5.75950000	    109.37299400	   1323.30801200	    -43.41571700	      1.07790200	      0.01150000	     -0.45262400	      0.00000000	      0.00000000	      0.00000000	      0.92921400	      0.01150000	     -0.53220900	      0.00000000	     -2.87384100	      0.00000000	      0.00000000	      0.00000000	      0.00000000
      5.76000000	    111.02005200	   1314.79304000	    -43.14626500	      1.07669300	      0.01150000	     -0.45259900	      0.00000000	      0.00000000	      0.00000000	      0.93027600	      0.01150000	     -0.53221200	      0.00000000	     -2.87841500	      0.00000000	      0.00000000	      0.00000000	      0.00000000
      5.76050000	    112.64708000	   1306.23811200	    -42.87808200	      1.07548100	      0.01150000	     -0.45257500	      0.00000000	      0.00000000	      0.00000000	      0.93141800	      0.01150000	     -0.53220800	      0.00000000	     -2.88461400	      0.00000000	      0.00000000	      0.00000000	      0.00000000
      5.76100000	    114.25342800	   1297.64454600	    -42.61076100	      1.07426700	      0.01150000	     -0.45255100	      0.00000000	      0.00000000	      0.00000000	      0.93256100	      0.01150000	     -0.53220300	      0.00000000	     -2.89245700	      0.00000000	      0.00000000	      0.00000000	      0.00000000
      5.76150000	    115.83840900	   1289.01355400	    -42.34392200	      1.07305100	      0.01150000	     -0.45252800	      0.00000000	      0.00000000	      0.00000000	      0.93370300	      0.01150000	     -0.53219900	      0.00000000	     -2.90189900	      0.00000000	      0.00000000	      0.00000000	      0.00000000
      5.76200000	    117.40130200	   1280.34621100	    -42.07722700	      1.07183400	      0.01150000	     -0.45250600	      0.00000000	      0.00000000	      0.00000000	      0.93484500	      0.01150000	     -0.53219500	      0.00000000	     -2.91284200	      0.00000000	      0.00000000	      0.00000000	      0.00000000
      5.76250000	    118.94135700	   1271.64344300	    -41.81039200	      1.07061400	      0.01150000	     -0.45248400	      0.00000000	      0.00000000	      0.00000000	      0.93598700	      0.01150000	     -0.53219100	      0.00000000	     -2.92513800	      0.00000000	      0.00000000	      0.00000000	      0.00000000
      5.76300000	    120.45778200	   1262.90602000	    -41.54318300	      1.06939300	      0.01150000	     -0.45246300	      0.00000000	      0.00000000	      0.00000000	      0.93712900	      0.01150000	     -0.53218700	      0.00000000	     -2.93858500	      0.00000000	      0.00000000	      0.00000000	      0.00000000
      5.76350000	    121.94974800	   1254.13456900	    -41.27540400	      1.06817100	      0.01150000	     -0.45244200	      0.00000000	      0.00000000	      0.00000000	      0.93827100	      0.01150000	     -0.53218300	      0.00000000	     -2.95294300	      0.00000000	      0.00000000	      0.00000000	      0.00000000
      5.76400000	    123.41639400	   1245.32959400	    -41.00688700	      1.06694700	      0.01150000	     -0.45242200	      0.00000000	      0.00000000	      0.00000000	      0.93941300	      0.01150000	     -0.53217900	      0.00000000	     -2.96793000	      0.00000000	      0.00000000	      0.00000000	      0.00000000
      5.76450000	    124.85683300	   1236.49151400	    -40.73748400	      1.06572100	      0.01150000	     -0.45240200	      0.00000000	      0.00000000	      0.00000000	      0.94055600	      0.01150000	     -0.53217500	      0.00000000	     -2.98324100	      0.00000000	      0.00000000	      0.00000000	      0.00000000
      5.76500000	    126.27015500	   1227.62070900	    -40.46706800	      1.06449500	      0.01150000	     -0.45238300	      0.00000000	      0.00000000	      0.00000000	      0.94169800	      0.01150000	     -0.53217100	      0.00000000	     -2.99855400	      0.00000000	      0.00000000	      0.00000000	      0.00000000
      5.76550000	    127.65543200	   1218.71754600	    -40.19554500	      1.06326700	      0.01150000	     -0.45236400	      0.00000000	      0.00000000	      0.00000000	      0.94284000	      0.01150000	     -0.53216700	      0.00000000	     -3.01354600	      0.00000000	      0.00000000	      0.00000000	      0.00000000
      5.76600000	    129.01171200	   1209.78241000	    -39.92285000	      1.06203700	      0.01150000	     -0.45234600	      0.00000000	      0.00000000	      0.00000000	      0.94398200	      0.01150000	     -0.53216300	      0.00000000	     -3.02789500	      0.00000000	      0.00000000	      0.00000000	      0.00000000
      5.76650000	    130.33802200	   1200.81572200	    -39.64895100	      1.06080700	      0.01150000	     -0.45232800	      0.00000000	      0.00000000	      0.00000000	      0.94512400	      0.01150000	     -0.53215900	      0.00000000	     -3.04129900	      0.00000000	      0.00000000	      0.00000000	      0.00000000
      5.76700000	    131.63337900	   1191.81794400	    -39.37384000	      1.05957600	      0.01150000	     -0.45231100	      0.00000000	      0.00000000	      0.00000000	      0.94626600	      0.01150000	     -0.53215500	      0.00000000	     -3.05346900	      0.00000000	      0.00000000	      0.00000000	      0.00000000
      5.76750000	    132.89680600	   1182.78957900	    -39.09753000	      1.05834300	      0.01150000	     -0.45229400	      0.00000000	      0.00000000	      0.00000000	      0.94740800	      0.01150000	     -0.53215100	      0.00000000	     -3.06413800	      0.00000000	      0.00000000	      0.00000000	      0.00000000
      5.76800000	    134.12736200	   1173.73118300	    -38.82004700	      1.05711000	      0.01150000	     -0.45227800	      0.00000000	      0.00000000	      0.00000000	      0.94855100	      0.01150000	     -0.53214700	      0.00000000	     -3.07305900	      0.00000000	      0.00000000	      0.00000000	      0.00000000
      5.76850000	    135.32415400	   1164.64335900	    -38.54142400	      1.05587700	      0.01150000	     -0.45226200	      0.00000000	      0.00000000	      0.00000000	      0.94969300	      0.01150000	     -0.53214300	      0.00000000	     -3.08001800	      0.00000000	      0.00000000	      0.00000000	      0.00000000
      5.76900000	    136.48634900	   1155.52676100	    -38.26170000	      1.05464300	      0.01150000	     -0.45224600	      0.00000000	      0.00000000	      0.00000000	      0.95083500	      0.01150000	     -0.53213900	      0.00000000	     -3.08484300	      0.00000000	      0.00000000	      0.00000000	      0.00000000
      5.76950000	    137.61316400	   1146.38208000	    -37.98091900	      1.05340800	      0.01150000	     -0.45223100	      0.00000000	      0.00000000	      0.00000000	      0.95197700	      0.01150000	     -0.53213500	      0.00000000	     -3.08741600	      0.00000000	      0.00000000	      0.00000000	      0.00000000
      5.77000000	    138.70386800	   1137.21004700	    -37.69913200	      1.05217400	      0.01150000	     -0.45221700	      0.00000000	      0.00000000	      0.00000000	      0.95311900	      0.01150000	     -0.53213000	      0.00000000	     -3.08767400	      0.00000000	      0.00000000	      0.00000000	      0.00000000
      5.77050000	    139.75776800	   1128.01142900	    -37.41638100	      1.05094000	      0.01150000	     -0.45220300	      0.00000000	      0.00000000	      0.00000000	      0.95435400	      0.01150000	     -0.53212400	      0.00000000	     -3.08560500	      0.00000000	      0.00000000	      0.00000000	      0.00000000
      5.77100000	    140.77421600	   1118.78702900	    -37.13269000	      1.04970700	      0.01150000	     -0.45218900	      0.00000000	      0.00000000	      0.00000000	      0.95558900	      0.01150000	     -0.53211800	      0.00000000	     -3.08124900	      0.00000000	      0.00000000	      0.00000000	      0.00000000
      5.77150000	    141.75261500	   1109.53769200	    -36.84804900	      1.04847400	      0.01150000	     -0.45217500	      0.00000000	      0.00000000	      0.00000000	      0.95682400	      0.01150000	     -0.53211100	      0.00000000	     -3.07468700	      0.00000000	      0.00000000	      0.00000000	      0.00000000
      5.77200000	    142.69243100	   1100.26431000	    -36.56238800	      1.04724200	      0.01150000	     -0.45216200	      0.00000000	      0.00000000	      0.00000000	      0.95805900	      0.01150000	     -0.53210500	      0.00000000	     -3.06602700	      0.00000000	      0.00000000	      0.00000000	      0.00000000
      5.77250000	    143.59320000	   1090.96782200	    -36.27556900	      1.04601100	      0.01150000	     -0.45214900	      0.00000000	      0.00000000	      0.00000000	      0.95929400	      0.01150000	     -0.53209800	      0.00000000	     -3.05540000	      0.00000000	      0.00000000	      0.00000000	      0.00000000
      5.77300000	    144.45453300	   1081.64921100	    -35.98738000	      1.04478100	      0.01150000	     -0.45213600	      0.00000000	      0.00000000	      0.00000000	      0.96052800	      0.01150000	     -0.53209200	      0.00000000	     -3.04294900	      0.00000000	      0.00000000	      0.00000000	      0.00000000
      5.77350000	    145.27610700	   1072.30950100	    -35.69755500	      1.04355200	      0.01150000	     -0.45212300	      0.00000000	      0.00000000	      0.00000000	      0.96176300	      0.01150000	     -0.53208500	      0.00000000	     -3.02883500	      0.00000000	      0.00000000	      0.00000000	      0.00000000
      5.77400000	    146.05766100	   1062.94976700	    -35.40579100	      1.04232400	      0.01150000	     -0.45211000	      0.00000000	      0.00000000	      0.00000000	      0.96299800	      0.01150000	     -0.53207900	      0.00000000	     -3.01323100	      0.00000000	      0.00000000	      0.00000000	      0.00000000
      5.77450000	    146.79898900	   1053.57114600	    -35.11177600	      1.04109700	      0.01150000	     -0.45209700	      0.00000000	      0.00000000	      0.00000000	      0.96423300	      0.01150000	     -0.53207200	      0.00000000	     -2.99631900	      0.00000000	      0.00000000	      0.00000000	      0.00000000
      5.77500000	    147.49994400	   1044.17483200	    -34.81520600	      1.03987100	      0.01150000	     -0.45208300	      0.00000000	      0.00000000	      0.00000000	      0.96546800	      0.01150000	     -0.53206600	      0.00000000	     -2.97828700	      0.00000000	      0.00000000	      0.00000000	      0.00000000
      5.77550000	    148.16043100	   1034.76208300	    -34.51578500	      1.03864600	      0.01150000	     -0.45206900	      0.00000000	      0.00000000	      0.00000000	      0.96670300	      0.01150000	     -0.53205900	      0.00000000	     -2.95931000	      0.00000000	      0.00000000	      0.00000000	      0.00000000
      5.77600000	    148.78042000	   1025.33421800	    -34.21322300	      1.03742200	      0.01150000	     -0.45205500	      0.00000000	      0.00000000	      0.00000000	      0.96793800	      0.01150000	     -0.53205300	      0.00000000	     -2.93953700	      0.00000000	      0.00000000	      0.00000000	      0.00000000
      5.77650000	    149.35995500	   1015.89261500	    -33.90723100	      1.03619900	      0.01150000	     -0.45204000	      0.00000000	      0.00000000	      0.00000000	      0.96917200	      0.01150000	     -0.53204600	      0.00000000	     -2.91907200	      0.00000000	      0.00000000	      0.00000000	      0.00000000
      5.77700000	    149.89915300	   1006.43871200	    -33.59752500	      1.03497600	      0.01150000	     -0.45202400	      0.00000000	      0.00000000	      0.00000000	      0.97040700	      0.01150000	     -0.53204000	      0.00000000	     -2.89798600	      0.00000000	      0.00000000	      0.00000000	      0.00000000
      5.77750000	    150.39819900	    996.97399800	    -33.28382900	      1.03375400	      0.01150000	     -0.45200800	      0.00000000	      0.00000000	      0.00000000	      0.97164200	      0.01150000	     -0.53203300	      0.00000000	     -2.87632400	      0.00000000	      0.00000000	      0.00000000	      0.00000000
      5.77800000	    150.85733900	    987.49999900	    -32.96589400	      1.03253300	      0.01150000	     -0.45199100	      0.00000000	      0.00000000	      0.00000000	      0.97287700	      0.01150000	     -0.53202700	      0.00000000	     -2.85411800	      0.00000000	      0.00000000	      0.00000000	      0.00000000
      5.77850000	    151.27686500	    978.01824600	    -32.64351700	      1.03131300	      0.01150000	     -0.45197300	      0.00000000	      0.00000000	      0.00000000	      0.97411200	      0.01150000	     -0.53202000	      0.00000000	     -2.83139200	      0.00000000	      0.00000000	      0.00000000	      0.00000000
      5.77900000	    151.65710300	    968.53025500	    -32.31654700	      1.03009200	      0.01150000	     -0.45195500	      0.00000000	      0.00000000	      0.00000000	      0.97534700	      0.01150000	     -0.53201400	      0.00000000	     -2.80815200	      0.00000000	      0.00000000	      0.00000000	      0.00000000
      5.77950000	    151.99841200	    959.03752100	    -31.98489500	      1.02887300	      0.01150000	     -0.45193500	      0.00000000	      0.00000000	      0.00000000	      0.97658200	      0.01150000	     -0.53200700	      0.00000000	     -2.78438300	      0.00000000	      0.00000000	      0.00000000	      0.00000000
      5.78000000	    152.30117600	    949.54151800	    -31.64852300	      1.02765300	      0.01150000	     -0.45191500	      0.00000000	      0.00000000	      0.00000000	      0.97781700	      0.01150000	     -0.53200100	      0.00000000	     -2.76005200	      0.00000000	      0.00000000	      0.00000000	      0.00000000
      5.78050000	    152.56579400	    940.04370500	    -31.30743800	      1.02643300	      0.01150000	     -0.45189300	      0.00000000	      0.00000000	      0.00000000	      0.97915200	      0.01150000	     -0.53199700	      0.00000000	     -2.73511100	      0.00000000	      0.00000000	      0.00000000	      0.00000000
      5.78100000	    152.79267500	    930.54553200	    -30.96167000	      1.02521300	      0.01150000	     -0.45186900	      0.00000000	      0.00000000	      0.00000000	      0.98048700	      0.01150000	     -0.53199300	      0.00000000	     -2.70950500	      0.00000000	      0.00000000	      0.00000000	      0.00000000
      5.78150000	    152.98222900	    921.04845700	    -30.61126000	      1.02399200	      0.01150000	     -0.45184500	      0.00000000	      0.00000000	      0.00000000	      0.98182200	      0.01150000	     -0.53198900	      0.00000000	     -2.68318100	      0.00000000	      0.00000000	      0.00000000	      0.00000000
      5.78200000	    153.13485700	    911.55395600	    -30.25626500	      1.02277100	      0.01150000	     -0.45181900	      0.00000000	      0.00000000	      0.00000000	      0.98315800	      0.01150000	     -0.53198400	      0.00000000	     -2.65608200	      0.00000000	      0.00000000	      0.00000000	      0.00000000
      5.78250000	    153.25094800	    902.06353700	    -29.89677700	      1.02154800	      0.01150000	     -0.45179100	      0.00000000	      0.00000000	      0.00000000	      0.98449300	      0.01150000	     -0.53198000	      0.00000000	     -2.62815800	      0.00000000	      0.00000000	      0.00000000	      0.00000000
      5.78300000	    153.33087900	    892.57875100	    -29.53295800	      1.02032400	      0.01150000	     -0.45176200	      0.00000000	      0.00000000	      0.00000000	      0.98582800	      0.01150000	     -0.53197600	      0.00000000	     -2.59935600	      0.00000000	      0.00000000	      0.00000000	      0.00000000
      5.78350000	    153.37501600	    883.10117700	    -29.16506100	      1.01909800	      0.01150000	     -0.45173100	      0.00000000	      0.00000000	      0.00000000	      0.98716300	      0.01150000	     -0.53197200	      0.00000000	     -2.56962500	      0.00000000	      0.00000000	      0.00000000	      0.00000000
      5.78400000	    153.38373100	    873.63240700	    -28.79344200	      1.01787100	      0.01150000	     -0.45169800	      0.00000000	      0.00000000	      0.00000000	      0.98849900	      0.01150000	     -0.53196800	      0.00000000	     -2.53892000	      0.00000000	      0.00000000	      0.00000000	      0.00000000
      5.78450000	    153.35740200	    864.17404100	    -28.41856400	      1.01664100	      0.01150000	     -0.45166300	      0.00000000	      0.00000000	      0.00000000	      0.98983400	      0.01150000	     -0.53196400	      0.00000000	     -2.50721000	      0.00000000	      0.00000000	      0.00000000	      0.00000000
      5.78500000	    153.29641500	    854.72768400	    -28.04097900	      1.01540900	      0.01150000	     -0.45162600	      0.00000000	      0.00000000	      0.00000000	      0.99116900	      0.01150000	     -0.53195900	      0.00000000	     -2.47448300	      0.00000000	      0.00000000	      0.00000000	      0.00000000
      5.78550000	    153.20115900	    845.29494600	    -27.66131300	      1.01417500	      0.01150000	     -0.45158600	      0.00000000	      0.00000000	      0.00000000	      0.99250400	      0.01150000	     -0.53195500	      0.00000000	     -2.44074800	      0.00000000	      0.00000000	      0.00000000	      0.00000000
      5.78600000	    153.07201100	    835.87743700	    -27.28023300	      1.01293800	      0.01150000	     -0.45154400	      0.00000000	      0.00000000	      0.00000000	      0.99384000	      0.01150000	     -0.53195100	      0.00000000	     -2.40603900	      0.00000000	      0.00000000	      0.00000000	      0.00000000
      5.78650000	    152.90933200	    826.47675500	    -26.89842100	      1.01170000	      0.01150000	     -0.45150000	      0.00000000	      0.00000000	      0.00000000	      0.99517500	      0.01150000	     -0.53194700	      0.00000000	     -2.37041000	      0.00000000	      0.00000000	      0.00000000	      0.00000000
      5.78700000	    152.71345100	    817.09447700	    -26.51656500	      1.01045900	      0.01150000	     -0.45145200	      0.00000000	      0.00000000	      0.00000000	      0.99651000	      0.01150000	     -0.53194300	      0.00000000	     -2.33393200	      0.00000000	      0.00000000	      0.00000000	      0.00000000
      5.78750000	    152.48466800	    807.73213900	    -26.13535400	      1.00921500	      0.01150000	     -0.45140200	      0.00000000	      0.00000000	      0.00000000	      0.99784500	      0.01150000	     -0.53193900	      0.00000000	     -2.29669400	      0.00000000	      0.00000000	      0.00000000	      0.00000000
      5.78800000	    152.22325100	    798.39122000	    -25.75547700	      1.00797000	      0.01150000	     -0.45134900	      0.00000000	      0.00000000	      0.00000000	      0.99918100	      0.01150000	     -0.53193500	      0.00000000	     -2.25879500	      0.00000000	      0.00000000	      0.00000000	      0.00000000
      5.78850000	    151.92944500	    789.07314500	    -25.37762600	      1.00672400	      0.01150000	     -0.45129200	      0.00000000	      0.00000000	      0.00000000	      1.00051600	      0.01150000	     -0.53193000	      0.00000000	     -2.22035200	      0.00000000	      0.00000000	      0.00000000	      0.00000000
      5.78900000	    151.60347300	    779.77927900	    -25.00249600	      1.00547500	      0.01150000	     -0.45123300	      0.00000000	      0.00000000	      0.00000000	      1.00185100	      0.01150000	     -0.53192600	      0.00000000	     -2.18149100	      0.00000000	      0.00000000	      0.00000000	      0.00000000
      5.78950000	    151.24553900	    770.51092700	    -24.63077800	      1.00422500	      0.01150000	     -0.45117000	      0.00000000	      0.00000000	      0.00000000	      1.00318600	      0.01150000	     -0.53192200	      0.00000000	     -2.14234700	      0.00000000	      0.00000000	      0.00000000	      0.00000000
      5.79000000	    150.85581800	    761.26932700	    -24.26314900	      1.00297200	      0.01150000	     -0.45110400	      0.00000000	      0.00000000	      0.00000000	      1.00452200	      0.01150000	     -0.53191800	      0.00000000	     -2.10305800	      0.00000000	      0.00000000	      0.00000000	      0.00000000
      5.79050000	    150.43445600	    752.05564000	    -23.90025500	      1.00171800	      0.01150000	     -0.45103400	      0.00000000	      0.00000000	      0.00000000	      1.00595800	      0.01150000	     -0.53192000	      0.00000000	     -2.06376200	      0.00000000	      0.00000000	      0.00000000	      0.00000000
      5.79100000	    149.98156800	    742.87095300	    -23.54270400	      1.00046200	      0.01150000	     -0.45096100	      0.00000000	      0.00000000	      0.00000000	      1.00739400	      0.01150000	     -0.53192300	      0.00000000	     -2.02458800	      0.00000000	      0.00000000	      0.00000000	      0.00000000
      5.79150000	    149.49724700	    733.71627600	    -23.19105400	      0.99920300	      0.01150000	     -0.45088500	      0.00000000	      0.00000000	      0.00000000	      1.00883000	      0.01150000	     -0.53192600	      0.00000000	     -1.98565900	      0.00000000	      0.00000000	      0.00000000	      0.00000000
      5.79200000	    148.98158100	    724.59256000	    -22.84580700	      0.99794300	      0.01150000	     -0.45080500	      0.00000000	      0.00000000	      0.00000000	      1.01026600	      0.01150000	     -0.53192800	      0.00000000	     -1.94708100	      0.00000000	      0.00000000	      0.00000000	      0.00000000
      5.79250000	    148.43467700	    715.50070200	    -22.50738900	      0.99668000	      0.01150000	     -0.45072300	      0.00000000	      0.00000000	      0.00000000	      1.01170200	      0.01150000	     -0.53193100	      0.00000000	     -1.90894400	      0.00000000	      0.00000000	      0.00000000	      0.00000000
      5.79300000	    147.85669500	    706.44156500	    -22.17615000	      0.99541500	      0.01150000	     -0.45063700	      0.00000000	      0.00000000	      0.00000000	      1.01313800	      0.01150000	     -0.53193300	      0.00000000	     -1.87131400	      0.00000000	      0.00000000	      0.00000000	      0.00000000
      5.79350000	    147.24785900	    697.41600500	    -21.85235700	      0.99414800	      0.01150000	     -0.45054800	      0.00000000	      0.00000000	      0.00000000	      1.01457400	      0.01150000	     -0.53193600	      0.00000000	     -1.83423600	      0.00000000	      0.00000000	      0.00000000	      0.00000000
      5.79400000	    146.60847100	    688.42490400	    -21.53620300	      0.99287900	      0.01150000	     -0.45045600	      0.00000000	      0.00000000	      0.00000000	      1.01601000	      0.01150000	     -0.53193800	      0.00000000	     -1.79773400	      0.00000000	      0.00000000	      0.00000000	      0.00000000
      5.79450000	    145.93890100	    679.46920800	    -21.22780800	      0.99161000	      0.01150000	     -0.45036000	      0.00000000	      0.00000000	      0.00000000	      1.01744600	      0.01150000	     -0.53194100	      0.00000000	     -1.76181800	      0.00000000	      0.00000000	      0.00000000	      0.00000000
      5.79500000	    145.23957200	    670.54993500	    -20.92723100	      0.99034100	      0.01150000	     -0.45026100	      0.00000000	      0.00000000	      0.00000000	      1.01888200	      0.01150000	     -0.53194400	      0.00000000	     -1.72649400	      0.00000000	      0.00000000	      0.00000000	      0.00000000
      5.79550000	    144.51093400	    661.66816700	    -20.63445800	      0.98907200	      0.01150000	     -0.45015800	      0.00000000	      0.00000000	      0.00000000	      1.02031900	      0.01150000	     -0.53194600	      0.00000000	     -1.69177000	      0.00000000	      0.00000000	      0.00000000	      0.00000000
      5.79600000	    143.75343600	    652.82504000	    -20.34940400	      0.98780500	      0.01150000	     -0.45005200	      0.00000000	      0.00000000	      0.00000000	      1.02175500	      0.01150000	     -0.53194900	      0.00000000	     -1.65765400	      0.00000000	      0.00000000	      0.00000000	      0.00000000
      5.79650000	    142.96751200	    644.02171100	    -20.07189600	      0.98654000	      0.01150000	     -0.44994100	      0.00000000	      0.00000000	      0.00000000	      1.02319100	      0.01150000	     -0.53195100	      0.00000000	     -1.62416000	      0.00000000	      0.00000000	      0.00000000	      0.00000000
      5.79700000	    142.15356700	    635.25933100	    -19.80166400	      0.98527700	      0.01150000	     -0.44982700	      0.00000000	      0.00000000	      0.00000000	      1.02462700	      0.01150000	     -0.53195400	      0.00000000	     -1.59130600	      0.00000000	      0.00000000	      0.00000000	      0.00000000
      5.79750000	    141.31197000	    626.53901500	    -19.53833000	      0.98401800	      0.01150000	     -0.44970800	      0.00000000	      0.00000000	      0.00000000	      1.02606300	      0.01150000	     -0.53195600	      0.00000000	     -1.55911800	      0.00000000	      0.00000000	      0.00000000	      0.00000000
      5.79800000	    140.44304500	    617.86183100	    -19.28140900	      0.98276200	      0.01150000	     -0.44958500	      0.00000000	      0.00000000	      0.00000000	      1.02749900	      0.01150000	     -0.53195900	      0.00000000	     -1.52764300	      0.00000000	      0.00000000	      0.00000000	      0.00000000
      5.79850000	    139.54707000	    609.22878200	    -19.03032100	      0.98151100	      0.01150000	     -0.44945800	      0.00000000	      0.00000000	      0.00000000	      1.02893500	      0.01150000	     -0.53196200	      0.00000000	     -1.49694600	      0.00000000	      0.00000000	      0.00000000	      0.00000000
      5.79900000	    138.62427600	    600.64079600	    -18.78441200	      0.98026500	      0.01150000	     -0.44932500	      0.00000000	      0.00000000	      0.00000000	      1.03037100	      0.01150000	     -0.53196400	      0.00000000	     -1.46711200	      0.00000000	      0.00000000	      0.00000000	      0.00000000
      5.79950000	    137.67486600	    592.09872900	    -18.54298100	      0.97902300	      0.01150000	     -0.44918700	      0.00000000	      0.00000000	      0.00000000	      1.03180700	      0.01150000	     -0.53196700	      0.00000000	     -1.43824200	      0.00000000	      0.00000000	      0.00000000	      0.00000000
      5.80000000	    136.69903900	    583.60336600	    -18.30532000	      0.97778600	      0.01150000	     -0.44904400	      0.00000000	      0.00000000	      0.00000000	      1.03324300	      0.01150000	     -0.53196900	      0.00000000	     -1.41044500	      0.00000000	      0.00000000	      0.00000000	      0.00000000
      5.80050000	    135.69702300	    575.15543900	    -18.07072800	      0.97655400	      0.01150000	     -0.44889500	      0.00000000	      0.00000000	      0.00000000	      1.03477100	      0.01150000	     -0.53198200	      0.00000000	     -1.38382800	      0.00000000	      0.00000000	      0.00000000	      0.00000000
      5.80100000	    134.66911300	    566.75565300	    -17.83852400	      0.97532700	      0.01150000	     -0.44874100	      0.00000000	      0.00000000	      0.00000000	      1.03630000	      0.01150000	     -0.53199500	      0.00000000	     -1.35848700	      0.00000000	      0.00000000	      0.00000000	      0.00000000
      5.80150000	    133.61570000	    558.40471500	    -17.60804900	      0.97410600	      0.01150000	     -0.44858100	      0.00000000	      0.00000000	      0.00000000	      1.03782800	      0.01150000	     -0.53200800	      0.00000000	     -1.33450500	      0.00000000	      0.00000000	      0.00000000	      0.00000000
      5.80200000	    132.53729100	    550.10335900	    -17.37865600	      0.97289100	      0.01150000	     -0.44841600	      0.00000000	      0.00000000	      0.00000000	      1.03935600	      0.01150000	     -0.53202000	      0.00000000	     -1.31194400	      0.00000000	      0.00000000	      0.00000000	      0.00000000
      5.80250000	    131.43451000	    541.85236400	    -17.14971300	      0.97168100	      0.01150000	     -0.44824400	      0.00000000	      0.00000000	      0.00000000	      1.04088400	      0.01150000	     -0.53203300	      0.00000000	     -1.29084200	      0.00000000	      0.00000000	      0.00000000	      0.00000000
      5.80300000	    130.30809100	    533.65256500	    -16.92061400	      0.97047700	      0.01150000	     -0.44806800	      0.00000000	      0.00000000	      0.00000000	      1.04241200	      0.01150000	     -0.53204600	      0.00000000	     -1.27121300	      0.00000000	      0.00000000	      0.00000000	      0.00000000
      5.80350000	    129.15884700	    525.50484700	    -16.69079700	      0.96928000	      0.01150000	     -0.44788600	      0.00000000	      0.00000000	      0.00000000	      1.04394000	      0.01150000	     -0.53205900	      0.00000000	     -1.25304800	      0.00000000	      0.00000000	      0.00000000	      0.00000000
      5.80400000	    127.98764500	    517.41013200	    -16.45976300	      0.96809000	      0.01150000	     -0.44769800	      0.00000000	      0.00000000	      0.00000000	      1.04546900	      0.01150000	     -0.53207100	      0.00000000	     -1.23631700	      0.00000000	      0.00000000	      0.00000000	      0.00000000
      5.80450000	    126.79536700	    509.36935000	    -16.22709500	      0.96690800	      0.01150000	     -0.44750600	      0.00000000	      0.00000000	      0.00000000	      1.04699700	      0.01150000	     -0.53208400	      0.00000000	     -1.22096600	      0.00000000	      0.00000000	      0.00000000	      0.00000000
      5.80500000	    125.58289500	    501.38340500	    -15.99245600	      0.96573200	      0.01150000	     -0.44730800	      0.00000000	      0.00000000	      0.00000000	      1.04852500	      0.01150000	     -0.53209700	      0.00000000	     -1.20691700	      0.00000000	      0.00000000	      0.00000000	      0.00000000
      5.80550000	    124.35109600	    493.45314300	    -15.75558900	      0.96456500	      0.01150000	     -0.44710600	      0.00000000	      0.00000000	      0.00000000	      1.05005300	      0.01150000	     -0.53211000	      0.00000000	     -1.19406600	      0.00000000	      0.00000000	      0.00000000	      0.00000000
      5.80600000	    123.10082500	    485.57932600	    -15.51629500	      0.96340700	      0.01150000	     -0.44690000	      0.00000000	      0.00000000	      0.00000000	      1.05158100	      0.01150000	     -0.53212200	      0.00000000	     -1.18228800	      0.00000000	      0.00000000	      0.00000000	      0.00000000
      5.80650000	    121.83292300	    477.76262200	    -15.27440700	      0.96225600	      0.01150000	     -0.44669000	      0.00000000	      0.00000000	      0.00000000	      1.05310900	      0.01150000	     -0.53213500	      0.00000000	     -1.17144900	      0.00000000	      0.00000000	      0.00000000	      0.00000000
      5.80700000	    120.54822800	    470.00361400	    -15.02976100	      0.96111500	      0.01150000	     -0.44647700	      0.00000000	      0.00000000	      0.00000000	      1.05463800	      0.01150000	     -0.53214800	      0.00000000	     -1.16141200	      0.00000000	      0.00000000	      0.00000000	      0.00000000
      5.80750000	    119.24757700	    462.30281600	    -14.78217300	      0.95998100	      0.01150000	     -0.44626000	      0.00000000	      0.00000000	      0.00000000	      1.05616600	      0.01150000	     -0.53216100	      0.00000000	     -1.15204200	      0.00000000	      0.00000000	      0.00000000	      0.00000000
      5.80800000	    117.93180500	    454.66069200	    -14.53143400	      0.95885600	      0.01150000	     -0.44604000	      0.00000000	      0.00000000	      0.00000000	      1.05769400	      0.01150000	     -0.53217400	      0.00000000	     -1.14321000	      0.00000000	      0.00000000	      0.00000000	      0.00000000
      5.80850000	    116.60175200	    447.07766400	    -14.27732000	      0.95773900	      0.01150000	     -0.44581700	      0.00000000	      0.00000000	      0.00000000	      1.05922200	      0.01150000	     -0.53218600	      0.00000000	     -1.13479700	      0.00000000	      0.00000000	      0.00000000	      0.00000000
      5.80900000	    115.25827400	    439.55412600	    -14.01961700	      0.95663000	      0.01150000	     -0.44559000	      0.00000000	      0.00000000	      0.00000000	      1.06075000	      0.01150000	     -0.53219900	      0.00000000	     -1.12668600	      0.00000000	      0.00000000	      0.00000000	      0.00000000
      5.80950000	    113.90226100	    432.09045600	    -13.75813600	      0.95552800	      0.01150000	     -0.44536100	      0.00000000	      0.00000000	      0.00000000	      1.06227800	      0.01150000	     -0.53221200	      0.00000000	     -1.11875500	      0.00000000	      0.00000000	      0.00000000	      0.00000000
      5.81000000	    112.53465400	    424.68701600	    -13.49273200	      0.95443300	      0.01150000	     -0.44512800	      0.00000000	      0.00000000	      0.00000000	      1.06380700	      0.01150000	     -0.53222500	      0.00000000	     -1.11087700	      0.00000000	      0.00000000	      0.00000000	      0.00000000
      5.81050000	    111.15645600	    417.34414400	    -13.22331800	      0.95334500	      0.01150000	     -0.44489200	      0.00000000	      0.00000000	      0.00000000	      1.06540700	      0.01150000	     -0.53225000	      0.00000000	     -1.10291600	      0.00000000	      0.00000000	      0.00000000	      0.00000000
      5.81100000	    109.76874100	    410.06214500	    -12.94986500	      0.95226300	      0.01150000	     -0.44465200	      0.00000000	      0.00000000	      0.00000000	      1.06700800	      0.01150000	     -0.53227500	      0.00000000	     -1.09473500	      0.00000000	      0.00000000	      0.00000000	      0.00000000
      5.81150000	    108.37263800	    402.84126300	    -12.67239900	      0.95118700	      0.01150000	     -0.44440900	      0.00000000	      0.00000000	      0.00000000	      1.06860900	      0.01150000	     -0.53230000	      0.00000000	     -1.08619400	      0.00000000	      0.00000000	      0.00000000	      0.00000000
      5.81200000	    106.96931700	    395.68167300	    -12.39099000	      0.95011700	      0.01150000	     -0.44416200	      0.00000000	      0.00000000	      0.00000000	      1.07020900	      0.01150000	     -0.53232500	      0.00000000	     -1.07716300	      0.00000000	      0.00000000	      0.00000000	      0.00000000
      5.81250000	    105.55996000	    388.58346800	    -12.10575800	      0.94905300	      0.01150000	     -0.44391100	      0.00000000	      0.00000000	      0.00000000	      1.07181000	      0.01150000	     -0.53235000	      0.00000000	     -1.06752500	      0.00000000	      0.00000000	      0.00000000	      0.00000000
      5.81300000	    104.14573600	    381.54666500	    -11.81687600	      0.94799500	      0.01150000	     -0.44365700	      0.00000000	      0.00000000	      0.00000000	      1.07341100	      0.01150000	     -0.53237500	      0.00000000	     -1.05718800	      0.00000000	      0.00000000	      0.00000000	      0.00000000
      5.81350000	    102.72778100	    374.57119900	    -11.52459100	      0.94694300	      0.01150000	     -0.44339800	      0.00000000	      0.00000000	      0.00000000	      1.07501100	      0.01150000	     -0.53240000	      0.00000000	     -1.04608000	      0.00000000	      0.00000000	      0.00000000	      0.00000000
      5.81400000	    101.30719500	    367.65693700	    -11.22922500	      0.94589700	      0.01150000	     -0.44313600	      0.00000000	      0.00000000	      0.00000000	      1.07661200	      0.01150000	     -0.53242500	      0.00000000	     -1.03415300	      0.00000000	      0.00000000	      0.00000000	      0.00000000
      5.81450000	     99.88503700	    360.80370000	    -10.93118600	      0.94485600	      0.01150000	     -0.44287000	      0.00000000	      0.00000000	      0.00000000	      1.07821300	      0.01150000	     -0.53245000	      0.00000000	     -1.02137200	      0.00000000	      0.00000000	      0.00000000	      0.00000000
      5.81500000	     98.46232000	    354.01128100	    -10.63096800	      0.94382100	      0.01150000	     -0.44260000	      0.00000000	      0.00000000	      0.00000000	      1.07981400	      0.01150000	     -0.53247500	      0.00000000	     -1.00771900	      0.00000000	      0.00000000	      0.00000000	      0.00000000
      5.81550000	     97.03998900	    347.27945600	    -10.32914200	      0.94279200	      0.01150000	     -0.44232700	      0.00000000	      0.00000000	      0.00000000	      1.08141400	      0.01150000	     -0.53250000	      0.00000000	     -0.99319400	      0.00000000	      0.00000000	      0.00000000	      0.00000000
      5.81600000	     95.61891300	    340.60798400	    -10.02633400	      0.94176700	      0.01150000	     -0.44205100	      0.00000000	      0.00000000	      0.00000000	      1.08301500	      0.01150000	     -0.53252500	      0.00000000	     -0.97782900	      0.00000000	      0.00000000	      0.00000000	      0.00000000
      5.81650000	     94.19987100	    333.99661000	     -9.72319400	      0.94074600	      0.01150000	     -0.44177100	      0.00000000	      0.00000000	      0.00000000	      1.08461600	      0.01150000	     -0.53255000	      0.00000000	     -0.96169300	      0.00000000	      0.00000000	      0.00000000	      0.00000000
      5.81700000	     92.78354300	    327.44506900	     -9.42037900	      0.93972800	      0.01150000	     -0.44148900	      0.00000000	      0.00000000	      0.00000000	      1.08621600	      0.01150000	     -0.53257500	      0.00000000	     -0.94489400	      0.00000000	      0.00000000	      0.00000000	      0.00000000
      5.81750000	     91.37051400	    320.95308600	     -9.11852700	      0.93871200	      0.01150000	     -0.44120300	      0.00000000	      0.00000000	      0.00000000	      1.08781700	      0.01150000	     -0.53260000	      0.00000000	     -0.92757500	      0.00000000	      0.00000000	      0.00000000	      0.00000000
      5.81800000	     89.96128100	    314.52038500	     -8.81826600	      0.93769700	      0.01150000	     -0.44091600	      0.00000000	      0.00000000	      0.00000000	      1.08941800	      0.01150000	     -0.53262500	      0.00000000	     -0.90990800	      0.00000000	      0.00000000	      0.00000000	      0.00000000
      5.81850000	     88.55627600	    308.14668100	     -8.52021100	      0.93668200	      0.01150000	     -0.44062600	      0.00000000	      0.00000000	      0.00000000	      1.09101900	      0.01150000	     -0.53265000	      0.00000000	     -0.89207900	      0.00000000	      0.00000000	      0.00000000	      0.00000000
      5.81900000	     87.15589200	    301.83167500	     -8.22497200	      0.93566600	      0.01150000	     -0.44033400	      0.00000000	      0.00000000	      0.00000000	      1.09261900	      0.01150000	     -0.53267500	      0.00000000	     -0.87428700	      0.00000000	      0.00000000	      0.00000000	      0.00000000
      5.81950000	     85.76050900	    295.57506000	     -7.93315800	      0.93464800	      0.01150000	     -0.44004000	      0.00000000	      0.00000000	      0.00000000	      1.09422000	      0.01150000	     -0.53270000	      0.00000000	     -0.85673400	      0.00000000	      0.00000000	      0.00000000	      0.00000000
      5.82000000	     84.37051000	    289.37653200	     -7.64538200	      0.93362900	      0.01150000	     -0.43974400	      0.00000000	      0.00000000	      0.00000000	      1.09582100	      0.01150000	     -0.53272500	      0.00000000	     -0.83962100	      0.00000000	      0.00000000	      0.00000000	      0.00000000
      5.82050000	     82.98629200	    283.23579500	     -7.36225400	      0.93260700	      0.01150000	     -0.43944600	      0.00000000	      0.00000000	      0.00000000	      1.09746300	      0.01150000	     -0.53276300	      0.00000000	     -0.82314300	      0.00000000	      0.00000000	      0.00000000	      0.00000000
      5.82100000	     81.60826700	    277.15255900	     -7.08437600	      0.93158400	      0.01150000	     -0.43914500	      0.00000000	      0.00000000	      0.00000000	      1.09910500	      0.01150000	     -0.53280000	      0.00000000	     -0.80748000	      0.00000000	      0.00000000	      0.00000000	      0.00000000
      5.82150000	     80.23685300	    271.12652900	     -6.81232200	      0.93056000	      0.01150000	     -0.43884300	      0.00000000	      0.00000000	      0.00000000	      1.10074700	      0.01150000	     -0.53283700	      0.00000000	     -0.79279300	      0.00000000	      0.00000000	      0.00000000	      0.00000000
      5.82200000	     78.87246000	    265.15739800	     -6.54661700	      0.92953500	      0.01150000	     -0.43853800	      0.00000000	      0.00000000	      0.00000000	      1.10239000	      0.01150000	     -0.53287500	      0.00000000	     -0.77921100	      0.00000000	      0.00000000	      0.00000000	      0.00000000
      5.82250000	     77.51548700	    259.24483000	     -6.28772600	      0.92851100	      0.01150000	     -0.43823100	      0.00000000	      0.00000000	      0.00000000	      1.10403200	      0.01150000	     -0.53291200	      0.00000000	     -0.76683800	      0.00000000	      0.00000000	      0.00000000	      0.00000000
      5.82300000	     76.16631100	    253.38845000	     -6.03603900	      0.92748700	      0.01150000	     -0.43792100	      0.00000000	      0.00000000	      0.00000000	      1.10567400	      0.01150000	     -0.53294900	      0.00000000	     -0.75574600	      0.00000000	      0.00000000	      0.00000000	      0.00000000
      5.82350000	     74.82528800	    247.58784000	     -5.79187600	      0.92646500	      0.01150000	     -0.43760700	      0.00000000	      0.00000000	      0.00000000	      1.10731600	      0.01150000	     -0.53298700	      0.00000000	     -0.74598400	      0.00000000	      0.00000000	      0.00000000	      0.00000000
      5.82400000	     73.49275300	    241.84253500	     -5.55547200	      0.92544500	      0.01150000	     -0.43729000	      0.00000000	      0.00000000	      0.00000000	      1.10895800	      0.01150000	     -0.53302400	      0.00000000	     -0.73757300	      0.00000000	      0.00000000	      0.00000000	      0.00000000
      5.82450000	     72.16900900	    236.15202700	     -5.32698100	      0.92442700	      0.01150000	     -0.43696700	      0.00000000	      0.00000000	      0.00000000	      1.11060100	      0.01150000	     -0.53306200	      0.00000000	     -0.73049600	      0.00000000	      0.00000000	      0.00000000	      0.00000000
      5.82500000	     70.85432100	    230.51577200	     -5.10647400	      0.92341100	      0.01150000	     -0.43664000	      0.00000000	      0.00000000	      0.00000000	      1.11224300	      0.01150000	     -0.53309900	      0.00000000	     -0.72469900	      0.00000000	      0.00000000	      0.00000000	      0.00000000
      5.82550000	     69.54891200	    224.93321300	     -4.89394100	      0.92239800	      0.01150000	     -0.43630700	      0.00000000	      0.00000000	      0.00000000	      1.11388500	      0.01150000	     -0.53313600	      0.00000000	     -0.72008200	      0.00000000	      0.00000000	      0.00000000	      0.00000000
      5.82600000	     68.25297000	    219.40381500	     -4.68930900	      0.92138600	      0.01150000	     -0.43596700	      0.00000000	      0.00000000	      0.00000000	      1.11552700	      0.01150000	     -0.53317400	      0.00000000	     -0.71650700	      0.00000000	      0.00000000	      0.00000000	      0.00000000
      5.82650000	     66.96666700	    213.92708700	     -4.49245500	      0.92037500	      0.01150000	     -0.43562100	      0.00000000	      0.00000000	      0.00000000	      1.11716900	      0.01150000	     -0.53321100	      0.00000000	     -0.71379800	      0.00000000	      0.00000000	      0.00000000	      0.00000000
      5.82700000	     65.69019000	    208.50259800	     -4.30321000	      0.91936600	      0.01150000	     -0.43526800	      0.00000000	      0.00000000	      0.00000000	      1.11881200	      0.01150000	     -0.53324900	      0.00000000	     -0.71174700	      0.00000000	      0.00000000	      0.00000000	      0.00000000
      5.82750000	     64.42375700	    203.12998700	     -4.12137200	      0.91828300	      0.01150000	     -0.43605500	      0.00000000	      0.00000000	      0.00000000	      1.12045400	      0.01150000	     -0.53328600	      0.00000000	     -0.71011600	      0.00000000	      0.00000000	      0.00000000	      0.00000000
      5.82800000	     63.16763400	    197.80896600	     -3.94670800	      0.91720100	      0.01150000	     -0.43684200	      0.00000000	      0.00000000	      0.00000000	      1.12209600	      0.01150000	     -0.53332300	      0.00000000	     -0.70864700	      0.00000000	      0.00000000	      0.00000000	      0.00000000
      5.82850000	     61.92214200	    192.53932000	     -3.77896300	      0.91611900	      0.01150000	     -0.43762900	      0.00000000	      0.00000000	      0.00000000	      1.12373800	      0.01150000	     -0.53336100	      0.00000000	     -0.70707100	      0.00000000	      0.00000000	      0.00000000	      0.00000000
      5.82900000	     60.68764800	    187.32091800	     -3.61785100	      0.91503700	      0.01150000	     -0.43841600	      0.00000000	      0.00000000	      0.00000000	      1.12538000	      0.01150000	     -0.53339800	      0.00000000	     -0.70512200	      0.00000000	      0.00000000	      0.00000000	      0.00000000
      5.82950000	     59.46456600	    182.15372100	     -3.46305100	      0.91395400	      0.01150000	     -0.43920400	      0.00000000	      0.00000000	      0.00000000	      1.12702300	      0.01150000	     -0.53343500	      0.00000000	     -0.70254800	      0.00000000	      0.00000000	      0.00000000	      0.00000000
      5.83000000	     58.25333100	    177.03780100	     -3.31420200	      0.91287200	      0.01150000	     -0.43999100	      0.00000000	      0.00000000	      0.00000000	      1.12866500	      0.01150000	     -0.53347300	      0.00000000	     -0.69912400	      0.00000000	      0.00000000	      0.00000000	      0.00000000
      5.83050000	     57.05439100	    171.97333900	     -3.17090400	      0.91179000	      0.01150000	     -0.44077800	      0.00000000	      0.00000000	      0.00000000	      1.13030700	      0.01150000	     -0.53352000	      0.00000000	     -0.69466000	      0.00000000	      0.00000000	      0.00000000	      0.00000000
      5.83100000	     55.86818700	    166.96061600	     -3.03272200	      0.91070800	      0.01150000	     -0.44156500	      0.00000000	      0.00000000	      0.00000000	      1.13194800	      0.01150000	     -0.53356700	      0.00000000	     -0.68900300	      0.00000000	      0.00000000	      0.00000000	      0.00000000
      5.83150000	     54.69514100	    162.00000100	     -2.89918500	      0.90962500	      0.01150000	     -0.44235200	      0.00000000	      0.00000000	      0.00000000	      1.13359000	      0.01150000	     -0.53361300	      0.00000000	     -0.68205100	      0.00000000	      0.00000000	      0.00000000	      0.00000000
      5.83200000	     53.53563400	    157.09194600	     -2.76979900	      0.90854300	      0.01150000	     -0.44314000	      0.00000000	      0.00000000	      0.00000000	      1.13523100	      0.01150000	     -0.53366000	      0.00000000	     -0.67375400	      0.00000000	      0.00000000	      0.00000000	      0.00000000
      5.83250000	     52.39000300	    152.23697800	     -2.64404400	      0.90746100	      0.01150000	     -0.44392700	      0.00000000	      0.00000000	      0.00000000	      1.13687300	      0.01150000	     -0.53370700	      0.00000000	     -0.66411600	      0.00000000	      0.00000000	      0.00000000	      0.00000000
      5.83300000	     51.25854300	    147.43569700	     -2.52138700	      0.90637900	      0.01150000	     -0.44471400	      0.00000000	      0.00000000	      0.00000000	      1.13851400	      0.01150000	     -0.53375400	      0.00000000	     -0.65320300	      0.00000000	      0.00000000	      0.00000000	      0.00000000
      5.83350000	     50.14151600	    142.68876700	     -2.40128000	      0.90529600	      0.01150000	     -0.44550100	      0.00000000	      0.00000000	      0.00000000	      1.14015600	      0.01150000	     -0.53380100	      0.00000000	     -0.64113600	      0.00000000	      0.00000000	      0.00000000	      0.00000000
      5.83400000	     49.03916300	    137.99691800	     -2.28316500	      0.90421400	      0.01150000	     -0.44628900	      0.00000000	      0.00000000	      0.00000000	      1.14179800	      0.01150000	     -0.53384800	      0.00000000	     -0.62809600	      0.00000000	      0.00000000	      0.00000000	      0.00000000
      5.83450000	     47.95172300	    133.36095900	     -2.16648000	      0.90313200	      0.01150000	     -0.44707600	      0.00000000	      0.00000000	      0.00000000	      1.14343900	      0.01150000	     -0.53389500	      0.00000000	     -0.61430600	      0.00000000	      0.00000000	      0.00000000	      0.00000000
      5.83500000	     46.87944000	    128.78180500	     -2.05068500	      0.90205000	      0.01150000	     -0.44786300	      0.00000000	      0.00000000	      0.00000000	      1.14508100	      0.01150000	     -0.53394200	      0.00000000	     -0.60002100	      0.00000000	      0.00000000	      0.00000000	      0.00000000
      5.83550000	     45.82258300	    124.26049000	     -1.93527400	      0.90096700	      0.01150000	     -0.44865000	      0.00000000	      0.00000000	      0.00000000	      1.14672200	      0.01150000	     -0.53398800	      0.00000000	     -0.58551000	      0.00000000	      0.00000000	      0.00000000	      0.00000000
      5.83600000	     44.78145400	    119.79817300	     -1.81979600	      0.89988500	      0.01150000	     -0.44943700	      0.00000000	      0.00000000	      0.00000000	      1.14836400	      0.01150000	     -0.53403500	      0.00000000	     -0.57105100	      0.00000000	      0.00000000	      0.00000000	      0.00000000
      5.83650000	     43.75640700	    115.39614400	     -1.70386200	      0.89880300	      0.01150000	     -0.45022500	      0.00000000	      0.00000000	      0.00000000	      1.15000600	      0.01150000	     -0.53408200	      0.00000000	     -0.55691600	      0.00000000	      0.00000000	      0.00000000	      0.00000000
      5.83700000	     42.74785600	    111.05583000	     -1.58715200	      0.89772100	      0.01150000	     -0.45101200	      0.00000000	      0.00000000	      0.00000000	      1.15164700	      0.01150000	     -0.53412900	      0.00000000	     -0.54336800	      0.00000000	      0.00000000	      0.00000000	      0.00000000
      5.83750000	     41.75628200	    106.77878900	     -1.46941200	      0.89663800	      0.01150000	     -0.45179900	      0.00000000	      0.00000000	      0.00000000	      1.15328900	      0.01150000	     -0.53417600	      0.00000000	     -0.53064900	      0.00000000	      0.00000000	      0.00000000	      0.00000000
      5.83800000	     40.78223500	    102.56672400	     -1.35045100	      0.89552300	      0.01150000	     -0.45177900	      0.00000000	      0.00000000	      0.00000000	      1.15493000	      0.01150000	     -0.53422300	      0.00000000	     -0.51897800	      0.00000000	      0.00000000	      0.00000000	      0.00000000
      5.83850000	     39.82631800	     98.42148200	     -1.23013700	      0.89440700	      0.01150000	     -0.45175900	      0.00000000	      0.00000000	      0.00000000	      1.15657200	      0.01150000	     -0.53427000	      0.00000000	     -0.50853900	      0.00000000	      0.00000000	      0.00000000	      0.00000000
      5.83900000	     38.88916000	     94.34506600	     -1.10839600	      0.89329100	      0.01150000	     -0.45174000	      0.00000000	      0.00000000	      0.00000000	      1.15821400	      0.01150000	     -0.53431700	      0.00000000	     -0.49947100	      0.00000000	      0.00000000	      0.00000000	      0.00000000
      5.83950000	     37.97138500	     90.33962000	     -0.98521600	      0.89217500	      0.01150000	     -0.45172000	      0.00000000	      0.00000000	      0.00000000	      1.15985500	      0.01150000	     -0.53436300	      0.00000000	     -0.49186500	      0.00000000	      0.00000000	      0.00000000	      0.00000000
      5.84000000	     37.07358100	     86.40741300	     -0.86066100	      0.89105900	      0.01150000	     -0.45170000	      0.00000000	      0.00000000	      0.00000000	      1.16149700	      0.01150000	     -0.53441000	      0.00000000	     -0.48575500	      0.00000000	      0.00000000	      0.00000000	      0.00000000
      5.84050000	     36.19627300	     82.55082600	     -0.73487400	      0.88997900	      0.01150000	     -0.45168700	      0.00000000	      0.00000000	      0.00000000	      1.16308600	      0.01150000	     -0.53446100	      0.00000000	     -0.48112800	      0.00000000	      0.00000000	      0.00000000	      0.00000000
      5.84100000	     35.33990800	     78.77231500	     -0.60809000	      0.88890000	      0.01150000	     -0.45167400	      0.00000000	      0.00000000	      0.00000000	      1.16467600	      0.01150000	     -0.53451100	      0.00000000	     -0.47792500	      0.00000000	      0.00000000	      0.00000000	      0.00000000
      5.84150000	     34.50484500	     75.07428100	     -0.48063000	      0.88782100	      0.01150000	     -0.45166100	      0.00000000	      0.00000000	      0.00000000	      1.16626600	      0.01150000	     -0.53456100	      0.00000000	     -0.47605500	      0.00000000	      0.00000000	      0.00000000	      0.00000000
      5.84200000	     33.69135200	     71.45889900	     -0.35288600	      0.88674100	      0.01150000	     -0.45164800	      0.00000000	      0.00000000	      0.00000000	      1.16785500	      0.01150000	     -0.53461100	      0.00000000	     -0.47540800	      0.00000000	      0.00000000	      0.00000000	      0.00000000
      5.84250000	     32.89961200	     67.92800100	     -0.22529600	      0.88566200	      0.01150000	     -0.45163500	      0.00000000	      0.00000000	      0.00000000	      1.16944500	      0.01150000	     -0.53466100	      0.00000000	     -0.47586700	      0.00000000	      0.00000000	      0.00000000	      0.00000000
      5.84300000	     32.12973200	     64.48306800	     -0.09832100	      0.88458300	      0.01150000	     -0.45162200	      0.00000000	      0.00000000	      0.00000000	      1.17103400	      0.01150000	     -0.53471100	      0.00000000	     -0.47731200	      0.00000000	      0.00000000	      0.00000000	      0.00000000
      5.84350000	     31.38175100	     61.12524500	      0.02758400	      0.88350300	      0.01150000	     -0.45160900	      0.00000000	      0.00000000	      0.00000000	      1.17262400	      0.01150000	     -0.53476200	      0.00000000	     -0.47961900	      0.00000000	      0.00000000	      0.00000000	      0.00000000
      5.84400000	     30.65564700	     57.85539000	      0.15197400	      0.88242400	      0.01150000	     -0.45159600	      0.00000000	      0.00000000	      0.00000000	      1.17421400	      0.01150000	     -0.53481200	      0.00000000	     -0.48266500	      0.00000000	      0.00000000	      0.00000000	      0.00000000
      5.84450000	     29.95135800	     54.67418600	      0.27442300	      0.88134500	      0.01150000	     -0.45158300	      0.00000000	      0.00000000	      0.00000000	      1.17580300	      0.01150000	     -0.53486200	      0.00000000	     -0.48633200	      0.00000000	      0.00000000	      0.00000000	      0.00000000
      5.84500000	     29.26879400	     51.58224700	      0.39452000	      0.88026500	      0.01150000	     -0.45157000	      0.00000000	      0.00000000	      0.00000000	      1.17739300	      0.01150000	     -0.53491200	      0.00000000	     -0.49050900	      0.00000000	      0.00000000	      0.00000000	      0.00000000
      5.84550000	     28.60785000	     48.58017300	      0.51185600	      0.87918600	      0.01150000	     -0.45155700	      0.00000000	      0.00000000	      0.00000000	      1.17898200	      0.01150000	     -0.53496200	      0.00000000	     -0.49510500	      0.00000000	      0.00000000	      0.00000000	      0.00000000
      5.84600000	     27.96841000	     45.66852300	      0.62602800	      0.87810700	      0.01150000	     -0.45154400	      0.00000000	      0.00000000	      0.00000000	      1.18057200	      0.01150000	     -0.53501200	      0.00000000	     -0.50005200	      0.00000000	      0.00000000	      0.00000000	      0.00000000
      5.84650000	     27.35033600	     42.84774400	      0.73663700	      0.87702700	      0.01150000	     -0.45153100	      0.00000000	      0.00000000	      0.00000000	      1.18216100	      0.01150000	     -0.53506300	      0.00000000	     -0.50530700	      0.00000000	      0.00000000	      0.00000000	      0.00000000
      5.84700000	     26.75346000	     40.11809000	      0.84329700	      0.87594800	      0.01150000	     -0.45151800	      0.00000000	      0.00000000	      0.00000000	      1.18375100	      0.01150000	     -0.53511300	      0.00000000	     -0.51085100	      0.00000000	      0.00000000	      0.00000000	      0.00000000
      5.84750000	     26.17756600	     37.47960000	      0.94563900	      0.87486900	      0.01150000	     -0.45150500	      0.00000000	      0.00000000	      0.00000000	      1.18534100	      0.01150000	     -0.53516300	      0.00000000	     -0.51668800	      0.00000000	      0.00000000	      0.00000000	      0.00000000
      5.84800000	     25.62237100	     34.93211800	      1.04331600	      0.87378900	      0.01150000	     -0.45149200	      0.00000000	      0.00000000	      0.00000000	      1.18693000	      0.01150000	     -0.53521300	      0.00000000	     -0.52284000	      0.00000000	      0.00000000	      0.00000000	      0.00000000
      5.84850000	     25.08752100	     32.47530100	      1.13601000	      0.87271000	      0.01150000	     -0.45147900	      0.00000000	      0.00000000	      0.00000000	      1.18852000	      0.01150000	     -0.53526300	      0.00000000	     -0.52935300	      0.00000000	      0.00000000	      0.00000000	      0.00000000
      5.84900000	     24.57258700	     30.10863300	      1.22344200	      0.87163100	      0.01150000	     -0.45146600	      0.00000000	      0.00000000	      0.00000000	      1.19010900	      0.01150000	     -0.53531300	      0.00000000	     -0.53630200	      0.00000000	      0.00000000	      0.00000000	      0.00000000
      5.84950000	     24.07706400	     27.83144000	      1.30536800	      0.87055100	      0.01150000	     -0.45145300	      0.00000000	      0.00000000	      0.00000000	      1.19169900	      0.01150000	     -0.53536400	      0.00000000	     -0.54379900	      0.00000000	      0.00000000	      0.00000000	      0.00000000
      5.85000000	     23.60037200	     25.64289500	      1.38158600	      0.86947200	      0.01150000	     -0.45144000	      0.00000000	      0.00000000	      0.00000000	      1.19328900	      0.01150000	     -0.53541400	      0.00000000	     -0.55198700	      0.00000000	      0.00000000	      0.00000000	      0.00000000
      5.85050000	     23.14186400	     23.54203700	      1.45192700	      0.86843400	      0.01150000	     -0.45143700	      0.00000000	      0.00000000	      0.00000000	      1.19476800	      0.01150000	     -0.53545800	      0.00000000	     -0.56103900	      0.00000000	      0.00000000	      0.00000000	      0.00000000
      5.85100000	     22.70084000	     21.52777800	      1.51626700	      0.86739600	      0.01150000	     -0.45143400	      0.00000000	      0.00000000	      0.00000000	      1.19624800	      0.01150000	     -0.53550300	      0.00000000	     -0.57114800	      0.00000000	      0.00000000	      0.00000000	      0.00000000
      5.85150000	     22.27656100	     19.59891200	      1.57453500	      0.86635700	      0.01150000	     -0.45143100	      0.00000000	      0.00000000	      0.00000000	      1.19772800	      0.01150000	     -0.53554800	      0.00000000	     -0.58252200	      0.00000000	      0.00000000	      0.00000000	      0.00000000
      5.85200000	     21.86826100	     17.75412700	      1.62672000	      0.86531900	      0.01150000	     -0.45142900	      0.00000000	      0.00000000	      0.00000000	      1.19920800	      0.01150000	     -0.53559200	      0.00000000	     -0.59536400	      0.00000000	      0.00000000	      0.00000000	      0.00000000
      5.85250000	     21.47514800	     15.99201500	      1.67287400	      0.86428100	      0.01150000	     -0.45142600	      0.00000000	      0.00000000	      0.00000000	      1.20068800	      0.01150000	     -0.53563700	      0.00000000	     -0.60986400	      0.00000000	      0.00000000	      0.00000000	      0.00000000
      5.85300000	     21.09641700	     14.31108000	      1.71310500	      0.86324300	      0.01150000	     -0.45142300	      0.00000000	      0.00000000	      0.00000000	      1.20216800	      0.01150000	     -0.53568100	      0.00000000	     -0.62618700	      0.00000000	      0.00000000	      0.00000000	      0.00000000
      5.85350000	     20.73125100	     12.70974400	      1.74756500	      0.86220400	      0.01150000	     -0.45142000	      0.00000000	      0.00000000	      0.00000000	      1.20364700	      0.01150000	     -0.53572600	      0.00000000	     -0.64446500	      0.00000000	      0.00000000	      0.00000000	      0.00000000
      5.85400000	     20.37883200	     11.18636400	      1.77642900	      0.86116600	      0.01150000	     -0.45141800	      0.00000000	      0.00000000	      0.00000000	      1.20512700	      0.01150000	     -0.53577100	      0.00000000	     -0.66479300	      0.00000000	      0.00000000	      0.00000000	      0.00000000
      5.85450000	      0.00000000	      0.00000000	      0.00000000	      0.86012800	      0.01150000	     -0.45141500	      0.00000000	      0.00000000	      0.00000000	      1.20660700	      0.01150000	     -0.53581500	      0.00000000	      0.00000000	      0.00000000	      0.00000000	      0.00000000	      0.00000000
      5.85500000	      0.00000000	      0.00000000	      0.00000000	      0.85908900	      0.01150000	     -0.45141200	      0.00000000	      0.00000000	      0.00000000	      1.20808700	      0.01150000	     -0.53586000	      0.00000000	      0.00000000	      0.00000000	      0.00000000	      0.00000000	      0.00000000
      5.85550000	      0.00000000	      0.00000000	      0.00000000	      0.85805100	      0.01150000	     -0.45141000	      0.00000000	      0.00000000	      0.00000000	      1.20956700	      0.01150000	     -0.53590400	      0.00000000	      0.00000000	      0.00000000	      0.00000000	      0.00000000	      0.00000000
      5.85600000	      0.00000000	      0.00000000	      0.00000000	      0.85701300	      0.01150000	     -0.45140700	      0.00000000	      0.00000000	      0.00000000	      1.21104700	      0.01150000	     -0.53594900	      0.00000000	      0.00000000	      0.00000000	      0.00000000	      0.00000000	      0.00000000
      5.85650000	      0.00000000	      0.00000000	      0.00000000	      0.85597500	      0.01150000	     -0.45140400	      0.00000000	      0.00000000	      0.00000000	      1.21252600	      0.01150000	     -0.53599400	      0.00000000	      0.00000000	      0.00000000	      0.00000000	      0.00000000	      0.00000000
      5.85700000	      0.00000000	      0.00000000	      0.00000000	      0.85493600	      0.01150000	     -0.45140100	      0.00000000	      0.00000000	      0.00000000	      1.21400600	      0.01150000	     -0.53603800	      0.00000000	      0.00000000	      0.00000000	      0.00000000	      0.00000000	      0.00000000
      5.85750000	      0.00000000	      0.00000000	      0.00000000	      0.85389800	      0.01150000	     -0.45139900	      0.00000000	      0.00000000	      0.00000000	      1.21548600	      0.01150000	     -0.53608300	      0.00000000	      0.00000000	      0.00000000	      0.00000000	      0.00000000	      0.00000000
      5.85800000	      0.00000000	      0.00000000	      0.00000000	      0.85286000	      0.01150000	     -0.45139600	      0.00000000	      0.00000000	      0.00000000	      1.21696600	      0.01150000	     -0.53612700	      0.00000000	      0.00000000	      0.00000000	      0.00000000	      0.00000000	      0.00000000
      5.85850000	      0.00000000	      0.00000000	      0.00000000	      0.85182200	      0.01150000	     -0.45139300	      0.00000000	      0.00000000	      0.00000000	      1.21844600	      0.01150000	     -0.53617200	      0.00000000	      0.00000000	      0.00000000	      0.00000000	      0.00000000	      0.00000000
      5.85900000	      0.00000000	      0.00000000	      0.00000000	      0.85078300	      0.01150000	     -0.45139000	      0.00000000	      0.00000000	      0.00000000	      1.21992600	      0.01150000	     -0.53621700	      0.00000000	      0.00000000	      0.00000000	      0.00000000	      0.00000000	      0.00000000
      5.85950000	      0.00000000	      0.00000000	      0.00000000	      0.84974500	      0.01150000	     -0.45138800	      0.00000000	      0.00000000	      0.00000000	      1.22140500	      0.01150000	     -0.53626100	      0.00000000	      0.00000000	      0.00000000	      0.00000000	      0.00000000	      0.00000000
      5.86000000	      0.00000000	      0.00000000	      0.00000000	      0.84870700	      0.01150000	     -0.45138500	      0.00000000	      0.00000000	      0.00000000	      1.22288500	      0.01150000	     -0.53630600	      0.00000000	      0.00000000	      0.00000000	      0.00000000	      0.00000000	      0.00000000
      5.86050000	      0.00000000	      0.00000000	      0.00000000	      0.84771600	      0.01150000	     -0.45139600	      0.00000000	      0.00000000	      0.00000000	      1.22419500	      0.01150000	     -0.53633600	      0.00000000	      0.00000000	      0.00000000	      0.00000000	      0.00000000	      0.00000000
      5.86100000	      0.00000000	      0.00000000	      0.00000000	      0.84672400	      0.01150000	     -0.45140600	      0.00000000	      0.00000000	      0.00000000	      1.22550500	      0.01150000	     -0.53636500	      0.00000000	      0.00000000	      0.00000000	      0.00000000	      0.00000000	      0.00000000
      5.86150000	      0.00000000	      0.00000000	      0.00000000	      0.84573300	      0.01150000	     -0.45141700	      0.00000000	      0.00000000	      0.00000000	      1.22681500	      0.01150000	     -0.53639500	      0.00000000	      0.00000000	      0.00000000	      0.00000000	      0.00000000	      0.00000000
      5.86200000	      0.00000000	      0.00000000	      0.00000000	      0.84474200	      0.01150000	     -0.45142800	      0.00000000	      0.00000000	      0.00000000	      1.22812500	      0.01150000	     -0.53642500	      0.00000000	      0.00000000	      0.00000000	      0.00000000	      0.00000000	      0.00000000
      5.86250000	      0.00000000	      0.00000000	      0.00000000	      0.84375100	      0.01150000	     -0.45143900	      0.00000000	      0.00000000	      0.00000000	      1.22943500	      0.01150000	     -0.53645400	      0.00000000	      0.00000000	      0.00000000	      0.00000000	      0.00000000	      0.00000000
      5.86300000	      0.00000000	      0.00000000	      0.00000000	      0.84275900	      0.01150000	     -0.45145000	      0.00000000	      0.00000000	      0.00000000	      1.23074500	      0.01150000	     -0.53648400	      0.00000000	      0.00000000	      0.00000000	      0.00000000	      0.00000000	      0.00000000
      5.86350000	      0.00000000	      0.00000000	      0.00000000	      0.84176800	      0.01150000	     -0.45146000	      0.00000000	      0.00000000	      0.00000000	      1.23205400	      0.01150000	     -0.53651400	      0.00000000	      0.00000000	      0.00000000	      0.00000000	      0.00000000	      0.00000000
      5.86400000	      0.00000000	      0.00000000	      0.00000000	      0.84077700	      0.01150000	     -0.45147100	      0.00000000	      0.00000000	      0.00000000	      1.23336400	      0.01150000	     -0.53654300	      0.00000000	      0.00000000	      0.00000000	      0.00000000	      0.00000000	      0.00000000
      5.86450000	      0.00000000	      0.00000000	      0.00000000	      0.83978600	      0.01150000	     -0.45148200	      0.00000000	      0.00000000	      0.00000000	      1.23467400	      0.01150000	     -0.53657300	      0.00000000	      0.00000000	      0.00000000	      0.00000000	      0.00000000	      0.00000000
      5.86500000	      0.00000000	      0.00000000	      0.00000000	      0.83879400	      0.01150000	     -0.45149300	      0.00000000	      0.00000000	      0.00000000	      1.23598400	      0.01150000	     -0.53660300	      0.00000000	      0.00000000	      0.00000000	      0.00000000	      0.00000000	      0.00000000
      5.86550000	      0.00000000	      0.00000000	      0.00000000	      0.83780300	      0.01150000	     -0.45150400	      0.00000000	      0.00000000	      0.00000000	      1.23729400	      0.01150000	     -0.53663200	      0.00000000	      0.00000000	      0.00000000	      0.00000000	      0.00000000	      0.00000000
      5.86600000	      0.00000000	      0.00000000	      0.00000000	      0.83681200	      0.01150000	     -0.45151400	      0.00000000	      0.00000000	      0.00000000	      1.23860400	      0.01150000	     -0.53666200	      0.00000000	      0.00000000	      0.00000000	      0.00000000	      0.00000000	      0.00000000
      5.86650000	      0.00000000	      0.00000000	      0.00000000	      0.83582100	      0.01150000	     -0.45152500	      0.00000000	      0.00000000	      0.00000000	      1.23991400	      0.01150000	     -0.53669200	      0.00000000	      0.00000000	      0.00000000	      0.00000000	      0.00000000	      0.00000000
      5.86700000	      0.00000000	      0.00000000	      0.00000000	      0.83482900	      0.01150000	     -0.45153600	      0.00000000	      0.00000000	      0.00000000	      1.24122400	      0.01150000	     -0.53672100	      0.00000000	      0.00000000	      0.00000000	      0.00000000	      0.00000000	      0.00000000
      5.86750000	      0.00000000	      0.00000000	      0.00000000	      0.83383800	      0.01150000	     -0.45154700	      0.00000000	      0.00000000	      0.00000000	      1.24253400	      0.01150000	     -0.53675100	      0.00000000	      0.00000000	      0.00000000	      0.00000000	      0.00000000	      0.00000000
      5.86800000	      0.00000000	      0.00000000	      0.00000000	      0.83284700	      0.01150000	     -0.45155800	      0.00000000	      0.00000000	      0.00000000	      1.24384300	      0.01150000	     -0.53678100	      0.00000000	      0.00000000	      0.00000000	      0.00000000	      0.00000000	      0.00000000
      5.86850000	      0.00000000	      0.00000000	      0.00000000	      0.83185600	      0.01150000	     -0.45156800	      0.00000000	      0.00000000	      0.00000000	      1.24515300	      0.01150000	     -0.53681100	      0.00000000	      0.00000000	      0.00000000	      0.00000000	      0.00000000	      0.00000000
      5.86900000	      0.00000000	      0.00000000	      0.00000000	      0.83086400	      0.01150000	     -0.45157900	      0.00000000	      0.00000000	      0.00000000	      1.24646300	      0.01150000	     -0.53684000	      0.00000000	      0.00000000	      0.00000000	      0.00000000	      0.00000000	      0.00000000
      5.86950000	      0.00000000	      0.00000000	      0.00000000	      0.82987300	      0.01150000	     -0.45159000	      0.00000000	      0.00000000	      0.00000000	      1.24777300	      0.01150000	     -0.53687000	      0.00000000	      0.00000000	      0.00000000	      0.00000000	      0.00000000	      0.00000000
      5.87000000	      0.00000000	      0.00000000	      0.00000000	      0.82888200	      0.01150000	     -0.45160100	      0.00000000	      0.00000000	      0.00000000	      1.24908300	      0.01150000	     -0.53690000	      0.00000000	      0.00000000	      0.00000000	      0.00000000	      0.00000000	      0.00000000
      5.87050000	      0.00000000	      0.00000000	      0.00000000	      0.82794600	      0.01150000	     -0.45162800	      0.00000000	      0.00000000	      0.00000000	      1.25016500	      0.01150000	     -0.53690800	      0.00000000	      0.00000000	      0.00000000	      0.00000000	      0.00000000	      0.00000000
      5.87100000	      0.00000000	      0.00000000	      0.00000000	      0.82701000	      0.01150000	     -0.45165400	      0.00000000	      0.00000000	      0.00000000	      1.25124700	      0.01150000	     -0.53691600	      0.00000000	      0.00000000	      0.00000000	      0.00000000	      0.00000000	      0.00000000
      5.87150000	      0.00000000	      0.00000000	      0.00000000	      0.82607500	      0.01150000	     -0.45168100	      0.00000000	      0.00000000	      0.00000000	      1.25232900	      0.01150000	     -0.53692300	      0.00000000	      0.00000000	      0.00000000	      0.00000000	      0.00000000	      0.00000000
      5.87200000	      0.00000000	      0.00000000	      0.00000000	      0.82513900	      0.01150000	     -0.45170700	      0.00000000	      0.00000000	      0.00000000	      1.25341100	      0.01150000	     -0.53693100	      0.00000000	      0.00000000	      0.00000000	      0.00000000	      0.00000000	      0.00000000
      5.87250000	      0.00000000	      0.00000000	      0.00000000	      0.82420300	      0.01150000	     -0.45173400	      0.00000000	      0.00000000	      0.00000000	      1.25449300	      0.01150000	     -0.53693900	      0.00000000	      0.00000000	      0.00000000	      0.00000000	      0.00000000	      0.00000000
      5.87300000	      0.00000000	      0.00000000	      0.00000000	      0.82326800	      0.01150000	     -0.45176100	      0.00000000	      0.00000000	      0.00000000	      1.25557500	      0.01150000	     -0.53694700	      0.00000000	      0.00000000	      0.00000000	      0.00000000	      0.00000000	      0.00000000
      5.87350000	      0.00000000	      0.00000000	      0.00000000	      0.82233200	      0.01150000	     -0.45178700	      0.00000000	      0.00000000	      0.00000000	      1.25665700	      0.01150000	     -0.53695500	      0.00000000	      0.00000000	      0.00000000	      0.00000000	      0.00000000	      0.00000000
      5.87400000	      0.00000000	      0.00000000	      0.00000000	      0.82139600	      0.01150000	     -0.45181400	      0.00000000	      0.00000000	      0.00000000	      1.25773900	      0.01150000	     -0.53696300	      0.00000000	      0.00000000	      0.00000000	      0.00000000	      0.00000000	      0.00000000
      5.87450000	      0.00000000	      0.00000000	      0.00000000	      0.82046100	      0.01150000	     -0.45184000	      0.00000000	      0.00000000	      0.00000000	      1.25882100	      0.01150000	     -0.53697100	      0.00000000	      0.00000000	      0.00000000	      0.00000000	      0.00000000	      0.00000000
      5.87500000	      0.00000000	      0.00000000	      0.00000000	      0.81952500	      0.01150000	     -0.45186700	      0.00000000	      0.00000000	      0.00000000	      1.25990300	      0.01150000	     -0.53697900	      0.00000000	      0.00000000	      0.00000000	      0.00000000	      0.00000000	      0.00000000
      5.87550000	      0.00000000	      0.00000000	      0.00000000	      0.81858900	      0.01150000	     -0.45189400	      0.00000000	      0.00000000	      0.00000000	      1.26098500	      0.01150000	     -0.53698700	      0.00000000	      0.00000000	      0.00000000	      0.00000000	      0.00000000	      0.00000000
      5.87600000	      0.00000000	      0.00000000	      0.00000000	      0.81765400	      0.01150000	     -0.45192000	      0.00000000	      0.00000000	      0.00000000	      1.26206700	      0.01150000	     -0.53699500	      0.00000000	      0.00000000	      0.00000000	      0.00000000	      0.00000000	      0.00000000
      5.87650000	      0.00000000	      0.00000000	      0.00000000	      0.81671800	      0.01150000	     -0.45194700	      0.00000000	      0.00000000	      0.00000000	      1.26314900	      0.01150000	     -0.53700300	      0.00000000	      0.00000000	      0.00000000	      0.00000000	      0.00000000	      0.00000000
      5.87700000	      0.00000000	      0.00000000	      0.00000000	      0.81578200	      0.01150000	     -0.45197400	      0.00000000	      0.00000000	      0.00000000	      1.26423100	      0.01150000	     -0.53701100	      0.00000000	      0.00000000	      0.00000000	      0.00000000	      0.00000000	      0.00000000
      5.87750000	      0.00000000	      0.00000000	      0.00000000	      0.81484700	      0.01150000	     -0.45200000	      0.00000000	      0.00000000	      0.00000000	      1.26531300	      0.01150000	     -0.53701900	      0.00000000	      0.00000000	      0.00000000	      0.00000000	      0.00000000	      0.00000000
      5.87800000	      0.00000000	      0.00000000	      0.00000000	      0.81391100	      0.01150000	     -0.45202700	      0.00000000	      0.00000000	      0.00000000	      1.26639500	      0.01150000	     -0.53702700	      0.00000000	      0.00000000	      0.00000000	      0.00000000	      0.00000000	      0.00000000
      5.87850000	      0.00000000	      0.00000000	      0.00000000	      0.81297500	      0.01150000	     -0.45205300	      0.00000000	      0.00000000	      0.00000000	      1.26747700	      0.01150000	     -0.53703500	      0.00000000	      0.00000000	      0.00000000	      0.00000000	      0.00000000	      0.00000000
      5.87900000	      0.00000000	      0.00000000	      0.00000000	      0.81204000	      0.01150000	     -0.45208000	      0.00000000	      0.00000000	      0.00000000	      1.26855900	      0.01150000	     -0.53704300	      0.00000000	      0.00000000	      0.00000000	      0.00000000	      0.00000000	      0.00000000
      5.87950000	      0.00000000	      0.00000000	      0.00000000	      0.81110400	      0.01150000	     -0.45210700	      0.00000000	      0.00000000	      0.00000000	      1.26964100	      0.01150000	     -0.53705100	      0.00000000	      0.00000000	      0.00000000	      0.00000000	      0.00000000	      0.00000000
      5.88000000	      0.00000000	      0.00000000	      0.00000000	      0.81016800	      0.01150000	     -0.45213300	      0.00000000	      0.00000000	      0.00000000	      1.27072300	      0.01150000	     -0.53705900	      0.00000000	      0.00000000	      0.00000000	      0.00000000	      0.00000000	      0.00000000
      5.88050000	      0.00000000	      0.00000000	      0.00000000	      0.80930000	      0.01150000	     -0.45217600	      0.00000000	      0.00000000	      0.00000000	      1.27152700	      0.01150000	     -0.53704300	      0.00000000	      0.00000000	      0.00000000	      0.00000000	      0.00000000	      0.00000000
      5.88100000	      0.00000000	      0.00000000	      0.00000000	      0.80843200	      0.01150000	     -0.45221900	      0.00000000	      0.00000000	      0.00000000	      1.27233100	      0.01150000	     -0.53702700	      0.00000000	      0.00000000	      0.00000000	      0.00000000	      0.00000000	      0.00000000
      5.88150000	      0.00000000	      0.00000000	      0.00000000	      0.80756400	      0.01150000	     -0.45226100	      0.00000000	      0.00000000	      0.00000000	      1.27313500	      0.01150000	     -0.53701200	      0.00000000	      0.00000000	      0.00000000	      0.00000000	      0.00000000	      0.00000000
      5.88200000	      0.00000000	      0.00000000	      0.00000000	      0.80669600	      0.01150000	     -0.45230400	      0.00000000	      0.00000000	      0.00000000	      1.27394000	      0.01150000	     -0.53699600	      0.00000000	      0.00000000	      0.00000000	      0.00000000	      0.00000000	      0.00000000
      5.88250000	      0.00000000	      0.00000000	      0.00000000	      0.80582800	      0.01150000	     -0.45234600	      0.00000000	      0.00000000	      0.00000000	      1.27474400	      0.01150000	     -0.53698000	      0.00000000	      0.00000000	      0.00000000	      0.00000000	      0.00000000	      0.00000000
      5.88300000	      0.00000000	      0.00000000	      0.00000000	      0.80496000	      0.01150000	     -0.45238900	      0.00000000	      0.00000000	      0.00000000	      1.27554800	      0.01150000	     -0.53696500	      0.00000000	      0.00000000	      0.00000000	      0.00000000	      0.00000000	      0.00000000
      5.88350000	      0.00000000	      0.00000000	      0.00000000	      0.80409200	      0.01150000	     -0.45243200	      0.00000000	      0.00000000	      0.00000000	      1.27635200	      0.01150000	     -0.53694900	      0.00000000	      0.00000000	      0.00000000	      0.00000000	      0.00000000	      0.00000000
      5.88400000	      0.00000000	      0.00000000	      0.00000000	      0.80322400	      0.01150000	     -0.45247400	      0.00000000	      0.00000000	      0.00000000	      1.27715600	      0.01150000	     -0.53693300	      0.00000000	      0.00000000	      0.00000000	      0.00000000	      0.00000000	      0.00000000
      5.88450000	      0.00000000	      0.00000000	      0.00000000	      0.80235600	      0.01150000	     -0.45251700	      0.00000000	      0.00000000	      0.00000000	      1.27796000	      0.01150000	     -0.53691700	      0.00000000	      0.00000000	      0.00000000	      0.00000000	      0.00000000	      0.00000000
      5.88500000	      0.00000000	      0.00000000	      0.00000000	      0.80148800	      0.01150000	     -0.45255900	      0.00000000	      0.00000000	      0.00000000	      1.27876400	      0.01150000	     -0.53690200	      0.00000000	      0.00000000	      0.00000000	      0.00000000	      0.00000000	      0.00000000
      5.88550000	      0.00000000	      0.00000000	      0.00000000	      0.80062000	      0.01150000	     -0.45260200	      0.00000000	      0.00000000	      0.00000000	      1.27956800	      0.01150000	     -0.53688600	      0.00000000	      0.00000000	      0.00000000	      0.00000000	      0.00000000	      0.00000000
      5.88600000	      0.00000000	      0.00000000	      0.00000000	      0.79975200	      0.01150000	     -0.45264500	      0.00000000	      0.00000000	      0.00000000	      1.28037200	      0.01150000	     -0.53687000	      0.00000000	      0.00000000	      0.00000000	      0.00000000	      0.00000000	      0.00000000
      5.88650000	      0.00000000	      0.00000000	      0.00000000	      0.79888400	      0.01150000	     -0.45268700	      0.00000000	      0.00000000	      0.00000000	      1.28117600	      0.01150000	     -0.53685400	      0.00000000	      0.00000000	      0.00000000	      0.00000000	      0.00000000	      0.00000000
      5.88700000	      0.00000000	      0.00000000	      0.00000000	      0.79801600	      0.01150000	     -0.45273000	      0.00000000	      0.00000000	      0.00000000	      1.28198000	      0.01150000	     -0.53683900	      0.00000000	      0.00000000	      0.00000000	      0.00000000	      0.00000000	      0.00000000
      5.88750000	      0.00000000	      0.00000000	      0.00000000	      0.79714800	      0.01150000	     -0.45277200	      0.00000000	      0.00000000	      0.00000000	      1.28278400	      0.01150000	     -0.53682300	      0.00000000	      0.00000000	      0.00000000	      0.00000000	      0.00000000	      0.00000000
      5.88800000	      0.00000000	      0.00000000	      0.00000000	      0.79628000	      0.01150000	     -0.45281500	      0.00000000	      0.00000000	      0.00000000	      1.28358800	      0.01150000	     -0.53680700	      0.00000000	      0.00000000	      0.00000000	      0.00000000	      0.00000000	      0.00000000
      5.88850000	      0.00000000	      0.00000000	      0.00000000	      0.79541200	      0.01150000	     -0.45285800	      0.00000000	      0.00000000	      0.00000000	      1.28439200	      0.01150000	     -0.53679200	      0.00000000	      0.00000000	      0.00000000	      0.00000000	      0.00000000	      0.00000000
      5.88900000	      0.00000000	      0.00000000	      0.00000000	      0.79454400	      0.01150000	     -0.45290000	      0.00000000	      0.00000000	      0.00000000	      1.28519600	      0.01150000	     -0.53677600	      0.00000000	      0.00000000	      0.00000000	      0.00000000	      0.00000000	      0.00000000
      5.88950000	      0.00000000	      0.00000000	      0.00000000	      0.79367600	      0.01150000	     -0.45294300	      0.00000000	      0.00000000	      0.00000000	      1.28600100	      0.01150000	     -0.53676000	      0.00000000	      0.00000000	      0.00000000	      0.00000000	      0.00000000	      0.00000000
      5.89000000	      0.00000000	      0.00000000	      0.00000000	      0.79280800	      0.01150000	     -0.45298500	      0.00000000	      0.00000000	      0.00000000	      1.28680500	      0.01150000	     -0.53674400	      0.00000000	      0.00000000	      0.00000000	      0.00000000	      0.00000000	      0.00000000
      5.89050000	      0.00000000	      0.00000000	      0.00000000	      0.79202300	      0.01150000	     -0.45304100	      0.00000000	      0.00000000	      0.00000000	      1.28729400	      0.01150000	     -0.53670800	      0.00000000	      0.00000000	      0.00000000	      0.00000000	      0.00000000	      0.00000000
      5.89100000	      0.00000000	      0.00000000	      0.00000000	      0.79123800	      0.01150000	     -0.45309700	      0.00000000	      0.00000000	      0.00000000	      1.28778400	      0.01150000	     -0.53667100	      0.00000000	      0.00000000	      0.00000000	      0.00000000	      0.00000000	      0.00000000
      5.89150000	      0.00000000	      0.00000000	      0.00000000	      0.79045300	      0.01150000	     -0.45315300	      0.00000000	      0.00000000	      0.00000000	      1.28827400	      0.01150000	     -0.53663500	      0.00000000	      0.00000000	      0.00000000	      0.00000000	      0.00000000	      0.00000000
      5.89200000	      0.00000000	      0.00000000	      0.00000000	      0.78966800	      0.01150000	     -0.45320900	      0.00000000	      0.00000000	      0.00000000	      1.28876300	      0.01150000	     -0.53659800	      0.00000000	      0.00000000	      0.00000000	      0.00000000	      0.00000000	      0.00000000
      5.89250000	      0.00000000	      0.00000000	      0.00000000	      0.78888300	      0.01150000	     -0.45326400	      0.00000000	      0.00000000	      0.00000000	      1.28925300	      0.01150000	     -0.53656200	      0.00000000	      0.00000000	      0.00000000	      0.00000000	      0.00000000	      0.00000000
      5.89300000	      0.00000000	      0.00000000	      0.00000000	      0.78809800	      0.01150000	     -0.45332000	      0.00000000	      0.00000000	      0.00000000	      1.28974300	      0.01150000	     -0.53652500	      0.00000000	      0.00000000	      0.00000000	      0.00000000	      0.00000000	      0.00000000
      5.89350000	      0.00000000	      0.00000000	      0.00000000	      0.78731300	      0.01150000	     -0.45337600	      0.00000000	      0.00000000	      0.00000000	      1.29023200	      0.01150000	     -0.53648900	      0.00000000	      0.00000000	      0.00000000	      0.00000000	      0.00000000	      0.00000000
      5.89400000	      0.00000000	      0.00000000	      0.00000000	      0.78652800	      0.01150000	     -0.45343200	      0.00000000	      0.00000000	      0.00000000	      1.29072200	      0.01150000	     -0.53645200	      0.00000000	      0.00000000	      0.00000000	      0.00000000	      0.00000000	      0.00000000
      5.89450000	      0.00000000	      0.00000000	      0.00000000	      0.78574300	      0.01150000	     -0.45348800	      0.00000000	      0.00000000	      0.00000000	      1.29121200	      0.01150000	     -0.53641600	      0.00000000	      0.00000000	      0.00000000	      0.00000000	      0.00000000	      0.00000000
      5.89500000	      0.00000000	      0.00000000	      0.00000000	      0.78495800	      0.01150000	     -0.45354300	      0.00000000	      0.00000000	      0.00000000	      1.29170100	      0.01150000	     -0.53637900	      0.00000000	      0.00000000	      0.00000000	      0.00000000	      0.00000000	      0.00000000
      5.89550000	      0.00000000	      0.00000000	      0.00000000	      0.78417300	      0.01150000	     -0.45359900	      0.00000000	      0.00000000	      0.00000000	      1.29219100	      0.01150000	     -0.53634300	      0.00000000	      0.00000000	      0.00000000	      0.00000000	      0.00000000	      0.00000000
      5.89600000	      0.00000000	      0.00000000	      0.00000000	      0.78338800	      0.01150000	     -0.45365500	      0.00000000	      0.00000000	      0.00000000	      1.29268100	      0.01150000	     -0.53630600	      0.00000000	      0.00000000	      0.00000000	      0.00000000	      0.00000000	      0.00000000
      5.89650000	      0.00000000	      0.00000000	      0.00000000	      0.78260300	      0.01150000	     -0.45371100	      0.00000000	      0.00000000	      0.00000000	      1.29317000	      0.01150000	     -0.53627000	      0.00000000	      0.00000000	      0.00000000	      0.00000000	      0.00000000	      0.00000000
      5.89700000	      0.00000000	      0.00000000	      0.00000000	      0.78181800	      0.01150000	     -0.45376700	      0.00000000	      0.00000000	      0.00000000	      1.29366000	      0.01150000	     -0.53623300	      0.00000000	      0.00000000	      0.00000000	      0.00000000	      0.00000000	      0.00000000
      5.89750000	      0.00000000	      0.00000000	      0.00000000	      0.78103300	      0.01150000	     -0.45382200	      0.00000000	      0.00000000	      0.00000000	      1.29415000	      0.01150000	     -0.53619700	      0.00000000	      0.00000000	      0.00000000	      0.00000000	      0.00000000	      0.00000000
      5.89800000	      0.00000000	      0.00000000	      0.00000000	      0.78024800	      0.01150000	     -0.45387800	      0.00000000	      0.00000000	      0.00000000	      1.29463900	      0.01150000	     -0.53616000	      0.00000000	      0.00000000	      0.00000000	      0.00000000	      0.00000000	      0.00000000
      5.89850000	      0.00000000	      0.00000000	      0.00000000	      0.77946300	      0.01150000	     -0.45393400	      0.00000000	      0.00000000	      0.00000000	      1.29512900	      0.01150000	     -0.53612400	      0.00000000	      0.00000000	      0.00000000	      0.00000000	      0.00000000	      0.00000000
      5.89900000	      0.00000000	      0.00000000	      0.00000000	      0.77867800	      0.01150000	     -0.45399000	      0.00000000	      0.00000000	      0.00000000	      1.29561900	      0.01150000	     -0.53608700	      0.00000000	      0.00000000	      0.00000000	      0.00000000	      0.00000000	      0.00000000
      5.89950000	      0.00000000	      0.00000000	      0.00000000	      0.77789300	      0.01150000	     -0.45404600	      0.00000000	      0.00000000	      0.00000000	      1.29610800	      0.01150000	     -0.53605100	      0.00000000	      0.00000000	      0.00000000	      0.00000000	      0.00000000	      0.00000000
      5.90000000	      0.00000000	      0.00000000	      0.00000000	      0.77710800	      0.01150000	     -0.45410100	      0.00000000	      0.00000000	      0.00000000	      1.29659800	      0.01150000	     -0.53601400	      0.00000000	      0.00000000	      0.00000000	      0.00000000	      0.00000000	      0.00000000
      5.90050000	      0.00000000	      0.00000000	      0.00000000	      0.77642400	      0.01150000	     -0.45416400	      0.00000000	      0.00000000	      0.00000000	      1.29675500	      0.01150000	     -0.53596300	      0.00000000	      0.00000000	      0.00000000	      0.00000000	      0.00000000	      0.00000000
      5.90100000	      0.00000000	      0.00000000	      0.00000000	      0.77573900	      0.01150000	     -0.45422700	      0.00000000	      0.00000000	      0.00000000	      1.29691300	      0.01150000	     -0.53591100	      0.00000000	      0.00000000	      0.00000000	      0.00000000	      0.00000000	      0.00000000
      5.90150000	      0.00000000	      0.00000000	      0.00000000	      0.77505400	      0.01150000	     -0.45429000	      0.00000000	      0.00000000	      0.00000000	      1.29707000	      0.01150000	     -0.53585900	      0.00000000	      0.00000000	      0.00000000	      0.00000000	      0.00000000	      0.00000000
      5.90200000	      0.00000000	      0.00000000	      0.00000000	      0.77437000	      0.01150000	     -0.45435300	      0.00000000	      0.00000000	      0.00000000	      1.29722700	      0.01150000	     -0.53580700	      0.00000000	      0.00000000	      0.00000000	      0.00000000	      0.00000000	      0.00000000
      5.90250000	      0.00000000	      0.00000000	      0.00000000	      0.77368500	      0.01150000	     -0.45441600	      0.00000000	      0.00000000	      0.00000000	      1.29738400	      0.01150000	     -0.53575500	      0.00000000	      0.00000000	      0.00000000	      0.00000000	      0.00000000	      0.00000000
      5.90300000	      0.00000000	      0.00000000	      0.00000000	      0.77300100	      0.01150000	     -0.45447900	      0.00000000	      0.00000000	      0.00000000	      1.29754200	      0.01150000	     -0.53570300	      0.00000000	      0.00000000	      0.00000000	      0.00000000	      0.00000000	      0.00000000
      5.90350000	      0.00000000	      0.00000000	      0.00000000	      0.77231600	      0.01150000	     -0.45454200	      0.00000000	      0.00000000	      0.00000000	      1.29769900	      0.01150000	     -0.53565200	      0.00000000	      0.00000000	      0.00000000	      0.00000000	      0.00000000	      0.00000000
      5.90400000	      0.00000000	      0.00000000	      0.00000000	      0.77163100	      0.01150000	     -0.45460500	      0.00000000	      0.00000000	      0.00000000	      1.29785600	      0.01150000	     -0.53560000	      0.00000000	      0.00000000	      0.00000000	      0.00000000	      0.00000000	      0.00000000
      5.90450000	      0.00000000	      0.00000000	      0.00000000	      0.77094700	      0.01150000	     -0.45466800	      0.00000000	      0.00000000	      0.00000000	      1.29801400	      0.01150000	     -0.53554800	      0.00000000	      0.00000000	      0.00000000	      0.00000000	      0.00000000	      0.00000000
      5.90500000	      0.00000000	      0.00000000	      0.00000000	      0.77026200	      0.01150000	     -0.45473100	      0.00000000	      0.00000000	      0.00000000	      1.29817100	      0.01150000	     -0.53549600	      0.00000000	      0.00000000	      0.00000000	      0.00000000	      0.00000000	      0.00000000
      5.90550000	      0.00000000	      0.00000000	      0.00000000	      0.76957800	      0.01150000	     -0.45479400	      0.00000000	      0.00000000	      0.00000000	      1.29832800	      0.01150000	     -0.53544400	      0.00000000	      0.00000000	      0.00000000	      0.00000000	      0.00000000	      0.00000000
      5.90600000	      0.00000000	      0.00000000	      0.00000000	      0.76889300	      0.01150000	     -0.45485600	      0.00000000	      0.00000000	      0.00000000	      1.29848500	      0.01150000	     -0.53539200	      0.00000000	      0.00000000	      0.00000000	      0.00000000	      0.00000000	      0.00000000
      5.90650000	      0.00000000	      0.00000000	      0.00000000	      0.76820800	      0.01150000	     -0.45491900	      0.00000000	      0.00000000	      0.00000000	      1.29864300	      0.01150000	     -0.53534100	      0.00000000	      0.00000000	      0.00000000	      0.00000000	      0.00000000	      0.00000000
      5.90700000	      0.00000000	      0.00000000	      0.00000000	      0.76752400	      0.01150000	     -0.45498200	      0.00000000	      0.00000000	      0.00000000	      1.29880000	      0.01150000	     -0.53528900	      0.00000000	      0.00000000	      0.00000000	      0.00000000	      0.00000000	      0.00000000
      5.90750000	      0.00000000	      0.00000000	      0.00000000	      0.76683900	      0.01150000	     -0.45504500	      0.00000000	      0.00000000	      0.00000000	      1.29895700	      0.01150000	     -0.53523700	      0.00000000	      0.00000000	      0.00000000	      0.00000000	      0.00000000	      0.00000000
      5.90800000	      0.00000000	      0.00000000	      0.00000000	      0.76615500	      0.01150000	     -0.45510800	      0.00000000	      0.00000000	      0.00000000	      1.29911500	      0.01150000	     -0.53518500	      0.00000000	      0.00000000	      0.00000000	      0.00000000	      0.00000000	      0.00000000
      5.90850000	      0.00000000	      0.00000000	      0.00000000	      0.76547000	      0.01150000	     -0.45517100	      0.00000000	      0.00000000	      0.00000000	      1.29927200	      0.01150000	     -0.53513300	      0.00000000	      0.00000000	      0.00000000	      0.00000000	      0.00000000	      0.00000000
      5.90900000	      0.00000000	      0.00000000	      0.00000000	      0.76478500	      0.01150000	     -0.45523400	      0.00000000	      0.00000000	      0.00000000	      1.29942900	      0.01150000	     -0.53508100	      0.00000000	      0.00000000	      0.00000000	      0.00000000	      0.00000000	      0.00000000
      5.90950000	      0.00000000	      0.00000000	      0.00000000	      0.76410100	      0.01150000	     -0.45529700	      0.00000000	      0.00000000	      0.00000000	      1.29958600	      0.01150000	     -0.53502900	      0.00000000	      0.00000000	      0.00000000	      0.00000000	      0.00000000	      0.00000000
      5.91000000	      0.00000000	      0.00000000	      0.00000000	      0.76341600	      0.01150000	     -0.45536000	      0.00000000	      0.00000000	      0.00000000	      1.29974400	      0.01150000	     -0.53497800	      0.00000000	      0.00000000	      0.00000000	      0.00000000	      0.00000000	      0.00000000
      5.91050000	      0.00000000	      0.00000000	      0.00000000	      0.76284900	      0.01150000	     -0.45542100	      0.00000000	      0.00000000	      0.00000000	      1.29957200	      0.01150000	     -0.53491600	      0.00000000	      0.00000000	      0.00000000	      0.00000000	      0.00000000	      0.00000000
      5.91100000	      0.00000000	      0.00000000	      0.00000000	      0.76228300	      0.01150000	     -0.45548200	      0.00000000	      0.00000000	      0.00000000	      1.29940000	      0.01150000	     -0.53485400	      0.00000000	      0.00000000	      0.00000000	      0.00000000	      0.00000000	      0.00000000
      5.91150000	      0.00000000	      0.00000000	      0.00000000	      0.76171600	      0.01150000	     -0.45554300	      0.00000000	      0.00000000	      0.00000000	      1.29922800	      0.01150000	     -0.53479100	      0.00000000	      0.00000000	      0.00000000	      0.00000000	      0.00000000	      0.00000000
      5.91200000	      0.00000000	      0.00000000	      0.00000000	      0.76114900	      0.01150000	     -0.45560400	      0.00000000	      0.00000000	      0.00000000	      1.29905600	      0.01150000	     -0.53472900	      0.00000000	      0.00000000	      0.00000000	      0.00000000	      0.00000000	      0.00000000
      5.91250000	      0.00000000	      0.00000000	      0.00000000	      0.76058200	      0.01150000	     -0.45566600	      0.00000000	      0.00000000	      0.00000000	      1.29888400	      0.01150000	     -0.53466700	      0.00000000	      0.00000000	      0.00000000	      0.00000000	      0.00000000	      0.00000000
      5.91300000	      0.00000000	      0.00000000	      0.00000000	      0.76001600	      0.01150000	     -0.45572700	      0.00000000	      0.00000000	      0.00000000	      1.29871200	      0.01150000	     -0.53460500	      0.00000000	      0.00000000	      0.00000000	      0.00000000	      0.00000000	      0.00000000
      5.91350000	      0.00000000	      0.00000000	      0.00000000	      0.75944900	      0.01150000	     -0.45578800	      0.00000000	      0.00000000	      0.00000000	      1.29854000	      0.01150000	     -0.53454300	      0.00000000	      0.00000000	      0.00000000	      0.00000000	      0.00000000	      0.00000000
      5.91400000	      0.00000000	      0.00000000	      0.00000000	      0.75888200	      0.01150000	     -0.45584900	      0.00000000	      0.00000000	      0.00000000	      1.29836800	      0.01150000	     -0.53448100	      0.00000000	      0.00000000	      0.00000000	      0.00000000	      0.00000000	      0.00000000
      5.91450000	      0.00000000	      0.00000000	      0.00000000	      0.75831500	      0.01150000	     -0.45591000	      0.00000000	      0.00000000	      0.00000000	      1.29819600	      0.01150000	     -0.53441900	      0.00000000	      0.00000000	      0.00000000	      0.00000000	      0.00000000	      0.00000000
      5.91500000	      0.00000000	      0.00000000	      0.00000000	      0.75774900	      0.01150000	     -0.45597100	      0.00000000	      0.00000000	      0.00000000	      1.29802400	      0.01150000	     -0.53435700	      0.00000000	      0.00000000	      0.00000000	      0.00000000	      0.00000000	      0.00000000
      5.91550000	      0.00000000	      0.00000000	      0.00000000	      0.75718200	      0.01150000	     -0.45603300	      0.00000000	      0.00000000	      0.00000000	      1.29785200	      0.01150000	     -0.53429500	      0.00000000	      0.00000000	      0.00000000	      0.00000000	      0.00000000	      0.00000000
      5.91600000	      0.00000000	      0.00000000	      0.00000000	      0.75661500	      0.01150000	     -0.45609400	      0.00000000	      0.00000000	      0.00000000	      1.29768000	      0.01150000	     -0.53423300	      0.00000000	      0.00000000	      0.00000000	      0.00000000	      0.00000000	      0.00000000
      5.91650000	      0.00000000	      0.00000000	      0.00000000	      0.75604800	      0.01150000	     -0.45615500	      0.00000000	      0.00000000	      0.00000000	      1.29750800	      0.01150000	     -0.53417100	      0.00000000	      0.00000000	      0.00000000	      0.00000000	      0.00000000	      0.00000000
      5.91700000	      0.00000000	      0.00000000	      0.00000000	      0.75548200	      0.01150000	     -0.45621600	      0.00000000	      0.00000000	      0.00000000	      1.29733600	      0.01150000	     -0.53410900	      0.00000000	      0.00000000	      0.00000000	      0.00000000	      0.00000000	      0.00000000
      5.91750000	      0.00000000	      0.00000000	      0.00000000	      0.75491500	      0.01150000	     -0.45627700	      0.00000000	      0.00000000	      0.00000000	      1.29716400	      0.01150000	     -0.53404600	      0.00000000	      0.00000000	      0.00000000	      0.00000000	      0.00000000	      0.00000000
      5.91800000	      0.00000000	      0.00000000	      0.00000000	      0.75434800	      0.01150000	     -0.45633800	      0.00000000	      0.00000000	      0.00000000	      1.29699300	      0.01150000	     -0.53398400	      0.00000000	      0.00000000	      0.00000000	      0.00000000	      0.00000000	      0.00000000
      5.91850000	      0.00000000	      0.00000000	      0.00000000	      0.75378100	      0.01150000	     -0.45639900	      0.00000000	      0.00000000	      0.00000000	      1.29682100	      0.01150000	     -0.53392200	      0.00000000	      0.00000000	      0.00000000	      0.00000000	      0.00000000	      0.00000000
      5.91900000	      0.00000000	      0.00000000	      0.00000000	      0.75321400	      0.01150000	     -0.45646100	      0.00000000	      0.00000000	      0.00000000	      1.29664900	      0.01150000	     -0.53386000	      0.00000000	      0.00000000	      0.00000000	      0.00000000	      0.00000000	      0.00000000
      5.91950000	      0.00000000	      0.00000000	      0.00000000	      0.75264800	      0.01150000	     -0.45652200	      0.00000000	      0.00000000	      0.00000000	      1.29647700	      0.01150000	     -0.53379800	      0.00000000	      0.00000000	      0.00000000	      0.00000000	      0.00000000	      0.00000000
      5.92000000	      0.00000000	      0.00000000	      0.00000000	      0.75208100	      0.01150000	     -0.45658300	      0.00000000	      0.00000000	      0.00000000	      1.29630500	      0.01150000	     -0.53373600	      0.00000000	      0.00000000	      0.00000000	      0.00000000	      0.00000000	      0.00000000
      5.92050000	      0.00000000	      0.00000000	      0.00000000	      0.75164800	      0.01150000	     -0.45663200	      0.00000000	      0.00000000	      0.00000000	      1.29582800	      0.01150000	     -0.53366700	      0.00000000	      0.00000000	      0.00000000	      0.00000000	      0.00000000	      0.00000000
      5.92100000	      0.00000000	      0.00000000	      0.00000000	      0.75121500	      0.01150000	     -0.45668100	      0.00000000	      0.00000000	      0.00000000	      1.29535100	      0.01150000	     -0.53359800	      0.00000000	      0.00000000	      0.00000000	      0.00000000	      0.00000000	      0.00000000
      5.92150000	      0.00000000	      0.00000000	      0.00000000	      0.75078300	      0.01150000	     -0.45673000	      0.00000000	      0.00000000	      0.00000000	      1.29487400	      0.01150000	     -0.53352900	      0.00000000	      0.00000000	      0.00000000	      0.00000000	      0.00000000	      0.00000000
      5.92200000	      0.00000000	      0.00000000	      0.00000000	      0.75035000	      0.01150000	     -0.45677900	      0.00000000	      0.00000000	      0.00000000	      1.29439600	      0.01150000	     -0.53345900	      0.00000000	      0.00000000	      0.00000000	      0.00000000	      0.00000000	      0.00000000
      5.92250000	      0.00000000	      0.00000000	      0.00000000	      0.74991700	      0.01150000	     -0.45682900	      0.00000000	      0.00000000	      0.00000000	      1.29391900	      0.01150000	     -0.53339000	      0.00000000	      0.00000000	      0.00000000	      0.00000000	      0.00000000	      0.00000000
      5.92300000	      0.00000000	      0.00000000	      0.00000000	      0.74948500	      0.01150000	     -0.45687800	      0.00000000	      0.00000000	      0.00000000	      1.29344200	      0.01150000	     -0.53332100	      0.00000000	      0.00000000	      0.00000000	      0.00000000	      0.00000000	      0.00000000
      5.92350000	      0.00000000	      0.00000000	      0.00000000	      0.74905200	      0.01150000	     -0.45692700	      0.00000000	      0.00000000	      0.00000000	      1.29296500	      0.01150000	     -0.53325200	      0.00000000	      0.00000000	      0.00000000	      0.00000000	      0.00000000	      0.00000000
      5.92400000	      0.00000000	      0.00000000	      0.00000000	      0.74861900	      0.01150000	     -0.45697600	      0.00000000	      0.00000000	      0.00000000	      1.29248800	      0.01150000	     -0.53318300	      0.00000000	      0.00000000	      0.00000000	      0.00000000	      0.00000000	      0.00000000
      5.92450000	      0.00000000	      0.00000000	      0.00000000	      0.74818600	      0.01150000	     -0.45702500	      0.00000000	      0.00000000	      0.00000000	      1.29201100	      0.01150000	     -0.53311400	      0.00000000	      0.00000000	      0.00000000	      0.00000000	      0.00000000	      0.00000000
      5.92500000	      0.00000000	      0.00000000	      0.00000000	      0.74775400	      0.01150000	     -0.45707400	      0.00000000	      0.00000000	      0.00000000	      1.29153400	      0.01150000	     -0.53304400	      0.00000000	      0.00000000	      0.00000000	      0.00000000	      0.00000000	      0.00000000
      5.92550000	      0.00000000	      0.00000000	      0.00000000	      0.74732100	      0.01150000	     -0.45712300	      0.00000000	      0.00000000	      0.00000000	      1.29105700	      0.01150000	     -0.53297500	      0.00000000	      0.00000000	      0.00000000	      0.00000000	      0.00000000	      0.00000000
      5.92600000	      0.00000000	      0.00000000	      0.00000000	      0.74688800	      0.01150000	     -0.45717200	      0.00000000	      0.00000000	      0.00000000	      1.29058000	      0.01150000	     -0.53290600	      0.00000000	      0.00000000	      0.00000000	      0.00000000	      0.00000000	      0.00000000
      5.92650000	      0.00000000	      0.00000000	      0.00000000	      0.74645600	      0.01150000	     -0.45722200	      0.00000000	      0.00000000	      0.00000000	      1.29010300	      0.01150000	     -0.53283700	      0.00000000	      0.00000000	      0.00000000	      0.00000000	      0.00000000	      0.00000000
      5.92700000	      0.00000000	      0.00000000	      0.00000000	      0.74602300	      0.01150000	     -0.45727100	      0.00000000	      0.00000000	      0.00000000	      1.28962600	      0.01150000	     -0.53276800	      0.00000000	      0.00000000	      0.00000000	      0.00000000	      0.00000000	      0.00000000
      5.92750000	      0.00000000	      0.00000000	      0.00000000	      0.74559000	      0.01150000	     -0.45732000	      0.00000000	      0.00000000	      0.00000000	      1.28914900	      0.01150000	     -0.53269900	      0.00000000	      0.00000000	      0.00000000	      0.00000000	      0.00000000	      0.00000000
      5.92800000	      0.00000000	      0.00000000	      0.00000000	      0.74515700	      0.01150000	     -0.45736900	      0.00000000	      0.00000000	      0.00000000	      1.28867200	      0.01150000	     -0.53262900	      0.00000000	      0.00000000	      0.00000000	      0.00000000	      0.00000000	      0.00000000
      5.92850000	      0.00000000	      0.00000000	      0.00000000	      0.74472500	      0.01150000	     -0.45741800	      0.00000000	      0.00000000	      0.00000000	      1.28819500	      0.01150000	     -0.53256000	      0.00000000	      0.00000000	      0.00000000	      0.00000000	      0.00000000	      0.00000000
      5.92900000	      0.00000000	      0.00000000	      0.00000000	      0.74429200	      0.01150000	     -0.45746700	      0.00000000	      0.00000000	      0.00000000	      1.28771800	      0.01150000	     -0.53249100	      0.00000000	      0.00000000	      0.00000000	      0.00000000	      0.00000000	      0.00000000
      5.92950000	      0.00000000	      0.00000000	      0.00000000	      0.74385900	      0.01150000	     -0.45751600	      0.00000000	      0.00000000	      0.00000000	      1.28724100	      0.01150000	     -0.53242200	      0.00000000	      0.00000000	      0.00000000	      0.00000000	      0.00000000	      0.00000000
      5.93000000	      0.00000000	      0.00000000	      0.00000000	      0.74342600	      0.01150000	     -0.45756500	      0.00000000	      0.00000000	      0.00000000	      1.28676400	      0.01150000	     -0.53235300	      0.00000000	      0.00000000	      0.00000000	      0.00000000	      0.00000000	      0.00000000
      5.93050000	      0.00000000	      0.00000000	      0.00000000	      0.74314200	      0.01150000	     -0.45759300	      0.00000000	      0.00000000	      0.00000000	      1.28602300	      0.01150000	     -0.53227800	      0.00000000	      0.00000000	      0.00000000	      0.00000000	      0.00000000	      0.00000000
      5.93100000	      0.00000000	      0.00000000	      0.00000000	      0.74285700	      0.01150000	     -0.45762100	      0.00000000	      0.00000000	      0.00000000	      1.28528300	      0.01150000	     -0.53220300	      0.00000000	      0.00000000	      0.00000000	      0.00000000	      0.00000000	      0.00000000
      5.93150000	      0.00000000	      0.00000000	      0.00000000	      0.74257300	      0.01150000	     -0.45764800	      0.00000000	      0.00000000	      0.00000000	      1.28454200	      0.01150000	     -0.53212800	      0.00000000	      0.00000000	      0.00000000	      0.00000000	      0.00000000	      0.00000000
      5.93200000	      0.00000000	      0.00000000	      0.00000000	      0.74228800	      0.01150000	     -0.45767600	      0.00000000	      0.00000000	      0.00000000	      1.28380200	      0.01150000	     -0.53205300	      0.00000000	      0.00000000	      0.00000000	      0.00000000	      0.00000000	      0.00000000
      5.93250000	      0.00000000	      0.00000000	      0.00000000	      0.74200400	      0.01150000	     -0.45770400	      0.00000000	      0.00000000	      0.00000000	      1.28306200	      0.01150000	     -0.53197900	      0.00000000	      0.00000000	      0.00000000	      0.00000000	      0.00000000	      0.00000000
      5.93300000	      0.00000000	      0.00000000	      0.00000000	      0.74172000	      0.01150000	     -0.45773200	      0.00000000	      0.00000000	      0.00000000	      1.28232100	      0.01150000	     -0.53190400	      0.00000000	      0.00000000	      0.00000000	      0.00000000	      0.00000000	      0.00000000
      5.93350000	      0.00000000	      0.00000000	      0.00000000	      0.74143500	      0.01150000	     -0.45775900	      2.79403400	     12.41582000	      4.01758100	      1.28158100	      0.01150000	     -0.53182900	      0.00000000	      0.00000000	      0.00000000	      0.00000000	      0.89375700	      0.00000000
      5.93400000	      0.00000000	      0.00000000	      0.00000000	      0.74115100	      0.01150000	     -0.45778700	      3.28723300	     15.29110100	      4.27462100	      1.28084000	      0.01150000	     -0.53175400	      0.00000000	      0.00000000	      0.00000000	      0.00000000	      0.84471100	      0.00000000
      5.93450000	      0.00000000	      0.00000000	      0.00000000	      0.74086600	      0.01150000	     -0.45781500	      3.80592800	     18.33041400	      4.54734800	      1.28010000	      0.01150000	     -0.53167900	      0.00000000	      0.00000000	      0.00000000	      0.00000000	      0.79981800	      0.00000000
      5.93500000	      0.00000000	      0.00000000	      0.00000000	      0.74058200	      0.01150000	     -0.45784200	      4.35035600	     21.53806400	      4.83597400	      1.27936000	      0.01150000	     -0.53160400	      0.00000000	      0.00000000	      0.00000000	      0.00000000	      0.75909400	      0.00000000
      5.93550000	      0.00000000	      0.00000000	      0.00000000	      0.74029700	      0.01150000	     -0.45787000	      4.92070500	     24.91826700	      5.14065800	      1.27861900	      0.01150000	     -0.53153000	      0.00000000	      0.00000000	      0.00000000	      0.00000000	      0.72252300	      0.00000000
      5.93600000	      0.00000000	      0.00000000	      0.00000000	      0.74001300	      0.01150000	     -0.45789800	      5.51711200	     28.47513200	      5.46149800	      1.27787900	      0.01150000	     -0.53145500	      0.00000000	      0.00000000	      0.00000000	      0.00000000	      0.69006100	      0.00000000
      5.93650000	      0.00000000	      0.00000000	      0.00000000	      0.73972800	      0.01150000	     -0.45792500	      6.13965400	     32.21264500	      5.79852000	      1.27713800	      0.01150000	     -0.53138000	      0.00000000	      0.00000000	      0.00000000	      0.00000000	      0.66163000	      0.00000000
      5.93700000	      0.00000000	      0.00000000	      0.00000000	      0.73944400	      0.01150000	     -0.45795300	      6.78833000	     36.13465100	      6.15168500	      1.27639800	      0.01150000	     -0.53130500	      0.00000000	      0.00000000	      0.00000000	      0.00000000	      0.63711800	      0.00000000
      5.93750000	      0.00000000	      0.00000000	      0.00000000	      0.73915900	      0.01150000	     -0.45798100	      7.46304800	     40.24483400	      6.52089700	      1.27565800	      0.01150000	     -0.53123000	      0.00000000	      0.00000000	      0.00000000	      0.00000000	      0.61638800	      0.00000000
      5.93800000	      0.00000000	      0.00000000	      0.00000000	      0.73887500	      0.01150000	     -0.45800800	      8.16361600	     44.54670100	      6.90602500	      1.27491700	      0.01150000	     -0.53115500	      0.00000000	      0.00000000	      0.00000000	      0.00000000	      0.59928500	      0.00000000
      5.93850000	      0.00000000	      0.00000000	      0.00000000	      0.73859000	      0.01150000	     -0.45803600	      8.88973800	     49.04355900	      7.30691500	      1.27417700	      0.01150000	     -0.53108100	      0.00000000	      0.00000000	      0.00000000	      0.00000000	      0.58564400	      0.00000000
      5.93900000	      0.00000000	      0.00000000	      0.00000000	      0.73830600	      0.01150000	     -0.45806400	      9.64101400	     53.73849600	      7.72339400	      1.27343600	      0.01150000	     -0.53100600	      0.00000000	      0.00000000	      0.00000000	      0.00000000	      0.57529900	      0.00000000
      5.93950000	      0.00000000	      0.00000000	      0.00000000	      0.73802100	      0.01150000	     -0.45809200	     10.41694000	     58.63435500	      8.15526800	      1.27269600	      0.01150000	     -0.53093100	      0.00000000	      0.00000000	      0.00000000	      0.00000000	      0.56809300	      0.00000000
      5.94000000	      0.00000000	      0.00000000	      0.00000000	      0.73773700	      0.01150000	     -0.45811900	     11.21689900	     63.73371600	      8.60231100	      1.27195600	      0.01150000	     -0.53085600	      0.00000000	      0.00000000	      0.00000000	      0.00000000	      0.56388100	      0.00000000
      5.94050000	      0.00000000	      0.00000000	      0.00000000	      0.73761200	      0.01150000	     -0.45811900	     12.04014200	     69.03886800	      9.06425000	      1.27100400	      0.01150000	     -0.53077700	      0.00000000	      0.00000000	      0.00000000	      0.00000000	      0.56253800	      0.00000000
      5.94100000	      0.00000000	      0.00000000	      0.00000000	      0.73748800	      0.01150000	     -0.45811800	     12.88577700	     74.55178400	      9.54074800	      1.27179200	      0.01150000	     -0.53067900	      0.00000000	      0.00000000	      0.00000000	      0.00000000	      0.56394800	      0.00000000
      5.94150000	      0.00000000	      0.00000000	      0.00000000	      0.73736300	      0.01150000	     -0.45811800	     13.75275100	     80.27409700	     10.03139300	      1.27257900	      0.01150000	     -0.53058100	      0.00000000	      0.00000000	      0.00000000	      0.00000000	      0.56800800	      0.00000000
      5.94200000	      0.00000000	      0.00000000	      0.00000000	      0.73723900	      0.01150000	     -0.45811800	     14.63984400	     86.20707200	     10.53569100	      1.27336600	      0.01150000	     -0.53048300	      0.00000000	      0.00000000	      0.00000000	      0.00000000	      0.57462600	      0.00000000
      5.94250000	      0.00000000	      0.00000000	      0.00000000	      0.73711400	      0.01150000	     -0.45811700	     15.54566200	     92.35157500	     11.05307100	      1.27415400	      0.01150000	     -0.53038400	      0.00000000	      0.00000000	      0.00000000	      0.00000000	      0.58372000	      0.00000000
      5.94300000	      0.00000000	      0.00000000	      0.00000000	      0.73699000	      0.01150000	     -0.45811700	     16.46862400	     98.70804900	     11.58288300	      1.27494100	      0.01150000	     -0.53028600	      0.00000000	      0.00000000	      0.00000000	      0.00000000	      0.59521700	      0.00000000
      5.94350000	      0.00000000	      0.00000000	      0.00000000	      0.73686600	      0.01150000	     -0.45811700	     17.40695400	    105.27647900	     12.12441000	      1.27572900	      0.01150000	     -0.53018800	      0.00000000	      0.00000000	      0.00000000	      0.00000000	      0.60904100	      0.00000000
      5.94400000	      0.00000000	      0.00000000	      0.00000000	      0.73674100	      0.01150000	     -0.45811600	     18.35867600	    112.05636200	     12.67687200	      1.27651600	      0.01150000	     -0.53009000	      0.00000000	      0.00000000	      0.00000000	      0.00000000	      0.62510800	      0.00000000
      5.94450000	      0.00000000	      0.00000000	      0.00000000	      0.73661700	      0.01150000	     -0.45811600	     19.32161000	    119.04667700	     13.23944000	      1.27730300	      0.01150000	     -0.52999200	      0.00000000	      0.00000000	      0.00000000	      0.00000000	      0.64331400	      0.00000000
      5.94500000	      0.00000000	      0.00000000	      0.00000000	      0.73649200	      0.01150000	     -0.45811500	     20.29337100	    126.24587800	     13.81124300	      1.27809100	      0.01150000	     -0.52989400	      0.00000000	      0.00000000	      0.00000000	      0.00000000	      0.66353600	      0.00000000
      5.94550000	      0.00000000	      0.00000000	      0.00000000	      0.73636800	      0.01150000	     -0.45811500	     21.27137900	    133.65199000	     14.39137800	      1.27887800	      0.01150000	     -0.52979600	      0.00000000	      0.00000000	      0.00000000	      0.00000000	      0.68563300	      0.00000000
      5.94600000	      0.00000000	      0.00000000	      0.00000000	      0.73624300	      0.01150000	     -0.45811500	     22.25286700	    141.26276300	     14.97892300	      1.27966500	      0.01150000	     -0.52969800	      0.00000000	      0.00000000	      0.00000000	      0.00000000	      0.70944500	      0.00000000
      5.94650000	      0.00000000	      0.00000000	      0.00000000	      0.73611900	      0.01150000	     -0.45811400	     23.23489700	    149.07578600	     15.57294800	      1.28045300	      0.01150000	     -0.52960000	      0.00000000	      0.00000000	      0.00000000	      0.00000000	      0.73479200	      0.00000000
      5.94700000	      0.00000000	      0.00000000	      0.00000000	      0.73599500	      0.01150000	     -0.45811400	     24.21438800	    157.08850700	     16.17253500	      1.28124000	      0.01150000	     -0.52950200	      0.00000000	      0.00000000	      0.00000000	      0.00000000	      0.76148200	      0.00000000
      5.94750000	      0.00000000	      0.00000000	      0.00000000	      0.73587000	      0.01150000	     -0.45811300	     25.18813600	    165.29822500	     16.77678800	      1.28202700	      0.01150000	     -0.52940400	      0.00000000	      0.00000000	      0.00000000	      0.00000000	      0.78931800	      0.00000000
      5.94800000	      0.00000000	      0.00000000	      0.00000000	      0.73574600	      0.01150000	     -0.45811300	     26.15283600	    173.70207900	     17.38483200	      1.28281500	      0.01150000	     -0.52930600	      0.00000000	      0.00000000	      0.00000000	      0.00000000	      0.81809800	      0.00000000
      5.94850000	      0.00000000	      0.00000000	      0.00000000	      0.73562100	      0.01150000	     -0.45811300	     27.10510000	    182.29701900	     17.99580400	      1.28360200	      0.01150000	     -0.52920800	      0.00000000	      0.00000000	      0.00000000	      0.00000000	      0.84762000	      0.00000000
      5.94900000	      0.00000000	      0.00000000	      0.00000000	      0.73549700	      0.01150000	     -0.45811200	     28.04147000	    191.07977800	     18.60884800	      1.28438900	      0.01150000	     -0.52911000	      0.00000000	      0.00000000	      0.00000000	      0.00000000	      0.87766700	      0.00000000
      5.94950000	      0.00000000	      0.00000000	      0.00000000	      0.73537200	      0.01150000	     -0.45811200	     28.95842200	    200.04684500	     19.22310100	      1.28517700	      0.01150000	     -0.52901200	      0.00000000	      0.00000000	      0.00000000	      0.00000000	      0.90801400	      0.00000000
      5.95000000	      0.00000000	      0.00000000	      0.00000000	      0.73524800	      0.01150000	     -0.45811100	     29.85236400	    209.19444300	     19.83769100	      1.28596400	      0.01150000	     -0.52891400	      0.00000000	      0.00000000	      0.00000000	      0.00000000	      0.93842000	      0.00000000
      5.95050000	      0.00000000	      0.00000000	      0.00000000	      0.73529300	      0.01150000	     -0.45808000	     30.71963400	    218.51849800	     20.45172900	      1.28616900	      0.01150000	     -0.52955800	      0.00000000	      0.00000000	      0.00000000	      0.00000000	      0.96863700	      0.00000000
      5.95100000	      0.00000000	      0.00000000	      0.00000000	      0.73533800	      0.01150000	     -0.45804800	     31.55649500	    228.01462100	     21.06430000	      1.28633200	      0.01150000	     -0.53015600	      0.00000000	      0.00000000	      0.00000000	      0.00000000	      0.99840600	      0.00000000
      5.95150000	      0.00000000	      0.00000000	      0.00000000	      0.73538300	      0.01150000	     -0.45801700	     32.35912800	    237.67809300	     21.67445500	      1.28646000	      0.01150000	     -0.53071200	      0.00000000	      0.00000000	      0.00000000	      0.00000000	      1.02745900	      0.00000000
      5.95200000	      0.00000000	      0.00000000	      0.00000000	      0.73542800	      0.01150000	     -0.45798500	     33.12362200	    247.50386800	     22.28120500	      1.28655700	      0.01150000	     -0.53122600	      0.00000000	      0.00000000	      0.00000000	      0.00000000	      1.05551600	      0.00000000
      5.95250000	      0.00000000	      0.00000000	      0.00000000	      0.73547300	      0.01150000	     -0.45795400	     33.84597300	    257.48656700	     22.88351600	      1.28663000	      0.01150000	     -0.53170300	      0.00000000	      0.00000000	      0.00000000	      0.00000000	      1.08228600	      0.00000000
      5.95300000	      0.00000000	      0.00000000	      0.00000000	      0.73551800	      0.01150000	     -0.45792200	     34.52208000	    267.62048500	     23.48031600	      1.28668200	      0.01150000	     -0.53214500	      0.00000000	      0.00000000	      0.00000000	      0.00000000	      1.10745200	      0.00000000
      5.95350000	      0.00000000	      0.00000000	      0.00000000	      0.73556300	      0.01150000	     -0.45789100	     35.14775100	    277.89959900	     24.07050700	      1.28671600	      0.01150000	     -0.53255300	      0.00000000	      0.00000000	      0.00000000	      0.00000000	      1.13068100	      0.00000000
      5.95400000	      0.00000000	      0.00000000	      0.00000000	      0.73560800	      0.01150000	     -0.45785900	     35.71870600	    288.31757700	     24.65297500	      1.28673600	      0.01150000	     -0.53293000	      0.00000000	      0.00000000	      0.00000000	      0.00000000	      1.15162500	      0.00000000
      5.95450000	      0.00000000	      0.00000000	      0.00000000	      0.73565300	      0.01150000	     -0.45782800	     36.23059700	    298.86778800	     25.22660900	      1.28674500	      0.01150000	     -0.53327800	      0.00000000	      0.00000000	      0.00000000	      0.00000000	      1.16993200	      0.00000000
      5.95500000	      0.00000000	      0.00000000	      0.00000000	      0.73569800	      0.01150000	     -0.45779600	     36.67903800	    309.54330900	     25.79031700	      1.28674500	      0.01150000	     -0.53360000	      0.00000000	      0.00000000	      0.00000000	      0.00000000	      1.18524700	      0.00000000
      5.95550000	      0.00000000	      0.00000000	      0.00000000	      0.73574300	      0.01150000	     -0.45776500	     37.05963500	    320.33694300	     26.34303000	      1.28673900	      0.01150000	     -0.53389500	      0.00000000	      0.00000000	      0.00000000	      0.00000000	      1.19722300	      0.00000000
      5.95600000	      0.00000000	      0.00000000	      0.00000000	      0.73578800	      0.01150000	     -0.45773300	     37.36803500	    331.24123300	     26.88370100	      1.28672800	      0.01150000	     -0.53416800	      0.00000000	      0.00000000	      0.00000000	      0.00000000	      1.20552400	      0.00000000
      5.95650000	      0.00000000	      0.00000000	      0.00000000	      0.73583300	      0.01150000	     -0.45770200	     37.59996500	    342.24848600	     27.41129600	      1.28671400	      0.01150000	     -0.53441800	      0.00000000	      0.00000000	      0.00000000	      0.00000000	      1.20983500	      0.00000000
      5.95700000	      0.00000000	      0.00000000	      0.00000000	      0.73587800	      0.01150000	     -0.45767000	     37.75128600	    353.35077900	     27.92477100	      1.28670000	      0.01150000	     -0.53464700	      0.00000000	      0.00000000	      0.00000000	      0.00000000	      1.20986700	      0.00000000
      5.95750000	      0.00000000	      0.00000000	      0.00000000	      0.73592300	      0.01150000	     -0.45763800	     37.81803400	    364.53997100	     28.42305700	      1.28668700	      0.01150000	     -0.53485600	      0.00000000	      0.00000000	      0.00000000	      0.00000000	      1.20535200	      0.00000000
      5.95800000	      0.00000000	      0.00000000	      0.00000000	      0.73596800	      0.01150000	     -0.45760700	     37.79646500	    375.80770500	     28.90504500	      1.28667700	      0.01150000	     -0.53504700	      0.00000000	      0.00000000	      0.00000000	      0.00000000	      1.19603600	      0.00000000
      5.95850000	      0.00000000	      0.00000000	      0.00000000	      0.73601300	      0.01150000	     -0.45757500	     37.68308300	    387.14541200	     29.36959500	      1.28667200	      0.01150000	     -0.53522100	      0.00000000	      0.00000000	      0.00000000	      0.00000000	      1.18168000	      0.00000000
      5.95900000	      0.00000000	      0.00000000	      0.00000000	      0.73605800	      0.01150000	     -0.45754400	     37.47466400	    398.54432200	     29.81554500	      1.28667500	      0.01150000	     -0.53537800	      0.00000000	      0.00000000	      0.00000000	      0.00000000	      1.16205700	      0.00000000
      5.95950000	      0.00000000	      0.00000000	      0.00000000	      0.73610300	      0.01150000	     -0.45751200	     37.16827200	    409.99547300	     30.24173400	      1.28668600	      0.01150000	     -0.53551900	      0.00000000	      0.00000000	      0.00000000	      0.00000000	      1.13695900	      0.00000000
      5.96000000	      0.00000000	      0.00000000	      0.00000000	      0.73614800	      0.01150000	     -0.45748100	     36.76126200	    421.48971400	     30.64702700	      1.28670700	      0.01150000	     -0.53564600	      0.00000000	      0.00000000	      0.00000000	      0.00000000	      1.10620300	      0.00000000
      5.96050000	      0.00000000	      0.00000000	      0.00000000	      0.73637000	      0.01150000	     -0.45741900	     36.25129100	    433.01770500	     31.03033900	      1.28674000	      0.01150000	     -0.53575900	      0.00000000	      0.00000000	      0.00000000	      0.00000000	      1.06964100	      0.00000000
      5.96100000	      0.00000000	      0.00000000	      0.00000000	      0.73659100	      0.01150000	     -0.45735700	     35.63632100	    444.56992300	     31.39066600	      1.28678600	      0.01150000	     -0.53585900	      0.00000000	      0.00000000	      0.00000000	      0.00000000	      1.02717200	      0.00000000
      5.96150000	      0.00000000	      0.00000000	      0.00000000	      0.73681200	      0.01150000	     -0.45729500	     34.91464300	    456.13668700	     31.72710600	      1.28684600	      0.01150000	     -0.53594700	      0.00000000	      0.00000000	      0.00000000	      0.00000000	      0.97874200	      0.00000000
      5.96200000	      0.00000000	      0.00000000	      0.00000000	      0.73703300	      0.01150000	     -0.45723200	     34.08489900	    467.70819300	     32.03887800	      1.28692000	      0.01150000	     -0.53602300	      0.00000000	      0.00000000	      0.00000000	      0.00000000	      0.92434300	      0.00000000
      5.96250000	      0.00000000	      0.00000000	      0.00000000	      0.73725500	      0.01150000	     -0.45717000	     33.14610800	    479.27457500	     32.32532400	      1.28701000	      0.01150000	     -0.53608800	      0.00000000	      0.00000000	      0.00000000	      0.00000000	      0.86400800	      0.00000000
      5.96300000	      0.00000000	      0.00000000	      0.00000000	      0.73747600	      0.01150000	     -0.45710800	     32.09767100	    490.82598000	     32.58589800	      1.28711600	      0.01150000	     -0.53614200	      0.00000000	      0.00000000	      0.00000000	      0.00000000	      0.79781300	      0.00000000
      5.96350000	      0.00000000	      0.00000000	      0.00000000	      0.73769700	      0.01150000	     -0.45704600	     30.93939200	    502.35264100	     32.82016900	      1.28723900	      0.01150000	     -0.53618700	      0.00000000	      0.00000000	      0.00000000	      0.00000000	      0.72588500	      0.00000000
      5.96400000	      0.00000000	      0.00000000	      0.00000000	      0.73791800	      0.01150000	     -0.45698400	     29.67148100	    513.84494700	     33.02781300	      1.28737800	      0.01150000	     -0.53622300	      0.00000000	      0.00000000	      0.00000000	      0.00000000	      0.64841400	      0.00000000
      5.96450000	      0.00000000	      0.00000000	      0.00000000	      0.73814000	      0.01150000	     -0.45692200	     28.29455400	    525.29352700	     33.20861300	      1.28753400	      0.01150000	     -0.53625000	      0.00000000	      0.00000000	      0.00000000	      0.00000000	      0.56565300	      0.00000000
      5.96500000	      0.00000000	      0.00000000	      0.00000000	      0.73836100	      0.01150000	     -0.45686000	     26.80962300	    536.68934300	     33.36244800	      1.28770600	      0.01150000	     -0.53626800	      0.00000000	      0.00000000	      0.00000000	      0.00000000	      0.47792200	      0.00000000
      5.96550000	      0.00000000	      0.00000000	      0.00000000	      0.73858200	      0.01150000	     -0.45679800	     25.21806300	    548.02377100	     33.48927800	      1.28789600	      0.01150000	     -0.53627900	      0.00000000	      0.00000000	      0.00000000	      0.00000000	      0.38559500	      0.00000000
      5.96600000	      0.00000000	      0.00000000	      0.00000000	      0.73880300	      0.01150000	     -0.45673600	     23.52157900	    559.28867000	     33.58912700	      1.28810200	      0.01150000	     -0.53628200	      0.00000000	      0.00000000	      0.00000000	      0.00000000	      0.28909100	      0.00000000
      5.96650000	      0.00000000	      0.00000000	      0.00000000	      0.73902500	      0.01150000	     -0.45667400	     21.72215400	    570.47643700	     33.66206100	      1.28832500	      0.01150000	     -0.53627800	      0.00000000	      0.00000000	      0.00000000	      0.00000000	      0.18885700	      0.00000000
      5.96700000	      0.00000000	      0.00000000	      0.00000000	      0.73924600	      0.01150000	     -0.45661200	     19.82201200	    581.58004000	     33.70817100	      1.28856300	      0.01150000	     -0.53626800	      0.00000000	      0.00000000	      0.00000000	      0.00000000	      0.08536100	      0.00000000
      5.96750000	      0.00000000	      0.00000000	      0.00000000	      0.73946700	      0.01150000	     -0.45655000	     17.82358500	    592.59304200	     33.72755200	      1.28881700	      0.01150000	     -0.53625100	      0.00000000	      0.00000000	      0.00000000	      0.00000000	     -0.02091900	      0.00000000
      5.96800000	      0.00000000	      0.00000000	      0.00000000	      0.73968800	      0.01150000	     -0.45648700	     15.72947900	    603.50962300	     33.72028500	      1.28908500	      0.01150000	     -0.53622900	      0.00000000	      0.00000000	      0.00000000	      0.00000000	     -0.12950900	      0.00000000
      5.96850000	      0.00000000	      0.00000000	      0.00000000	      0.73991000	      0.01150000	     -0.45642500	     13.54244200	    614.32460000	     33.68643500	      1.28936700	      0.01150000	     -0.53620200	      0.00000000	      0.00000000	      0.00000000	      0.00000000	     -0.23995300	      0.00000000
      5.96900000	      0.00000000	      0.00000000	      0.00000000	      0.74013100	      0.01150000	     -0.45636300	     11.26531500	    625.03343300	     33.62606300	      1.28966100	      0.01150000	     -0.53617100	      0.00000000	      0.00000000	      0.00000000	      0.00000000	     -0.35183200	      0.00000000
      5.96950000	      0.00000000	      0.00000000	      0.00000000	      0.74035200	      0.01150000	     -0.45630100	      8.90098500	    635.63222300	     33.53923800	      1.28996600	      0.01150000	     -0.53613600	      0.00000000	      0.00000000	      0.00000000	      0.00000000	     -0.46476900	      0.00000000
      5.97000000	      0.00000000	      0.00000000	      0.00000000	      0.74057300	      0.01150000	     -0.45623900	      6.45233800	    646.11768800	     33.42607500	      1.29028100	      0.01150000	     -0.53609900	      0.00000000	      0.00000000	      0.00000000	      0.00000000	     -0.57843200	      0.00000000
      5.97050000	      0.00000000	      0.00000000	      0.00000000	      0.74097400	      0.01150000	     -0.45615000	      3.92223600	    656.48715800	     33.28676200	      1.29060400	      0.01150000	     -0.53605900	      0.00000000	      0.00000000	      0.00000000	      0.00000000	     -0.69252600	      0.00000000
      5.97100000	      0.00000000	      0.00000000	      0.00000000	      0.74137500	      0.01150000	     -0.45606200	      1.31350100	    666.73856500	     33.12158300	      1.29093200	      0.01150000	     -0.53601800	      0.00000000	      0.00000000	      0.00000000	      0.00000000	     -0.80679100	      0.00000000
      5.97150000	      0.00000000	      0.00000000	      0.00000000	      0.74177600	      0.01150000	     -0.45597300	     -1.37108200	    676.87043800	     32.93093800	      1.29126300	      0.01150000	     -0.53597500	      0.00000000	      0.00000000	      0.00000000	      0.00000000	     -0.92099100	      0.00000000
      5.97200000	      0.00000000	      0.00000000	      0.00000000	      0.74217700	      0.01150000	     -0.45588400	     -4.12874900	    686.88188800	     32.71535600	      1.29159600	      0.01150000	     -0.53593200	      0.00000000	      0.00000000	      0.00000000	      0.00000000	     -1.03491200	      0.00000000
      5.97250000	      0.00000000	      0.00000000	      0.00000000	      0.74257800	      0.01150000	     -0.45579500	     -6.95673500	    696.77259900	     32.47551100	      1.29192700	      0.01150000	     -0.53588800	      0.00000000	      0.00000000	      0.00000000	      0.00000000	     -1.14833800	      0.00000000
      5.97300000	      0.00000000	      0.00000000	      0.00000000	      0.74297900	      0.01150000	     -0.45570600	     -9.85225300	    706.54281300	     32.21223900	      1.29225400	      0.01150000	     -0.53584400	      0.00000000	      0.00000000	      0.00000000	      0.00000000	     -1.26104200	      0.00000000
      5.97350000	      0.00000000	      0.00000000	      0.00000000	      0.74338000	      0.01150000	     -0.45561700	    -12.81246600	    716.19332800	     31.92654300	      1.29257600	      0.01150000	     -0.53580100	      0.00000000	      0.00000000	      0.00000000	      0.00000000	     -1.37277400	      0.00000000
      5.97400000	      0.00000000	      0.00000000	      0.00000000	      0.74378100	      0.01150000	     -0.45552900	    -15.83446200	    725.72549300	     31.61958600	      1.29288800	      0.01150000	     -0.53575700	      0.00000000	      0.00000000	      0.00000000	      0.00000000	     -1.48326100	      0.00000000
      5.97450000	      0.00000000	      0.00000000	      0.00000000	      0.74418200	      0.01150000	     -0.45544000	    -18.91523400	    735.14119300	     31.29268200	      1.29319000	      0.01150000	     -0.53571500	      0.00000000	      0.00000000	      0.00000000	      0.00000000	     -1.59222100	      0.00000000
      5.97500000	      0.00000000	      0.00000000	      0.00000000	      0.74458300	      0.01150000	     -0.45535100	    -22.05166700	    744.44280500	     30.94728200	      1.29348000	      0.01150000	     -0.53567300	      0.00000000	      0.00000000	      0.00000000	      0.00000000	     -1.69936600	      0.00000000
      5.97550000	      0.00000000	      0.00000000	      0.00000000	      0.74498400	      0.01150000	     -0.45526200	    -25.24053100	    753.63315900	     30.58495500	      1.29375400	      0.01150000	     -0.53563100	      0.00000000	      0.00000000	      0.00000000	      0.00000000	     -1.80441300	      0.00000000
      5.97600000	      0.00000000	      0.00000000	      0.00000000	      0.74538500	      0.01150000	     -0.45517300	    -28.47848100	    762.71548900	     30.20737800	      1.29401300	      0.01150000	     -0.53559000	      0.00000000	      0.00000000	      0.00000000	      0.00000000	     -1.90709400	      0.00000000
      5.97650000	      0.00000000	      0.00000000	      0.00000000	      0.74578600	      0.01150000	     -0.45508400	    -31.76205900	    771.69340400	     29.81630600	      1.29425500	      0.01150000	     -0.53555000	      0.00000000	      0.00000000	      0.00000000	      0.00000000	     -2.00716300	      0.00000000
      5.97700000	      0.00000000	      0.00000000	      0.00000000	      0.74618700	      0.01150000	     -0.45499600	    -35.08770200	    780.57085200	     29.41355800	      1.29447700	      0.01150000	     -0.53551100	      0.00000000	      0.00000000	      0.00000000	      0.00000000	     -2.10440800	      0.00000000
      5.97750000	      0.00000000	      0.00000000	      0.00000000	      0.74658700	      0.01150000	     -0.45490700	    -38.45176900	    789.35209300	     29.00098900	      1.29468000	      0.01150000	     -0.53547300	      0.00000000	      0.00000000	      0.00000000	      0.00000000	     -2.19866200	      0.00000000
      5.97800000	      0.00000000	      0.00000000	      0.00000000	      0.74698800	      0.01150000	     -0.45481800	    -41.85057300	    798.04166700	     28.58047800	      1.29486200	      0.01150000	     -0.53543500	      0.00000000	      0.00000000	      0.00000000	      0.00000000	     -2.28981400	      0.00000000
      5.97850000	      0.00000000	      0.00000000	      0.00000000	      0.74738900	      0.01150000	     -0.45472900	    -45.28043100	    806.64435300	     28.15392500	      1.29502100	      0.01150000	     -0.53539900	      0.00000000	      0.00000000	      0.00000000	      0.00000000	     -2.37781200	      0.00000000
      5.97900000	      0.00000000	      0.00000000	      0.00000000	      0.74779000	      0.01150000	     -0.45464000	    -48.73770300	    815.16513300	     27.72324600	      1.29515800	      0.01150000	     -0.53536300	      0.00000000	      0.00000000	      0.00000000	      0.00000000	     -2.46266300	      0.00000000
      5.97950000	      0.00000000	      0.00000000	      0.00000000	      0.74819100	      0.01150000	     -0.45455200	    -52.21884300	    823.60915300	     27.29037700	      1.29527200	      0.01150000	     -0.53532800	      0.00000000	      0.00000000	      0.00000000	      0.00000000	     -2.54442800	      0.00000000
      5.98000000	      0.00000000	      0.00000000	      0.00000000	      0.74859200	      0.01150000	     -0.45446300	    -55.72042100	    831.98169400	     26.85725800	      1.29536200	      0.01150000	     -0.53529400	      0.00000000	      0.00000000	      0.00000000	      0.00000000	     -2.62322000	      0.00000000
      5.98050000	      0.00000000	      0.00000000	      0.00000000	      0.74917200	      0.01150000	     -0.45435300	    -59.23914400	    840.28812500	     26.42583800	      1.29542700	      0.01150000	     -0.53526100	      0.00000000	      0.00000000	      0.00000000	      0.00000000	     -2.69919100	      0.00000000
      5.98100000	      0.00000000	      0.00000000	      0.00000000	      0.74975200	      0.01150000	     -0.45424300	    -62.77186400	    848.53386300	     25.99807000	      1.29546700	      0.01150000	     -0.53522900	      0.00000000	      0.00000000	      0.00000000	      0.00000000	     -2.77250600	      0.00000000
      5.98150000	      0.00000000	      0.00000000	      0.00000000	      0.75033200	      0.01150000	     -0.45413400	    -66.31556700	    856.72434400	     25.57590200	      1.29548200	      0.01150000	     -0.53519900	      0.00000000	      0.00000000	      0.00000000	      0.00000000	     -2.84333300	      0.00000000
      5.98200000	      0.00000000	      0.00000000	      0.00000000	      0.75091100	      0.01150000	     -0.45402400	    -69.86735800	    864.86500500	     25.16125000	      1.29547000	      0.01150000	     -0.53516800	      0.00000000	      0.00000000	      0.00000000	      0.00000000	     -2.91182300	      0.00000000
      5.98250000	      0.00000000	      0.00000000	      0.00000000	      0.75149100	      0.01150000	     -0.45391500	    -73.42443700	    872.96127500	     24.75596700	      1.29543300	      0.01150000	     -0.53513900	      0.00000000	      0.00000000	      0.00000000	      0.00000000	     -2.97811000	      0.00000000
      5.98300000	      0.00000000	      0.00000000	      0.00000000	      0.75207100	      0.01150000	     -0.45380500	    -76.98408300	    881.01856900	     24.36181500	      1.29537000	      0.01150000	     -0.53511100	      0.00000000	      0.00000000	      0.00000000	      0.00000000	     -3.04230400	      0.00000000
      5.98350000	      0.00000000	      0.00000000	      0.00000000	      0.75265100	      0.01150000	     -0.45369500	    -80.54362700	    889.04227300	     23.98044000	      1.29528100	      0.01150000	     -0.53508400	      0.00000000	      0.00000000	      0.00000000	      0.00000000	     -3.10448700	      0.00000000
      5.98400000	      0.00000000	      0.00000000	      0.00000000	      0.75323100	      0.01150000	     -0.45358600	    -84.10042700	    897.03772300	     23.61335800	      1.29516600	      0.01150000	     -0.53505800	      0.00000000	      0.00000000	      0.00000000	      0.00000000	     -3.16470800	      0.00000000
      5.98450000	      0.00000000	      0.00000000	      0.00000000	      0.75381000	      0.01150000	     -0.45347600	    -87.65185100	    905.01017400	     23.26194000	      1.29502600	      0.01150000	     -0.53503300	      0.00000000	      0.00000000	      0.00000000	      0.00000000	     -3.22297800	      0.00000000
      5.98500000	      0.00000000	      0.00000000	      0.00000000	      0.75439000	      0.01150000	     -0.45336600	    -91.19524600	    912.96477400	     22.92741200	      1.29486200	      0.01150000	     -0.53501000	      0.00000000	      0.00000000	      0.00000000	      0.00000000	     -3.27926400	      0.00000000
      5.98550000	      0.00000000	      0.00000000	      0.00000000	      0.75497000	      0.01150000	     -0.45325700	    -94.72791700	    920.90652500	     22.61085900	      1.29467400	      0.01150000	     -0.53498700	      0.00000000	      0.00000000	      0.00000000	      0.00000000	     -3.33348600	      0.00000000
      5.98600000	      0.00000000	      0.00000000	      0.00000000	      0.75555000	      0.01150000	     -0.45314700	    -98.24710600	    928.84024400	     22.31324200	      1.29446300	      0.01150000	     -0.53496700	      0.00000000	      0.00000000	      0.00000000	      0.00000000	     -3.38551700	      0.00000000
      5.98650000	      0.00000000	      0.00000000	      0.00000000	      0.75613000	      0.01150000	     -0.45303800	   -101.74999000	    936.77052300	     22.03540900	      1.29423100	      0.01150000	     -0.53494800	      0.00000000	      0.00000000	      0.00000000	      0.00000000	     -3.43518900	      0.00000000
      5.98700000	      0.00000000	      0.00000000	      0.00000000	      0.75670900	      0.01150000	     -0.45292800	   -105.23367500	    944.70171200	     21.77810700	      1.29397900	      0.01150000	     -0.53493000	      0.00000000	      0.00000000	      0.00000000	      0.00000000	     -3.48230200	      0.00000000
      5.98750000	      0.00000000	      0.00000000	      0.00000000	      0.75728900	      0.01150000	     -0.45281800	   -108.69520100	    952.63789200	     21.54198700	      1.29370800	      0.01150000	     -0.53491400	      0.00000000	      0.00000000	      0.00000000	      0.00000000	     -3.52663200	      0.00000000
      5.98800000	      0.00000000	      0.00000000	      0.00000000	      0.75786900	      0.01150000	     -0.45270900	   -112.13155600	    960.58287600	     21.32760500	      1.29341800	      0.01150000	     -0.53490100	      0.00000000	      0.00000000	      0.00000000	      0.00000000	     -3.56794300	      0.00000000
      5.98850000	      0.00000000	      0.00000000	      0.00000000	      0.75844900	      0.01150000	     -0.45259900	   -115.53968500	    968.54021800	     21.13542800	      1.29311300	      0.01150000	     -0.53488900	      0.00000000	      0.00000000	      0.00000000	      0.00000000	     -3.60599500	      0.00000000
      5.98900000	      0.00000000	      0.00000000	      0.00000000	      0.75902900	      0.01150000	     -0.45248900	   -118.91650100	    976.51324200	     20.96582900	      1.29279100	      0.01150000	     -0.53488000	      0.00000000	      0.00000000	      0.00000000	      0.00000000	     -3.64054700	      0.00000000
      5.98950000	      0.00000000	      0.00000000	      0.00000000	      0.75960900	      0.01150000	     -0.45238000	   -122.25888700	    984.50506300	     20.81910000	      1.29245600	      0.01150000	     -0.53487300	      0.00000000	      0.00000000	      0.00000000	      0.00000000	     -3.67136100	      0.00000000
      5.99000000	      0.00000000	      0.00000000	      0.00000000	      0.76018800	      0.01150000	     -0.45227000	   -125.56367800	    992.51859100	     20.69546900	      1.29210700	      0.01150000	     -0.53486800	      0.00000000	      0.00000000	      0.00000000	      0.00000000	     -3.69821100	      0.00000000
      5.99050000	      0.00000000	      0.00000000	      0.00000000	      0.76094100	      0.01150000	     -0.45214600	   -128.82765600	   1000.55655900	     20.59511300	      1.29174600	      0.01150000	     -0.53486600	      0.00000000	      0.00000000	      0.00000000	      0.00000000	     -3.72089000	      0.00000000
      5.99100000	      0.00000000	      0.00000000	      0.00000000	      0.76169400	      0.01150000	     -0.45202200	   -132.04754400	   1008.62154900	     20.51816000	      1.29137300	      0.01150000	     -0.53486800	      0.00000000	      0.00000000	      0.00000000	      0.00000000	     -3.73920900	      0.00000000
      5.99150000	      0.00000000	      0.00000000	      0.00000000	      0.76244600	      0.01150000	     -0.45189900	   -135.22002100	   1016.71601400	     20.46469100	      1.29099000	      0.01150000	     -0.53487200	      0.00000000	      0.00000000	      0.00000000	      0.00000000	     -3.75300400	      0.00000000
      5.99200000	      0.00000000	      0.00000000	      0.00000000	      0.76319900	      0.01150000	     -0.45177500	   -138.34173900	   1024.84227800	     20.43474200	      1.29059700	      0.01150000	     -0.53487900	      0.00000000	      0.00000000	      0.00000000	      0.00000000	     -3.76213500	      0.00000000
      5.99250000	      0.00000000	      0.00000000	      0.00000000	      0.76395200	      0.01150000	     -0.45165100	   -141.40934100	   1033.00254800	     20.42829900	      1.29019600	      0.01150000	     -0.53489000	      0.00000000	      0.00000000	      0.00000000	      0.00000000	     -3.76649200	      0.00000000
      5.99300000	      0.00000000	      0.00000000	      0.00000000	      0.76470500	      0.01150000	     -0.45152700	   -144.41948200	   1041.19893200	     20.44528500	      1.28978500	      0.01150000	     -0.53490400	      0.00000000	      0.00000000	      0.00000000	      0.00000000	     -3.76598900	      0.00000000
      5.99350000	      0.00000000	      0.00000000	      0.00000000	      0.76545700	      0.01150000	     -0.45140300	   -147.36884100	   1049.43345200	     20.48556400	      1.28936600	      0.01150000	     -0.53492100	      0.00000000	      0.00000000	      0.00000000	      0.00000000	     -3.76055900	      0.00000000
      5.99400000	      0.00000000	      0.00000000	      0.00000000	      0.76621000	      0.01150000	     -0.45127900	   -150.25414100	   1057.70806700	     20.54893300	      1.28894000	      0.01150000	     -0.53494100	      0.00000000	      0.00000000	      0.00000000	      0.00000000	     -3.75015800	      0.00000000
      5.99450000	      0.00000000	      0.00000000	      0.00000000	      0.76696300	      0.01150000	     -0.45115500	   -153.07216100	   1066.02467800	     20.63512600	      1.28850500	      0.01150000	     -0.53496400	      0.00000000	      0.00000000	      0.00000000	      0.00000000	     -3.73476900	      0.00000000
      5.99500000	      0.00000000	      0.00000000	      0.00000000	      0.76771600	      0.01150000	     -0.45103200	   -155.81975500	   1074.38512300	     20.74381900	      1.28806300	      0.01150000	     -0.53499100	      0.00000000	      0.00000000	      0.00000000	      0.00000000	     -3.71441100	      0.00000000
      5.99550000	      0.00000000	      0.00000000	      0.00000000	      0.76846800	      0.01150000	     -0.45090800	   -158.49387600	   1082.79116600	     20.87464200	      1.28761300	      0.01150000	     -0.53502100	      0.00000000	      0.00000000	      0.00000000	      0.00000000	     -3.68914400	      0.00000000
      5.99600000	      0.00000000	      0.00000000	      0.00000000	      0.76922100	      0.01150000	     -0.45078400	   -161.09159500	   1091.24447100	     21.02718900	      1.28715500	      0.01150000	     -0.53505400	      0.00000000	      0.00000000	      0.00000000	      0.00000000	     -3.65907500	      0.00000000
      5.99650000	      0.00000000	      0.00000000	      0.00000000	      0.76997400	      0.01150000	     -0.45066000	   -163.61010900	   1099.74657900	     21.20102200	      1.28668900	      0.01150000	     -0.53509000	      0.00000000	      0.00000000	      0.00000000	      0.00000000	     -3.62436600	      0.00000000
      5.99700000	      0.00000000	      0.00000000	      0.00000000	      0.77072600	      0.01150000	     -0.45053600	   -166.04674400	   1108.29888900	     21.39567600	      1.28621300	      0.01150000	     -0.53512900	      0.00000000	      0.00000000	      0.00000000	      0.00000000	     -3.58523500	      0.00000000
      5.99750000	      0.00000000	      0.00000000	      0.00000000	      0.77147900	      0.01150000	     -0.45041200	   -168.39894700	   1116.90264100	     21.61066600	      1.28572800	      0.01150000	     -0.53517100	      0.00000000	      0.00000000	      0.00000000	      0.00000000	     -3.54194500	      0.00000000
      5.99800000	      0.00000000	      0.00000000	      0.00000000	      0.77223200	      0.01150000	     -0.45028900	   -170.66427700	   1125.55890700	     21.84549800	      1.28523200	      0.01150000	     -0.53521700	      0.00000000	      0.00000000	      0.00000000	      0.00000000	     -3.49478600	      0.00000000
      5.99850000	      0.00000000	      0.00000000	      0.00000000	      0.77298500	      0.01150000	     -0.45016500	   -172.84038900	   1134.26857800	     22.09967600	      1.28472400	      0.01150000	     -0.53526500	      0.00000000	      0.00000000	      0.00000000	      0.00000000	     -3.44406300	      0.00000000
      5.99900000	      0.00000000	      0.00000000	      0.00000000	      0.77373700	      0.01150000	     -0.45004100	   -174.92501000	   1143.03236400	     22.37270200	      1.28420400	      0.01150000	     -0.53531600	      0.00000000	      0.00000000	      0.00000000	      0.00000000	     -3.39009400	      0.00000000
      5.99950000	      0.00000000	      0.00000000	      0.00000000	      0.77449000	      0.01150000	     -0.44991700	   -176.91592500	   1151.85079200	     22.66407800	      1.28367100	      0.01150000	     -0.53537000	      0.00000000	      0.00000000	      0.00000000	      0.00000000	     -3.33320700	      0.00000000
      6.00000000	      0.00000000	      0.00000000	      0.00000000	      0.77524300	      0.01150000	     -0.44979300	   -178.81096400	   1160.72421300	     22.97330500	      1.28312200	      0.01150000	     -0.53542700	      0.00000000	      0.00000000	      0.00000000	      0.00000000	     -3.27372900	      0.00000000
      6.00050000	      0.00000000	      0.00000000	      0.00000000	      0.77615800	      0.01150000	     -0.44966100	   -180.60800000	   1169.65278800	     23.29987700	      1.28255900	      0.01150000	     -0.53548600	      0.00000000	      0.00000000	      0.00000000	      0.00000000	     -3.21198600	      0.00000000
      6.00100000	      0.00000000	      0.00000000	      0.00000000	      0.77707300	      0.01150000	     -0.44952900	   -182.30493500	   1178.63645300	     23.64328600	      1.28197800	      0.01150000	     -0.53554700	      0.00000000	      0.00000000	      0.00000000	      0.00000000	     -3.14829500	      0.00000000
      6.00150000	      0.00000000	      0.00000000	      0.00000000	      0.77798800	      0.01150000	     -0.44939700	   -183.89970700	   1187.67488900	     24.00301700	      1.28138100	      0.01150000	     -0.53561200	      0.00000000	      0.00000000	      0.00000000	      0.00000000	     -3.08295100	      0.00000000
      6.00200000	      0.00000000	      0.00000000	      0.00000000	      0.77890300	      0.01150000	     -0.44926500	   -185.39028900	   1196.76750800	     24.37854100	      1.28076500	      0.01150000	     -0.53567800	      0.00000000	      0.00000000	      0.00000000	      0.00000000	     -3.01622300	      0.00000000
      6.00250000	      0.00000000	      0.00000000	      0.00000000	      0.77981800	      0.01150000	     -0.44913300	   -186.77470600	   1205.91342900	     24.76930400	      1.28013000	      0.01150000	     -0.53574600	      0.00000000	      0.00000000	      0.00000000	      0.00000000	     -2.94834700	      0.00000000
      6.00300000	      0.00000000	      0.00000000	      0.00000000	      0.78073300	      0.01150000	     -0.44900200	   -188.05106700	   1215.11144600	     25.17472600	      1.27947700	      0.01150000	     -0.53581600	      0.00000000	      0.00000000	      0.00000000	      0.00000000	     -2.87953600	      0.00000000
      6.00350000	      0.00000000	      0.00000000	      0.00000000	      0.78164800	      0.01150000	     -0.44887000	   -189.21760200	   1224.36000000	     25.59418700	      1.27880300	      0.01150000	     -0.53588800	      0.00000000	      0.00000000	      0.00000000	      0.00000000	     -2.80998600	      0.00000000
      6.00400000	      0.00000000	      0.00000000	      0.00000000	      0.78256300	      0.01150000	     -0.44873800	   -190.27270800	   1233.65717600	     26.02701700	      1.27811000	      0.01150000	     -0.53596200	      0.00000000	      0.00000000	      0.00000000	      0.00000000	     -2.73988200	      0.00000000
      6.00450000	      0.00000000	      0.00000000	      0.00000000	      0.78347700	      0.01150000	     -0.44860600	   -191.21499100	   1243.00070600	     26.47249900	      1.27739600	      0.01150000	     -0.53603600	      0.00000000	      0.00000000	      0.00000000	      0.00000000	     -2.66940200	      0.00000000
      6.00500000	      0.00000000	      0.00000000	      0.00000000	      0.78439200	      0.01150000	     -0.44847400	   -192.04330400	   1252.38798000	     26.92988300	      1.27666200	      0.01150000	     -0.53611200	      0.00000000	      0.00000000	      0.00000000	      0.00000000	     -2.59871800	      0.00000000
      6.00550000	      0.00000000	      0.00000000	      0.00000000	      0.78530700	      0.01150000	     -0.44834200	   -192.75677800	   1261.81606300	     27.39839800	      1.27590700	      0.01150000	     -0.53618900	      0.00000000	      0.00000000	      0.00000000	      0.00000000	     -2.52799200	      0.00000000
      6.00600000	      0.00000000	      0.00000000	      0.00000000	      0.78622200	      0.01150000	     -0.44821000	   -193.35485300	   1271.28172300	     27.87727000	      1.27513200	      0.01150000	     -0.53626700	      0.00000000	      0.00000000	      0.00000000	      0.00000000	     -2.45736800	      0.00000000
      6.00650000	      0.00000000	      0.00000000	      0.00000000	      0.78713700	      0.01150000	     -0.44807800	   -193.83729300	   1280.78145500	     28.36573400	      1.27433600	      0.01150000	     -0.53634500	      0.00000000	      0.00000000	      0.00000000	      0.00000000	     -2.38697000	      0.00000000
      6.00700000	      0.00000000	      0.00000000	      0.00000000	      0.78805200	      0.01150000	     -0.44794600	   -194.20419300	   1290.31149600	     28.86303700	      1.27351800	      0.01150000	     -0.53642400	      0.00000000	      0.00000000	      0.00000000	      0.00000000	     -2.31689700	      0.00000000
      6.00750000	      0.00000000	      0.00000000	      0.00000000	      0.78896700	      0.01150000	     -0.44781400	   -194.45597700	   1299.86784300	     29.36843500	      1.27268100	      0.01150000	     -0.53650300	      0.00000000	      0.00000000	      0.00000000	      0.00000000	     -2.24724000	      0.00000000
      6.00800000	      0.00000000	      0.00000000	      0.00000000	      0.78988200	      0.01150000	     -0.44768200	   -194.59340100	   1309.44627600	     29.88116800	      1.27182200	      0.01150000	     -0.53658200	      0.00000000	      0.00000000	      0.00000000	      0.00000000	     -2.17808400	      0.00000000
      6.00850000	      0.00000000	      0.00000000	      0.00000000	      0.79079700	      0.01150000	     -0.44755000	   -194.61754600	   1319.04238100	     30.40043200	      1.27094300	      0.01150000	     -0.53666100	      0.00000000	      0.00000000	      0.00000000	      0.00000000	     -2.10951800	      0.00000000
      6.00900000	      0.00000000	      0.00000000	      0.00000000	      0.79171200	      0.01150000	     -0.44741800	   -194.52982300	   1328.65157900	     30.92535400	      1.27004500	      0.01150000	     -0.53674100	      0.00000000	      0.00000000	      0.00000000	      0.00000000	     -2.04163100	      0.00000000
      6.00950000	      0.00000000	      0.00000000	      0.00000000	      0.79262700	      0.01150000	     -0.44728600	   -194.33196900	   1338.26913900	     31.45496300	      1.26912600	      0.01150000	     -0.53681900	      0.00000000	      0.00000000	      0.00000000	      0.00000000	     -1.97451800	      0.00000000
      6.01000000	      0.00000000	      0.00000000	      0.00000000	      0.79354200	      0.01150000	     -0.44715500	   -194.02602300	   1347.89020100	     31.98818100	      1.26818800	      0.01150000	     -0.53689800	      0.00000000	      0.00000000	      0.00000000	      0.00000000	     -1.90826800	      0.00000000
      6.01050000	      0.00000000	      0.00000000	      0.00000000	      0.79460600	      0.01150000	     -0.44702000	   -193.61430400	   1357.50981100	     32.52381500	      1.26723100	      0.01150000	     -0.53697600	      0.00000000	      0.00000000	      0.00000000	      0.00000000	     -1.84296800	      0.00000000
      6.01100000	      0.00000000	      0.00000000	      0.00000000	      0.79566900	      0.01150000	     -0.44688500	   -193.09938700	   1367.12295700	     33.06056800	      1.26625700	      0.01150000	     -0.53705400	      0.00000000	      0.00000000	      0.00000000	      0.00000000	     -1.77870200	      0.00000000
      6.01150000	      0.00000000	      0.00000000	      0.00000000	      0.79673300	      0.01150000	     -0.44675000	   -192.48408000	   1376.72460600	     33.59704700	      1.26526500	      0.01150000	     -0.53713100	      0.00000000	      0.00000000	      0.00000000	      0.00000000	     -1.71555600	      0.00000000
      6.01200000	      0.00000000	      0.00000000	      0.00000000	      0.79779600	      0.01150000	     -0.44661500	   -191.77139900	   1386.30972300	     34.13179100	      1.26425800	      0.01150000	     -0.53720900	      0.00000000	      0.00000000	      0.00000000	      0.00000000	     -1.65362300	      0.00000000
      6.01250000	      0.00000000	      0.00000000	      0.00000000	      0.79886000	      0.01150000	     -0.44648100	   -190.96455200	   1395.87327600	     34.66329400	      1.26323500	      0.01150000	     -0.53728600	      0.00000000	      0.00000000	      0.00000000	      0.00000000	     -1.59300100	      0.00000000
      6.01300000	      0.00000000	      0.00000000	      0.00000000	      0.79992300	      0.01150000	     -0.44634600	   -190.06693900	   1405.41025100	     35.19003600	      1.26219900	      0.01150000	     -0.53736400	      0.00000000	      0.00000000	      0.00000000	      0.00000000	     -1.53379000	      0.00000000
      6.01350000	      0.00000000	      0.00000000	      0.00000000	      0.80098700	      0.01150000	     -0.44621100	   -189.08214000	   1414.91566600	     35.71051100	      1.26115000	      0.01150000	     -0.53744100	      0.00000000	      0.00000000	      0.00000000	      0.00000000	     -1.47607500	      0.00000000
      6.01400000	      0.00000000	      0.00000000	      0.00000000	      0.80205000	      0.01150000	     -0.44607600	   -188.01390800	   1424.38458100	     36.22326400	      1.26009000	      0.01150000	     -0.53751900	      0.00000000	      0.00000000	      0.00000000	      0.00000000	     -1.41992300	      0.00000000
      6.01450000	      0.00000000	      0.00000000	      0.00000000	      0.80311400	      0.01150000	     -0.44594200	   -186.86616000	   1433.81210900	     36.72691300	      1.25901900	      0.01150000	     -0.53759800	      0.00000000	      0.00000000	      0.00000000	      0.00000000	     -1.36537500	      0.00000000
      6.01500000	      0.00000000	      0.00000000	      0.00000000	      0.80417700	      0.01150000	     -0.44580700	   -185.64295800	   1443.19341700	     37.22016900	      1.25794000	      0.01150000	     -0.53767700	      0.00000000	      0.00000000	      0.00000000	      0.00000000	     -1.31244000	      0.00000000
      6.01550000	      0.00000000	      0.00000000	      0.00000000	      0.80524100	      0.01150000	     -0.44567200	   -184.34848600	   1452.52372400	     37.70184100	      1.25685300	      0.01150000	     -0.53775600	      0.00000000	      0.00000000	      0.00000000	      0.00000000	     -1.26109800	      0.00000000
      6.01600000	      0.00000000	      0.00000000	      0.00000000	      0.80630400	      0.01150000	     -0.44553700	   -182.98702000	   1461.79828300	     38.17084000	      1.25575900	      0.01150000	     -0.53783700	      0.00000000	      0.00000000	      0.00000000	      0.00000000	     -1.21130500	      0.00000000
      6.01650000	      0.00000000	      0.00000000	      0.00000000	      0.80736800	      0.01150000	     -0.44540300	   -181.56289800	   1471.01237700	     38.62618300	      1.25466100	      0.01150000	     -0.53791800	      0.00000000	      0.00000000	      0.00000000	      0.00000000	     -1.16300700	      0.00000000
      6.01700000	      0.00000000	      0.00000000	      0.00000000	      0.80843100	      0.01150000	     -0.44526800	   -180.08048800	   1480.16132900	     39.06698800	      1.25355900	      0.01150000	     -0.53800000	      0.00000000	      0.00000000	      0.00000000	      0.00000000	     -1.11614600	      0.00000000
      6.01750000	      0.00000000	      0.00000000	      0.00000000	      0.80949500	      0.01150000	     -0.44513300	   -178.54415900	   1489.24050600	     39.49248300	      1.25245500	      0.01150000	     -0.53808300	      0.00000000	      0.00000000	      0.00000000	      0.00000000	     -1.07067500	      0.00000000
      6.01800000	      0.00000000	      0.00000000	      0.00000000	      0.81055800	      0.01150000	     -0.44499800	   -176.95824500	   1498.24533000	     39.90201400	      1.25134900	      0.01150000	     -0.53816600	      0.00000000	      0.00000000	      0.00000000	      0.00000000	     -1.02655600	      0.00000000
      6.01850000	      0.00000000	      0.00000000	      0.00000000	      0.81162200	      0.01150000	     -0.44486300	   -175.32701500	   1507.17129600	     40.29506200	      1.25024400	      0.01150000	     -0.53825000	      0.00000000	      0.00000000	      0.00000000	      0.00000000	     -0.98375500	      0.00000000
      6.01900000	      0.00000000	      0.00000000	      0.00000000	      0.81268500	      0.01150000	     -0.44472900	   -173.65464400	   1516.01397500	     40.67124200	      1.24913900	      0.01150000	     -0.53833500	      0.00000000	      0.00000000	      0.00000000	      0.00000000	     -0.94223600	      0.00000000
      6.01950000	      0.00000000	      0.00000000	      0.00000000	      0.81374900	      0.01150000	     -0.44459400	   -171.94518200	   1524.76902700	     41.03030100	      1.24803700	      0.01150000	     -0.53842100	      0.00000000	      0.00000000	      0.00000000	      0.00000000	     -0.90195600	      0.00000000
      6.02000000	      0.00000000	      0.00000000	      0.00000000	      0.81481300	      0.01150000	     -0.44445900	   -170.20253500	   1533.43220700	     41.37210600	      1.24693900	      0.01150000	     -0.53850700	      0.00000000	      0.00000000	      0.00000000	      0.00000000	     -0.86287100	      0.00000000
      6.02050000	      0.00000000	      0.00000000	      0.00000000	      0.81601000	      0.01150000	     -0.44432600	   -168.43044400	   1541.99937400	     41.69662600	      1.24584400	      0.01150000	     -0.53859400	      0.00000000	      0.00000000	      0.00000000	      0.00000000	     -0.82495400	      0.00000000
      6.02100000	      0.00000000	      0.00000000	      0.00000000	      0.81720700	      0.01150000	     -0.44419200	   -166.63248800	   1550.46651600	     42.00391100	      1.24475600	      0.01150000	     -0.53868100	      0.00000000	      0.00000000	      0.00000000	      0.00000000	     -0.78820600	      0.00000000
      6.02150000	      0.00000000	      0.00000000	      0.00000000	      0.81840400	      0.01150000	     -0.44405900	   -164.81208500	   1558.82976600	     42.29408000	      1.24367400	      0.01150000	     -0.53876800	      0.00000000	      0.00000000	      0.00000000	      0.00000000	     -0.75267000	      0.00000000
      6.02200000	      0.00000000	      0.00000000	      0.00000000	      0.81960100	      0.01150000	     -0.44392600	   -162.97250600	   1567.08541900	     42.56731400	      1.24259900	      0.01150000	     -0.53885600	      0.00000000	      0.00000000	      0.00000000	      0.00000000	     -0.71844600	      0.00000000
      6.02250000	      0.00000000	      0.00000000	      0.00000000	      0.82079800	      0.01150000	     -0.44379200	   -161.11687500	   1575.22995100	     42.82385700	      1.24153200	      0.01150000	     -0.53894300	      0.00000000	      0.00000000	      0.00000000	      0.00000000	     -0.68568100	      0.00000000
      6.02300000	      0.00000000	      0.00000000	      0.00000000	      0.82199600	      0.01150000	     -0.44365900	   -159.24817700	   1583.26001500	     43.06401300	      1.24047400	      0.01150000	     -0.53903100	      0.00000000	      0.00000000	      0.00000000	      0.00000000	     -0.65457700	      0.00000000
      6.02350000	      0.00000000	      0.00000000	      0.00000000	      0.82319300	      0.01150000	     -0.44352600	   -157.36927200	   1591.17246200	     43.28813400	      1.23942500	      0.01150000	     -0.53911900	      0.00000000	      0.00000000	      0.00000000	      0.00000000	     -0.62538200	      0.00000000
      6.02400000	      0.00000000	      0.00000000	      0.00000000	      0.82439000	      0.01150000	     -0.44339200	   -155.48290000	   1598.96435800	     43.49660000	      1.23838500	      0.01150000	     -0.53920600	      0.00000000	      0.00000000	      0.00000000	      0.00000000	     -0.59840200	      0.00000000
      6.02450000	      0.00000000	      0.00000000	      0.00000000	      0.82558700	      0.01150000	     -0.44325900	   -153.59169000	   1606.63300300	     43.68979300	      1.23735600	      0.01150000	     -0.53929400	      0.00000000	      0.00000000	      0.00000000	      0.00000000	     -0.57399400	      0.00000000
      6.02500000	      0.00000000	      0.00000000	      0.00000000	      0.82678400	      0.01150000	     -0.44312600	   -151.69815600	   1614.17593900	     43.86808300	      1.23633700	      0.01150000	     -0.53938100	      0.00000000	      0.00000000	      0.00000000	      0.00000000	     -0.55255600	      0.00000000
      6.02550000	      0.00000000	      0.00000000	      0.00000000	      0.82798100	      0.01150000	     -0.44299200	   -149.80469800	   1621.59097200	     44.03180300	      1.23532800	      0.01150000	     -0.53946900	      0.00000000	      0.00000000	      0.00000000	      0.00000000	     -0.53451700	      0.00000000
      6.02600000	      0.00000000	      0.00000000	      0.00000000	      0.82917900	      0.01150000	     -0.44285900	   -147.91358600	   1628.87618200	     44.18124000	      1.23432900	      0.01150000	     -0.53955700	      0.00000000	      0.00000000	      0.00000000	      0.00000000	     -0.52032100	      0.00000000
      6.02650000	      0.00000000	      0.00000000	      0.00000000	      0.83037600	      0.01150000	     -0.44272600	   -146.02694500	   1636.02993300	     44.31662900	      1.23334000	      0.01150000	     -0.53964500	      0.00000000	      0.00000000	      0.00000000	      0.00000000	     -0.51040700	      0.00000000
      6.02700000	      0.00000000	      0.00000000	      0.00000000	      0.83157300	      0.01150000	     -0.44259200	   -144.14672900	   1643.05086600	     44.43817900	      1.23236100	      0.01150000	     -0.53973300	      0.00000000	      0.00000000	      0.00000000	      0.00000000	     -0.50518800	      0.00000000
      6.02750000	      0.00000000	      0.00000000	      0.00000000	      0.83277000	      0.01150000	     -0.44245900	   -142.27469700	   1649.93789600	     44.54609300	      1.23139100	      0.01150000	     -0.53982200	      0.00000000	      0.00000000	      0.00000000	      0.00000000	     -0.50501700	      0.00000000
      6.02800000	      0.00000000	      0.00000000	      0.00000000	      0.83396700	      0.01150000	     -0.44232600	   -140.41238800	   1656.69021600	     44.64060600	      1.23043100	      0.01150000	     -0.53991200	      0.00000000	      0.00000000	      0.00000000	      0.00000000	     -0.51015500	      0.00000000
      6.02850000	      0.00000000	      0.00000000	      0.00000000	      0.83516400	      0.01150000	     -0.44219200	   -138.56112300	   1663.30728000	     44.72199100	      1.22948000	      0.01150000	     -0.54000200	      0.00000000	      0.00000000	      0.00000000	      0.00000000	     -0.52074300	      0.00000000
      6.02900000	      0.00000000	      0.00000000	      0.00000000	      0.83636200	      0.01150000	     -0.44205900	   -136.72199500	   1669.78878000	     44.79057400	      1.22853700	      0.01150000	     -0.54009400	      0.00000000	      0.00000000	      0.00000000	      0.00000000	     -0.53680300	      0.00000000
      6.02950000	      0.00000000	      0.00000000	      0.00000000	      0.83755900	      0.01150000	     -0.44192600	   -134.89588400	   1676.13460900	     44.84673400	      1.22760300	      0.01150000	     -0.54018600	      0.00000000	      0.00000000	      0.00000000	      0.00000000	     -0.55823400	      0.00000000
      6.03000000	      0.00000000	      0.00000000	      0.00000000	      0.83875600	      0.01150000	     -0.44179200	   -133.08346400	   1682.34483400	     44.89091100	      1.22667600	      0.01150000	     -0.54027900	      0.00000000	      0.00000000	      0.00000000	      0.00000000	     -0.58481700	      0.00000000
      6.03050000	      0.00000000	      0.00000000	      0.00000000	      0.84007200	      0.01150000	     -0.44166400	   -131.28523200	   1688.41965800	     44.92361300	      1.22575700	      0.01150000	     -0.54037300	      0.00000000	      0.00000000	      0.00000000	      0.00000000	     -0.61621900	      0.00000000
      6.03100000	      0.00000000	      0.00000000	      0.00000000	      0.84138900	      0.01150000	     -0.44153500	   -129.50153200	   1694.35939900	     44.94543100	      1.22484500	      0.01150000	     -0.54046800	      0.00000000	      0.00000000	      0.00000000	      0.00000000	     -0.65200600	      0.00000000
      6.03150000	      0.00000000	      0.00000000	      0.00000000	      0.84270600	      0.01150000	     -0.44140600	   -127.73257200	   1700.16445900	     44.95704600	      1.22393800	      0.01150000	     -0.54056400	      0.00000000	      0.00000000	      0.00000000	      0.00000000	     -0.69164700	      0.00000000
      6.03200000	      0.00000000	      0.00000000	      0.00000000	      0.84402200	      0.01150000	     -0.44127800	   -125.97843300	   1705.83529000	     44.95923700	      1.22303800	      0.01150000	     -0.54066000	      0.00000000	      0.00000000	      0.00000000	      0.00000000	     -0.73452700	      0.00000000
      6.03250000	      0.00000000	      0.00000000	      0.00000000	      0.84533900	      0.01150000	     -0.44114900	   -124.23906800	   1711.37236600	     44.95289100	      1.22214200	      0.01150000	     -0.54075800	      0.00000000	      0.00000000	      0.00000000	      0.00000000	     -0.77993900	      0.00000000
      6.03300000	      0.00000000	      0.00000000	      0.00000000	      0.84665600	      0.01150000	     -0.44102100	   -122.51429400	   1716.77614800	     44.93900100	      1.22125000	      0.01150000	     -0.54085700	      0.00000000	      0.00000000	      0.00000000	      0.00000000	     -0.82710600	      0.00000000
      6.03350000	      0.00000000	      0.00000000	      0.00000000	      0.84797200	      0.01150000	     -0.44089200	   -120.80378000	   1722.04707400	     44.91865400	      1.22036200	      0.01150000	     -0.54095600	      0.00000000	      0.00000000	      0.00000000	      0.00000000	     -0.87519500	      0.00000000
      6.03400000	      0.00000000	      0.00000000	      0.00000000	      0.84928900	      0.01150000	     -0.44076300	   -119.10704400	   1727.18556400	     44.89301700	      1.21947700	      0.01150000	     -0.54105600	      0.00000000	      0.00000000	      0.00000000	      0.00000000	     -0.92335100	      0.00000000
      6.03450000	      0.00000000	      0.00000000	      0.00000000	      0.85060500	      0.01150000	     -0.44063500	   -117.42345700	   1732.19203700	     44.86331000	      1.21859300	      0.01150000	     -0.54115700	      0.00000000	      0.00000000	      0.00000000	      0.00000000	     -0.97071400	      0.00000000
      6.03500000	      0.00000000	      0.00000000	      0.00000000	      0.85192200	      0.01150000	     -0.44050600	   -115.75226100	   1737.06692400	     44.83079300	      1.21771200	      0.01150000	     -0.54125800	      0.00000000	      0.00000000	      0.00000000	      0.00000000	     -1.01644400	      0.00000000
      6.03550000	      0.00000000	      0.00000000	      0.00000000	      0.85323900	      0.01150000	     -0.44037800	   -114.09258000	   1741.81068300	     44.79675500	      1.21683100	      0.01150000	     -0.54136000	      0.00000000	      0.00000000	      0.00000000	      0.00000000	     -1.05972800	      0.00000000
      6.03600000	      0.00000000	      0.00000000	      0.00000000	      0.85455500	      0.01150000	     -0.44024900	   -112.44344000	   1746.42379800	     44.76249400	      1.21595000	      0.01150000	     -0.54146300	      0.00000000	      0.00000000	      0.00000000	      0.00000000	     -1.09979000	      0.00000000
      6.03650000	      0.00000000	      0.00000000	      0.00000000	      0.85587200	      0.01150000	     -0.44012000	   -110.80378600	   1750.90678000	     44.72929400	      1.21506900	      0.01150000	     -0.54156600	      0.00000000	      0.00000000	      0.00000000	      0.00000000	     -1.13589600	      0.00000000
      6.03700000	      0.00000000	      0.00000000	      0.00000000	      0.85718900	      0.01150000	     -0.43999200	   -109.17250900	   1755.26017100	     44.69839800	      1.21418600	      0.01150000	     -0.54167000	      0.00000000	      0.00000000	      0.00000000	      0.00000000	     -1.16737200	      0.00000000
      6.03750000	      0.00000000	      0.00000000	      0.00000000	      0.85850500	      0.01150000	     -0.43986300	   -107.54847500	   1759.48453100	     44.67098100	      1.21330300	      0.01150000	     -0.54177400	      0.00000000	      0.00000000	      0.00000000	      0.00000000	     -1.19362500	      0.00000000
      6.03800000	      0.00000000	      0.00000000	      0.00000000	      0.85982200	      0.01150000	     -0.43973500	   -105.93056800	   1763.58041700	     44.64813700	      1.21241700	      0.01150000	     -0.54187800	      0.00000000	      0.00000000	      0.00000000	      0.00000000	     -1.21417800	      0.00000000
      6.03850000	      0.00000000	      0.00000000	      0.00000000	      0.86113900	      0.01150000	     -0.43960600	   -104.31772400	   1767.54837000	     44.63087200	      1.21152900	      0.01150000	     -0.54198200	      0.00000000	      0.00000000	      0.00000000	      0.00000000	     -1.22868400	      0.00000000
      6.03900000	      0.00000000	      0.00000000	      0.00000000	      0.86245500	      0.01150000	     -0.43947700	   -102.70898300	   1771.38889900	     44.62012000	      1.21063800	      0.01150000	     -0.54208700	      0.00000000	      0.00000000	      0.00000000	      0.00000000	     -1.23694100	      0.00000000
      6.03950000	      0.00000000	      0.00000000	      0.00000000	      0.86377200	      0.01150000	     -0.43934900	   -101.10352200	   1775.10247400	     44.61674500	      1.20974500	      0.01150000	     -0.54219200	      0.00000000	      0.00000000	      0.00000000	      0.00000000	     -1.23889300	      0.00000000
      6.04000000	      0.00000000	      0.00000000	      0.00000000	      0.86508800	      0.01150000	     -0.43922000	    -99.50068500	   1778.68950900	     44.62156300	      1.20884800	      0.01150000	     -0.54229700	      0.00000000	      0.00000000	      0.00000000	      0.00000000	     -1.23461700	      0.00000000
      6.04050000	      0.00000000	      0.00000000	      0.00000000	      0.86651200	      0.01150000	     -0.43909900	    -97.90000400	   1782.15034100	     44.63533800	      1.20794800	      0.01150000	     -0.54240200	      0.00000000	      0.00000000	      0.00000000	      0.00000000	     -1.22431200	      0.00000000
      6.04100000	      0.00000000	      0.00000000	      0.00000000	      0.86793600	      0.01150000	     -0.43897800	    -96.30119900	   1785.48522700	     44.65879500	      1.20704400	      0.01150000	     -0.54250700	      0.00000000	      0.00000000	      0.00000000	      0.00000000	     -1.20827300	      0.00000000
      6.04150000	      0.00000000	      0.00000000	      0.00000000	      0.86936000	      0.01150000	     -0.43885600	    -94.70417900	   1788.69432500	     44.69261000	      1.20613600	      0.01150000	     -0.54261300	      0.00000000	      0.00000000	      0.00000000	      0.00000000	     -1.18687400	      0.00000000
      6.04200000	      0.00000000	      0.00000000	      0.00000000	      0.87078400	      0.01150000	     -0.43873500	    -93.10901500	   1791.77768800	     44.73740200	      1.20522500	      0.01150000	     -0.54271900	      0.00000000	      0.00000000	      0.00000000	      0.00000000	     -1.16055400	      0.00000000
      6.04250000	      0.00000000	      0.00000000	      0.00000000	      0.87220800	      0.01150000	     -0.43861400	    -91.51591000	   1794.73526000	     44.79372400	      1.20430900	      0.01150000	     -0.54282500	      0.00000000	      0.00000000	      0.00000000	      0.00000000	     -1.12980400	      0.00000000
      6.04300000	      0.00000000	      0.00000000	      0.00000000	      0.87363200	      0.01150000	     -0.43849300	    -89.92516700	   1797.56688200	     44.86205700	      1.20339000	      0.01150000	     -0.54293100	      0.00000000	      0.00000000	      0.00000000	      0.00000000	     -1.09515600	      0.00000000
      6.04350000	      0.00000000	      0.00000000	      0.00000000	      0.87505500	      0.01150000	     -0.43837200	    -88.33716000	   1800.27230100	     44.94281800	      1.20246600	      0.01150000	     -0.54303800	      0.00000000	      0.00000000	      0.00000000	      0.00000000	     -1.05717000	      0.00000000
      6.04400000	      0.00000000	      0.00000000	      0.00000000	      0.87647900	      0.01150000	     -0.43825000	    -86.75231800	   1802.85117000	     45.03637100	      1.20153800	      0.01150000	     -0.54314400	      0.00000000	      0.00000000	      0.00000000	      0.00000000	     -1.01641800	      0.00000000
      6.04450000	      0.00000000	      0.00000000	      0.00000000	      0.87790300	      0.01150000	     -0.43812900	    -85.17110100	   1805.30303900	     45.14303700	      1.20060700	      0.01150000	     -0.54325100	      0.00000000	      0.00000000	      0.00000000	      0.00000000	     -0.97346800	      0.00000000
      6.04500000	      0.00000000	      0.00000000	      0.00000000	      0.87932700	      0.01150000	     -0.43800800	    -83.59398100	   1807.62735800	     45.26310200	      1.19967100	      0.01150000	     -0.54335800	      0.00000000	      0.00000000	      0.00000000	      0.00000000	     -0.92885700	      0.00000000
      6.04550000	      0.00000000	      0.00000000	      0.00000000	      0.88075100	      0.01150000	     -0.43788700	    -82.02142300	   1809.82346400	     45.39680300	      1.19873300	      0.01150000	     -0.54346500	      0.00000000	      0.00000000	      0.00000000	      0.00000000	     -0.88307200	      0.00000000
      6.04600000	      0.00000000	      0.00000000	      0.00000000	      0.88217500	      0.01150000	     -0.43776500	    -80.45387000	   1811.89059600	     45.54432400	      1.19779100	      0.01150000	     -0.54357200	      0.00000000	      0.00000000	      0.00000000	      0.00000000	     -0.83654100	      0.00000000
      6.04650000	      0.00000000	      0.00000000	      0.00000000	      0.88359900	      0.01150000	     -0.43764400	    -78.89172800	   1813.82789800	     45.70578400	      1.19684700	      0.01150000	     -0.54367900	      0.00000000	      0.00000000	      0.00000000	      0.00000000	     -0.78962500	      0.00000000
      6.04700000	      0.00000000	      0.00000000	      0.00000000	      0.88502200	      0.01150000	     -0.43752300	    -77.33535800	   1815.63443000	     45.88122800	      1.19590000	      0.01150000	     -0.54378500	      0.00000000	      0.00000000	      0.00000000	      0.00000000	     -0.74262000	      0.00000000
      6.04750000	      0.00000000	      0.00000000	      0.00000000	      0.88644600	      0.01150000	     -0.43740200	    -75.78506700	   1817.30918600	     46.07062700	      1.19495200	      0.01150000	     -0.54389100	      0.00000000	      0.00000000	      0.00000000	      0.00000000	     -0.69575800	      0.00000000
      6.04800000	      0.00000000	      0.00000000	      0.00000000	      0.88787000	      0.01150000	     -0.43728000	    -74.24111500	   1818.85111500	     46.27388000	      1.19400300	      0.01150000	     -0.54399700	      0.00000000	      0.00000000	      0.00000000	      0.00000000	     -0.64921300	      0.00000000
      6.04850000	      0.00000000	      0.00000000	      0.00000000	      0.88929400	      0.01150000	     -0.43715900	    -72.70371300	   1820.25914300	     46.49082400	      1.19305400	      0.01150000	     -0.54410200	      0.00000000	      0.00000000	      0.00000000	      0.00000000	     -0.60310500	      0.00000000
      6.04900000	      0.00000000	      0.00000000	      0.00000000	      0.89071800	      0.01150000	     -0.43703800	    -71.17303700	   1821.53218100	     46.72122900	      1.19210400	      0.01150000	     -0.54420700	      0.00000000	      0.00000000	      0.00000000	      0.00000000	     -0.55750100	      0.00000000
      6.04950000	      0.00000000	      0.00000000	      0.00000000	      0.89214200	      0.01150000	     -0.43691700	    -69.64923600	   1822.66913900	     46.96480000	      1.19115500	      0.01150000	     -0.54431200	      0.00000000	      0.00000000	      0.00000000	      0.00000000	     -0.51241400	      0.00000000
      6.05000000	      0.00000000	      0.00000000	      0.00000000	      0.89356600	      0.01150000	     -0.43679600	    -68.13244400	   1823.66894000	     47.22116400	      1.19020700	      0.01150000	     -0.54441600	      0.00000000	      0.00000000	      0.00000000	      0.00000000	     -0.46781000	      0.00000000
      6.05050000	      0.00000000	      0.00000000	      0.00000000	      0.89508700	      0.01150000	     -0.43668400	    -66.62278500	   1824.53053800	     47.48987400	      1.18926000	      0.01150000	     -0.54452000	      0.00000000	      0.00000000	      0.00000000	      0.00000000	     -0.42361100	      0.00000000
      6.05100000	      0.00000000	      0.00000000	      0.00000000	      0.89660900	      0.01150000	     -0.43657200	    -65.12037800	   1825.25291900	     47.77039400	      1.18831500	      0.01150000	     -0.54462300	      0.00000000	      0.00000000	      0.00000000	      0.00000000	     -0.37971100	      0.00000000
      6.05150000	      0.00000000	      0.00000000	      0.00000000	      0.89813000	      0.01150000	     -0.43646100	    -63.62532500	   1825.83512000	     48.06210500	      1.18737200	      0.01150000	     -0.54472700	      0.00000000	      0.00000000	      0.00000000	      0.00000000	     -0.33598400	      0.00000000
      6.05200000	      0.00000000	      0.00000000	      0.00000000	      0.89965200	      0.01150000	     -0.43634900	    -62.13770700	   1826.27625200	     48.36430700	      1.18643200	      0.01150000	     -0.54483000	      0.00000000	      0.00000000	      0.00000000	      0.00000000	     -0.29229300	      0.00000000
      6.05250000	      0.00000000	      0.00000000	      0.00000000	      0.90117300	      0.01150000	     -0.43623700	    -60.65756900	   1826.57554500	     48.67623200	      1.18549300	      0.01150000	     -0.54493300	      0.00000000	      0.00000000	      0.00000000	      0.00000000	     -0.24849700	      0.00000000
      6.05300000	      0.00000000	      0.00000000	      0.00000000	      0.90269500	      0.01150000	     -0.43612600	    -59.18490800	   1826.73238600	     48.99706200	      1.18455800	      0.01150000	     -0.54503600	      0.00000000	      0.00000000	      0.00000000	      0.00000000	     -0.20445900	      0.00000000
      6.05350000	      0.00000000	      0.00000000	      0.00000000	      0.90421600	      0.01150000	     -0.43601400	    -57.71966500	   1826.74636500	     49.32593800	      1.18362600	      0.01150000	     -0.54513900	      0.00000000	      0.00000000	      0.00000000	      0.00000000	     -0.16004900	      0.00000000
      6.05400000	      0.00000000	      0.00000000	      0.00000000	      0.90573800	      0.01150000	     -0.43590200	    -56.26171700	   1826.61730700	     49.66197000	      1.18269700	      0.01150000	     -0.54524200	      0.00000000	      0.00000000	      0.00000000	      0.00000000	     -0.11514900	      0.00000000
      6.05450000	      0.00000000	      0.00000000	      0.00000000	      0.90725900	      0.01150000	     -0.43579100	    -54.81087300	   1826.34530100	     50.00424500	      1.18177000	      0.01150000	     -0.54534500	      0.00000000	      0.00000000	      0.00000000	      0.00000000	     -0.06965400	      0.00000000
      6.05500000	      0.00000000	      0.00000000	      0.00000000	      0.90878100	      0.01150000	     -0.43567900	    -53.36686800	   1825.93070200	     50.35182900	      1.18084800	      0.01150000	     -0.54544800	      0.00000000	      0.00000000	      0.00000000	      0.00000000	     -0.02347600	      0.00000000
      6.05550000	      0.00000000	      0.00000000	      0.00000000	      0.91030200	      0.01150000	     -0.43556700	    -51.92936000	   1825.37413400	     50.70377100	      1.17992800	      0.01150000	     -0.54555100	      0.00000000	      0.00000000	      0.00000000	      0.00000000	      0.02344200	      0.00000000
      6.05600000	      0.00000000	      0.00000000	      0.00000000	      0.91182400	      0.01150000	     -0.43545600	    -50.49792300	   1824.67647000	     51.05911200	      1.17901200	      0.01150000	     -0.54565300	      0.00000000	      0.00000000	      0.00000000	      0.00000000	      0.07113100	      0.00000000
      6.05650000	      0.00000000	      0.00000000	      0.00000000	      0.91334500	      0.01150000	     -0.43534400	    -49.07204700	   1823.83881200	     51.41688700	      1.17809800	      0.01150000	     -0.54575600	      0.00000000	      0.00000000	      0.00000000	      0.00000000	      0.11958300	      0.00000000
      6.05700000	      0.00000000	      0.00000000	      0.00000000	      0.91486700	      0.01150000	     -0.43523300	    -47.65113000	   1822.86243900	     51.77613700	      1.17718800	      0.01150000	     -0.54585800	      0.00000000	      0.00000000	      0.00000000	      0.00000000	      0.16875000	      0.00000000
      6.05750000	      0.00000000	      0.00000000	      0.00000000	      0.91638800	      0.01150000	     -0.43512100	    -46.23447700	   1821.74876400	     52.13591600	      1.17628100	      0.01150000	     -0.54595900	      0.00000000	      0.00000000	      0.00000000	      0.00000000	      0.21855000	      0.00000000
      6.05800000	      0.00000000	      0.00000000	      0.00000000	      0.91791000	      0.01150000	     -0.43500900	    -44.82130300	   1820.49928200	     52.49529800	      1.17537500	      0.01150000	     -0.54606100	      0.00000000	      0.00000000	      0.00000000	      0.00000000	      0.26885700	      0.00000000
      6.05850000	      0.00000000	      0.00000000	      0.00000000	      0.91943100	      0.01150000	     -0.43489800	    -43.41073500	   1819.11551900	     52.85337700	      1.17447200	      0.01150000	     -0.54616100	      0.00000000	      0.00000000	      0.00000000	      0.00000000	      0.31950400	      0.00000000
      6.05900000	      0.00000000	      0.00000000	      0.00000000	      0.92095300	      0.01150000	     -0.43478600	    -42.00180100	   1817.59900000	     53.20926600	      1.17357100	      0.01150000	     -0.54626100	      0.00000000	      0.00000000	      0.00000000	      0.00000000	      0.37027600	      0.00000000
      6.05950000	      0.00000000	      0.00000000	      0.00000000	      0.92247400	      0.01150000	     -0.43467400	    -40.59342500	   1815.95123700	     53.56211400	      1.17267100	      0.01150000	     -0.54636000	      0.00000000	      0.00000000	      0.00000000	      0.00000000	      0.42091700	      0.00000000
      6.06000000	      0.00000000	      0.00000000	      0.00000000	      0.92399600	      0.01150000	     -0.43456300	    -39.18440500	   1814.17372800	     53.91110800	      1.17177100	      0.01150000	     -0.54645800	      0.00000000	      0.00000000	      0.00000000	      0.00000000	      0.47115100	      0.00000000
      6.06050000	      0.00000000	      0.00000000	      0.00000000	      0.92560700	      0.01150000	     -0.43446300	    -37.77340700	   1812.26798400	     54.25547800	      1.17087200	      0.01150000	     -0.54655500	      0.00000000	      0.00000000	      0.00000000	      0.00000000	      0.52069100	      0.00000000
      6.06100000	      0.00000000	      0.00000000	      0.00000000	      0.92721900	      0.01150000	     -0.43436300	    -36.35896300	   1810.23554900	     54.59450400	      1.16997300	      0.01150000	     -0.54665100	      0.00000000	      0.00000000	      0.00000000	      0.00000000	      0.56926300	      0.00000000
      6.06150000	      0.00000000	      0.00000000	      0.00000000	      0.92883100	      0.01150000	     -0.43426300	    -34.93947100	   1808.07803200	     54.92751400	      1.16907200	      0.01150000	     -0.54674600	      0.00000000	      0.00000000	      0.00000000	      0.00000000	      0.61661400	      0.00000000
      6.06200000	      0.00000000	      0.00000000	      0.00000000	      0.93044300	      0.01150000	     -0.43416300	    -33.51321500	   1805.79712200	     55.25387300	      1.16817100	      0.01150000	     -0.54684000	      0.00000000	      0.00000000	      0.00000000	      0.00000000	      0.66251500	      0.00000000
      6.06250000	      0.00000000	      0.00000000	      0.00000000	      0.93205500	      0.01150000	     -0.43406300	    -32.07837800	   1803.39461400	     55.57297400	      1.16726800	      0.01150000	     -0.54693200	      0.00000000	      0.00000000	      0.00000000	      0.00000000	      0.70676800	      0.00000000
      6.06300000	      0.00000000	      0.00000000	      0.00000000	      0.93366700	      0.01150000	     -0.43396300	    -30.63307300	   1800.87241400	     55.88421900	      1.16636200	      0.01150000	     -0.54702400	      0.00000000	      0.00000000	      0.00000000	      0.00000000	      0.74920400	      0.00000000
      6.06350000	      0.00000000	      0.00000000	      0.00000000	      0.93527900	      0.01150000	     -0.43386200	    -29.17536700	   1798.23253500	     56.18700100	      1.16545400	      0.01150000	     -0.54711300	      0.00000000	      0.00000000	      0.00000000	      0.00000000	      0.78969400	      0.00000000
      6.06400000	      0.00000000	      0.00000000	      0.00000000	      0.93689100	      0.01150000	     -0.43376200	    -27.70331600	   1795.47705900	     56.48070500	      1.16454300	      0.01150000	     -0.54720200	      0.00000000	      0.00000000	      0.00000000	      0.00000000	      0.82814100	      0.00000000
      6.06450000	      0.00000000	      0.00000000	      0.00000000	      0.93850300	      0.01150000	     -0.43366200	    -26.21500700	   1792.60809900	     56.76470000	      1.16362800	      0.01150000	     -0.54728900	      0.00000000	      0.00000000	      0.00000000	      0.00000000	      0.86448700	      0.00000000
      6.06500000	      0.00000000	      0.00000000	      0.00000000	      0.94011500	      0.01150000	     -0.43356200	    -24.70859900	   1789.62777000	     57.03835500	      1.16271000	      0.01150000	     -0.54737400	      0.00000000	      0.00000000	      0.00000000	      0.00000000	      0.89871300	      0.00000000
      6.06550000	      0.00000000	      0.00000000	      0.00000000	      0.94172700	      0.01150000	     -0.43346200	    -23.18237300	   1786.53815800	     57.30105000	      1.16178700	      0.01150000	     -0.54745800	      0.00000000	      0.00000000	      0.00000000	      0.00000000	      0.93083400	      0.00000000
      6.06600000	      0.00000000	      0.00000000	      0.00000000	      0.94333900	      0.01150000	     -0.43336200	    -21.63477700	   1783.34129300	     57.55219700	      1.16085900	      0.01150000	     -0.54754100	      0.00000000	      0.00000000	      0.00000000	      0.00000000	      0.96088300	      0.00000000
      6.06650000	      0.00000000	      0.00000000	      0.00000000	      0.86827700	      0.01150000	     -0.46192100	    -20.06446300	   1780.03913400	     57.79124800	      1.15992600	      0.01150000	     -0.54762200	      0.00000000	      0.00000000	      0.00000000	      0.00000000	      0.98891100	      0.00000000
      6.06700000	      0.00000000	      0.00000000	      0.00000000	      0.86922100	      0.01150000	     -0.46189700	    -18.47030800	   1776.63355200	     58.01770700	      1.15898800	      0.01150000	     -0.54770100	      0.00000000	      0.00000000	      0.00000000	      0.00000000	      1.01498300	      0.00000000
      6.06750000	      0.00000000	      0.00000000	      0.00000000	      0.87016400	      0.01150000	     -0.46187400	    -16.85141300	   1773.12631600	     58.23113000	      1.15804400	      0.01150000	     -0.54777900	      0.00000000	      0.00000000	      0.00000000	      0.00000000	      1.03918800	      0.00000000
      6.06800000	      0.00000000	      0.00000000	      0.00000000	      0.87110800	      0.01150000	     -0.46185000	    -15.20708200	   1769.51908400	     58.43112400	      1.15709500	      0.01150000	     -0.54785500	      0.00000000	      0.00000000	      0.00000000	      0.00000000	      1.06163900	      0.00000000
      6.06850000	      0.00000000	      0.00000000	      0.00000000	      0.87205200	      0.01150000	     -0.46182600	    -13.53680800	   1765.81341000	     58.61733100	      1.15613800	      0.01150000	     -0.54793000	      0.00000000	      0.00000000	      0.00000000	      0.00000000	      1.08246500	      0.00000000
      6.06900000	      0.00000000	      0.00000000	      0.00000000	      0.87299500	      0.01150000	     -0.46180200	    -11.84023700	   1762.01077400	     58.78942400	      1.15517500	      0.01150000	     -0.54800300	      0.00000000	      0.00000000	      0.00000000	      0.00000000	      1.10180800	      0.00000000
      6.06950000	      0.00000000	      0.00000000	      0.00000000	      0.87393900	      0.01150000	     -0.46177800	    -10.11715600	   1758.11258700	     58.94709500	      1.15420400	      0.01150000	     -0.54807500	      0.00000000	      0.00000000	      0.00000000	      0.00000000	      1.11981100	      0.00000000
      6.07000000	      0.00000000	      0.00000000	      0.00000000	      0.87488200	      0.01150000	     -0.46175500	     -8.36747600	   1754.12019700	     59.09006900	      1.15322700	      0.01150000	     -0.54814500	      0.00000000	      0.00000000	      0.00000000	      0.00000000	      1.13661100	      0.00000000
      6.07050000	      0.00000000	      0.00000000	      0.00000000	      0.87585400	      0.01150000	     -0.46175300	     -6.59121200	   1750.03489000	     59.21811600	      1.15224100	      0.01150000	     -0.54821300	      0.00000000	      0.00000000	      0.00000000	      0.00000000	      1.15234400	      0.00000000
      6.07100000	      0.00000000	      0.00000000	      0.00000000	      0.87682700	      0.01150000	     -0.46175100	     -4.78847500	   1745.85787700	     59.33105900	      1.15124800	      0.01150000	     -0.54828000	      0.00000000	      0.00000000	      0.00000000	      0.00000000	      1.16715000	      0.00000000
      6.07150000	      0.00000000	      0.00000000	      0.00000000	      0.87779900	      0.01150000	     -0.46175000	     -2.95945600	   1741.59028300	     59.42878600	      1.15024700	      0.01150000	     -0.54834500	      0.00000000	      0.00000000	      0.00000000	      0.00000000	      1.18118500	      0.00000000
      6.07200000	      0.00000000	      0.00000000	      0.00000000	      0.87877100	      0.01150000	     -0.46174800	     -1.10441100	   1737.23313400	     59.51124000	      1.14923800	      0.01150000	     -0.54840900	      0.00000000	      0.00000000	      0.00000000	      0.00000000	      1.19461800	      0.00000000
      6.07250000	      0.00000000	      0.00000000	      0.00000000	      0.87974300	      0.01150000	     -0.46174700	      0.77635200	   1732.78733500	     59.57841600	      1.14822100	      0.01150000	     -0.54847100	      0.00000000	      0.00000000	      0.00000000	      0.00000000	      1.20763100	      0.00000000
      6.07300000	      0.00000000	      0.00000000	      0.00000000	      0.88071500	      0.01150000	     -0.46174500	      2.68248200	   1728.25366700	     59.63034700	      1.14719700	      0.01150000	     -0.54853000	      0.00000000	      0.00000000	      0.00000000	      0.00000000	      1.22040600	      0.00000000
      6.07350000	      0.00000000	      0.00000000	      0.00000000	      0.88168800	      0.01150000	     -0.46174400	      4.61357900	   1723.63277700	     59.66708600	      1.14616600	      0.01150000	     -0.54858800	      0.00000000	      0.00000000	      0.00000000	      0.00000000	      1.23311800	      0.00000000
      6.07400000	      0.00000000	      0.00000000	      0.00000000	      0.88266000	      0.01150000	     -0.46174200	      6.56917200	   1718.92519000	     59.68869300	      1.14512800	      0.01150000	     -0.54864500	      0.00000000	      0.00000000	      0.00000000	      0.00000000	      1.24592100	      0.00000000
      6.07450000	      0.00000000	      0.00000000	      0.00000000	      0.88363200	      0.01150000	     -0.46174100	      8.54869400	   1714.13132500	     59.69523100	      1.14408400	      0.01150000	     -0.54869900	      0.00000000	      0.00000000	      0.00000000	      0.00000000	      1.25892500	      0.00000000
      6.07500000	      0.00000000	      0.00000000	      0.00000000	      0.88460400	      0.01150000	     -0.46173900	     10.55146300	   1709.25151800	     59.68676600	      1.14303300	      0.01150000	     -0.54875100	      0.00000000	      0.00000000	      0.00000000	      0.00000000	      1.27219900	      0.00000000
      6.07550000	      0.00000000	      0.00000000	      0.00000000	      0.88557600	      0.01150000	     -0.46173800	     12.57666100	   1704.28604000	     59.66337900	      1.14197700	      0.01150000	     -0.54880100	      0.00000000	      0.00000000	      0.00000000	      0.00000000	      1.28575900	      0.00000000
      6.07600000	      0.00000000	      0.00000000	      0.00000000	      0.88654900	      0.01150000	     -0.46173600	     14.62331500	   1699.23510900	     59.62517700	      1.14091500	      0.01150000	     -0.54884900	      0.00000000	      0.00000000	      0.00000000	      0.00000000	      1.29959000	      0.00000000
      6.07650000	      0.00000000	      0.00000000	      0.00000000	      0.88752100	      0.01150000	     -0.46173500	     16.69030400	   1694.09889300	     59.57230300	      1.13984800	      0.01150000	     -0.54889500	      0.00000000	      0.00000000	      0.00000000	      0.00000000	      1.31365100	      0.00000000
      6.07700000	      0.00000000	      0.00000000	      0.00000000	      0.88849300	      0.01150000	     -0.46173300	     18.77637200	   1688.87751700	     59.50493300	      1.13877600	      0.01150000	     -0.54894000	      0.00000000	      0.00000000	      0.00000000	      0.00000000	      1.32788000	      0.00000000
      6.07750000	      0.00000000	      0.00000000	      0.00000000	      0.88946500	      0.01150000	     -0.46173200	     20.88015200	   1683.57106900	     59.42325600	      1.13769900	      0.01150000	     -0.54898200	      0.00000000	      0.00000000	      0.00000000	      0.00000000	      1.34220500	      0.00000000
      6.07800000	      0.00000000	      0.00000000	      0.00000000	      0.89043800	      0.01150000	     -0.46173000	     23.00019100	   1678.17962800	     59.32745700	      1.13661800	      0.01150000	     -0.54902300	      0.00000000	      0.00000000	      0.00000000	      0.00000000	      1.35653600	      0.00000000
      6.07850000	      0.00000000	      0.00000000	      0.00000000	      0.89141000	      0.01150000	     -0.46172900	     25.13496900	   1672.70328300	     59.21768800	      1.13553200	      0.01150000	     -0.54906200	      0.00000000	      0.00000000	      0.00000000	      0.00000000	      1.37076800	      0.00000000
      6.07900000	      0.00000000	      0.00000000	      0.00000000	      0.89238200	      0.01150000	     -0.46172700	     27.28291600	   1667.14214600	     59.09406500	      1.13444300	      0.01150000	     -0.54909900	      0.00000000	      0.00000000	      0.00000000	      0.00000000	      1.38478200	      0.00000000
      6.07950000	      0.00000000	      0.00000000	      0.00000000	      0.89335400	      0.01150000	     -0.46172600	     29.44241500	   1661.49636800	     58.95667400	      1.13335100	      0.01150000	     -0.54913400	      0.00000000	      0.00000000	      0.00000000	      0.00000000	      1.39844900	      0.00000000
      6.08000000	      0.00000000	      0.00000000	      0.00000000	      0.89432600	      0.01150000	     -0.46172400	     31.61181000	   1655.76616500	     58.80558700	      1.13225500	      0.01150000	     -0.54916800	      0.00000000	      0.00000000	      0.00000000	      0.00000000	      1.41164300	      0.00000000
      6.08050000	      0.00000000	      0.00000000	      0.00000000	      0.89534200	      0.01150000	     -0.46174700	     33.78942200	   1649.95182000	     58.64088300	      1.13115600	      0.01150000	     -0.54920000	      0.00000000	      0.00000000	      0.00000000	      0.00000000	      1.42425700	      0.00000000
      6.08100000	      0.00000000	      0.00000000	      0.00000000	      0.89635700	      0.01150000	     -0.46177000	     35.97356500	   1644.05369000	     58.46266700	      1.13005500	      0.01150000	     -0.54923100	      0.00000000	      0.00000000	      0.00000000	      0.00000000	      1.43620400	      0.00000000
      6.08150000	      0.00000000	      0.00000000	      0.00000000	      0.89737300	      0.01150000	     -0.46179300	     38.16257300	   1638.07219200	     58.27108900	      1.12895100	      0.01150000	     -0.54926100	      0.00000000	      0.00000000	      0.00000000	      0.00000000	      1.44741700	      0.00000000
      6.08200000	      0.00000000	      0.00000000	      0.00000000	      0.89838800	      0.01150000	     -0.46181600	     40.35481700	   1632.00779900	     58.06635200	      1.12784600	      0.01150000	     -0.54928900	      0.00000000	      0.00000000	      0.00000000	      0.00000000	      1.45786000	      0.00000000
      6.08250000	      0.00000000	      0.00000000	      0.00000000	      0.89940400	      0.01150000	     -0.46183900	     42.54872300	   1625.86101800	     57.84871600	      1.12673900	      0.01150000	     -0.54931500	      0.00000000	      0.00000000	      0.00000000	      0.00000000	      1.46751900	      0.00000000
      6.08300000	      0.00000000	      0.00000000	      0.00000000	      0.90041900	      0.01150000	     -0.46186200	     44.74277500	   1619.63237300	     57.61848800	      1.12563000	      0.01150000	     -0.54934000	      0.00000000	      0.00000000	      0.00000000	      0.00000000	      1.47639800	      0.00000000
      6.08350000	      0.00000000	      0.00000000	      0.00000000	      0.90143500	      0.01150000	     -0.46188500	     46.93552400	   1613.32239200	     57.37600800	      1.12452100	      0.01150000	     -0.54936400	      0.00000000	      0.00000000	      0.00000000	      0.00000000	      1.48450700	      0.00000000
      6.08400000	      0.00000000	      0.00000000	      0.00000000	      0.90245000	      0.01150000	     -0.46190800	     49.12559000	   1606.93158700	     57.12164100	      1.12341000	      0.01150000	     -0.54938600	      0.00000000	      0.00000000	      0.00000000	      0.00000000	      1.49184700	      0.00000000
      6.08450000	      0.00000000	      0.00000000	      0.00000000	      0.90346600	      0.01150000	     -0.46193200	     51.31167300	   1600.46045000	     56.85577400	      1.12229900	      0.01150000	     -0.54940700	      0.00000000	      0.00000000	      0.00000000	      0.00000000	      1.49841200	      0.00000000
      6.08500000	      0.00000000	      0.00000000	      0.00000000	      0.90448100	      0.01150000	     -0.46195500	     53.49256500	   1593.90944600	     56.57883200	      1.12118700	      0.01150000	     -0.54942600	      0.00000000	      0.00000000	      0.00000000	      0.00000000	      1.50419200	      0.00000000
      6.08550000	      0.00000000	      0.00000000	      0.00000000	      0.90549700	      0.01150000	     -0.46197800	     55.66716900	   1587.27902300	     56.29128100	      1.12007400	      0.01150000	     -0.54944400	      0.00000000	      0.00000000	      0.00000000	      0.00000000	      1.50918500	      0.00000000
      6.08600000	      0.00000000	      0.00000000	      0.00000000	      0.90651200	      0.01150000	     -0.46200100	     57.83451400	   1580.56963000	     55.99363200	      1.11896200	      0.01150000	     -0.54946000	      0.00000000	      0.00000000	      0.00000000	      0.00000000	      1.51339600	      0.00000000
      6.08650000	      0.00000000	      0.00000000	      0.00000000	      0.90752800	      0.01150000	     -0.46202400	     59.99376800	   1573.78172000	     55.68643500	      1.11784900	      0.01150000	     -0.54947400	      0.00000000	      0.00000000	      0.00000000	      0.00000000	      1.51683800	      0.00000000
      6.08700000	      0.00000000	      0.00000000	      0.00000000	      0.90854300	      0.01150000	     -0.46204700	     62.14423800	   1566.91575700	     55.37027200	      1.11673500	      0.01150000	     -0.54948700	      0.00000000	      0.00000000	      0.00000000	      0.00000000	      1.51952600	      0.00000000
      6.08750000	      0.00000000	      0.00000000	      0.00000000	      0.90955900	      0.01150000	     -0.46207000	     64.28535900	   1559.97222500	     55.04574400	      1.11562100	      0.01150000	     -0.54949800	      0.00000000	      0.00000000	      0.00000000	      0.00000000	      1.52146100	      0.00000000
      6.08800000	      0.00000000	      0.00000000	      0.00000000	      0.91057400	      0.01150000	     -0.46209300	     66.41668000	   1552.95162700	     54.71345500	      1.11450700	      0.01150000	     -0.54950700	      0.00000000	      0.00000000	      0.00000000	      0.00000000	      1.52263200	      0.00000000
      6.08850000	      0.00000000	      0.00000000	      0.00000000	      0.91159000	      0.01150000	     -0.46211600	     68.53784700	   1545.85449100	     54.37400300	      1.11339200	      0.01150000	     -0.54951500	      0.00000000	      0.00000000	      0.00000000	      0.00000000	      1.52301100	      0.00000000
      6.08900000	      0.00000000	      0.00000000	      0.00000000	      0.91260500	      0.01150000	     -0.46213900	     70.64858100	   1538.68138200	     54.02796600	      1.11227700	      0.01150000	     -0.54952100	      0.00000000	      0.00000000	      0.00000000	      0.00000000	      1.52256200	      0.00000000
      6.08950000	      0.00000000	      0.00000000	      0.00000000	      0.91362100	      0.01150000	     -0.46216200	     72.74866200	   1531.43290100	     53.67590400	      1.11116100	      0.01150000	     -0.54952500	      0.00000000	      0.00000000	      0.00000000	      0.00000000	      1.52125600	      0.00000000
      6.09000000	      0.00000000	      0.00000000	      0.00000000	      0.91463600	      0.01150000	     -0.46218500	     74.83791400	   1524.10968000	     53.31836500	      1.11004500	      0.01150000	     -0.54952700	      0.00000000	      0.00000000	      0.00000000	      0.00000000	      1.51907600	      0.00000000
      6.09050000	      0.00000000	      0.00000000	      0.00000000	      0.91571100	      0.01150000	     -0.46223300	     76.91618900	   1516.71238600	     52.95589300	      1.10892700	      0.01150000	     -0.54952700	      0.00000000	      0.00000000	      0.00000000	      0.00000000	      1.51601700	      0.00000000
      6.09100000	      0.00000000	      0.00000000	      0.00000000	      0.91678600	      0.01150000	     -0.46228000	     78.98334600	   1509.24173900	     52.58901600	      1.10780900	      0.01150000	     -0.54952600	      0.00000000	      0.00000000	      0.00000000	      0.00000000	      1.51208200	      0.00000000
      6.09150000	      0.00000000	      0.00000000	      0.00000000	      0.91786000	      0.01150000	     -0.46232700	     81.03923300	   1501.69851200	     52.21824600	      1.10669000	      0.01150000	     -0.54952300	      0.00000000	      0.00000000	      0.00000000	      0.00000000	      1.50727400	      0.00000000
      6.09200000	      0.00000000	      0.00000000	      0.00000000	      0.91893500	      0.01150000	     -0.46237500	     83.08366300	   1494.08352300	     51.84406700	      1.10556900	      0.01150000	     -0.54951700	      0.00000000	      0.00000000	      0.00000000	      0.00000000	      1.50158200	      0.00000000
      6.09250000	      0.00000000	      0.00000000	      0.00000000	      0.92001000	      0.01150000	     -0.46242200	     85.11639700	   1486.39763600	     51.46693100	      1.10444800	      0.01150000	     -0.54951000	      0.00000000	      0.00000000	      0.00000000	      0.00000000	      1.49498600	      0.00000000
      6.09300000	      0.00000000	      0.00000000	      0.00000000	      0.92108500	      0.01150000	     -0.46247000	     87.13712600	   1478.64175800	     51.08725000	      1.10332400	      0.01150000	     -0.54950100	      0.00000000	      0.00000000	      0.00000000	      0.00000000	      1.48746000	      0.00000000
      6.09350000	      0.00000000	      0.00000000	      0.00000000	      0.92215900	      0.01150000	     -0.46251700	     89.14546300	   1470.81683300	     50.70540100	      1.10219900	      0.01150000	     -0.54949000	      0.00000000	      0.00000000	      0.00000000	      0.00000000	      1.47898200	      0.00000000
      6.09400000	      0.00000000	      0.00000000	      0.00000000	      0.92323400	      0.01150000	     -0.46256400	     91.14094700	   1462.92381800	     50.32173200	      1.10107200	      0.01150000	     -0.54947800	      0.00000000	      0.00000000	      0.00000000	      0.00000000	      1.46954100	      0.00000000
      6.09450000	      0.00000000	      0.00000000	      0.00000000	      0.92430900	      0.01150000	     -0.46261200	     93.12305400	   1454.96367300	     49.93655800	      1.09994200	      0.01150000	     -0.54946300	      0.00000000	      0.00000000	      0.00000000	      0.00000000	      1.45914500	      0.00000000
      6.09500000	      0.00000000	      0.00000000	      0.00000000	      0.92538300	      0.01150000	     -0.46265900	     95.09120800	   1446.93735300	     49.55016000	      1.09880900	      0.01150000	     -0.54944600	      0.00000000	      0.00000000	      0.00000000	      0.00000000	      1.44782200	      0.00000000
      6.09550000	      0.00000000	      0.00000000	      0.00000000	      0.92645800	      0.01150000	     -0.46270700	     97.04480400	   1438.84579800	     49.16277700	      1.09767400	      0.01150000	     -0.54942700	      0.00000000	      0.00000000	      0.00000000	      0.00000000	      1.43562200	      0.00000000
      6.09600000	      0.00000000	      0.00000000	      0.00000000	      0.92753300	      0.01150000	     -0.46275400	     98.98322800	   1430.68993800	     48.77460100	      1.09653500	      0.01150000	     -0.54940700	      0.00000000	      0.00000000	      0.00000000	      0.00000000	      1.42261300	      0.00000000
      6.09650000	      0.00000000	      0.00000000	      0.00000000	      0.92860700	      0.01150000	     -0.46280200	    100.90587000	   1422.47068600	     48.38577600	      1.09539300	      0.01150000	     -0.54938400	      0.00000000	      0.00000000	      0.00000000	      0.00000000	      1.40888000	      0.00000000
      6.09700000	      0.00000000	      0.00000000	      0.00000000	      0.92968200	      0.01150000	     -0.46284900	    102.81213900	   1414.18894500	     47.99640500	      1.09424700	      0.01150000	     -0.54935900	      0.00000000	      0.00000000	      0.00000000	      0.00000000	      1.39452500	      0.00000000
      6.09750000	      0.00000000	      0.00000000	      0.00000000	      0.93075700	      0.01150000	     -0.46289600	    104.70146500	   1405.84561100	     47.60655700	      1.09309800	      0.01150000	     -0.54933300	      0.00000000	      0.00000000	      0.00000000	      0.00000000	      1.37967200	      0.00000000
      6.09800000	      0.00000000	      0.00000000	      0.00000000	      0.93183200	      0.01150000	     -0.46294400	    106.57330100	   1397.44159200	     47.21628500	      1.09194500	      0.01150000	     -0.54930400	      0.00000000	      0.00000000	      0.00000000	      0.00000000	      1.36446400	      0.00000000
      6.09850000	      0.00000000	      0.00000000	      0.00000000	      0.93290600	      0.01150000	     -0.46299100	    108.42712400	   1388.97781300	     46.82563600	      1.09078900	      0.01150000	     -0.54927300	      0.00000000	      0.00000000	      0.00000000	      0.00000000	      1.34906200	      0.00000000
      6.09900000	      0.00000000	      0.00000000	      0.00000000	      0.93398100	      0.01150000	     -0.46303900	    110.26243600	   1380.45521400	     46.43467700	      1.08962900	      0.01150000	     -0.54924000	      0.00000000	      0.00000000	      0.00000000	      0.00000000	      1.33364000	      0.00000000
      6.09950000	      0.00000000	      0.00000000	      0.00000000	      0.93505600	      0.01150000	     -0.46308600	    112.07874600	   1371.87473100	     46.04349100	      1.08846600	      0.01150000	     -0.54920400	      0.00000000	      0.00000000	      0.00000000	      0.00000000	      1.31838800	      0.00000000
      6.10000000	      0.00000000	      0.00000000	      0.00000000	      0.93613000	      0.01150000	     -0.46313300	    113.87556000	   1363.23728800	     45.65217400	      1.08730000	      0.01150000	     -0.54916700	      0.00000000	      0.00000000	      0.00000000	      0.00000000	      1.30350300	      0.00000000
      6.10050000	      0.00000000	      0.00000000	      0.00000000	      0.93728000	      0.01150000	     -0.46320200	    115.65235900	   1354.54377400	     45.26080800	      1.08613100	      0.01150000	     -0.54912700	      0.00000000	      0.00000000	      0.00000000	      0.00000000	      1.28917400	      0.00000000
      6.10100000	      0.00000000	      0.00000000	      0.00000000	      0.93842900	      0.01150000	     -0.46327100	    117.40858100	   1345.79502400	     44.86945500	      1.08495900	      0.01150000	     -0.54908500	      0.00000000	      0.00000000	      0.00000000	      0.00000000	      1.27555800	      0.00000000
      6.10150000	      0.00000000	      0.00000000	      0.00000000	      0.93957800	      0.01150000	     -0.46334000	    119.14360600	   1336.99181600	     44.47814000	      1.08378400	      0.01150000	     -0.54904100	      0.00000000	      0.00000000	      0.00000000	      0.00000000	      1.26276500	      0.00000000
      6.10200000	      0.00000000	      0.00000000	      0.00000000	      0.94072800	      0.01150000	     -0.46340900	    120.85673500	   1328.13488700	     44.08685300	      1.08260600	      0.01150000	     -0.54899400	      0.00000000	      0.00000000	      0.00000000	      0.00000000	      1.25086100	      0.00000000
      6.10250000	      0.00000000	      0.00000000	      0.00000000	      0.94187700	      0.01150000	     -0.46347700	    122.54717800	   1319.22494300	     43.69556500	      1.08142700	      0.01150000	     -0.54894600	      0.00000000	      0.00000000	      0.00000000	      0.00000000	      1.23986800	      0.00000000
      6.10300000	      0.00000000	      0.00000000	      0.00000000	      0.94302600	      0.01150000	     -0.46354600	    124.21406800	   1310.26266900	     43.30425100	      1.08024500	      0.01150000	     -0.54889400	      0.00000000	      0.00000000	      0.00000000	      0.00000000	      1.22977100	      0.00000000
      6.10350000	      0.00000000	      0.00000000	      0.00000000	      0.94417600	      0.01150000	     -0.46361500	    125.85646100	   1301.24873300	     42.91289800	      1.07906000	      0.01150000	     -0.54884100	      0.00000000	      0.00000000	      0.00000000	      0.00000000	      1.22052300	      0.00000000
      6.10400000	      0.00000000	      0.00000000	      0.00000000	      0.94532500	      0.01150000	     -0.46368400	    127.47336000	   1292.18380900	     42.52151000	      1.07787400	      0.01150000	     -0.54878500	      0.00000000	      0.00000000	      0.00000000	      0.00000000	      1.21205800	      0.00000000
      6.10450000	      0.00000000	      0.00000000	      0.00000000	      0.94647400	      0.01150000	     -0.46375200	    129.06372800	   1283.06859300	     42.13010700	      1.07668600	      0.01150000	     -0.54872700	      0.00000000	      0.00000000	      0.00000000	      0.00000000	      1.20429400	      0.00000000
      6.10500000	      0.00000000	      0.00000000	      0.00000000	      0.94762400	      0.01150000	     -0.46382100	    130.62650400	   1273.90380700	     41.73870400	      1.07549500	      0.01150000	     -0.54866800	      0.00000000	      0.00000000	      0.00000000	      0.00000000	      1.19712900	      0.00000000
      6.10550000	      0.00000000	      0.00000000	      0.00000000	      0.94877300	      0.01150000	     -0.46389000	    132.16062100	   1264.69021200	     41.34730400	      1.07430400	      0.01150000	     -0.54860500	      0.00000000	      0.00000000	      0.00000000	      0.00000000	      1.19044700	      0.00000000
      6.10600000	      0.00000000	      0.00000000	      0.00000000	      0.94992200	      0.01150000	     -0.46395900	    133.66500700	   1255.42861100	     40.95588000	      1.07311000	      0.01150000	     -0.54854100	      0.00000000	      0.00000000	      0.00000000	      0.00000000	      1.18411300	      0.00000000
      6.10650000	      0.00000000	      0.00000000	      0.00000000	      0.95107200	      0.01150000	     -0.46402700	    135.13860000	   1246.11985700	     40.56437300	      1.07191500	      0.01150000	     -0.54847500	      0.00000000	      0.00000000	      0.00000000	      0.00000000	      1.17798600	      0.00000000
      6.10700000	      0.00000000	      0.00000000	      0.00000000	      0.95222100	      0.01150000	     -0.46409600	    136.58035600	   1236.76485000	     40.17271200	      1.07071900	      0.01150000	     -0.54840700	      0.00000000	      0.00000000	      0.00000000	      0.00000000	      1.17191900	      0.00000000
      6.10750000	      0.00000000	      0.00000000	      0.00000000	      0.95337000	      0.01150000	     -0.46416500	    137.98925100	   1227.36454700	     39.78083200	      1.06952200	      0.01150000	     -0.54833700	      0.00000000	      0.00000000	      0.00000000	      0.00000000	      1.16576700	      0.00000000
      6.10800000	      0.00000000	      0.00000000	      0.00000000	      0.95452000	      0.01150000	     -0.46423400	    139.36429300	   1217.91996500	     39.38870400	      1.06832400	      0.01150000	     -0.54826400	      0.00000000	      0.00000000	      0.00000000	      0.00000000	      1.15938400	      0.00000000
      6.10850000	      0.00000000	      0.00000000	      0.00000000	      0.95566900	      0.01150000	     -0.46430300	    140.70451700	   1208.43219200	     38.99634400	      1.06712500	      0.01150000	     -0.54818900	      0.00000000	      0.00000000	      0.00000000	      0.00000000	      1.15263000	      0.00000000
      6.10900000	      0.00000000	      0.00000000	      0.00000000	      0.95681800	      0.01150000	     -0.46437100	    142.00898000	   1198.90237700	     38.60382300	      1.06592600	      0.01150000	     -0.54811300	      0.00000000	      0.00000000	      0.00000000	      0.00000000	      1.14537200	      0.00000000
      6.10950000	      0.00000000	      0.00000000	      0.00000000	      0.95796800	      0.01150000	     -0.46444000	    143.27676200	   1189.33173400	     38.21126300	      1.06472700	      0.01150000	     -0.54803400	      0.00000000	      0.00000000	      0.00000000	      0.00000000	      1.13748400	      0.00000000
      6.11000000	      0.00000000	      0.00000000	      0.00000000	      0.95911700	      0.01150000	     -0.46450900	    144.50695800	   1179.72151800	     37.81881600	      1.06352800	      0.01150000	     -0.54795300	      0.00000000	      0.00000000	      0.00000000	      0.00000000	      1.12884300	      0.00000000
      6.11050000	      0.00000000	      0.00000000	      0.00000000	      0.96035400	      0.01150000	     -0.46459300	    145.69868300	   1170.07302200	     37.42664700	      1.06232900	      0.01150000	     -0.54786900	      0.00000000	      0.00000000	      0.00000000	      0.00000000	      1.11933000	      0.00000000
      6.11100000	      0.00000000	      0.00000000	      0.00000000	      0.96159000	      0.01150000	     -0.46467700	    146.85107100	   1160.38757300	     37.03491300	      1.06113100	      0.01150000	     -0.54778400	      0.00000000	      0.00000000	      0.00000000	      0.00000000	      1.10883000	      0.00000000
      6.11150000	      0.00000000	      0.00000000	      0.00000000	      0.96282700	      0.01150000	     -0.46476200	    147.96329800	   1150.66652600	     36.64375800	      1.05993300	      0.01150000	     -0.54769600	      0.00000000	      0.00000000	      0.00000000	      0.00000000	      1.09723100	      0.00000000
      6.11200000	      0.00000000	      0.00000000	      0.00000000	      0.96406300	      0.01150000	     -0.46484600	    149.03460700	   1140.91125500	     36.25332500	      1.05873600	      0.01150000	     -0.54760600	      0.00000000	      0.00000000	      0.00000000	      0.00000000	      1.08442700	      0.00000000
      6.11250000	      0.00000000	      0.00000000	      0.00000000	      0.96530000	      0.01150000	     -0.46493100	    150.06433000	   1131.12314700	     35.86376200	      1.05753900	      0.01150000	     -0.54751300	      0.00000000	      0.00000000	      0.00000000	      0.00000000	      1.07031900	      0.00000000
      6.11300000	      0.00000000	      0.00000000	      0.00000000	      0.96653700	      0.01150000	     -0.46501500	    151.05190400	   1121.30362000	     35.47523400	      1.05634300	      0.01150000	     -0.54741800	      0.00000000	      0.00000000	      0.00000000	      0.00000000	      1.05482900	      0.00000000
      6.11350000	      0.00000000	      0.00000000	      0.00000000	      0.96777300	      0.01150000	     -0.46509900	    151.99687500	   1111.45414000	     35.08792900	      1.05514800	      0.01150000	     -0.54732100	      0.00000000	      0.00000000	      0.00000000	      0.00000000	      1.03790900	      0.00000000
      6.11400000	      0.00000000	      0.00000000	      0.00000000	      0.96901000	      0.01150000	     -0.46518400	    152.89889500	   1101.57623500	     34.70205400	      1.05395400	      0.01150000	     -0.54722200	      0.00000000	      0.00000000	      0.00000000	      0.00000000	      1.01954000	      0.00000000
      6.11450000	      0.00000000	      0.00000000	      0.00000000	      0.97024600	      0.01150000	     -0.46526800	    153.75771900	   1091.67150900	     34.31782000	      1.05276100	      0.01150000	     -0.54712000	      0.00000000	      0.00000000	      0.00000000	      0.00000000	      0.99972700	      0.00000000
      6.11500000	      0.00000000	      0.00000000	      0.00000000	      0.97148300	      0.01150000	     -0.46535200	    154.57319800	   1081.74164900	     33.93543000	      1.05157000	      0.01150000	     -0.54701500	      0.00000000	      0.00000000	      0.00000000	      0.00000000	      0.97849700	      0.00000000
      6.11550000	      0.00000000	      0.00000000	      0.00000000	      0.97271900	      0.01150000	     -0.46543700	    155.34527700	   1071.78843200	     33.55506300	      1.05038000	      0.01150000	     -0.54690900	      0.00000000	      0.00000000	      0.00000000	      0.00000000	      0.95589700	      0.00000000
      6.11600000	      0.00000000	      0.00000000	      0.00000000	      0.97395600	      0.01150000	     -0.46552100	    156.07399200	   1061.81371500	     33.17686900	      1.04919100	      0.01150000	     -0.54680000	      0.00000000	      0.00000000	      0.00000000	      0.00000000	      0.93199400	      0.00000000
      6.11650000	      0.00000000	      0.00000000	      0.00000000	      0.97519300	      0.01150000	     -0.46560500	    156.75946200	   1051.81941200	     32.80097200	      1.04800500	      0.01150000	     -0.54668900	      0.00000000	      0.00000000	      0.00000000	      0.00000000	      0.90687400	      0.00000000
      6.11700000	      0.00000000	      0.00000000	      0.00000000	      0.97642900	      0.01150000	     -0.46569000	    157.40187100	   1041.80747300	     32.42746800	      1.04682000	      0.01150000	     -0.54657600	      0.00000000	      0.00000000	      0.00000000	      0.00000000	      0.88063600	      0.00000000
      6.11750000	      0.00000000	      0.00000000	      0.00000000	      0.97766600	      0.01150000	     -0.46577400	    158.00145200	   1031.77985900	     32.05643400	      1.04563800	      0.01150000	     -0.54646200	      0.00000000	      0.00000000	      0.00000000	      0.00000000	      0.85338500	      0.00000000
      6.11800000	      0.00000000	      0.00000000	      0.00000000	      0.97890200	      0.01150000	     -0.46585800	    158.55846500	   1021.73853000	     31.68793600	      1.04445700	      0.01150000	     -0.54634500	      0.00000000	      0.00000000	      0.00000000	      0.00000000	      0.82522400	      0.00000000
      6.11850000	      0.00000000	      0.00000000	      0.00000000	      0.98013900	      0.01150000	     -0.46594300	    159.07318600	   1011.68542600	     31.32204100	      1.04328000	      0.01150000	     -0.54622700	      0.00000000	      0.00000000	      0.00000000	      0.00000000	      0.79625200	      0.00000000
      6.11900000	      0.00000000	      0.00000000	      0.00000000	      0.98137600	      0.01150000	     -0.46602700	    159.54589200	   1001.62245800	     30.95882100	      1.04210400	      0.01150000	     -0.54610800	      0.00000000	      0.00000000	      0.00000000	      0.00000000	      0.76656500	      0.00000000
      6.11950000	      0.00000000	      0.00000000	      0.00000000	      0.98261200	      0.01150000	     -0.46611100	    159.97686400	    991.55151200	     30.59836400	      1.04093100	      0.01150000	     -0.54598700	      0.00000000	      0.00000000	      0.00000000	      0.00000000	      0.73625900	      0.00000000
      6.12000000	      0.00000000	      0.00000000	      0.00000000	      0.98384900	      0.01150000	     -0.46619600	    160.36638300	    981.47445500	     30.24076600	      1.03976000	      0.01150000	     -0.54586600	      0.00000000	      0.00000000	      0.00000000	      0.00000000	      0.70543800	      0.00000000
      6.12050000	      0.00000000	      0.00000000	      0.00000000	      0.98518000	      0.01150000	     -0.46628700	    160.71474300	    971.39316900	     29.88613900	      1.03859200	      0.01150000	     -0.54574300	      0.00000000	      0.00000000	      0.00000000	      0.00000000	      0.67420800	      0.00000000
      6.12100000	      0.00000000	      0.00000000	      0.00000000	      0.98651200	      0.01150000	     -0.46637900	    161.02226700	    961.30956700	     29.53460700	      1.03742500	      0.01150000	     -0.54562000	      0.00000000	      0.00000000	      0.00000000	      0.00000000	      0.64266700	      0.00000000
      6.12150000	      0.00000000	      0.00000000	      0.00000000	      0.98784300	      0.01150000	     -0.46647100	    161.28931700	    951.22561100	     29.18630800	      1.03626100	      0.01150000	     -0.54549700	      0.00000000	      0.00000000	      0.00000000	      0.00000000	      0.61090300	      0.00000000
      6.12200000	      0.00000000	      0.00000000	      0.00000000	      0.98917500	      0.01150000	     -0.46656300	    161.51629600	    941.14332400	     28.84139200	      1.03509900	      0.01150000	     -0.54537200	      0.00000000	      0.00000000	      0.00000000	      0.00000000	      0.57900300	      0.00000000
      6.12250000	      0.00000000	      0.00000000	      0.00000000	      0.99050600	      0.01150000	     -0.46665400	    161.70363800	    931.06479400	     28.50002100	      1.03393900	      0.01150000	     -0.54524800	      0.00000000	      0.00000000	      0.00000000	      0.00000000	      0.54705200	      0.00000000
      6.12300000	      0.00000000	      0.00000000	      0.00000000	      0.99183700	      0.01150000	     -0.46674600	    161.85180600	    920.99215600	     28.16236300	      1.03278100	      0.01150000	     -0.54512300	      0.00000000	      0.00000000	      0.00000000	      0.00000000	      0.51512900	      0.00000000
      6.12350000	      0.00000000	      0.00000000	      0.00000000	      0.99316900	      0.01150000	     -0.46683800	    161.96128600	    910.92757000	     27.82858900	      1.03162400	      0.01150000	     -0.54499700	      0.00000000	      0.00000000	      0.00000000	      0.00000000	      0.48330400	      0.00000000
      6.12400000	      0.00000000	      0.00000000	      0.00000000	      0.99450000	      0.01150000	     -0.46693000	    162.03257500	    900.87320000	     27.49887700	      1.03047000	      0.01150000	     -0.54487100	      0.00000000	      0.00000000	      0.00000000	      0.00000000	      0.45163600	      0.00000000
      6.12450000	      0.00000000	      0.00000000	      0.00000000	      0.99583200	      0.01150000	     -0.46702200	    162.06617300	    890.83119600	     27.17341300	      1.02931700	      0.01150000	     -0.54474500	      0.00000000	      0.00000000	      0.00000000	      0.00000000	      0.42017400	      0.00000000
      6.12500000	      0.00000000	      0.00000000	      0.00000000	      0.99716300	      0.01150000	     -0.46711300	    162.06256600	    880.80366700	     26.85240100	      1.02816700	      0.01150000	     -0.54461800	      0.00000000	      0.00000000	      0.00000000	      0.00000000	      0.38895500	      0.00000000
      6.12550000	      0.00000000	      0.00000000	      0.00000000	      0.99849500	      0.01150000	     -0.46720500	    162.02221200	    870.79266800	     26.53606100	      1.02701700	      0.01150000	     -0.54449000	      0.00000000	      0.00000000	      0.00000000	      0.00000000	      0.35799900	      0.00000000
      6.12600000	      0.00000000	      0.00000000	      0.00000000	      0.99982600	      0.01150000	     -0.46729700	    161.94553400	    860.80018500	     26.22461800	      1.02587000	      0.01150000	     -0.54436100	      0.00000000	      0.00000000	      0.00000000	      0.00000000	      0.32730700	      0.00000000
      6.12650000	      0.00000000	      0.00000000	      0.00000000	      1.00115800	      0.01150000	     -0.46738900	    161.83291600	    850.82811800	     25.91830500	      1.02472400	      0.01150000	     -0.54423200	      0.00000000	      0.00000000	      0.00000000	      0.00000000	      0.29686800	      0.00000000
      6.12700000	      0.00000000	      0.00000000	      0.00000000	      1.00248900	      0.01150000	     -0.46748000	    161.68471300	    840.87828200	     25.61734800	      1.02358000	      0.01150000	     -0.54410200	      0.00000000	      0.00000000	      0.00000000	      0.00000000	      0.26666400	      0.00000000
      6.12750000	      0.00000000	      0.00000000	      0.00000000	      1.00382100	      0.01150000	     -0.46757200	    161.50125300	    830.95240300	     25.32196100	      1.02243700	      0.01150000	     -0.54397100	      0.00000000	      0.00000000	      0.00000000	      0.00000000	      0.23667400	      0.00000000
      6.12800000	      0.00000000	      0.00000000	      0.00000000	      1.00515200	      0.01150000	     -0.46766400	    161.28283100	    821.05213200	     25.03232200	      1.02129600	      0.01150000	     -0.54384000	      0.00000000	      0.00000000	      0.00000000	      0.00000000	      0.20687000	      0.00000000
      6.12850000	      0.00000000	      0.00000000	      0.00000000	      1.00648300	      0.01150000	     -0.46775600	    161.02971600	    811.17905800	     24.74857300	      1.02015500	      0.01150000	     -0.54370800	      0.00000000	      0.00000000	      0.00000000	      0.00000000	      0.17722000	      0.00000000
      6.12900000	      0.00000000	      0.00000000	      0.00000000	      1.00781500	      0.01150000	     -0.46784700	    160.74215300	    801.33472300	     24.47082600	      1.01901500	      0.01150000	     -0.54357600	      0.00000000	      0.00000000	      0.00000000	      0.00000000	      0.14768500	      0.00000000
      6.12950000	      0.00000000	      0.00000000	      0.00000000	      1.00914600	      0.01150000	     -0.46793900	    160.42036200	    791.52065000	     24.19917900	      1.01787600	      0.01150000	     -0.54344300	      0.00000000	      0.00000000	      0.00000000	      0.00000000	      0.11822400	      0.00000000
      6.13000000	      0.00000000	      0.00000000	      0.00000000	      1.01047800	      0.01150000	     -0.46803100	    160.06454800	    781.73836100	     23.93372400	      1.01673600	      0.01150000	     -0.54331000	      0.00000000	      0.00000000	      0.00000000	      0.00000000	      0.08879700	      0.00000000
      6.13050000	      0.00000000	      0.00000000	      0.00000000	      1.01190500	      0.01150000	     -0.46812100	    159.67489800	    771.98940000	     23.67454000	      1.01559700	      0.01150000	     -0.54317700	      0.00000000	      0.00000000	      0.00000000	      0.00000000	      0.05936400	      0.00000000
      6.13100000	      0.00000000	      0.00000000	      0.00000000	      1.01333200	      0.01150000	     -0.46821100	    159.25159200	    762.27533700	     23.42168800	      1.01445700	      0.01150000	     -0.54304300	      0.00000000	      0.00000000	      0.00000000	      0.00000000	      0.02989100	      0.00000000
      6.13150000	      0.00000000	      0.00000000	      0.00000000	      1.01475800	      0.01150000	     -0.46830100	    158.79479600	    752.59776500	     23.17519900	      1.01331700	      0.01150000	     -0.54290900	      0.00000000	      0.00000000	      0.00000000	      0.00000000	      0.00035300	      0.00000000
      6.13200000	      0.00000000	      0.00000000	      0.00000000	      1.01618500	      0.01150000	     -0.46839100	    158.30466800	    742.95829300	     22.93507200	      1.01217700	      0.01150000	     -0.54277600	      0.00000000	      0.00000000	      0.00000000	      0.00000000	     -0.02926500	      0.00000000
      6.13250000	      0.00000000	      0.00000000	      0.00000000	      1.01761200	      0.01150000	     -0.46848000	    157.78136400	    733.35852600	     22.70126100	      1.01103600	      0.01150000	     -0.54264200	      0.00000000	      0.00000000	      0.00000000	      0.00000000	     -0.05897000	      0.00000000
      6.13300000	      0.00000000	      0.00000000	      0.00000000	      1.01903900	      0.01150000	     -0.46857000	    157.22504700	    723.80004300	     22.47367000	      1.00989500	      0.01150000	     -0.54250800	      0.00000000	      0.00000000	      0.00000000	      0.00000000	     -0.08875500	      0.00000000
      6.13350000	      0.00000000	      0.00000000	      0.00000000	      1.02046600	      0.01150000	     -0.46866000	    156.63589600	    714.28439500	     22.25215300	      1.00875500	      0.01150000	     -0.54237400	      0.00000000	      0.00000000	      0.00000000	      0.00000000	     -0.11861300	      0.00000000
      6.13400000	      0.00000000	      0.00000000	      0.00000000	      1.02189300	      0.01150000	     -0.46875000	    156.01410500	    704.81309600	     22.03652100	      1.00761500	      0.01150000	     -0.54224100	      0.00000000	      0.00000000	      0.00000000	      0.00000000	     -0.14854000	      0.00000000
      6.13450000	      0.00000000	      0.00000000	      0.00000000	      1.02332000	      0.01150000	     -0.46884000	    155.35987400	    695.38761800	     21.82656400	      1.00647500	      0.01150000	     -0.54210700	      0.00000000	      0.00000000	      0.00000000	      0.00000000	     -0.17853700	      0.00000000
      6.13500000	      0.00000000	      0.00000000	      0.00000000	      1.02474700	      0.01150000	     -0.46893000	    154.67341100	    686.00938000	     21.62206600	      1.00533700	      0.01150000	     -0.54197300	      0.00000000	      0.00000000	      0.00000000	      0.00000000	     -0.20861100	      0.00000000
      6.13550000	      0.00000000	      0.00000000	      0.00000000	      1.02617300	      0.01150000	     -0.46902000	    153.95493900	    676.67973800	     21.42282300	      1.00420000	      0.01150000	     -0.54183900	      0.00000000	      0.00000000	      0.00000000	      0.00000000	     -0.23877300	      0.00000000
      6.13600000	      0.00000000	      0.00000000	      0.00000000	      1.02760000	      0.01150000	     -0.46911000	    153.20470100	    667.39998500	     21.22865000	      1.00306400	      0.01150000	     -0.54170500	      0.00000000	      0.00000000	      0.00000000	      0.00000000	     -0.26904100	      0.00000000
      6.13650000	      0.00000000	      0.00000000	      0.00000000	      1.02902700	      0.01150000	     -0.46919900	    152.42298300	    658.17135100	     21.03938000	      1.00193100	      0.01150000	     -0.54157000	      0.00000000	      0.00000000	      0.00000000	      0.00000000	     -0.29943700	      0.00000000
      6.13700000	      0.00000000	      0.00000000	      0.00000000	      1.03045400	      0.01150000	     -0.46928900	    151.61010900	    648.99500700	     20.85485300	      1.00080000	      0.01150000	     -0.54143500	      0.00000000	      0.00000000	      0.00000000	      0.00000000	     -0.32997700	      0.00000000
      6.13750000	      0.00000000	      0.00000000	      0.00000000	      1.03188100	      0.01150000	     -0.46937900	    150.76646200	    639.87205800	     20.67490900	      0.99967200	      0.01150000	     -0.54130000	      0.00000000	      0.00000000	      0.00000000	      0.00000000	     -0.36066900	      0.00000000
      6.13800000	      0.00000000	      0.00000000	      0.00000000	      1.03330800	      0.01150000	     -0.46946900	    149.89248500	    630.80353200	     20.49936900	      0.99854700	      0.01150000	     -0.54116400	      0.00000000	      0.00000000	      0.00000000	      0.00000000	     -0.39150600	      0.00000000
      6.13850000	      0.00000000	      0.00000000	      0.00000000	      1.03473500	      0.01150000	     -0.46955900	    148.98868900	    621.79037400	     20.32802600	      0.99742400	      0.01150000	     -0.54102700	      0.00000000	      0.00000000	      0.00000000	      0.00000000	     -0.42247300	      0.00000000
      6.13900000	      0.00000000	      0.00000000	      0.00000000	      1.03616200	      0.01150000	     -0.46964900	    148.05565500	    612.83345900	     20.16063000	      0.99630400	      0.01150000	     -0.54088900	      0.00000000	      0.00000000	      0.00000000	      0.00000000	     -0.45353700	      0.00000000
      6.13950000	      0.00000000	      0.00000000	      0.00000000	      1.03758900	      0.01150000	     -0.46973900	    147.09403400	    603.93359100	     19.99688400	      0.99518800	      0.01150000	     -0.54075100	      0.00000000	      0.00000000	      0.00000000	      0.00000000	     -0.48465500	      0.00000000
      6.14000000	      0.00000000	      0.00000000	      0.00000000	      1.03901500	      0.01150000	     -0.46982900	    146.10454500	    595.09150500	     19.83644300	      0.99407500	      0.01150000	     -0.54061100	      0.00000000	      0.00000000	      0.00000000	      0.00000000	     -0.51576900	      0.00000000
      6.14050000	      0.00000000	      0.00000000	      0.00000000	      1.04053000	      0.01150000	     -0.46990800	    145.08797200	    586.30787500	     19.67892300	      0.99296500	      0.01150000	     -0.54047100	      0.00000000	      0.00000000	      0.00000000	      0.00000000	     -0.54680500	      0.00000000
      6.14100000	      0.00000000	      0.00000000	      0.00000000	      1.04204400	      0.01150000	     -0.46998700	    144.04517500	    577.58333400	     19.52391500	      0.99185900	      0.01150000	     -0.54032900	      0.00000000	      0.00000000	      0.00000000	      0.00000000	     -0.57767900	      0.00000000
      6.14150000	      0.00000000	      0.00000000	      0.00000000	      1.04355800	      0.01150000	     -0.47006600	    142.97708100	    568.91848200	     19.37098400	      0.99075700	      0.01150000	     -0.54018600	      0.00000000	      0.00000000	      0.00000000	      0.00000000	     -0.60829100	      0.00000000
      6.14200000	      0.00000000	      0.00000000	      0.00000000	      1.04507300	      0.01150000	     -0.47014500	    141.88467900	    560.31390300	     19.21968000	      0.98965900	      0.01150000	     -0.54004300	      0.00000000	      0.00000000	      0.00000000	      0.00000000	     -0.63853000	      0.00000000
      6.14250000	      0.00000000	      0.00000000	      0.00000000	      1.04658700	      0.01150000	     -0.47022500	    140.76900300	    551.77017700	     19.06953900	      0.98856600	      0.01150000	     -0.53989800	      0.00000000	      0.00000000	      0.00000000	      0.00000000	     -0.66827800	      0.00000000
      6.14300000	      0.00000000	      0.00000000	      0.00000000	      1.04810100	      0.01150000	     -0.47030400	    139.63111000	    543.28787900	     18.92008600	      0.98747700	      0.01150000	     -0.53975200	      0.00000000	      0.00000000	      0.00000000	      0.00000000	     -0.69741900	      0.00000000
      6.14350000	      0.00000000	      0.00000000	      0.00000000	      1.04961600	      0.01150000	     -0.47038300	    138.47206100	    534.86756600	     18.77084200	      0.98639300	      0.01150000	     -0.53960400	      0.00000000	      0.00000000	      0.00000000	      0.00000000	     -0.72584400	      0.00000000
      6.14400000	      0.00000000	      0.00000000	      0.00000000	      1.05113000	      0.01150000	     -0.47046200	    137.29290400	    526.50976100	     18.62132800	      0.98531500	      0.01150000	     -0.53945500	      0.00000000	      0.00000000	      0.00000000	      0.00000000	     -0.75346200	      0.00000000
      6.14450000	      0.00000000	      0.00000000	      0.00000000	      1.05264400	      0.01150000	     -0.47054100	    136.09466200	    518.21494500	     18.47106600	      0.98424100	      0.01150000	     -0.53930500	      0.00000000	      0.00000000	      0.00000000	      0.00000000	     -0.78020700	      0.00000000
      6.14500000	      0.00000000	      0.00000000	      0.00000000	      1.05415900	      0.01150000	     -0.47062100	    134.87833200	    509.98355200	     18.31958200	      0.98317100	      0.01150000	     -0.53915200	      0.00000000	      0.00000000	      0.00000000	      0.00000000	     -0.80603000	      0.00000000
      6.14550000	      0.00000000	      0.00000000	      0.00000000	      1.05567300	      0.01150000	     -0.47070000	    133.64488200	    501.81596700	     18.16642300	      0.98210500	      0.01150000	     -0.53899800	      0.00000000	      0.00000000	      0.00000000	      0.00000000	     -0.83090100	      0.00000000
      6.14600000	      0.00000000	      0.00000000	      0.00000000	      1.05718700	      0.01150000	     -0.47077900	    132.39525400	    493.71251700	     18.01115500	      0.98104300	      0.01150000	     -0.53884100	      0.00000000	      0.00000000	      0.00000000	      0.00000000	     -0.85480100	      0.00000000
      6.14650000	      0.00000000	      0.00000000	      0.00000000	      1.05870200	      0.01150000	     -0.47085800	    131.13037000	    485.67347600	     17.85338000	      0.97998300	      0.01150000	     -0.53868200	      0.00000000	      0.00000000	      0.00000000	      0.00000000	     -0.87772700	      0.00000000
      6.14700000	      0.00000000	      0.00000000	      0.00000000	      1.06021600	      0.01150000	     -0.47093700	    129.85114700	    477.69907600	     17.69272800	      0.97892600	      0.01150000	     -0.53852000	      0.00000000	      0.00000000	      0.00000000	      0.00000000	     -0.89968700	      0.00000000
      6.14750000	      0.00000000	      0.00000000	      0.00000000	      1.06173000	      0.01150000	     -0.47101600	    128.55850300	    469.78952700	     17.52885900	      0.97787000	      0.01150000	     -0.53835600	      0.00000000	      0.00000000	      0.00000000	      0.00000000	     -0.92070100	      0.00000000
      6.14800000	      0.00000000	      0.00000000	      0.00000000	      1.06324500	      0.01150000	     -0.47109600	    127.25337600	    461.94503000	     17.36144600	      0.97681500	      0.01150000	     -0.53818700	      0.00000000	      0.00000000	      0.00000000	      0.00000000	     -0.94078900	      0.00000000
      6.14850000	      0.00000000	      0.00000000	      0.00000000	      1.06475900	      0.01150000	     -0.47117500	    125.93673600	    454.16579200	     17.19016900	      0.97576000	      0.01150000	     -0.53801500	      0.00000000	      0.00000000	      0.00000000	      0.00000000	     -0.95997700	      0.00000000
      6.14900000	      0.00000000	      0.00000000	      0.00000000	      1.06627300	      0.01150000	     -0.47125400	    124.60960100	    446.45202600	     17.01470500	      0.97470600	      0.01150000	     -0.53783800	      0.00000000	      0.00000000	      0.00000000	      0.00000000	     -0.97828200	      0.00000000
      6.14950000	      0.00000000	      0.00000000	      0.00000000	      1.06778800	      0.01150000	     -0.47133300	    123.27303600	    438.80395400	     16.83472800	      0.97365200	      0.01150000	     -0.53765600	      0.00000000	      0.00000000	      0.00000000	      0.00000000	     -0.99571900	      0.00000000
      6.15000000	      0.00000000	      0.00000000	      0.00000000	      1.06930200	      0.01150000	     -0.47141200	    121.92814700	    431.22181200	     16.64990900	      0.97259900	      0.01150000	     -0.53746800	      0.00000000	      0.00000000	      0.00000000	      0.00000000	     -1.01230200	      0.00000000
      6.15050000	      0.00000000	      0.00000000	      0.00000000	      1.07088600	      0.01150000	     -0.47147400	    120.57606400	    423.70584900	     16.45993000	      0.97154500	      0.01150000	     -0.53727400	      0.00000000	      0.00000000	      0.00000000	      0.00000000	     -1.02804500	      0.00000000
      6.15100000	      0.00000000	      0.00000000	      0.00000000	      1.07247000	      0.01150000	     -0.47153600	    119.21792000	    416.25632000	     16.26449600	      0.97049200	      0.01150000	     -0.53707400	      0.00000000	      0.00000000	      0.00000000	      0.00000000	     -1.04296500	      0.00000000
      6.15150000	      0.00000000	      0.00000000	      0.00000000	      1.07405400	      0.01150000	     -0.47159800	    117.85481800	    408.87346600	     16.06334300	      0.96943900	      0.01150000	     -0.53686500	      0.00000000	      0.00000000	      0.00000000	      0.00000000	     -1.05708100	      0.00000000
      6.15200000	      0.00000000	      0.00000000	      0.00000000	      1.07563800	      0.01150000	     -0.47166000	    116.48779800	    401.55749000	     15.85624700	      0.96838600	      0.01150000	     -0.53664900	      0.00000000	      0.00000000	      0.00000000	      0.00000000	     -1.07041600	      0.00000000
      6.15250000	      0.00000000	      0.00000000	      0.00000000	      1.07722200	      0.01150000	     -0.47172100	    115.11781200	    394.30852200	     15.64302300	      0.96733200	      0.01150000	     -0.53642400	      0.00000000	      0.00000000	      0.00000000	      0.00000000	     -1.08300200	      0.00000000
      6.15300000	      0.00000000	      0.00000000	      0.00000000	      1.07880600	      0.01150000	     -0.47178300	    113.74571300	    387.12659600	     15.42351100	      0.96627700	      0.01150000	     -0.53619000	      0.00000000	      0.00000000	      0.00000000	      0.00000000	     -1.09488800	      0.00000000
      6.15350000	      0.00000000	      0.00000000	      0.00000000	      1.08039100	      0.01150000	     -0.47184500	    112.37225500	    380.01163600	     15.19756600	      0.96522200	      0.01150000	     -0.53594700	      0.00000000	      0.00000000	      0.00000000	      0.00000000	     -1.10614400	      0.00000000
      6.15400000	      0.00000000	      0.00000000	      0.00000000	      1.08197500	      0.01150000	     -0.47190700	    110.99810000	    372.96345400	     14.96504500	      0.96416400	      0.01150000	     -0.53569400	      0.00000000	      0.00000000	      0.00000000	      0.00000000	     -1.11687000	      0.00000000
      6.15450000	      0.00000000	      0.00000000	      0.00000000	      1.08355900	      0.01150000	     -0.47196800	    109.62383600	    365.98174600	     14.72580500	      0.96310300	      0.01150000	     -0.53543200	      0.00000000	      0.00000000	      0.00000000	      0.00000000	     -1.12718500	      0.00000000
      6.15500000	      0.00000000	      0.00000000	      0.00000000	      1.08514300	      0.01150000	     -0.47203000	    108.24999300	    359.06609700	     14.47970500	      0.96203800	      0.01150000	     -0.53515900	      0.00000000	      0.00000000	      0.00000000	      0.00000000	     -1.13722400	      0.00000000
      6.15550000	      0.00000000	      0.00000000	      0.00000000	      1.08672700	      0.01150000	     -0.47209200	    106.87707700	    352.21601400	     14.22662600	      0.96096900	      0.01150000	     -0.53487600	      0.00000000	      0.00000000	      0.00000000	      0.00000000	     -1.14712300	      0.00000000
      6.15600000	      0.00000000	      0.00000000	      0.00000000	      1.08831100	      0.01150000	     -0.47215400	    105.50559800	    345.43095900	     13.96647700	      0.95989300	      0.01150000	     -0.53458300	      0.00000000	      0.00000000	      0.00000000	      0.00000000	     -1.15701600	      0.00000000
      6.15650000	      0.00000000	      0.00000000	      0.00000000	      1.08989500	      0.01150000	     -0.47221600	    104.13608300	    338.71039700	     13.69921600	      0.95881100	      0.01150000	     -0.53427900	      0.00000000	      0.00000000	      0.00000000	      0.00000000	     -1.16701400	      0.00000000
      6.15700000	      0.00000000	      0.00000000	      0.00000000	      1.09147900	      0.01150000	     -0.47227700	    102.76908800	    332.05383200	     13.42484900	      0.95772200	      0.01150000	     -0.53396400	      0.00000000	      0.00000000	      0.00000000	      0.00000000	     -1.17720500	      0.00000000
      6.15750000	      0.00000000	      0.00000000	      0.00000000	      1.09306300	      0.01150000	     -0.47233900	    101.40519400	    325.46081700	     13.14343900	      0.95662500	      0.01150000	     -0.53363800	      0.00000000	      0.00000000	      0.00000000	      0.00000000	     -1.18764500	      0.00000000
      6.15800000	      0.00000000	      0.00000000	      0.00000000	      1.09464700	      0.01150000	     -0.47240100	    100.04500700	    318.93096400	     12.85510300	      0.95551900	      0.01150000	     -0.53330100	      0.00000000	      0.00000000	      0.00000000	      0.00000000	     -1.19836500	      0.00000000
      6.15850000	      0.00000000	      0.00000000	      0.00000000	      1.09623100	      0.01150000	     -0.47246300	     98.68915700	    312.46392300	     12.56000900	      0.95440600	      0.01150000	     -0.53295200	      0.00000000	      0.00000000	      0.00000000	      0.00000000	     -1.20937400	      0.00000000
      6.15900000	      0.00000000	      0.00000000	      0.00000000	      1.09781500	      0.01150000	     -0.47252400	     97.33828600	    306.05937400	     12.25836100	      0.95328500	      0.01150000	     -0.53259100	      0.00000000	      0.00000000	      0.00000000	      0.00000000	     -1.22066000	      0.00000000
      6.15950000	      0.00000000	      0.00000000	      0.00000000	      1.09940000	      0.01150000	     -0.47258600	     95.99302700	    299.71699900	     11.95039600	      0.95215700	      0.01150000	     -0.53221800	      0.00000000	      0.00000000	      0.00000000	      0.00000000	     -1.23220400	      0.00000000
      6.16000000	      0.00000000	      0.00000000	      0.00000000	      1.10098400	      0.01150000	     -0.47264800	     94.65398800	    293.43645700	     11.63637300	      0.95102300	      0.01150000	     -0.53183200	      0.00000000	      0.00000000	      0.00000000	      0.00000000	     -1.24397500	      0.00000000
      6.16050000	      0.00000000	      0.00000000	      0.00000000	      1.10261000	      0.01150000	     -0.47268900	     93.32171600	    287.21735300	     11.31657500	      0.94988200	      0.01150000	     -0.53143300	      0.00000000	      0.00000000	      0.00000000	      0.00000000	     -1.25595100	      0.00000000
      6.16100000	      0.00000000	      0.00000000	      0.00000000	      1.10423500	      0.01150000	     -0.47273000	     91.99669000	    281.05922300	     10.99130700	      0.94873600	      0.01150000	     -0.53102100	      0.00000000	      0.00000000	      0.00000000	      0.00000000	     -1.26811700	      0.00000000
      6.16150000	      0.00000000	      0.00000000	      0.00000000	      1.10586100	      0.01150000	     -0.47277000	     90.67930400	    274.96152400	     10.66090700	      0.94758500	      0.01150000	     -0.53059400	      0.00000000	      0.00000000	      0.00000000	      0.00000000	     -1.28047800	      0.00000000
      6.16200000	      0.00000000	      0.00000000	      0.00000000	      1.10748700	      0.01150000	     -0.47281100	     89.36987100	    268.92365100	     10.32575600	      0.94642900	      0.01150000	     -0.53015300	      0.00000000	      0.00000000	      0.00000000	      0.00000000	     -1.29304900	      0.00000000
      6.16250000	      0.00000000	      0.00000000	      0.00000000	      1.10911300	      0.01150000	     -0.47285200	     88.06863100	    262.94495400	      9.98628400	      0.94526700	      0.01150000	     -0.52969800	      0.00000000	      0.00000000	      0.00000000	      0.00000000	     -1.30585400	      0.00000000
      6.16300000	      0.00000000	      0.00000000	      0.00000000	      1.11073900	      0.01150000	     -0.47289300	     86.77576100	    257.02477200	      9.64296800	      0.94410100	      0.01150000	     -0.52922600	      0.00000000	      0.00000000	      0.00000000	      0.00000000	     -1.31892900	      0.00000000
      6.16350000	      0.00000000	      0.00000000	      0.00000000	      1.11236500	      0.01150000	     -0.47293300	     85.49140800	    251.16244700	      9.29632400	      0.94292900	      0.01150000	     -0.52873900	      0.00000000	      0.00000000	      0.00000000	      0.00000000	     -1.33231600	      0.00000000
      6.16400000	      0.00000000	      0.00000000	      0.00000000	      1.11399100	      0.01150000	     -0.47297400	     84.21571200	    245.35734500	      8.94690200	      0.94175100	      0.01150000	     -0.52823600	      0.00000000	      0.00000000	      0.00000000	      0.00000000	     -1.34605900	      0.00000000
      6.16450000	      0.00000000	      0.00000000	      0.00000000	      1.11561700	      0.01150000	     -0.47301500	     82.94882800	    239.60887300	      8.59527800	      0.94056800	      0.01150000	     -0.52771600	      0.00000000	      0.00000000	      0.00000000	      0.00000000	     -1.36020000	      0.00000000
      6.16500000	      0.00000000	      0.00000000	      0.00000000	      1.11724200	      0.01150000	     -0.47305600	     81.69093600	    233.91648700	      8.24204400	      0.93937700	      0.01150000	     -0.52717800	      0.00000000	      0.00000000	      0.00000000	      0.00000000	     -1.37477300	      0.00000000
      6.16550000	      0.00000000	      0.00000000	      0.00000000	      1.11886800	      0.01150000	     -0.47309700	     80.44223800	    228.27970500	      7.88778500	      0.93818000	      0.01150000	     -0.52662200	      0.00000000	      0.00000000	      0.00000000	      0.00000000	     -1.38980100	      0.00000000
      6.16600000	      0.00000000	      0.00000000	      0.00000000	      1.12049400	      0.01150000	     -0.47313700	     79.20295700	    222.69810700	      7.53307500	      0.93697500	      0.01150000	     -0.52604700	      0.00000000	      0.00000000	      0.00000000	      0.00000000	     -1.40529700	      0.00000000
      6.16650000	      0.00000000	      0.00000000	      0.00000000	      1.12212000	      0.01150000	     -0.47317800	     77.97333500	    217.17132700	      7.17846100	      0.93576300	      0.01150000	     -0.52545400	      0.00000000	      0.00000000	      0.00000000	      0.00000000	     -1.42125300	      0.00000000
      6.16700000	      0.00000000	      0.00000000	      0.00000000	      1.12374600	      0.01150000	     -0.47321900	     76.75362200	    211.69905700	      6.82445800	      0.93454300	      0.01150000	     -0.52484200	      0.00000000	      0.00000000	      0.00000000	      0.00000000	     -1.43763900	      0.00000000
      6.16750000	      0.00000000	      0.00000000	      0.00000000	      1.12537200	      0.01150000	     -0.47326000	     75.54407400	    206.28103400	      6.47155700	      0.93331500	      0.01150000	     -0.52421000	      0.00000000	      0.00000000	      0.00000000	      0.00000000	     -1.45439600	      0.00000000
      6.16800000	      0.00000000	      0.00000000	      0.00000000	      1.12699800	      0.01150000	     -0.47330100	     74.34494500	    200.91703400	      6.12021000	      0.93159800	      0.01150000	     -0.52650900	      0.00000000	      0.00000000	      0.00000000	      0.00000000	     -1.47143800	      0.00000000
      6.16850000	      0.00000000	      0.00000000	      0.00000000	      1.12862400	      0.01150000	     -0.47334100	     73.15648100	    195.60687800	      5.77083500	      0.92988100	      0.01150000	     -0.52880700	      0.00000000	      0.00000000	      0.00000000	      0.00000000	     -1.48866400	      0.00000000
      6.16900000	      0.00000000	      0.00000000	      0.00000000	      1.13025000	      0.01150000	     -0.47338200	     71.97891700	    190.35043300	      5.42380900	      0.92816500	      0.01150000	     -0.53110500	      0.00000000	      0.00000000	      0.00000000	      0.00000000	     -1.50596700	      0.00000000
      6.16950000	      0.00000000	      0.00000000	      0.00000000	      1.13187500	      0.01150000	     -0.47342300	     70.81247500	    185.14761800	      5.07947600	      0.92644800	      0.01150000	     -0.53340300	      0.00000000	      0.00000000	      0.00000000	      0.00000000	     -1.52324700	      0.00000000
      6.17000000	      0.00000000	      0.00000000	      0.00000000	      1.13350100	      0.01150000	     -0.47346400	     69.65736200	    179.99840000	      4.73815200	      0.92473100	      0.01150000	     -0.53570100	      0.00000000	      0.00000000	      0.00000000	      0.00000000	     -1.54042000	      0.00000000
      6.17050000	      0.00000000	      0.00000000	      0.00000000	      1.13513100	      0.01150000	     -0.47348400	     68.51377100	    174.90279400	      4.40014700	      0.92301400	      0.01150000	     -0.53799900	      0.00000000	      0.00000000	      0.00000000	      0.00000000	     -1.55741800	      0.00000000
      6.17100000	      0.00000000	      0.00000000	      0.00000000	      1.13676100	      0.01150000	     -0.47350300	     67.38187700	    169.86087700	      4.06576900	      0.92129700	      0.01150000	     -0.54029700	      0.00000000	      0.00000000	      0.00000000	      0.00000000	     -1.57419000	      0.00000000
      6.17150000	      0.00000000	      0.00000000	      0.00000000	      1.13839100	      0.01150000	     -0.47352300	     66.26184600	    164.87278400	      3.73534000	      0.91958000	      0.01150000	     -0.54259500	      0.00000000	      0.00000000	      0.00000000	      0.00000000	     -1.59069500	      0.00000000
      6.17200000	      0.00000000	      0.00000000	      0.00000000	      1.14002100	      0.01150000	     -0.47354300	     65.15383500	    159.93871600	      3.40920000	      0.91786300	      0.01150000	     -0.54489300	      0.00000000	      0.00000000	      0.00000000	      0.00000000	     -1.60690400	      0.00000000
      6.17250000	      0.00000000	      0.00000000	      0.00000000	      1.14165100	      0.01150000	     -0.47356300	     64.05799800	    155.05893500	      3.08771400	      0.91614700	      0.01150000	     -0.54719100	      0.00000000	      0.00000000	      0.00000000	      0.00000000	     -1.62279300	      0.00000000
      6.17300000	      0.00000000	      0.00000000	      0.00000000	      1.14328100	      0.01150000	     -0.47358300	     62.97449300	    150.23377700	      2.77126300	      0.91443000	      0.01150000	     -0.54948900	      0.00000000	      0.00000000	      0.00000000	      0.00000000	     -1.63834900	      0.00000000
      6.17350000	      0.00000000	      0.00000000	      0.00000000	      1.14491100	      0.01150000	     -0.47360300	     61.90349300	    145.46365300	      2.46023000	      0.91271300	      0.01150000	     -0.55178700	      0.00000000	      0.00000000	      0.00000000	      0.00000000	     -1.65355900	      0.00000000
      6.17400000	      0.00000000	      0.00000000	      0.00000000	      1.14654100	      0.01150000	     -0.47362200	     60.84518900	    140.74906600	      2.15497300	      0.91099600	      0.01150000	     -0.55408600	      0.00000000	      0.00000000	      0.00000000	      0.00000000	     -1.66841100	      0.00000000
      6.17450000	      0.00000000	      0.00000000	      0.00000000	      1.14817100	      0.01150000	     -0.47364200	     59.79979300	    136.09062300	      1.85581600	      0.90927900	      0.01150000	     -0.55638400	      0.00000000	      0.00000000	      0.00000000	      0.00000000	     -1.68289300	      0.00000000
      6.17500000	      0.00000000	      0.00000000	      0.00000000	      1.14980000	      0.01150000	     -0.47366200	     58.76753300	    131.48903000	      1.56303800	      0.90756200	      0.01150000	     -0.55868200	      0.00000000	      0.00000000	      0.00000000	      0.00000000	     -1.69698300	      0.00000000
      6.17550000	      0.00000000	      0.00000000	      0.00000000	      1.15143000	      0.01150000	     -0.47368200	     57.74865400	    126.94508500	      1.27688700	      0.90584500	      0.01150000	     -0.56098000	      0.00000000	      0.00000000	      0.00000000	      0.00000000	     -1.71066200	      0.00000000
      6.17600000	      0.00000000	      0.00000000	      0.00000000	      1.15306000	      0.01150000	     -0.47370200	     56.74341100	    122.45966500	      0.99758200	      0.90412900	      0.01150000	     -0.56327800	      0.00000000	      0.00000000	      0.00000000	      0.00000000	     -1.72390600	      0.00000000
      6.17650000	      0.00000000	      0.00000000	      0.00000000	      1.15469000	      0.01150000	     -0.47372200	     55.75206900	    118.03372500	      0.72533300	      0.90241200	      0.01150000	     -0.56557600	      0.00000000	      0.00000000	      0.00000000	      0.00000000	     -1.73669500	      0.00000000
      6.17700000	      0.00000000	      0.00000000	      0.00000000	      1.15632000	      0.01150000	     -0.47374100	     54.77489800	    113.66830300	      0.46034400	      0.90069500	      0.01150000	     -0.56787400	      0.00000000	      0.00000000	      0.00000000	      0.00000000	     -1.74900600	      0.00000000
      6.17750000	      0.00000000	      0.00000000	      0.00000000	      1.15795000	      0.01150000	     -0.47376100	     53.81215900	    109.36453200	      0.20281500	      0.89897800	      0.01150000	     -0.57017200	      0.00000000	      0.00000000	      0.00000000	      0.00000000	     -1.76081700	      0.00000000
      6.17800000	      0.00000000	      0.00000000	      0.00000000	      1.15958000	      0.01150000	     -0.47378100	     52.86409700	    105.12364500	     -0.04706800	      0.89726100	      0.01150000	     -0.57247000	      0.00000000	      0.00000000	      0.00000000	      0.00000000	     -1.77210500	      0.00000000
      6.17850000	      0.00000000	      0.00000000	      0.00000000	      1.16121000	      0.01150000	     -0.47380100	     51.93092400	    100.94698400	     -0.28914500	      0.89615100	      0.01150000	     -0.57249100	      0.00000000	      0.00000000	      0.00000000	      0.00000000	     -1.78284200	      0.00000000
      6.17900000	      0.00000000	      0.00000000	      0.00000000	      1.16284000	      0.01150000	     -0.47382100	     51.01280700	     96.83601100	     -0.52328200	      0.89504000	      0.01150000	     -0.57251100	      0.00000000	      0.00000000	      0.00000000	      0.00000000	     -1.79299700	      0.00000000
      6.17950000	      0.00000000	      0.00000000	      0.00000000	      1.16447000	      0.01150000	     -0.47384100	     50.10984900	     92.79232600	     -0.74938500	      0.89392900	      0.01150000	     -0.57253100	      0.00000000	      0.00000000	      0.00000000	      0.00000000	     -1.80253400	      0.00000000
      6.18000000	      0.00000000	      0.00000000	      0.00000000	      1.16610000	      0.01150000	     -0.47386000	     49.22207700	     88.81768700	     -0.96739100	      0.89281900	      0.01150000	     -0.57255200	      0.00000000	      0.00000000	      0.00000000	      0.00000000	     -1.81141400	      0.00000000
      6.18050000	      0.00000000	      0.00000000	      0.00000000	      1.16768700	      0.01150000	     -0.47386300	     48.34944000	     84.91401600	     -1.17727300	      0.89174000	      0.01150000	     -0.57255900	      0.00000000	      0.00000000	      0.00000000	      0.00000000	     -1.81959400	      0.00000000
      6.18100000	      0.00000000	      0.00000000	      0.00000000	      1.16927500	      0.01150000	     -0.47386500	     47.49181400	     81.08339100	     -1.37901600	      0.89066000	      0.01150000	     -0.57256700	      0.00000000	      0.00000000	      0.00000000	      0.00000000	     -1.82703600	      0.00000000
      6.18150000	      0.00000000	      0.00000000	      0.00000000	      1.17086300	      0.01150000	     -0.47386800	     46.64901900	     77.32803900	     -1.57260700	      0.88958100	      0.01150000	     -0.57257500	      0.00000000	      0.00000000	      0.00000000	      0.00000000	     -1.83370800	      0.00000000
      6.18200000	      0.00000000	      0.00000000	      0.00000000	      1.17245100	      0.01150000	     -0.47387000	     45.82084300	     73.65030000	     -1.75802300	      0.88850200	      0.01150000	     -0.57258300	      0.00000000	      0.00000000	      0.00000000	      0.00000000	     -1.83958100	      0.00000000
      6.18250000	      0.00000000	      0.00000000	      0.00000000	      1.17403900	      0.01150000	     -0.47387300	     45.00705900	     70.05253000	     -1.93523700	      0.88742200	      0.01150000	     -0.57259000	      0.00000000	      0.00000000	      0.00000000	      0.00000000	     -1.84462700	      0.00000000
      6.18300000	      0.00000000	      0.00000000	      0.00000000	      1.17562700	      0.01150000	     -0.47387500	     44.20743400	     66.53701100	     -2.10422900	      0.88634300	      0.01150000	     -0.57259800	      0.00000000	      0.00000000	      0.00000000	      0.00000000	     -1.84881400	      0.00000000
      6.18350000	      0.00000000	      0.00000000	      0.00000000	      1.17721400	      0.01150000	     -0.47387800	     43.42173900	     63.10589600	     -2.26500000	      0.88526400	      0.01150000	     -0.57260600	      0.00000000	      0.00000000	      0.00000000	      0.00000000	     -1.85211500	      0.00000000
      6.18400000	      0.00000000	      0.00000000	      0.00000000	      1.17880200	      0.01150000	     -0.47388000	     42.64974500	     59.76113500	     -2.41757600	      0.88418500	      0.01150000	     -0.57261400	      0.00000000	      0.00000000	      0.00000000	      0.00000000	     -1.85450000	      0.00000000
      6.18450000	      0.00000000	      0.00000000	      0.00000000	      1.18039000	      0.01150000	     -0.47388300	     41.89122900	     56.50439500	     -2.56200400	      0.88310500	      0.01150000	     -0.57262100	      0.00000000	      0.00000000	      0.00000000	      0.00000000	     -1.85594600	      0.00000000
      6.18500000	      0.00000000	      0.00000000	      0.00000000	      1.18197800	      0.01150000	     -0.47388500	     41.14597200	     53.33704900	     -2.69834600	      0.88202600	      0.01150000	     -0.57262900	      0.00000000	      0.00000000	      0.00000000	      0.00000000	     -1.85643800	      0.00000000
      6.18550000	      0.00000000	      0.00000000	      0.00000000	      1.18356600	      0.01150000	     -0.47388800	     40.41376800	     50.26019100	     -2.82666800	      0.88094700	      0.01150000	     -0.57263700	      0.00000000	      0.00000000	      0.00000000	      0.00000000	     -1.85597000	      0.00000000
      6.18600000	      0.00000000	      0.00000000	      0.00000000	      1.18515300	      0.01150000	     -0.47389000	     39.69441700	     47.27465200	     -2.94703000	      0.87986700	      0.01150000	     -0.57264500	      0.00000000	      0.00000000	      0.00000000	      0.00000000	     -1.85454900	      0.00000000
      6.18650000	      0.00000000	      0.00000000	      0.00000000	      1.18674100	      0.01150000	     -0.47389300	     38.98771300	     44.38101300	     -3.05947800	      0.87878800	      0.01150000	     -0.57265200	      0.00000000	      0.00000000	      0.00000000	      0.00000000	     -1.85219800	      0.00000000
      6.18700000	      0.00000000	      0.00000000	      0.00000000	      1.18832900	      0.01150000	     -0.47389500	     38.29342600	     41.57962300	     -3.16403600	      0.87770900	      0.01150000	     -0.57266000	      0.00000000	      0.00000000	      0.00000000	      0.00000000	     -1.84895500	      0.00000000
      6.18750000	      0.00000000	      0.00000000	      0.00000000	      1.18991700	      0.01150000	     -0.47389800	     37.61127700	     38.87061200	     -3.26071300	      0.87662900	      0.01150000	     -0.57266800	      0.00000000	      0.00000000	      0.00000000	      0.00000000	     -1.84486500	      0.00000000
      6.18800000	      0.00000000	      0.00000000	      0.00000000	      1.19150500	      0.01150000	     -0.47390000	     36.94092000	     36.25390300	     -3.34951200	      0.87555000	      0.01150000	     -0.57267500	      0.00000000	      0.00000000	      0.00000000	      0.00000000	     -1.83999000	      0.00000000
      6.18850000	      0.00000000	      0.00000000	      0.00000000	      1.19309300	      0.01150000	     -0.47390300	     36.28193600	     33.72922800	     -3.43043500	      0.87447100	      0.01150000	     -0.57268300	      0.00000000	      0.00000000	      0.00000000	      0.00000000	     -1.83440100	      0.00000000
      6.18900000	      0.00000000	      0.00000000	      0.00000000	      1.19468000	      0.01150000	     -0.47390500	     35.63383500	     31.29614000	     -3.50349300	      0.87339200	      0.01150000	     -0.57269100	      0.00000000	      0.00000000	      0.00000000	      0.00000000	     -1.82818000	      0.00000000
      6.18950000	      0.00000000	      0.00000000	      0.00000000	      1.19626800	      0.01150000	     -0.47390800	     34.99606900	     28.95402500	     -3.56870400	      0.87231200	      0.01150000	     -0.57269900	      0.00000000	      0.00000000	      0.00000000	      0.00000000	     -1.82140900	      0.00000000
      6.19000000	      0.00000000	      0.00000000	      0.00000000	      1.19785600	      0.01150000	     -0.47391000	     34.36805100	     26.70211500	     -3.62608300	      0.87123300	      0.01150000	     -0.57270600	      0.00000000	      0.00000000	      0.00000000	      0.00000000	     -1.81416500	      0.00000000
      6.19050000	      0.00000000	      0.00000000	      0.00000000	      1.19935000	      0.01150000	     -0.47390200	     33.74918000	     24.53949800	     -3.67564300	      0.87018700	      0.01150000	     -0.57269500	      0.00000000	      0.00000000	      0.00000000	      0.00000000	     -1.80651600	      0.00000000
      6.19100000	      0.00000000	      0.00000000	      0.00000000	      1.20084300	      0.01150000	     -0.47389300	     33.13886100	     22.46512900	     -3.71740100	      0.86914100	      0.01150000	     -0.57268400	      0.00000000	      0.00000000	      0.00000000	      0.00000000	     -1.79851900	      0.00000000
      6.19150000	      0.00000000	      0.00000000	      0.00000000	      1.20233700	      0.01150000	     -0.47388500	     32.53652800	     20.47784400	     -3.75139300	      0.86809400	      0.01150000	     -0.57267300	      0.00000000	      0.00000000	      0.00000000	      0.00000000	     -1.79022400	      0.00000000
      6.19200000	      0.00000000	      0.00000000	      0.00000000	      1.20383000	      0.01150000	     -0.47387600	     31.94165400	     18.57636800	     -3.77767500	      0.86704800	      0.01150000	     -0.57266200	      0.00000000	      0.00000000	      0.00000000	      0.00000000	     -1.78167200	      0.00000000
      6.19250000	      0.00000000	      0.00000000	      0.00000000	      1.20532400	      0.01150000	     -0.47386700	     31.35375500	     16.75932100	     -3.79633000	      0.86600200	      0.01150000	     -0.57265000	      0.00000000	      0.00000000	      0.00000000	      0.00000000	     -1.77289400	      0.00000000
      6.19300000	      0.00000000	      0.00000000	      0.00000000	      1.20681800	      0.01150000	     -0.47385900	     30.77239300	     15.02523600	     -3.80746200	      0.86495600	      0.01150000	     -0.57263900	      0.00000000	      0.00000000	      0.00000000	      0.00000000	     -1.76390900	      0.00000000
      6.19350000	      0.00000000	      0.00000000	      0.00000000	      1.20831100	      0.01150000	     -0.47385000	     30.19718900	     13.37256000	     -3.81120000	      0.86390900	      0.01150000	     -0.57262800	      0.00000000	      0.00000000	      0.00000000	      0.00000000	     -1.75472100	      0.00000000
      6.19400000	      0.00000000	      0.00000000	      0.00000000	      1.20980500	      0.01150000	     -0.47384200	     29.62781600	     11.79966600	     -3.80769200	      0.86286300	      0.01150000	     -0.57261700	      0.00000000	      0.00000000	      0.00000000	      0.00000000	     -1.74531400	      0.00000000
      6.19450000	      0.00000000	      0.00000000	      0.00000000	      1.21129800	      0.01150000	     -0.47383300	     29.06399400	     10.30486200	     -3.79710600	      0.86181700	      0.01150000	     -0.57260600	      0.00000000	      0.00000000	      0.00000000	      0.00000000	     -1.73564700	      0.00000000
      6.19500000	      0.00000000	      0.00000000	      0.00000000	      1.21279200	      0.01150000	     -0.47382500	      0.00000000	      0.00000000	      0.00000000	      0.86077100	      0.01150000	     -0.57259500	      0.00000000	      0.00000000	      0.00000000	      0.00000000	      0.00000000	      0.00000000
      6.19550000	      0.00000000	      0.00000000	      0.00000000	      1.21428500	      0.01150000	     -0.47381600	      0.00000000	      0.00000000	      0.00000000	      0.85972400	      0.01150000	     -0.57258300	      0.00000000	      0.00000000	      0.00000000	      0.00000000	      0.00000000	      0.00000000
      6.19600000	      0.00000000	      0.00000000	      0.00000000	      1.21577900	      0.01150000	     -0.47380800	      0.00000000	      0.00000000	      0.00000000	      0.85867800	      0.01150000	     -0.57257200	      0.00000000	      0.00000000	      0.00000000	      0.00000000	      0.00000000	      0.00000000
      6.19650000	      0.00000000	      0.00000000	      0.00000000	      1.21727300	      0.01150000	     -0.47379900	      0.00000000	      0.00000000	      0.00000000	      0.85763200	      0.01150000	     -0.57256100	      0.00000000	      0.00000000	      0.00000000	      0.00000000	      0.00000000	      0.00000000
      6.19700000	      0.00000000	      0.00000000	      0.00000000	      1.21876600	      0.01150000	     -0.47379000	      0.00000000	      0.00000000	      0.00000000	      0.85658600	      0.01150000	     -0.57255000	      0.00000000	      0.00000000	      0.00000000	      0.00000000	      0.00000000	      0.00000000
      6.19750000	      0.00000000	      0.00000000	      0.00000000	      1.22026000	      0.01150000	     -0.47378200	      0.00000000	      0.00000000	      0.00000000	      0.85553900	      0.01150000	     -0.57253900	      0.00000000	      0.00000000	      0.00000000	      0.00000000	      0.00000000	      0.00000000
      6.19800000	      0.00000000	      0.00000000	      0.00000000	      1.22175300	      0.01150000	     -0.47377300	      0.00000000	      0.00000000	      0.00000000	      0.85449300	      0.01150000	     -0.57252800	      0.00000000	      0.00000000	      0.00000000	      0.00000000	      0.00000000	      0.00000000
      6.19850000	      0.00000000	      0.00000000	      0.00000000	      1.22324700	      0.01150000	     -0.47376500	      0.00000000	      0.00000000	      0.00000000	      0.85344700	      0.01150000	     -0.57251600	      0.00000000	      0.00000000	      0.00000000	      0.00000000	      0.00000000	      0.00000000
      6.19900000	      0.00000000	      0.00000000	      0.00000000	      1.22474100	      0.01150000	     -0.47375600	      0.00000000	      0.00000000	      0.00000000	      0.85240100	      0.01150000	     -0.57250500	      0.00000000	      0.00000000	      0.00000000	      0.00000000	      0.00000000	      0.00000000
      6.19950000	      0.00000000	      0.00000000	      0.00000000	      1.22623400	      0.01150000	     -0.47374800	      0.00000000	      0.00000000	      0.00000000	      0.85135400	      0.01150000	     -0.57249400	      0.00000000	      0.00000000	      0.00000000	      0.00000000	      0.00000000	      0.00000000
      6.20000000	      0.00000000	      0.00000000	      0.00000000	      1.22772800	      0.01150000	     -0.47373900	      0.00000000	      0.00000000	      0.00000000	      0.85030800	      0.01150000	     -0.57248300	      0.00000000	      0.00000000	      0.00000000	      0.00000000	      0.00000000	      0.00000000
      6.20050000	      0.00000000	      0.00000000	      0.00000000	      1.22907200	      0.01150000	     -0.47372700	      0.00000000	      0.00000000	      0.00000000	      0.84930000	      0.01150000	     -0.57244600	      0.00000000	      0.00000000	      0.00000000	      0.00000000	      0.00000000	      0.00000000
      6.20100000	      0.00000000	      0.00000000	      0.00000000	      1.23041600	      0.01150000	     -0.47371400	      0.00000000	      0.00000000	      0.00000000	      0.84829200	      0.01150000	     -0.57241000	      0.00000000	      0.00000000	      0.00000000	      0.00000000	      0.00000000	      0.00000000
      6.20150000	      0.00000000	      0.00000000	      0.00000000	      1.23176100	      0.01150000	     -0.47370200	      0.00000000	      0.00000000	      0.00000000	      0.84728400	      0.01150000	     -0.57237300	      0.00000000	      0.00000000	      0.00000000	      0.00000000	      0.00000000	      0.00000000
      6.20200000	      0.00000000	      0.00000000	      0.00000000	      1.23310500	      0.01150000	     -0.47369000	      0.00000000	      0.00000000	      0.00000000	      0.84627600	      0.01150000	     -0.57233600	      0.00000000	      0.00000000	      0.00000000	      0.00000000	      0.00000000	      0.00000000
      6.20250000	      0.00000000	      0.00000000	      0.00000000	      1.23445000	      0.01150000	     -0.47367700	      0.00000000	      0.00000000	      0.00000000	      0.84526800	      0.01150000	     -0.57230000	      0.00000000	      0.00000000	      0.00000000	      0.00000000	      0.00000000	      0.00000000
      6.20300000	      0.00000000	      0.00000000	      0.00000000	      1.23579400	      0.01150000	     -0.47366500	      0.00000000	      0.00000000	      0.00000000	      0.84426000	      0.01150000	     -0.57226300	      0.00000000	      0.00000000	      0.00000000	      0.00000000	      0.00000000	      0.00000000
      6.20350000	      0.00000000	      0.00000000	      0.00000000	      1.23713800	      0.01150000	     -0.47365300	      0.00000000	      0.00000000	      0.00000000	      0.84325100	      0.01150000	     -0.57222600	      0.00000000	      0.00000000	      0.00000000	      0.00000000	      0.00000000	      0.00000000
      6.20400000	      0.00000000	      0.00000000	      0.00000000	      1.23848300	      0.01150000	     -0.47364000	      0.00000000	      0.00000000	      0.00000000	      0.84224300	      0.01150000	     -0.57219000	      0.00000000	      0.00000000	      0.00000000	      0.00000000	      0.00000000	      0.00000000
      6.20450000	      0.00000000	      0.00000000	      0.00000000	      1.23982700	      0.01150000	     -0.47362800	      0.00000000	      0.00000000	      0.00000000	      0.84123500	      0.01150000	     -0.57215300	      0.00000000	      0.00000000	      0.00000000	      0.00000000	      0.00000000	      0.00000000
      6.20500000	      0.00000000	      0.00000000	      0.00000000	      1.24117100	      0.01150000	     -0.47361600	      0.00000000	      0.00000000	      0.00000000	      0.84022700	      0.01150000	     -0.57211700	      0.00000000	      0.00000000	      0.00000000	      0.00000000	      0.00000000	      0.00000000
      6.20550000	      0.00000000	      0.00000000	      0.00000000	      1.24251600	      0.01150000	     -0.47360300	      0.00000000	      0.00000000	      0.00000000	      0.83921900	      0.01150000	     -0.57208000	      0.00000000	      0.00000000	      0.00000000	      0.00000000	      0.00000000	      0.00000000
      6.20600000	      0.00000000	      0.00000000	      0.00000000	      1.24386000	      0.01150000	     -0.47359100	      0.00000000	      0.00000000	      0.00000000	      0.83821100	      0.01150000	     -0.57204300	      0.00000000	      0.00000000	      0.00000000	      0.00000000	      0.00000000	      0.00000000
      6.20650000	      0.00000000	      0.00000000	      0.00000000	      1.24520400	      0.01150000	     -0.47357800	      0.00000000	      0.00000000	      0.00000000	      0.83720300	      0.01150000	     -0.57200700	      0.00000000	      0.00000000	      0.00000000	      0.00000000	      0.00000000	      0.00000000
      6.20700000	      0.00000000	      0.00000000	      0.00000000	      1.24654900	      0.01150000	     -0.47356600	      0.00000000	      0.00000000	      0.00000000	      0.83619500	      0.01150000	     -0.57197000	      0.00000000	      0.00000000	      0.00000000	      0.00000000	      0.00000000	      0.00000000
      6.20750000	      0.00000000	      0.00000000	      0.00000000	      1.24789300	      0.01150000	     -0.47355400	      0.00000000	      0.00000000	      0.00000000	      0.83518700	      0.01150000	     -0.57193300	      0.00000000	      0.00000000	      0.00000000	      0.00000000	      0.00000000	      0.00000000
      6.20800000	      0.00000000	      0.00000000	      0.00000000	      1.24923700	      0.01150000	     -0.47354100	      0.00000000	      0.00000000	      0.00000000	      0.83417900	      0.01150000	     -0.57189700	      0.00000000	      0.00000000	      0.00000000	      0.00000000	      0.00000000	      0.00000000
      6.20850000	      0.00000000	      0.00000000	      0.00000000	      1.25058200	      0.01150000	     -0.47352900	      0.00000000	      0.00000000	      0.00000000	      0.83317100	      0.01150000	     -0.57186000	      0.00000000	      0.00000000	      0.00000000	      0.00000000	      0.00000000	      0.00000000
      6.20900000	      0.00000000	      0.00000000	      0.00000000	      1.25192600	      0.01150000	     -0.47351700	      0.00000000	      0.00000000	      0.00000000	      0.83216300	      0.01150000	     -0.57182400	      0.00000000	      0.00000000	      0.00000000	      0.00000000	      0.00000000	      0.00000000
      6.20950000	      0.00000000	      0.00000000	      0.00000000	      1.25327000	      0.01150000	     -0.47350400	      0.00000000	      0.00000000	      0.00000000	      0.83115400	      0.01150000	     -0.57178700	      0.00000000	      0.00000000	      0.00000000	      0.00000000	      0.00000000	      0.00000000
      6.21000000	      0.00000000	      0.00000000	      0.00000000	      1.25461500	      0.01150000	     -0.47349200	      0.00000000	      0.00000000	      0.00000000	      0.83014600	      0.01150000	     -0.57175000	      0.00000000	      0.00000000	      0.00000000	      0.00000000	      0.00000000	      0.00000000
      6.21050000	      0.00000000	      0.00000000	      0.00000000	      1.25575600	      0.01150000	     -0.47348200	      0.00000000	      0.00000000	      0.00000000	      0.82918600	      0.01150000	     -0.57168300	      0.00000000	      0.00000000	      0.00000000	      0.00000000	      0.00000000	      0.00000000
      6.21100000	      0.00000000	      0.00000000	      0.00000000	      1.25689700	      0.01150000	     -0.47347200	      0.00000000	      0.00000000	      0.00000000	      0.82822600	      0.01150000	     -0.57161600	      0.00000000	      0.00000000	      0.00000000	      0.00000000	      0.00000000	      0.00000000
      6.21150000	      0.00000000	      0.00000000	      0.00000000	      1.25803800	      0.01150000	     -0.47346300	      0.00000000	      0.00000000	      0.00000000	      0.82726500	      0.01150000	     -0.57154800	      0.00000000	      0.00000000	      0.00000000	      0.00000000	      0.00000000	      0.00000000
      6.21200000	      0.00000000	      0.00000000	      0.00000000	      1.25918000	      0.01150000	     -0.47345300	      0.00000000	      0.00000000	      0.00000000	      0.82630500	      0.01150000	     -0.57148100	      0.00000000	      0.00000000	      0.00000000	      0.00000000	      0.00000000	      0.00000000
      6.21250000	      0.00000000	      0.00000000	      0.00000000	      1.26032100	      0.01150000	     -0.47344300	      0.00000000	      0.00000000	      0.00000000	      0.82534500	      0.01150000	     -0.57141400	      0.00000000	      0.00000000	      0.00000000	      0.00000000	      0.00000000	      0.00000000
      6.21300000	      0.00000000	      0.00000000	      0.00000000	      1.26146200	      0.01150000	     -0.47343300	      0.00000000	      0.00000000	      0.00000000	      0.82438500	      0.01150000	     -0.57134600	      0.00000000	      0.00000000	      0.00000000	      0.00000000	      0.00000000	      0.00000000
      6.21350000	      0.00000000	      0.00000000	      0.00000000	      1.26260300	      0.01150000	     -0.47342400	      0.00000000	      0.00000000	      0.00000000	      0.82342400	      0.01150000	     -0.57127900	      0.00000000	      0.00000000	      0.00000000	      0.00000000	      0.00000000	      0.00000000
      6.21400000	      0.00000000	      0.00000000	      0.00000000	      1.26374400	      0.01150000	     -0.47341400	      0.00000000	      0.00000000	      0.00000000	      0.82246400	      0.01150000	     -0.57121200	      0.00000000	      0.00000000	      0.00000000	      0.00000000	      0.00000000	      0.00000000
      6.21450000	      0.00000000	      0.00000000	      0.00000000	      1.26488500	      0.01150000	     -0.47340400	      0.00000000	      0.00000000	      0.00000000	      0.82150400	      0.01150000	     -0.57114500	      0.00000000	      0.00000000	      0.00000000	      0.00000000	      0.00000000	      0.00000000
      6.21500000	      0.00000000	      0.00000000	      0.00000000	      1.26602700	      0.01150000	     -0.47339400	      0.00000000	      0.00000000	      0.00000000	      0.82054300	      0.01150000	     -0.57107700	      0.00000000	      0.00000000	      0.00000000	      0.00000000	      0.00000000	      0.00000000
      6.21550000	      0.00000000	      0.00000000	      0.00000000	      1.26716800	      0.01150000	     -0.47338500	      0.00000000	      0.00000000	      0.00000000	      0.81958300	      0.01150000	     -0.57101000	      0.00000000	      0.00000000	      0.00000000	      0.00000000	      0.00000000	      0.00000000
      6.21600000	      0.00000000	      0.00000000	      0.00000000	      1.26830900	      0.01150000	     -0.47337500	      0.00000000	      0.00000000	      0.00000000	      0.81862300	      0.01150000	     -0.57094300	      0.00000000	      0.00000000	      0.00000000	      0.00000000	      0.00000000	      0.00000000
      6.21650000	      0.00000000	      0.00000000	      0.00000000	      1.26945000	      0.01150000	     -0.47336500	      0.00000000	      0.00000000	      0.00000000	      0.81766200	      0.01150000	     -0.57087500	      0.00000000	      0.00000000	      0.00000000	      0.00000000	      0.00000000	      0.00000000
      6.21700000	      0.00000000	      0.00000000	      0.00000000	      1.27059100	      0.01150000	     -0.47335500	      0.00000000	      0.00000000	      0.00000000	      0.81670200	      0.01150000	     -0.57080800	      0.00000000	      0.00000000	      0.00000000	      0.00000000	      0.00000000	      0.00000000
      6.21750000	      0.00000000	      0.00000000	      0.00000000	      1.27173300	      0.01150000	     -0.47334600	      0.00000000	      0.00000000	      0.00000000	      0.81574200	      0.01150000	     -0.57074100	      0.00000000	      0.00000000	      0.00000000	      0.00000000	      0.00000000	      0.00000000
      6.21800000	      0.00000000	      0.00000000	      0.00000000	      1.27287400	      0.01150000	     -0.47333600	      0.00000000	      0.00000000	      0.00000000	      0.81478200	      0.01150000	     -0.57067300	      0.00000000	      0.00000000	      0.00000000	      0.00000000	      0.00000000	      0.00000000
      6.21850000	      0.00000000	      0.00000000	      0.00000000	      1.27401500	      0.01150000	     -0.47332600	      0.00000000	      0.00000000	      0.00000000	      0.81382100	      0.01150000	     -0.57060600	      0.00000000	      0.00000000	      0.00000000	      0.00000000	      0.00000000	      0.00000000
      6.21900000	      0.00000000	      0.00000000	      0.00000000	      1.27515600	      0.01150000	     -0.47331600	      0.00000000	      0.00000000	      0.00000000	      0.81286100	      0.01150000	     -0.57053900	      0.00000000	      0.00000000	      0.00000000	      0.00000000	      0.00000000	      0.00000000
      6.21950000	      0.00000000	      0.00000000	      0.00000000	      1.27629700	      0.01150000	     -0.47330700	      0.00000000	      0.00000000	      0.00000000	      0.81190100	      0.01150000	     -0.57047100	      0.00000000	      0.00000000	      0.00000000	      0.00000000	      0.00000000	      0.00000000
      6.22000000	      0.00000000	      0.00000000	      0.00000000	      1.27743900	      0.01150000	     -0.47329700	      0.00000000	      0.00000000	      0.00000000	      0.81094000	      0.01150000	     -0.57040400	      0.00000000	      0.00000000	      0.00000000	      0.00000000	      0.00000000	      0.00000000
      6.22050000	      0.00000000	      0.00000000	      0.00000000	      1.27832900	      0.01150000	     -0.47329500	      0.00000000	      0.00000000	      0.00000000	      0.81004200	      0.01150000	     -0.57030500	      0.00000000	      0.00000000	      0.00000000	      0.00000000	      0.00000000	      0.00000000
      6.22100000	      0.00000000	      0.00000000	      0.00000000	      1.27921900	      0.01150000	     -0.47329200	      0.00000000	      0.00000000	      0.00000000	      0.80914400	      0.01150000	     -0.57020500	      0.00000000	      0.00000000	      0.00000000	      0.00000000	      0.00000000	      0.00000000
      6.22150000	      0.00000000	      0.00000000	      0.00000000	      1.28010900	      0.01150000	     -0.47329000	      0.00000000	      0.00000000	      0.00000000	      0.80824600	      0.01150000	     -0.57010600	      0.00000000	      0.00000000	      0.00000000	      0.00000000	      0.00000000	      0.00000000
      6.22200000	      0.00000000	      0.00000000	      0.00000000	      1.28099900	      0.01150000	     -0.47328800	      0.00000000	      0.00000000	      0.00000000	      0.80734800	      0.01150000	     -0.57000600	      0.00000000	      0.00000000	      0.00000000	      0.00000000	      0.00000000	      0.00000000
      6.22250000	      0.00000000	      0.00000000	      0.00000000	      1.28188900	      0.01150000	     -0.47328600	      0.00000000	      0.00000000	      0.00000000	      0.80645000	      0.01150000	     -0.56990600	      0.00000000	      0.00000000	      0.00000000	      0.00000000	      0.00000000	      0.00000000
      6.22300000	      0.00000000	      0.00000000	      0.00000000	      1.28277900	      0.01150000	     -0.47328300	      0.00000000	      0.00000000	      0.00000000	      0.80555200	      0.01150000	     -0.56980700	      0.00000000	      0.00000000	      0.00000000	      0.00000000	      0.00000000	      0.00000000
      6.22350000	      0.00000000	      0.00000000	      0.00000000	      1.28366900	      0.01150000	     -0.47328100	      0.00000000	      0.00000000	      0.00000000	      0.80465300	      0.01150000	     -0.56970700	      0.00000000	      0.00000000	      0.00000000	      0.00000000	      0.00000000	      0.00000000
      6.22400000	      0.00000000	      0.00000000	      0.00000000	      1.28455900	      0.01150000	     -0.47327900	      0.00000000	      0.00000000	      0.00000000	      0.80375500	      0.01150000	     -0.56960800	      0.00000000	      0.00000000	      0.00000000	      0.00000000	      0.00000000	      0.00000000
      6.22450000	      0.00000000	      0.00000000	      0.00000000	      1.28544900	      0.01150000	     -0.47327700	      0.00000000	      0.00000000	      0.00000000	      0.80285700	      0.01150000	     -0.56950800	      0.00000000	      0.00000000	      0.00000000	      0.00000000	      0.00000000	      0.00000000
      6.22500000	      0.00000000	      0.00000000	      0.00000000	      1.28633900	      0.01150000	     -0.47327400	      0.00000000	      0.00000000	      0.00000000	      0.80195900	      0.01150000	     -0.56940900	      0.00000000	      0.00000000	      0.00000000	      0.00000000	      0.00000000	      0.00000000
      6.22550000	      0.00000000	      0.00000000	      0.00000000	      1.28722900	      0.01150000	     -0.47327200	      0.00000000	      0.00000000	      0.00000000	      0.80106100	      0.01150000	     -0.56930900	      0.00000000	      0.00000000	      0.00000000	      0.00000000	      0.00000000	      0.00000000
      6.22600000	      0.00000000	      0.00000000	      0.00000000	      1.28811900	      0.01150000	     -0.47327000	      0.00000000	      0.00000000	      0.00000000	      0.80016300	      0.01150000	     -0.56921000	      0.00000000	      0.00000000	      0.00000000	      0.00000000	      0.00000000	      0.00000000
      6.22650000	      0.00000000	      0.00000000	      0.00000000	      1.28900900	      0.01150000	     -0.47326800	      0.00000000	      0.00000000	      0.00000000	      0.79926500	      0.01150000	     -0.56911000	      0.00000000	      0.00000000	      0.00000000	      0.00000000	      0.00000000	      0.00000000
      6.22700000	      0.00000000	      0.00000000	      0.00000000	      1.28989900	      0.01150000	     -0.47326600	      0.00000000	      0.00000000	      0.00000000	      0.79836600	      0.01150000	     -0.56901000	      0.00000000	      0.00000000	      0.00000000	      0.00000000	      0.00000000	      0.00000000
      6.22750000	      0.00000000	      0.00000000	      0.00000000	      1.29078900	      0.01150000	     -0.47326300	      0.00000000	      0.00000000	      0.00000000	      0.79746800	      0.01150000	     -0.56891100	      0.00000000	      0.00000000	      0.00000000	      0.00000000	      0.00000000	      0.00000000
      6.22800000	      0.00000000	      0.00000000	      0.00000000	      1.29167900	      0.01150000	     -0.47326100	      0.00000000	      0.00000000	      0.00000000	      0.79657000	      0.01150000	     -0.56881100	      0.00000000	      0.00000000	      0.00000000	      0.00000000	      0.00000000	      0.00000000
      6.22850000	      0.00000000	      0.00000000	      0.00000000	      1.29256900	      0.01150000	     -0.47325900	      0.00000000	      0.00000000	      0.00000000	      0.79567200	      0.01150000	     -0.56871200	      0.00000000	      0.00000000	      0.00000000	      0.00000000	      0.00000000	      0.00000000
      6.22900000	      0.00000000	      0.00000000	      0.00000000	      1.29345900	      0.01150000	     -0.47325700	      0.00000000	      0.00000000	      0.00000000	      0.79477400	      0.01150000	     -0.56861200	      0.00000000	      0.00000000	      0.00000000	      0.00000000	      0.00000000	      0.00000000
      6.22950000	      0.00000000	      0.00000000	      0.00000000	      1.29434900	      0.01150000	     -0.47325400	      0.00000000	      0.00000000	      0.00000000	      0.79387600	      0.01150000	     -0.56851300	      0.00000000	      0.00000000	      0.00000000	      0.00000000	      0.00000000	      0.00000000
      6.23000000	      0.00000000	      0.00000000	      0.00000000	      1.29523900	      0.01150000	     -0.47325200	      0.00000000	      0.00000000	      0.00000000	      0.79297800	      0.01150000	     -0.56841300	      0.00000000	      0.00000000	      0.00000000	      0.00000000	      0.00000000	      0.00000000
      6.23050000	      0.00000000	      0.00000000	      0.00000000	      1.29584000	      0.01150000	     -0.47326100	      0.00000000	      0.00000000	      0.00000000	      0.79216000	      0.01150000	     -0.56828500	      0.00000000	      0.00000000	      0.00000000	      0.00000000	      0.00000000	      0.00000000
      6.23100000	      0.00000000	      0.00000000	      0.00000000	      1.29644200	      0.01150000	     -0.47327100	      0.00000000	      0.00000000	      0.00000000	      0.79134100	      0.01150000	     -0.56815700	      0.00000000	      0.00000000	      0.00000000	      0.00000000	      0.00000000	      0.00000000
      6.23150000	      0.00000000	      0.00000000	      0.00000000	      1.29704300	      0.01150000	     -0.47328000	      0.00000000	      0.00000000	      0.00000000	      0.79052300	      0.01150000	     -0.56802900	      0.00000000	      0.00000000	      0.00000000	      0.00000000	      0.00000000	      0.00000000
      6.23200000	      0.00000000	      0.00000000	      0.00000000	      1.29764500	      0.01150000	     -0.47328900	      0.00000000	      0.00000000	      0.00000000	      0.78970500	      0.01150000	     -0.56790100	      0.00000000	      0.00000000	      0.00000000	      0.00000000	      0.00000000	      0.00000000
      6.23250000	      0.00000000	      0.00000000	      0.00000000	      1.29824700	      0.01150000	     -0.47329800	      0.00000000	      0.00000000	      0.00000000	      0.78888700	      0.01150000	     -0.56777400	      0.00000000	      0.00000000	      0.00000000	      0.00000000	      0.00000000	      0.00000000
      6.23300000	      0.00000000	      0.00000000	      0.00000000	      1.29884800	      0.01150000	     -0.47330700	      0.00000000	      0.00000000	      0.00000000	      0.78806900	      0.01150000	     -0.56764600	      0.00000000	      0.00000000	      0.00000000	      0.00000000	      0.00000000	      0.00000000
      6.23350000	      0.00000000	      0.00000000	      0.00000000	      1.29945000	      0.01150000	     -0.47331600	      0.00000000	      0.00000000	      0.00000000	      0.78725100	      0.01150000	     -0.56751800	      0.00000000	      0.00000000	      0.00000000	      0.00000000	      0.00000000	      0.00000000
      6.23400000	      0.00000000	      0.00000000	      0.00000000	      1.30005200	      0.01150000	     -0.47332600	      0.00000000	      0.00000000	      0.00000000	      0.78643300	      0.01150000	     -0.56739000	      0.00000000	      0.00000000	      0.00000000	      0.00000000	      0.00000000	      0.00000000
      6.23450000	      0.00000000	      0.00000000	      0.00000000	      1.30065300	      0.01150000	     -0.47333500	      0.00000000	      0.00000000	      0.00000000	      0.78561500	      0.01150000	     -0.56726200	      0.00000000	      0.00000000	      0.00000000	      0.00000000	      0.00000000	      0.00000000
      6.23500000	      0.00000000	      0.00000000	      0.00000000	      1.30125500	      0.01150000	     -0.47334400	      0.00000000	      0.00000000	      0.00000000	      0.78479700	      0.01150000	     -0.56713400	      0.00000000	      0.00000000	      0.00000000	      0.00000000	      0.00000000	      0.00000000
      6.23550000	      0.00000000	      0.00000000	      0.00000000	      1.30185700	      0.01150000	     -0.47335300	      0.00000000	      0.00000000	      0.00000000	      0.78397900	      0.01150000	     -0.56700600	      0.00000000	      0.00000000	      0.00000000	      0.00000000	      0.00000000	      0.00000000
      6.23600000	      0.00000000	      0.00000000	      0.00000000	      1.30245800	      0.01150000	     -0.47336200	      0.00000000	      0.00000000	      0.00000000	      0.78316100	      0.01150000	     -0.56687800	      0.00000000	      0.00000000	      0.00000000	      0.00000000	      0.00000000	      0.00000000
      6.23650000	      0.00000000	      0.00000000	      0.00000000	      1.30306000	      0.01150000	     -0.47337200	      0.00000000	      0.00000000	      0.00000000	      0.78234300	      0.01150000	     -0.56675000	      0.00000000	      0.00000000	      0.00000000	      0.00000000	      0.00000000	      0.00000000
      6.23700000	      0.00000000	      0.00000000	      0.00000000	      1.30366200	      0.01150000	     -0.47338100	      0.00000000	      0.00000000	      0.00000000	      0.78152500	      0.01150000	     -0.56662200	      0.00000000	      0.00000000	      0.00000000	      0.00000000	      0.00000000	      0.00000000
      6.23750000	      0.00000000	      0.00000000	      0.00000000	      1.30426300	      0.01150000	     -0.47339000	      0.00000000	      0.00000000	      0.00000000	      0.78070700	      0.01150000	     -0.56649400	      0.00000000	      0.00000000	      0.00000000	      0.00000000	      0.00000000	      0.00000000
      6.23800000	      0.00000000	      0.00000000	      0.00000000	      1.30486500	      0.01150000	     -0.47339900	      0.00000000	      0.00000000	      0.00000000	      0.77988900	      0.01150000	     -0.56636700	      0.00000000	      0.00000000	      0.00000000	      0.00000000	      0.00000000	      0.00000000
      6.23850000	      0.00000000	      0.00000000	      0.00000000	      1.30546700	      0.01150000	     -0.47340800	      0.00000000	      0.00000000	      0.00000000	      0.77907100	      0.01150000	     -0.56623900	      0.00000000	      0.00000000	      0.00000000	      0.00000000	      0.00000000	      0.00000000
      6.23900000	      0.00000000	      0.00000000	      0.00000000	      1.30606800	      0.01150000	     -0.47341800	      0.00000000	      0.00000000	      0.00000000	      0.77825300	      0.01150000	     -0.56611100	      0.00000000	      0.00000000	      0.00000000	      0.00000000	      0.00000000	      0.00000000
      6.23950000	      0.00000000	      0.00000000	      0.00000000	      1.30667000	      0.01150000	     -0.47342700	      0.00000000	      0.00000000	      0.00000000	      0.77743500	      0.01150000	     -0.56598300	      0.00000000	      0.00000000	      0.00000000	      0.00000000	      0.00000000	      0.00000000
      6.24000000	      0.00000000	      0.00000000	      0.00000000	      1.30727100	      0.01150000	     -0.47343600	      0.00000000	      0.00000000	      0.00000000	      0.77661700	      0.01150000	     -0.56585500	      0.00000000	      0.00000000	      0.00000000	      0.00000000	      0.00000000	      0.00000000
      6.24050000	      0.00000000	      0.00000000	      0.00000000	      1.30756300	      0.01150000	     -0.47346000	      0.00000000	      0.00000000	      0.00000000	      0.77589800	      0.01150000	     -0.56570800	      0.00000000	      0.00000000	      0.00000000	      0.00000000	      0.00000000	      0.00000000
      6.24100000	      0.00000000	      0.00000000	      0.00000000	      1.30785400	      0.01150000	     -0.47348400	      0.00000000	      0.00000000	      0.00000000	      0.77517900	      0.01150000	     -0.56556200	      0.00000000	      0.00000000	      0.00000000	      0.00000000	      0.00000000	      0.00000000
      6.24150000	      0.00000000	      0.00000000	      0.00000000	      1.30814600	      0.01150000	     -0.47350800	      0.00000000	      0.00000000	      0.00000000	      0.77446000	      0.01150000	     -0.56541500	      0.00000000	      0.00000000	      0.00000000	      0.00000000	      0.00000000	      0.00000000
      6.24200000	      0.00000000	      0.00000000	      0.00000000	      1.30843700	      0.01150000	     -0.47353100	      0.00000000	      0.00000000	      0.00000000	      0.77374100	      0.01150000	     -0.56526800	      0.00000000	      0.00000000	      0.00000000	      0.00000000	      0.00000000	      0.00000000
      6.24250000	      0.00000000	      0.00000000	      0.00000000	      1.30872800	      0.01150000	     -0.47355500	      0.00000000	      0.00000000	      0.00000000	      0.77302200	      0.01150000	     -0.56512200	      0.00000000	      0.00000000	      0.00000000	      0.00000000	      0.00000000	      0.00000000
      6.24300000	      0.00000000	      0.00000000	      0.00000000	      1.30902000	      0.01150000	     -0.47357900	      0.00000000	      0.00000000	      0.00000000	      0.77230300	      0.01150000	     -0.56497500	      0.00000000	      0.00000000	      0.00000000	      0.00000000	      0.00000000	      0.00000000
      6.24350000	      0.00000000	      0.00000000	      0.00000000	      1.30931100	      0.01150000	     -0.47360300	      0.00000000	      0.00000000	      0.00000000	      0.77158400	      0.01150000	     -0.56482800	      0.00000000	      0.00000000	      0.00000000	      0.00000000	      0.00000000	      0.00000000
      6.24400000	      0.00000000	      0.00000000	      0.00000000	      1.30960200	      0.01150000	     -0.47362700	      0.00000000	      0.00000000	      0.00000000	      0.77086500	      0.01150000	     -0.56468200	      0.00000000	      0.00000000	      0.00000000	      0.00000000	      0.00000000	      0.00000000
      6.24450000	      0.00000000	      0.00000000	      0.00000000	      1.30989400	      0.01150000	     -0.47365100	      0.00000000	      0.00000000	      0.00000000	      0.77014600	      0.01150000	     -0.56453500	      0.00000000	      0.00000000	      0.00000000	      0.00000000	      0.00000000	      0.00000000
      6.24500000	      0.00000000	      0.00000000	      0.00000000	      1.31018500	      0.01150000	     -0.47367500	      0.00000000	      0.00000000	      0.00000000	      0.76942700	      0.01150000	     -0.56438800	      0.00000000	      0.00000000	      0.00000000	      0.00000000	      0.00000000	      0.00000000
      6.24550000	      0.00000000	      0.00000000	      0.00000000	      1.31047600	      0.01150000	     -0.47369900	      0.00000000	      0.00000000	      0.00000000	      0.76870900	      0.01150000	     -0.56424200	      0.00000000	      0.00000000	      0.00000000	      0.00000000	      0.00000000	      0.00000000
      6.24600000	      0.00000000	      0.00000000	      0.00000000	      1.31076800	      0.01150000	     -0.47372300	      0.00000000	      0.00000000	      0.00000000	      0.76799000	      0.01150000	     -0.56409500	      0.00000000	      0.00000000	      0.00000000	      0.00000000	      0.00000000	      0.00000000
      6.24650000	      0.00000000	      0.00000000	      0.00000000	      1.31105900	      0.01150000	     -0.47374700	      0.00000000	      0.00000000	      0.00000000	      0.76727100	      0.01150000	     -0.56394900	      0.00000000	      0.00000000	      0.00000000	      0.00000000	      0.00000000	      0.00000000
      6.24700000	      0.00000000	      0.00000000	      0.00000000	      1.31135000	      0.01150000	     -0.47377000	      0.00000000	      0.00000000	      0.00000000	      0.76655200	      0.01150000	     -0.56380200	      0.00000000	      0.00000000	      0.00000000	      0.00000000	      0.00000000	      0.00000000
      6.24750000	      0.00000000	      0.00000000	      0.00000000	      1.31164200	      0.01150000	     -0.47379400	      0.00000000	      0.00000000	      0.00000000	      0.76583300	      0.01150000	     -0.56365500	      0.00000000	      0.00000000	      0.00000000	      0.00000000	      0.00000000	      0.00000000
      6.24800000	      0.00000000	      0.00000000	      0.00000000	      1.31193300	      0.01150000	     -0.47381800	      0.00000000	      0.00000000	      0.00000000	      0.76511400	      0.01150000	     -0.56350900	      0.00000000	      0.00000000	      0.00000000	      0.00000000	      0.00000000	      0.00000000
      6.24850000	      0.00000000	      0.00000000	      0.00000000	      1.31222400	      0.01150000	     -0.47384200	      0.00000000	      0.00000000	      0.00000000	      0.76439500	      0.01150000	     -0.56336200	      0.00000000	      0.00000000	      0.00000000	      0.00000000	      0.00000000	      0.00000000
      6.24900000	      0.00000000	      0.00000000	      0.00000000	      1.31251600	      0.01150000	     -0.47386600	      0.00000000	      0.00000000	      0.00000000	      0.76367600	      0.01150000	     -0.56321500	      0.00000000	      0.00000000	      0.00000000	      0.00000000	      0.00000000	      0.00000000
      6.24950000	      0.00000000	      0.00000000	      0.00000000	      1.31280700	      0.01150000	     -0.47389000	      0.00000000	      0.00000000	      0.00000000	      0.76295700	      0.01150000	     -0.56306900	      0.00000000	      0.00000000	      0.00000000	      0.00000000	      0.00000000	      0.00000000
      6.25000000	      0.00000000	      0.00000000	      0.00000000	      1.31309800	      0.01150000	     -0.47391400	      0.00000000	      0.00000000	      0.00000000	      0.76223800	      0.01150000	     -0.56292200	      0.00000000	      0.00000000	      0.00000000	      0.00000000	      0.00000000	      0.00000000
      6.25050000	      0.00000000	      0.00000000	      0.00000000	      1.31307500	      0.01150000	     -0.47395500	      0.00000000	      0.00000000	      0.00000000	      0.76163600	      0.01150000	     -0.56277100	      0.00000000	      0.00000000	      0.00000000	      0.00000000	      0.00000000	      0.00000000
      6.25100000	      0.00000000	      0.00000000	      0.00000000	      1.31305200	      0.01150000	     -0.47399600	      0.00000000	      0.00000000	      0.00000000	      0.76103400	      0.01150000	     -0.56261900	      0.00000000	      0.00000000	      0.00000000	      0.00000000	      0.00000000	      0.00000000
      6.25150000	      0.00000000	      0.00000000	      0.00000000	      1.31302800	      0.01150000	     -0.47403700	      0.00000000	      0.00000000	      0.00000000	      0.76043200	      0.01150000	     -0.56246800	      0.00000000	      0.00000000	      0.00000000	      0.00000000	      0.00000000	      0.00000000
      6.25200000	      0.00000000	      0.00000000	      0.00000000	      1.31300500	      0.01150000	     -0.47407800	      0.00000000	      0.00000000	      0.00000000	      0.75983000	      0.01150000	     -0.56231600	      0.00000000	      0.00000000	      0.00000000	      0.00000000	      0.00000000	      0.00000000
      6.25250000	      0.00000000	      0.00000000	      0.00000000	      1.31298200	      0.01150000	     -0.47411900	      0.00000000	      0.00000000	      0.00000000	      0.75922800	      0.01150000	     -0.56216500	      0.00000000	      0.00000000	      0.00000000	      0.00000000	      0.00000000	      0.00000000
      6.25300000	      0.00000000	      0.00000000	      0.00000000	      1.31295800	      0.01150000	     -0.47415900	      0.00000000	      0.00000000	      0.00000000	      0.75862600	      0.01150000	     -0.56201400	      0.00000000	      0.00000000	      0.00000000	      0.00000000	      0.00000000	      0.00000000
      6.25350000	      0.00000000	      0.00000000	      0.00000000	      1.31293500	      0.01150000	     -0.47420000	      0.00000000	      0.00000000	      0.00000000	      0.75802300	      0.01150000	     -0.56186200	      0.00000000	      0.00000000	      0.00000000	      0.00000000	      0.00000000	      0.00000000
      6.25400000	      0.00000000	      0.00000000	      0.00000000	      1.31291200	      0.01150000	     -0.47424100	      0.00000000	      0.00000000	      0.00000000	      0.75742100	      0.01150000	     -0.56171100	      0.00000000	      0.00000000	      0.00000000	      0.00000000	      0.00000000	      0.00000000
      6.25450000	      0.00000000	      0.00000000	      0.00000000	      1.31288800	      0.01150000	     -0.47428200	      0.00000000	      0.00000000	      0.00000000	      0.75681900	      0.01150000	     -0.56155900	      0.00000000	      0.00000000	      0.00000000	      0.00000000	      0.00000000	      0.00000000
      6.25500000	      0.00000000	      0.00000000	      0.00000000	      1.31286500	      0.01150000	     -0.47432300	      0.00000000	      0.00000000	      0.00000000	      0.75621700	      0.01150000	     -0.56140800	      0.00000000	      0.00000000	      0.00000000	      0.00000000	      0.00000000	      0.00000000
      6.25550000	      0.00000000	      0.00000000	      0.00000000	      1.31284200	      0.01150000	     -0.47436400	      0.00000000	      0.00000000	      0.00000000	      0.75561500	      0.01150000	     -0.56125700	      0.00000000	      0.00000000	      0.00000000	      0.00000000	      0.00000000	      0.00000000
      6.25600000	      0.00000000	      0.00000000	      0.00000000	      1.31281800	      0.01150000	     -0.47440500	      0.00000000	      0.00000000	      0.00000000	      0.75501300	      0.01150000	     -0.56110500	      0.00000000	      0.00000000	      0.00000000	      0.00000000	      0.00000000	      0.00000000
      6.25650000	      0.00000000	      0.00000000	      0.00000000	      1.31279500	      0.01150000	     -0.47444600	      0.00000000	      0.00000000	      0.00000000	      0.75441100	      0.01150000	     -0.56095400	      0.00000000	      0.00000000	      0.00000000	      0.00000000	      0.00000000	      0.00000000
      6.25700000	      0.00000000	      0.00000000	      0.00000000	      1.31277200	      0.01150000	     -0.47448700	      0.00000000	      0.00000000	      0.00000000	      0.75380900	      0.01150000	     -0.56080200	      0.00000000	      0.00000000	      0.00000000	      0.00000000	      0.00000000	      0.00000000
      6.25750000	      0.00000000	      0.00000000	      0.00000000	      1.31274800	      0.01150000	     -0.47452800	      0.00000000	      0.00000000	      0.00000000	      0.75320600	      0.01150000	     -0.56065100	      0.00000000	      0.00000000	      0.00000000	      0.00000000	      0.00000000	      0.00000000
      6.25800000	      0.00000000	      0.00000000	      0.00000000	      1.31272500	      0.01150000	     -0.47456900	      0.00000000	      0.00000000	      0.00000000	      0.75260400	      0.01150000	     -0.56050000	      0.00000000	      0.00000000	      0.00000000	      0.00000000	      0.00000000	      0.00000000
      6.25850000	      0.00000000	      0.00000000	      0.00000000	      1.31270200	      0.01150000	     -0.47461000	      0.00000000	      0.00000000	      0.00000000	      0.75200200	      0.01150000	     -0.56034800	      0.00000000	      0.00000000	      0.00000000	      0.00000000	      0.00000000	      0.00000000
      6.25900000	      0.00000000	      0.00000000	      0.00000000	      1.31267800	      0.01150000	     -0.47465100	      0.00000000	      0.00000000	      0.00000000	      0.75140000	      0.01150000	     -0.56019700	      0.00000000	      0.00000000	      0.00000000	      0.00000000	      0.00000000	      0.00000000
      6.25950000	      0.00000000	      0.00000000	      0.00000000	      1.31265500	      0.01150000	     -0.47469200	      0.00000000	      0.00000000	      0.00000000	      0.75079800	      0.01150000	     -0.56004500	      0.00000000	      0.00000000	      0.00000000	      0.00000000	      0.00000000	      0.00000000
      6.26000000	      0.00000000	      0.00000000	      0.00000000	      1.31263200	      0.01150000	     -0.47473300	      0.00000000	      0.00000000	      0.00000000	      0.75019600	      0.01150000	     -0.55989400	      0.00000000	      0.00000000	      0.00000000	      0.00000000	      0.00000000	      0.00000000
      6.26050000	      0.00000000	      0.00000000	      0.00000000	      1.31230700	      0.01150000	     -0.47479100	      0.00000000	      0.00000000	      0.00000000	      0.74972500	      0.01150000	     -0.55975400	      0.00000000	      0.00000000	      0.00000000	      0.00000000	      0.00000000	      0.00000000
      6.26100000	      0.00000000	      0.00000000	      0.00000000	      1.31198200	      0.01150000	     -0.47484900	      0.00000000	      0.00000000	      0.00000000	      0.74925500	      0.01150000	     -0.55961400	      0.00000000	      0.00000000	      0.00000000	      0.00000000	      0.00000000	      0.00000000
      6.26150000	      0.00000000	      0.00000000	      0.00000000	      1.31165700	      0.01150000	     -0.47490800	      0.00000000	      0.00000000	      0.00000000	      0.74878500	      0.01150000	     -0.55947400	      0.00000000	      0.00000000	      0.00000000	      0.00000000	      0.00000000	      0.00000000
      6.26200000	      0.00000000	      0.00000000	      0.00000000	      1.31133200	      0.01150000	     -0.47496600	      0.00000000	      0.00000000	      0.00000000	      0.74831400	      0.01150000	     -0.55933400	      0.00000000	      0.00000000	      0.00000000	      0.00000000	      0.00000000	      0.00000000
      6.26250000	      0.00000000	      0.00000000	      0.00000000	      1.31100700	      0.01150000	     -0.47502400	      0.00000000	      0.00000000	      0.00000000	      0.74784400	      0.01150000	     -0.55919400	      0.00000000	      0.00000000	      0.00000000	      0.00000000	      0.00000000	      0.00000000
      6.26300000	      0.00000000	      0.00000000	      0.00000000	      1.31068300	      0.01150000	     -0.47508300	      0.00000000	      0.00000000	      0.00000000	      0.74737400	      0.01150000	     -0.55905400	      0.00000000	      0.00000000	      0.00000000	      0.00000000	      0.00000000	      0.00000000
      6.26350000	      0.00000000	      0.00000000	      0.00000000	      1.31035800	      0.01150000	     -0.47514100	      0.00000000	      0.00000000	      0.00000000	      0.74690300	      0.01150000	     -0.55891400	      0.00000000	      0.00000000	      0.00000000	      0.00000000	      0.00000000	      0.00000000
      6.26400000	      0.00000000	      0.00000000	      0.00000000	      1.31003300	      0.01150000	     -0.47520000	      0.00000000	      0.00000000	      0.00000000	      0.74643300	      0.01150000	     -0.55877400	      0.00000000	      0.00000000	      0.00000000	      0.00000000	      0.00000000	      0.00000000
      6.26450000	      0.00000000	      0.00000000	      0.00000000	      1.30970800	      0.01150000	     -0.47525800	      0.00000000	      0.00000000	      0.00000000	      0.74596200	      0.01150000	     -0.55863400	      0.00000000	      0.00000000	      0.00000000	      0.00000000	      0.00000000	      0.00000000
      6.26500000	      0.00000000	      0.00000000	      0.00000000	      1.30938300	      0.01150000	     -0.47531600	      0.00000000	      0.00000000	      0.00000000	      0.74549200	      0.01150000	     -0.55849400	      0.00000000	      0.00000000	      0.00000000	      0.00000000	      0.00000000	      0.00000000
      6.26550000	      0.00000000	      0.00000000	      0.00000000	      1.30905800	      0.01150000	     -0.47537500	      0.00000000	      0.00000000	      0.00000000	      0.74502200	      0.01150000	     -0.55835400	      0.00000000	      0.00000000	      0.00000000	      0.00000000	      0.00000000	      0.00000000
      6.26600000	      0.00000000	      0.00000000	      0.00000000	      1.30873300	      0.01150000	     -0.47543300	      0.00000000	      0.00000000	      0.00000000	      0.74455100	      0.01150000	     -0.55821400	      0.00000000	      0.00000000	      0.00000000	      0.00000000	      0.00000000	      0.00000000
      6.26650000	      0.00000000	      0.00000000	      0.00000000	      1.30840900	      0.01150000	     -0.47549200	      0.00000000	      0.00000000	      0.00000000	      0.74408100	      0.01150000	     -0.55807400	      0.00000000	      0.00000000	      0.00000000	      0.00000000	      0.00000000	      0.00000000
      6.26700000	      0.00000000	      0.00000000	      0.00000000	      1.30808400	      0.01150000	     -0.47555000	      0.00000000	      0.00000000	      0.00000000	      0.74361100	      0.01150000	     -0.55793400	      0.00000000	      0.00000000	      0.00000000	      0.00000000	      0.00000000	      0.00000000
      6.26750000	      0.00000000	      0.00000000	      0.00000000	      1.30775900	      0.01150000	     -0.47560800	      0.00000000	      0.00000000	      0.00000000	      0.74314000	      0.01150000	     -0.55779400	      0.00000000	      0.00000000	      0.00000000	      0.00000000	      0.00000000	      0.00000000
      6.26800000	      0.00000000	      0.00000000	      0.00000000	      1.30743400	      0.01150000	     -0.47566700	      0.00000000	      0.00000000	      0.00000000	      0.74267000	      0.01150000	     -0.55765400	      0.00000000	      0.00000000	      0.00000000	      0.00000000	      0.00000000	      0.00000000
      6.26850000	      0.00000000	      0.00000000	      0.00000000	      1.30710900	      0.01150000	     -0.47572500	      0.00000000	      0.00000000	      0.00000000	      0.74219900	      0.01150000	     -0.55751400	      0.00000000	      0.00000000	      0.00000000	      0.00000000	      0.00000000	      0.00000000
      6.26900000	      0.00000000	      0.00000000	      0.00000000	      1.30678400	      0.01150000	     -0.47578400	      0.00000000	      0.00000000	      0.00000000	      0.74172900	      0.01150000	     -0.55737400	      0.00000000	      0.00000000	      0.00000000	      0.00000000	      0.00000000	      0.00000000
      6.26950000	      0.00000000	      0.00000000	      0.00000000	      1.30645900	      0.01150000	     -0.47584200	      0.00000000	      0.00000000	      0.00000000	      0.74125900	      0.01150000	     -0.55723400	      0.00000000	      0.00000000	      0.00000000	      0.00000000	      0.00000000	      0.00000000
      6.27000000	      0.00000000	      0.00000000	      0.00000000	      1.30613500	      0.01150000	     -0.47590000	      0.00000000	      0.00000000	      0.00000000	      0.74078800	      0.01150000	     -0.55709400	      0.00000000	      0.00000000	      0.00000000	      0.00000000	      0.00000000	      0.00000000
      6.27050000	      0.00000000	      0.00000000	      0.00000000	      1.30553700	      0.01150000	     -0.47597400	      0.00000000	      0.00000000	      0.00000000	      0.74046200	      0.01150000	     -0.55698100	      0.00000000	      0.00000000	      0.00000000	      0.00000000	      0.00000000	      0.00000000
      6.27100000	      0.00000000	      0.00000000	      0.00000000	      1.30494000	      0.01150000	     -0.47604800	      0.00000000	      0.00000000	      0.00000000	      0.74013600	      0.01150000	     -0.55686800	      0.00000000	      0.00000000	      0.00000000	      0.00000000	      0.00000000	      0.00000000
      6.27150000	      0.00000000	      0.00000000	      0.00000000	      1.30434200	      0.01150000	     -0.47612200	      0.00000000	      0.00000000	      0.00000000	      0.73981000	      0.01150000	     -0.55675500	      0.00000000	      0.00000000	      0.00000000	      0.00000000	      0.00000000	      0.00000000
      6.27200000	      0.00000000	      0.00000000	      0.00000000	      1.30374500	      0.01150000	     -0.47619500	      0.00000000	      0.00000000	      0.00000000	      0.73948400	      0.01150000	     -0.55664200	      0.00000000	      0.00000000	      0.00000000	      0.00000000	      0.00000000	      0.00000000
      6.27250000	      0.00000000	      0.00000000	      0.00000000	      1.30314800	      0.01150000	     -0.47626900	      0.00000000	      0.00000000	      0.00000000	      0.73915800	      0.01150000	     -0.55652900	      0.00000000	      0.00000000	      0.00000000	      0.00000000	      0.00000000	      0.00000000
      6.27300000	      0.00000000	      0.00000000	      0.00000000	      1.30255000	      0.01150000	     -0.47634300	      0.00000000	      0.00000000	      0.00000000	      0.73883100	      0.01150000	     -0.55641600	      0.00000000	      0.00000000	      0.00000000	      0.00000000	      0.00000000	      0.00000000
      6.27350000	      0.00000000	      0.00000000	      0.00000000	      1.30195300	      0.01150000	     -0.47641600	      0.00000000	      0.00000000	      0.00000000	      0.73850500	      0.01150000	     -0.55630300	      0.00000000	      0.00000000	      0.00000000	      0.00000000	      0.00000000	      0.00000000
      6.27400000	      0.00000000	      0.00000000	      0.00000000	      1.30135500	      0.01150000	     -0.47649000	      0.00000000	      0.00000000	      0.00000000	      0.73817900	      0.01150000	     -0.55619000	      0.00000000	      0.00000000	      0.00000000	      0.00000000	      0.00000000	      0.00000000
      6.27450000	      0.00000000	      0.00000000	      0.00000000	      1.30075800	      0.01150000	     -0.47656400	      0.00000000	      0.00000000	      0.00000000	      0.73785300	      0.01150000	     -0.55607800	      0.00000000	      0.00000000	      0.00000000	      0.00000000	      0.00000000	      0.00000000
      6.27500000	      0.00000000	      0.00000000	      0.00000000	      1.30016000	      0.01150000	     -0.47663800	      0.00000000	      0.00000000	      0.00000000	      0.73752700	      0.01150000	     -0.55596500	      0.00000000	      0.00000000	      0.00000000	      0.00000000	      0.00000000	      0.00000000
      6.27550000	      0.00000000	      0.00000000	      0.00000000	      1.29956300	      0.01150000	     -0.47671100	      0.00000000	      0.00000000	      0.00000000	      0.73720100	      0.01150000	     -0.55585200	      0.00000000	      0.00000000	      0.00000000	      0.00000000	      0.00000000	      0.00000000
      6.27600000	      0.00000000	      0.00000000	      0.00000000	      1.29896600	      0.01150000	     -0.47678500	      0.00000000	      0.00000000	      0.00000000	      0.73687400	      0.01150000	     -0.55573900	      0.00000000	      0.00000000	      0.00000000	      0.00000000	      0.00000000	      0.00000000
      6.27650000	      0.00000000	      0.00000000	      0.00000000	      1.29836800	      0.01150000	     -0.47685900	      0.00000000	      0.00000000	      0.00000000	      0.73654800	      0.01150000	     -0.55562600	      0.00000000	      0.00000000	      0.00000000	      0.00000000	      0.00000000	      0.00000000
      6.27700000	      0.00000000	      0.00000000	      0.00000000	      1.29777100	      0.01150000	     -0.47693200	      0.00000000	      0.00000000	      0.00000000	      0.73622200	      0.01150000	     -0.55551300	      0.00000000	      0.00000000	      0.00000000	      0.00000000	      0.00000000	      0.00000000
      6.27750000	      0.00000000	      0.00000000	      0.00000000	      1.29717300	      0.01150000	     -0.47700600	      0.00000000	      0.00000000	      0.00000000	      0.73589600	      0.01150000	     -0.55540000	      0.00000000	      0.00000000	      0.00000000	      0.00000000	      0.00000000	      0.00000000
      6.27800000	      0.00000000	      0.00000000	      0.00000000	      1.29657600	      0.01150000	     -0.47708000	      0.00000000	      0.00000000	      0.00000000	      0.73557000	      0.01150000	     -0.55528700	      0.00000000	      0.00000000	      0.00000000	      0.00000000	      0.00000000	      0.00000000
      6.27850000	      0.00000000	      0.00000000	      0.00000000	      1.29597900	      0.01150000	     -0.47715400	      0.00000000	      0.00000000	      0.00000000	      0.73524400	      0.01150000	     -0.55517400	      0.00000000	      0.00000000	      0.00000000	      0.00000000	      0.00000000	      0.00000000
      6.27900000	     -2.41648400	     11.33118100	     -1.86918500	      1.29538100	      0.01150000	     -0.47722700	      0.00000000	      0.00000000	      0.00000000	      0.73491800	      0.01150000	     -0.55506100	      0.00000000	      2.30522100	      0.00000000	      0.00000000	      0.00000000	      0.00000000
      6.27950000	     -2.48466500	     15.01362700	     -2.25123000	      1.29478400	      0.01150000	     -0.47730100	      0.00000000	      0.00000000	      0.00000000	      0.73459100	      0.01150000	     -0.55494800	      0.00000000	      2.37900200	      0.00000000	      0.00000000	      0.00000000	      0.00000000
      6.28000000	     -2.54695400	     18.91615800	     -2.65431200	      1.29418600	      0.01150000	     -0.47737500	      0.00000000	      0.00000000	      0.00000000	      0.73426500	      0.01150000	     -0.55483500	      0.00000000	      2.45061700	      0.00000000	      0.00000000	      0.00000000	      0.00000000
      6.28050000	     -2.60265600	     23.04495500	     -3.07854000	      1.29335700	      0.01150000	     -0.47745900	      0.00000000	      0.00000000	      0.00000000	      0.73409400	      0.01150000	     -0.55476200	      0.00000000	      2.52037000	      0.00000000	      0.00000000	      0.00000000	      0.00000000
      6.28100000	     -2.65104000	     27.40610300	     -3.52400900	      1.29252900	      0.01150000	     -0.47754400	      0.00000000	      0.00000000	      0.00000000	      0.73392300	      0.01150000	     -0.55468900	      0.00000000	      2.58848900	      0.00000000	      0.00000000	      0.00000000	      0.00000000
      6.28150000	     -2.69135600	     32.00557500	     -3.99080800	      1.29170000	      0.01150000	     -0.47762900	      0.00000000	      0.00000000	      0.00000000	      0.73375200	      0.01150000	     -0.55461600	      0.00000000	      2.65513400	      0.00000000	      0.00000000	      0.00000000	      0.00000000
      6.28200000	     -2.72285800	     36.84920800	     -4.47901700	      1.29087100	      0.01150000	     -0.47771300	      0.00000000	      0.00000000	      0.00000000	      0.73358100	      0.01150000	     -0.55454300	      0.00000000	      2.72041000	      0.00000000	      0.00000000	      0.00000000	      0.00000000
      6.28250000	     -2.74483500	     41.94267900	     -4.98870800	      1.29004200	      0.01150000	     -0.47779800	      0.00000000	      0.00000000	      0.00000000	      0.73341000	      0.01150000	     -0.55447000	      0.00000000	      2.78437700	      0.00000000	      0.00000000	      0.00000000	      0.00000000
      6.28300000	     -2.75664200	     47.29148400	     -5.51993800	      1.28921400	      0.01150000	     -0.47788300	      0.00000000	      0.00000000	      0.00000000	      0.73323900	      0.01150000	     -0.55439600	      0.00000000	      2.84705600	      0.00000000	      0.00000000	      0.00000000	      0.00000000
      6.28350000	     -2.75773300	     52.90090900	     -6.07274500	      1.28838500	      0.01150000	     -0.47796700	      0.00000000	      0.00000000	      0.00000000	      0.73306700	      0.01150000	     -0.55432300	      0.00000000	      2.90843000	      0.00000000	      0.00000000	      0.00000000	      0.00000000
      6.28400000	     -2.74767600	     58.77601000	     -6.64715000	      1.28956400	      0.01150000	     -0.47616000	      0.00000000	      0.00000000	      0.00000000	      0.73289600	      0.01150000	     -0.55425000	      0.00000000	      2.96845000	      0.00000000	      0.00000000	      0.00000000	      0.00000000
      6.28450000	     -2.72618600	     64.92157700	     -7.24314000	      1.29074300	      0.01150000	     -0.47435200	      0.00000000	      0.00000000	      0.00000000	      0.73272500	      0.01150000	     -0.55417700	      0.00000000	      3.02703600	      0.00000000	      0.00000000	      0.00000000	      0.00000000
      6.28500000	     -2.69313300	     71.34211200	     -7.86065600	      1.29192200	      0.01150000	     -0.47254500	      0.00000000	      0.00000000	      0.00000000	      0.73255400	      0.01150000	     -0.55410400	      0.00000000	      3.08409300	      0.00000000	      0.00000000	      0.00000000	      0.00000000
      6.28550000	     -2.64855400	     78.04179500	     -8.49957700	      1.29310200	      0.01150000	     -0.47073700	      0.00000000	      0.00000000	      0.00000000	      0.73238300	      0.01150000	     -0.55403100	      0.00000000	      3.13951500	      0.00000000	      0.00000000	      0.00000000	      0.00000000
      6.28600000	     -2.59266200	     85.02445400	     -9.15971700	      1.29428100	      0.01150000	     -0.46893000	      0.00000000	      0.00000000	      0.00000000	      0.73221200	      0.01150000	     -0.55395800	      0.00000000	      3.19318900	      0.00000000	      0.00000000	      0.00000000	      0.00000000
      6.28650000	     -2.52583600	     92.29353000	     -9.84081900	      1.29546000	      0.01150000	     -0.46712200	      0.00000000	      0.00000000	      0.00000000	      0.73204100	      0.01150000	     -0.55388500	      0.00000000	      3.24500000	      0.00000000	      0.00000000	      0.00000000	      0.00000000
      6.28700000	     -2.44862800	     99.85204400	    -10.54256100	      1.29663900	      0.01150000	     -0.46531500	      0.00000000	      0.00000000	      0.00000000	      0.73187000	      0.01150000	     -0.55381100	      0.00000000	      3.29483600	      0.00000000	      0.00000000	      0.00000000	      0.00000000
      6.28750000	     -2.36175300	    107.70256100	    -11.26455700	      1.29781900	      0.01150000	     -0.46350700	      0.00000000	      0.00000000	      0.00000000	      0.73169800	      0.01150000	     -0.55373800	      0.00000000	      3.34259100	      0.00000000	      0.00000000	      0.00000000	      0.00000000
      6.28800000	     -2.26609900	    115.84715300	    -12.00635500	      1.29899800	      0.01150000	     -0.46169900	      0.00000000	      0.00000000	      0.00000000	      0.73152700	      0.01150000	     -0.55366500	      0.00000000	      3.38817000	      0.00000000	      0.00000000	      0.00000000	      0.00000000
      6.28850000	     -2.16271700	    124.28736000	    -12.76743700	      1.30017700	      0.01150000	     -0.45989200	      0.00000000	      0.00000000	      0.00000000	      0.73135600	      0.01150000	     -0.55359200	      0.00000000	      3.43148500	      0.00000000	      0.00000000	      0.00000000	      0.00000000
      6.28900000	     -2.05281700	    133.02414700	    -13.54721500	      1.30135600	      0.01150000	     -0.45808400	      0.00000000	      0.00000000	      0.00000000	      0.73118500	      0.01150000	     -0.55351900	      0.00000000	      3.47245600	      0.00000000	      0.00000000	      0.00000000	      0.00000000
      6.28950000	     -1.93775100	    142.05786900	    -14.34503100	      1.30253500	      0.01150000	     -0.45627700	      0.00000000	      0.00000000	      0.00000000	      0.73101400	      0.01150000	     -0.55344600	      0.00000000	      3.51100300	      0.00000000	      0.00000000	      0.00000000	      0.00000000
      6.29000000	     -1.81899600	    151.38822000	    -15.16015100	      1.30371500	      0.01150000	     -0.45446900	      0.00000000	      0.00000000	      0.00000000	      0.73084300	      0.01150000	     -0.55337300	      0.00000000	      3.54704300	      0.00000000	      0.00000000	      0.00000000	      0.00000000
      6.29050000	     -1.69814800	    161.01419500	    -15.99176700	      1.30489400	      0.01150000	     -0.45266200	      0.00000000	      0.00000000	      0.00000000	      0.73083600	      0.01150000	     -0.55334800	      0.00000000	      3.58050100	      0.00000000	      0.00000000	      0.00000000	      0.00000000
      6.29100000	     -1.57691000	    170.93403900	    -16.83899300	      1.30607300	      0.01150000	     -0.45085400	      0.00000000	      0.00000000	      0.00000000	      0.73083000	      0.01150000	     -0.55332200	      0.00000000	      3.61131600	      0.00000000	      0.00000000	      0.00000000	      0.00000000
      6.29150000	     -1.45709200	    181.14520400	    -17.70085800	      1.30725200	      0.01150000	     -0.44904700	      0.00000000	      0.00000000	      0.00000000	      0.73082400	      0.01150000	     -0.55329700	      0.00000000	      3.63945200	      0.00000000	      0.00000000	      0.00000000	      0.00000000
      6.29200000	     -1.34061000	    191.64432900	    -18.57630700	      1.30843200	      0.01150000	     -0.44723900	      0.00000000	      0.00000000	      0.00000000	      0.73081700	      0.01150000	     -0.55327200	      0.00000000	      3.66489800	      0.00000000	      0.00000000	      0.00000000	      0.00000000
      6.29250000	     -1.22949300	    202.42733900	    -19.46418000	      1.30961100	      0.01150000	     -0.44543100	      0.00000000	      0.00000000	      0.00000000	      0.73081100	      0.01150000	     -0.55324700	      0.00000000	      3.68767400	      0.00000000	      0.00000000	      0.00000000	      0.00000000
      6.29300000	     -1.12589200	    213.48960000	    -20.36321300	      1.31079000	      0.01150000	     -0.44362400	      0.00000000	      0.00000000	      0.00000000	      0.73080400	      0.01150000	     -0.55322100	      0.00000000	      3.70783300	      0.00000000	      0.00000000	      0.00000000	      0.00000000
      6.29350000	     -1.03208600	    224.82603400	    -21.27201200	      1.31137600	      0.01150000	     -0.44446500	      0.00000000	      0.00000000	      0.00000000	      0.73079800	      0.01150000	     -0.55319600	      0.00000000	      3.72546600	      0.00000000	      0.00000000	      0.00000000	      0.00000000
      6.29400000	     -0.95049000	    236.43113000	    -22.18904900	      1.31189200	      0.01150000	     -0.44526200	      0.00000000	      0.00000000	      0.00000000	      0.73079100	      0.01150000	     -0.55317100	      0.00000000	      3.74071200	      0.00000000	      0.00000000	      0.00000000	      0.00000000
      6.29450000	     -0.88365900	    248.29892100	    -23.11266000	      1.31234300	      0.01150000	     -0.44602100	      0.00000000	      0.00000000	      0.00000000	      0.73078500	      0.01150000	     -0.55314600	      0.00000000	      3.75376200	      0.00000000	      0.00000000	      0.00000000	      0.00000000
      6.29500000	     -0.83428300	    260.42298200	    -24.04105300	      1.31273600	      0.01150000	     -0.44674400	      0.00000000	      0.00000000	      0.00000000	      0.73077800	      0.01150000	     -0.55312100	      0.00000000	      3.76486000	      0.00000000	      0.00000000	      0.00000000	      0.00000000
      6.29550000	     -0.80518800	    272.79640300	    -24.97233200	      1.31307500	      0.01150000	     -0.44743300	      0.00000000	      0.00000000	      0.00000000	      0.73077200	      0.01150000	     -0.55309500	      0.00000000	      3.77429500	      0.00000000	      0.00000000	      0.00000000	      0.00000000
      6.29600000	     -0.79932600	    285.41178500	    -25.90451400	      1.31336600	      0.01150000	     -0.44809100	      0.00000000	      0.00000000	      0.00000000	      0.73076600	      0.01150000	     -0.55307000	      0.00000000	      3.78239000	      0.00000000	      0.00000000	      0.00000000	      0.00000000
      6.29650000	     -0.81976200	    298.26122100	    -26.83555100	      1.31361200	      0.01150000	     -0.44872200	      0.00000000	      0.00000000	      0.00000000	      0.73075900	      0.01150000	     -0.55304500	      0.00000000	      3.78949100	      0.00000000	      0.00000000	      0.00000000	      0.00000000
      6.29700000	     -0.86965500	    311.33629000	    -27.76334100	      1.31381900	      0.01150000	     -0.44932600	      0.00000000	      0.00000000	      0.00000000	      0.73075300	      0.01150000	     -0.55302000	      0.00000000	      3.79595100	      0.00000000	      0.00000000	      0.00000000	      0.00000000
      6.29750000	     -0.95223500	    324.62803800	    -28.68573600	      1.31399000	      0.01150000	     -0.44990700	      0.00000000	      0.00000000	      0.00000000	      0.73074600	      0.01150000	     -0.55299500	      0.00000000	      3.80213000	      0.00000000	      0.00000000	      0.00000000	      0.00000000
      6.29800000	     -1.07077800	    338.12696400	    -29.60053700	      1.31412800	      0.01150000	     -0.45046500	      0.00000000	      0.00000000	      0.00000000	      0.73074000	      0.01150000	     -0.55296900	      0.00000000	      3.80838300	      0.00000000	      0.00000000	      0.00000000	      0.00000000
      6.29850000	     -1.22857700	    351.82301500	    -30.50548200	      1.31423700	      0.01150000	     -0.45100400	      0.00000000	      0.00000000	      0.00000000	      0.73073300	      0.01150000	     -0.55294400	      0.00000000	      3.81506300	      0.00000000	      0.00000000	      0.00000000	      0.00000000
      6.29900000	     -1.42893300	    365.70557500	    -31.39823200	      1.31431900	      0.01150000	     -0.45152300	      0.00000000	      0.00000000	      0.00000000	      0.73072700	      0.01150000	     -0.55291900	      0.00000000	      3.82252500	      0.00000000	      0.00000000	      0.00000000	      0.00000000
