time_moment,hip_flexion_r_moment,hip_adduction_r_moment,hip_rotation_r_moment,knee_angle_r_moment,ankle_angle_r_moment,hip_flexion_l_moment,hip_adduction_l_moment,hip_rotation_l_moment,knee_angle_l_moment,ankle_angle_l_moment,lumbar_extension_moment,lumbar_bending_moment,lumbar_rotation_moment,arm_flex_r_moment,arm_add_r_moment,arm_rot_r_moment,elbow_flex_r_moment,pro_sup_r_moment,arm_flex_l_moment,arm_add_l_moment,arm_rot_l_moment,elbow_flex_l_moment,pro_sup_l_moment
0.0,0.3505497911450857,0.24352379534676116,0.09630817138635622,0.32256284841903804,0.23097374045306013,0.24228016100953823,0.19206513310311504,0.07625716896480961,0.07659027736408905,0.01509737808532057,0.30797305675351705,0.11315188097081143,0.0733344689422693,0.018824168657487306,0.026227778728278407,0.011727700857585304,0.015295422073616291,0.0006298747728608033,0.027436872815785742,0.019767089283669735,0.011114528256881718,0.008224705415444834,0.0007396439331971091
1.3877787807814457e-17,0.3505497911450857,0.24352379534676116,0.09630817138635622,0.32256284841903804,0.23097374045306013,0.24228016100953823,0.19206513310311504,0.07625716896480961,0.07659027736408905,0.01509737808532057,0.30797305675351705,0.11315188097081143,0.0733344689422693,0.018824168657487306,0.026227778728278407,0.011727700857585304,0.015295422073616291,0.0006298747728608033,0.027436872815785742,0.019767089283669735,0.011114528256881718,0.008224705415444834,0.0007396439331971091
2.7755575615628914e-17,0.34772021976334094,0.2451364069133808,0.09221249978038983,0.318252411005925,0.22605750589430224,0.24182250026961885,0.1919559227547117,0.07645390767357843,0.07678945329705104,0.015002955602228535,0.3075332046389512,0.11223501030603081,0.07350408478997476,0.01919065357680408,0.026262030280024218,0.011774000644024686,0.015412049705279192,0.0006282472220346857,0.02736126156464826,0.019753022377102643,0.01108785788663243,0.008197048725586669,0.0007479413526279842
0.0,0.34291116192203636,0.2480773433317714,0.08436889390535614,0.3089074048315828,0.21460320923333684,0.24094943615041292,0.19157005571756902,0.07683740954501503,0.07742316683657745,0.014848607119168206,0.30653734362296714,0.1105520931418085,0.07415886193664659,0.019876342838847216,0.0263683135858788,0.011895939446531,0.01564880824668784,0.0006258922055550571,0.027223175019830202,0.019738499807695157,0.0110397004354646,0.008154177365361137,0.0007650949293534038
5.551115123125783e-17,0.3363955403614804,0.25114554935421435,0.07698713720954609,0.29672639968710807,0.1998744725184418,0.24017101669061214,0.19136332132472164,0.07707723067092234,0.07836599185957306,0.014687076702994994,0.30482065189838736,0.10871154281158421,0.07512823722492715,0.02054922007241119,0.026400429196737723,0.011988840540062733,0.015872431448863498,0.0006229887437169917,0.02703715577600947,0.01972549520803266,0.010986796664958817,0.008148835372107921,0.0007821678521938137
0.0,0.3298054849510183,0.25472403914778474,0.07108902589030548,0.2839503222643159,0.18400352056825806,0.23930850664289122,0.19146602232515839,0.0773913500399699,0.07948439874578972,0.014528026198432714,0.3029163895707611,0.10679746846337974,0.07642824195474525,0.021173152680856285,0.02639945818879367,0.012071751973228819,0.01608359464063834,0.0006205818762093096,0.026848128843486627,0.019714152241674325,0.010936348088848137,0.008178800651679644,0.0007991230784520076
0.0,0.32285492616097416,0.2585570654457411,0.06635004344835913,0.26996570586989027,0.16637676003686994,0.23834816629596078,0.1915463444612123,0.07767383345774274,0.08075448472391289,0.014371432252631208,0.3008072898751359,0.10490059044185275,0.07794366894798084,0.021715401308433885,0.026398063001015923,0.012158784037645233,0.016277731071174268,0.0006185044476207233,0.026701123295094827,0.019697972221610745,0.010886332346576964,0.008254350181151964,0.0008159646016011957
0.0,0.31538593479307486,0.2624022184669486,0.06336329471591066,0.2547196694064599,0.1461699970841784,0.23732546464147578,0.19172111942018336,0.07799527595006386,0.08213898834252094,0.01420624101413194,0.29834801324879323,0.10305566142137774,0.07971606339107674,0.02209217858869433,0.026404591845298992,0.01225628875070166,0.016420468510260224,0.0006161950299202493,0.026622158519403305,0.019679222687913042,0.010834068856707237,0.008386193349964597,0.0008320862540041157
1.1102230246251565e-16,0.3084961442745956,0.266467969176817,0.06332815469609987,0.23976715782878988,0.12612398659130847,0.23614919336796783,0.19200578750651098,0.07832779342429959,0.08358808824876138,0.01403932094609884,0.2956462646228289,0.10132564897109328,0.08169514025920767,0.022365133926769865,0.026403445841441824,0.012361768359323701,0.016538627112957994,0.0006147332988673761,0.026557842041544686,0.0196632000145681,0.010784900951359432,0.008557769116221458,0.0008475969725234562
1.1102230246251565e-16,0.30216054766738015,0.27068208176887193,0.06552433132099314,0.22590877906807819,0.10775743711114294,0.2347827205540612,0.19230852706605175,0.07864465844635729,0.08503881356205308,0.013873790907547217,0.29281120343181194,0.09980295654991027,0.08379520038034369,0.022553995798920673,0.026380762226089982,0.0124677139105922,0.016644846963900263,0.0006142125867585068,0.026482405662818686,0.019652373429440113,0.010740277040684714,0.008771356390580933,0.000862551281406939
0.0,0.29721221221699046,0.2744680062222523,0.06846410475777526,0.214048048248951,0.09250935376401816,0.23333156462291152,0.19267571214944293,0.07896256524893501,0.08649016638172344,0.013703314830645578,0.2898450913005284,0.09855170728702782,0.08600763241249373,0.02259879050048456,0.02631004709906415,0.012567771627051328,0.016730962150389488,0.0006149287565136663,0.026371656287119998,0.01965245603555161,0.010702463421859458,0.009021152337306864,0.0008763070883180528
2.220446049250313e-16,0.29318772806670773,0.2777221917470273,0.07110694208845973,0.20374513547492742,0.08231676340551561,0.23166062822404096,0.1930841419039272,0.07925087381660613,0.08785585217335704,0.013530399029706746,0.28659356532764924,0.09761290168424046,0.08831233264184146,0.022544819643423305,0.026203601496534504,0.01265983667450077,0.016807184522108387,0.0006167259930203664,0.02620764616565524,0.01965946321760808,0.010670790841920335,0.00930542006953664,0.0008890494963427997
0.0,0.2901811377354756,0.28057009920109405,0.07397053971644424,0.19577785277868473,0.07870240409496021,0.229781514828804,0.19344487752285233,0.07952220939303081,0.08911097401374152,0.01336044339492969,0.2832402258733363,0.09707603952686017,0.09060537173017763,0.022420302028429616,0.02608520207853097,0.012750685174367244,0.016872934134358725,0.0006191383859441942,0.026020921311874057,0.019675174624631152,0.01065271390671738,0.00962043133050078,0.0009009969720652343
2.220446049250313e-16,0.28889645032788797,0.28273624687713733,0.07706034309262634,0.1904033279899348,0.081798990198324,0.22778388800686858,0.19373290281238117,0.07975986007925061,0.09027586902665276,0.01319099704749859,0.2798688145927808,0.09693237689479613,0.0928615323065551,0.022205496124470356,0.02596971470811128,0.012851137591577588,0.016924667566094787,0.0006222383403627064,0.025830318050730616,0.019700152169221254,0.010649405506934054,0.009957243320784497,0.0009116012835158899
0.0,0.28764528101871634,0.284009961152751,0.08014954337503238,0.18577797780638886,0.08845947982334243,0.22549974719801902,0.19402047802882266,0.07998391366606666,0.09121608456336926,0.013021707785999105,0.27621705850486344,0.09712758416143288,0.09513304683324982,0.021956014543535005,0.02589530451686268,0.012982687304728053,0.016974942228767022,0.000626118800491347,0.02565051484074063,0.019733644753239566,0.01066002077778786,0.01031861134516634,0.0009210165522204697
2.220446049250313e-16,0.2873460506716571,0.28475171789955744,0.08270824792570816,0.18212466248254594,0.09594260848060236,0.22296176666007192,0.19408316461613787,0.08011777257577754,0.09198160384134493,0.012855330903678722,0.27250734293731227,0.09785891069834507,0.09718327668530946,0.02172623752130853,0.025804391725843045,0.013090674934710294,0.01703325377795565,0.0006298430059397981,0.025417025176406937,0.019765759923854848,0.010694563303770254,0.01069441281777789,0.0009295726000341576
2.220446049250313e-16,0.2875542768510545,0.284887739284453,0.08449370177889785,0.1787758528740209,0.10265530610530516,0.22019291575130623,0.19397989532023907,0.08017069166732504,0.09256915012969144,0.012694809386438197,0.26884364521771814,0.09900256984555805,0.09903584326285138,0.02152275868007103,0.025725732041889667,0.013196048776668816,0.017104903656110337,0.0006335540947007055,0.025162698968266752,0.019799759823144386,0.010752270459356087,0.011080870830076367,0.0009368553261579366
2.220446049250313e-16,0.28715653651386813,0.28405857151661773,0.0859310841708248,0.17459056236748127,0.10735839011730312,0.2172841415327911,0.193841693881739,0.08022909541469667,0.09292202755046997,0.012541966432017162,0.26495739019133085,0.10043140653816929,0.10081628007250797,0.02137602625741958,0.025707132567925835,0.013333906972396812,0.017194319492743377,0.0006375865840676123,0.024940469073500542,0.019840805624869902,0.010832406010823383,0.011480782870956555,0.0009429607606894686
2.220446049250313e-16,0.2879753134065209,0.28238536969160577,0.0869432731705945,0.17065769274240686,0.10874080430358286,0.2143942745153976,0.1935565181194571,0.08023547689360497,0.09313402529255692,0.012405242726077011,0.2611027959489782,0.10223451476108468,0.10242256773187584,0.02127948461635086,0.02572210478233752,0.013483152923525147,0.017297879236981898,0.0006417740834448158,0.02471600497160703,0.019886558576669586,0.010942767315625183,0.01188327808530856,0.0009481909687964417
2.220446049250313e-16,0.2888596340038685,0.28028738881400056,0.08648593774320609,0.16704851995132955,0.10692116030077962,0.21145802100562813,0.19309214024413637,0.08013836700677385,0.09318604234318759,0.012278890391501039,0.2573531689905182,0.10438278829830468,0.10375380010625856,0.021237650220405652,0.025723376209085522,0.013603545512915535,0.017423248275999406,0.000645421322522231,0.024443247624112163,0.019930792891241254,0.011079286266087894,0.012292839987952532,0.0009522597243101676
0.0,0.2901022838191816,0.27761953527880123,0.08430906678210597,0.16421689160503655,0.1027682612825847,0.20850693932073944,0.1924517972653531,0.07997981683930014,0.09305656815565493,0.012158674498999726,0.2536024985170893,0.10684491080391781,0.104814722763432,0.02126591262197536,0.025710258704793234,0.01369522119851826,0.017574580969870322,0.000648454561937303,0.02413555467919544,0.01996999694929404,0.011240937940451348,0.01270980508428368,0.0009552471404063399
0.0,0.29307298917045316,0.2743231636081893,0.08133850128701933,0.16395866527559053,0.09599040529000616,0.2056327272766075,0.19167653391510578,0.0797831620869969,0.0928360630897211,0.012060409224478373,0.2499541552094851,0.10951426650349867,0.10570623813327767,0.021335377988777847,0.025716145340289976,0.013784684779263624,0.017742234636890394,0.0006515148904268176,0.023834375046376317,0.020015085134808326,0.011430313166836254,0.013128325300968163,0.0009573775437029238
4.440892098500626e-16,0.29665965840961767,0.2706873904933271,0.07766861107503181,0.1668502160916243,0.08890558164076363,0.2027596386445676,0.19088938084582086,0.0795899465656931,0.0925140973911349,0.011981763157028204,0.24647824956339723,0.11232651550870991,0.10645946707066756,0.02145132440566973,0.025732628740794374,0.013866348210421372,0.017929719171623542,0.000654310457670905,0.023542951755231727,0.020066406800903602,0.011641855631726357,0.013555158050466785,0.0009584643459111686
0.0,0.3017881115404358,0.266815073489725,0.07346206326009976,0.17334298397759912,0.08377074822123602,0.19998435523511177,0.19007100192698545,0.07942709484419812,0.09213631918093593,0.011920405605208049,0.2431724075550368,0.11526157246266203,0.10708597059274554,0.021616200533429514,0.02575923609849156,0.013941324218148032,0.018136370343520555,0.0006569341615693491,0.023272285166580912,0.02011970430244245,0.011871890631530515,0.013988972177956195,0.0009586258826046191
0.0,0.30835767807628084,0.2628302660847375,0.06915800152860119,0.18387007711056044,0.08217755403731902,0.19730399014169892,0.1891801220751891,0.07927139938446626,0.09175013592971927,0.011880556295395774,0.23997259714185154,0.11823624991289744,0.10762203471919168,0.021802551799225998,0.025791301356938884,0.01400680181865105,0.018355377602650186,0.0006595828821669272,0.02302197361309809,0.020179539188274715,0.012114413142134626,0.01443722808402833,0.0009580306731386258
0.0,0.3159988650148244,0.25894942424299644,0.06494772153315577,0.19714531955031034,0.08512026436730302,0.19478092999939814,0.18833174795948726,0.07916893951796285,0.09139979017358804,0.011863300083499662,0.23695426658546034,0.12120237434621801,0.10811256697456632,0.02199674370046918,0.0258209059227887,0.014060886994501292,0.0185849926394605,0.0006620675326461278,0.02279962603575882,0.020244114905096183,0.012363042820479956,0.014897794715734582,0.0009564906837143842
4.440892098500626e-16,0.32449426335149406,0.25526796081346054,0.06118891752097599,0.21224867092788696,0.0922668098800701,0.19244721188091668,0.18750989871950935,0.07913456916849308,0.09110774429587042,0.011865989711599734,0.23409186769824397,0.12416122872381521,0.10858212320104062,0.022185987826408512,0.025851959084337524,0.014108000582689599,0.018819953906124783,0.0006646592225428168,0.022600825738446784,0.020312735751263147,0.01261308803956729,0.015372063157297857,0.0009541577562504601
4.440892098500626e-16,0.332679178774186,0.2518404589539949,0.05811455065919743,0.2271904739688289,0.10081268788641139,0.19028177579194522,0.18662173062604198,0.07913114850913386,0.09092226230614252,0.01188882564011619,0.231290229255816,0.12699982808891666,0.10905594746175254,0.02235229739775123,0.02587358124627306,0.01414222854589816,0.019054666228333156,0.0006674000258794199,0.022421662276223196,0.020386165912982653,0.012853732806030858,0.015868041066681306,0.0009511430500397742
0.0,0.3404786628368926,0.2486230023853677,0.05581094274079552,0.24139387121006195,0.1094128195867582,0.18838722021897494,0.1857655650324757,0.0792014589356686,0.09085159296835388,0.011935058076077542,0.22860443628623908,0.12976109437609956,0.10956953089920521,0.02247805118832098,0.025884820792397203,0.014165637194478352,0.019285399900620864,0.0006702687504268444,0.02225371550479835,0.020463877741039898,0.013084001951820277,0.016378170815390686,0.0009473628927454334
0.0,0.34708300655309166,0.24564776338362893,0.0543682847797716,0.2543330581778225,0.11780675866498523,0.18668167258213678,0.18491789275392223,0.07934262562186932,0.09087965455774195,0.012000213372771613,0.22599670721364984,0.13247409364926171,0.11012251702443916,0.02256101731455038,0.025890714567505545,0.014182913820349008,0.019509718870270778,0.0006734704511671165,0.022087938724179294,0.02054576340036392,0.013301559262432174,0.016906648949686305,0.0009430969277052049
4.440892098500626e-16,0.3512927326990401,0.242979449589149,0.05357173931239416,0.2636567248144533,0.12391845056455077,0.18514380824432033,0.1839912451326898,0.07952146857136591,0.09103224646604535,0.012081092434512927,0.2233675681934604,0.1350141371781677,0.11072615109705354,0.022609745264763913,0.025877788876145152,0.014186974563930997,0.019726512179318187,0.0006768919454315898,0.021925036708527787,0.02062758133349772,0.013497040680537179,0.017461445037429614,0.0009385559629672833
0.0,0.35367802432788764,0.24042838928421514,0.05340750108309552,0.27072838598664234,0.12887288530740135,0.1837160247528502,0.1830207216520728,0.07974753836163219,0.09125216657092407,0.012178603688702943,0.22085246044793033,0.13748702396267984,0.11138479902861989,0.022622520904368674,0.02585580659472666,0.014183446972112797,0.01993510061936123,0.000680588853631471,0.021756539611303322,0.0207102909009677,0.013677606443316833,0.018031819889106796,0.0009338257060127076
4.440892098500626e-16,0.3537762011923379,0.23805859598608226,0.05371971040231241,0.2744757395910168,0.1320229135140776,0.18246138814864823,0.18197990554855117,0.08001426487393473,0.09155502300367592,0.012291062875420361,0.2184048573423776,0.13989705988033127,0.11209270547716275,0.022602427158465766,0.025821620189316958,0.014173060243923584,0.020132503369295042,0.0006845898682552873,0.02158367380826251,0.020789463377377446,0.013838323774418832,0.01862328431240999,0.0009292269282281105
0.0,0.35130956580632633,0.23597627398052085,0.0543750467384784,0.2742733020543044,0.13317156212034867,0.18131947006878524,0.1808145354462935,0.0802921211639007,0.09192448963936166,0.012414629384498263,0.2160458194374892,0.14217506825360968,0.11284474317859276,0.022560275713333532,0.025773029961450637,0.014153568583357874,0.020318998122331667,0.0006888443804643332,0.021410029905313346,0.020863950822158486,0.013976383303850938,0.019239040978925887,0.0009249674516067866
4.440892098500626e-16,0.34703996392447134,0.2340779271793784,0.05539159080609478,0.27173687874433256,0.13361492290368526,0.18025877767964885,0.1795321363096259,0.08056733580241972,0.09231620220036875,0.012552854397515857,0.2139686990198604,0.14442740020115105,0.1136360223514056,0.022502682651754674,0.025719600197168797,0.014129925220507879,0.02049576491407478,0.0006933734400154038,0.021234497681301527,0.02093432095373255,0.014099256745023736,0.019868507626440646,0.0009212828265992125
0.0,0.34143023759680136,0.23243810568178047,0.056569326390510294,0.2657455437327053,0.1329779493316286,0.17945624664597634,0.1781001118075535,0.08083589351648225,0.09272816829013412,0.012702378839110426,0.2121808913447461,0.1466107785801969,0.11445300573213771,0.022437043939825013,0.025651941009044027,0.014099242450913568,0.020660861566035315,0.0006981438209254503,0.02106697236345375,0.020993979904806243,0.014201076114754787,0.02051682523773733,0.0009184240153684014
4.440892098500626e-16,0.3349713188650817,0.2312536967371683,0.05795978031761111,0.25719910237219934,0.1329369026130713,0.17879400600692721,0.17654304359065381,0.08108378209903405,0.09313562791182328,0.012859595257753402,0.21070422821722018,0.14867872947625166,0.11526969341393144,0.022370771050405153,0.025577630853914592,0.014063450771100652,0.020815388363200377,0.0007031259254872746,0.020909277250601346,0.02104815827573511,0.014286731084109721,0.021178196303714415,0.0009165102105066872
0.0,0.3282621360289342,0.23046690115417526,0.05953715547362526,0.24719092072392299,0.13435901896492317,0.17820864991486096,0.17482586222307392,0.08127147629727016,0.0935070449482415,0.013026851864470761,0.20971663467056903,0.1507114649398381,0.11608207912066783,0.022317260127569107,0.025500203413492774,0.014024485941978105,0.020961846262653416,0.0007082459824974389,0.02076677168038774,0.021095416477227895,0.014361444316241798,0.021846196061305858,0.0009159156792617998
4.440892098500626e-16,0.322041215978755,0.23012518681290456,0.06120097430219378,0.2357779438318451,0.1379187263678795,0.1777431684955247,0.17299919047813286,0.08141355782736093,0.09382465692127671,0.013200179631837488,0.20929844215217225,0.152655011421027,0.11685286283352643,0.022280121216474266,0.025414700137612614,0.013981028860573123,0.021100329643293298,0.0007135725001162768,0.020651678995881776,0.02113309254803907,0.014424934746644127,0.022521192623689124,0.000916750707432838
0.0,0.31686966629293956,0.23033651786630624,0.06295856132619786,0.22401688991616223,0.14458655185251693,0.17736480171675165,0.17109092380893354,0.08150461058260992,0.09407458880459399,0.013379553788525884,0.2094270114042705,0.15448194739182228,0.1175742673725795,0.022267732088277103,0.025329128676554288,0.01393512644949994,0.021231920472242965,0.0007189926040988356,0.02056539267577476,0.02116662809331859,0.014484346064852296,0.023195494237965048,0.0009190253268639165
0.0,0.31279195714360747,0.2310621453937098,0.06473804986066174,0.2125285405029664,0.1538182715616828,0.1769778154417243,0.16906175742623605,0.08148455011238309,0.09422162545550464,0.013563627400826754,0.21018662418883274,0.15624351164908895,0.11824269431439108,0.022287583630179134,0.02524073039749212,0.013886121792578433,0.021358051976080365,0.0007243889672195048,0.02051605611853682,0.02119301321314862,0.014543146002485656,0.02386502997221777,0.0009231271821017727
8.881784197001252e-16,0.3097576649540988,0.23223063472881378,0.066505302319346,0.20203938485411782,0.16527437060551275,0.17659269366692046,0.16703764606782828,0.08139658782623892,0.09424522372691152,0.013746997611330967,0.211519276681457,0.1578897024347946,0.11882331290983512,0.02232896300341287,0.025151123811775537,0.013834679344016804,0.021480896314540154,0.0007299468261613723,0.02050466680972404,0.021216396565303882,0.01460314244038194,0.024530020497093807,0.0009289672389626141
0.0,0.3079724724553756,0.2339020094335329,0.06824222820527194,0.19277334004589752,0.17854555215730142,0.17615018287498835,0.16500920747149322,0.08122712501687182,0.09415334245678174,0.01393023432930937,0.21332417682662502,0.15939610307744642,0.11932343620999644,0.02239197136613055,0.025065015489802476,0.013782248861630632,0.021599266493158697,0.0007355530922932132,0.02053133660684814,0.021238074751962776,0.014668338642185039,0.025187202959933482,0.0009365054204018045
0.0,0.30697428370246593,0.23607281469096927,0.0698997218786442,0.18508548864431082,0.19315002245225413,0.17557135221894327,0.16297494260043455,0.08093442657634643,0.09393194118871954,0.014110048623209118,0.2155332516827355,0.16080214316156186,0.11974888361826493,0.022470479426250727,0.024975545284106337,0.013727044667692525,0.02171339156218752,0.0007410407362002597,0.020594157901089417,0.021258145127011692,0.014737857383546226,0.02583499783555872,0.000946021060376318
8.881784197001252e-16,0.3068409680822791,0.2386056059542207,0.07144667123968917,0.1792196177767895,0.20834861603930555,0.17490093354000397,0.16105345151466513,0.08055711162330505,0.09359977951062723,0.014287415612624383,0.21813909590076616,0.16203749938150994,0.12006552102805831,0.022553741081752166,0.024887642197326032,0.013670451618612972,0.021825376678808416,0.0007466175697631652,0.020687855900499364,0.02128055356878416,0.014811756924802775,0.026469570013625935,0.0009571856040678687
0.0,0.3072092003827122,0.241540349126476,0.0729387124709968,0.17504375825945173,0.22381484123562323,0.17406685212015588,0.15925972100727365,0.08009019249558044,0.09317084106680908,0.01446395419184,0.22107622868619997,0.16308442373842147,0.12029177192210676,0.02263706380858909,0.024801822565411687,0.013612224612161656,0.021932932043539518,0.0007522278875852136,0.02080957546812616,0.02130609268533154,0.014890947805459296,0.027088804956260024,0.000969900001013196
0.0,0.30766916843088976,0.24484473969592357,0.07431592342001068,0.1724868764459915,0.239543745924714,0.17301729282424663,0.15759459100172982,0.07951700155349874,0.09264784374136334,0.014637788138848522,0.22424361282704164,0.16398385636898685,0.12041936948289625,0.022716449160783678,0.02471198117316735,0.013551766567215733,0.02203682148780502,0.000757635591660356,0.02095569834531698,0.021337152003919415,0.014975336937667514,0.027690796511759756,0.0009843095604335174
0.0,0.3080982395274459,0.2483610932833471,0.0755801064404855,0.17154073388604169,0.255011006739473,0.17171098636482648,0.15614583956422934,0.07885240893206485,0.09205495227326535,0.01480943855583051,0.2276681420291853,0.1646427017802407,0.12042918935118042,0.022783846610548653,0.024624183970102357,0.01349064413108517,0.022138731859941797,0.0007630370448120423,0.021116728830288107,0.02137546880719893,0.015062421728064546,0.02827191646981473,0.0009999287525513166
0.0,0.3079808199446164,0.2521707193000116,0.07679459472722062,0.1720281574243021,0.2704894978942296,0.17013750864259802,0.15495083975800977,0.078117483001986,0.09140679536461367,0.01497833367597394,0.2312370021591339,0.16508715358583045,0.12034473382815677,0.022835004028487777,0.024533828319891777,0.013426640413261061,0.022236044193298634,0.0007684306765813536,0.021292649738823357,0.021423082126194593,0.015152439294620748,0.028833922450693678,0.001016707881141882
8.881784197001252e-16,0.3071528487492772,0.2561982832041722,0.07791193538194055,0.1736493482861711,0.285914049345513,0.16825369418432423,0.1539681955417811,0.07729617812373932,0.09071096862677502,0.015145289453540902,0.2348969661957157,0.16536960337022394,0.12015436887575336,0.022867483660348326,0.024438281647456442,0.013360977100214092,0.022329181071439445,0.0007735379757707208,0.02148044225088959,0.02148148792134581,0.01524504249940333,0.029374439975677815,0.0010346919845436863
0.0,0.3055455078199173,0.260346466760888,0.07889561951772238,0.17654995976662277,0.3009427878531481,0.16609813437250154,0.15325730979053007,0.07639349645382625,0.08997328690036438,0.01530698404665663,0.23865381482995815,0.16539841779368367,0.11984890839446631,0.022876411831494727,0.024344230196903544,0.013295430278093249,0.02242049440742312,0.0007785043046441634,0.021669641031581265,0.021549762731795114,0.015335796417538235,0.029891109927772663,0.0010533049377585777
0.0,0.3029896521013406,0.26473200196302366,0.0797628111811442,0.18050536393874828,0.31587097093702976,0.16375965985265786,0.152832463154397,0.07543586360410652,0.08921642058616581,0.015462582230847123,0.24242568979987522,0.16524859135540382,0.11945539596238369,0.022862351657922008,0.024243841799145547,0.013226884578938756,0.022507422951409197,0.0007833875877715634,0.021868322113968636,0.02162981488109504,0.015425495547166667,0.03038875269789591,0.0010726512848828992
8.881784197001252e-16,0.2995108166847746,0.26921130854937103,0.08053112932838724,0.18548137137705697,0.3304439475694144,0.16118776016049727,0.1526359105417954,0.07440744262176366,0.08844424000007288,0.015613562857725105,0.24618869310407676,0.16497052615842744,0.11895936513801834,0.02282155710621778,0.0241368244106037,0.01315696997681352,0.02258953964948458,0.0007879315817422237,0.022068254976748653,0.02172308746846219,0.015511919473989277,0.03086459783380557,0.0010926610651055037
0.0,0.2950071862757662,0.27381959896640873,0.08109136423513533,0.19140885617529776,0.34458572831480466,0.15838914108740948,0.15269835198929865,0.07330414678130294,0.08765693179827216,0.01575508278321551,0.24994563716426965,0.16447238840154435,0.11834918261584657,0.022756135110345015,0.02402795780897205,0.013087112367063128,0.02267099039799803,0.0007921340452446532,0.02226547871550666,0.021825474427195575,0.015591601885771864,0.031317286568896624,0.0011126612351902627
8.881784197001252e-16,0.2897756801278945,0.278681528180305,0.08147521464789352,0.1978661655377444,0.3584998940802333,0.1554933515184114,0.1530055539530172,0.07215311254395743,0.08687647950483976,0.015889614191751424,0.25369572712819877,0.1638690804998565,0.11765218063438367,0.02267000875541293,0.02391188322780924,0.013015260944914635,0.022749427449898864,0.0007961363485106799,0.022473766855060757,0.021938739570466843,0.015666580339674514,0.03175334956583225,0.0011329923290221353
0.0,0.28401971995554437,0.2837567733007067,0.08172393868609637,0.20465893213286535,0.3722362783073844,0.15248735724772244,0.15349345983553284,0.07094133575507175,0.0860936309416523,0.01601421341468902,0.2574217129631022,0.16316645951315373,0.11686658503058298,0.02256231683409815,0.02378609553891387,0.012941634605105652,0.022824281870225033,0.000799694962816889,0.022689560468931124,0.022063497117257583,0.015733706689017718,0.03217128840311308,0.0011534084509647981
0.0,0.2776934947030989,0.28905478407821755,0.0817490306865127,0.2117208373772794,0.38564000958222105,0.14933705866236618,0.15417168686505345,0.0696573959845953,0.08530928868500258,0.016126758256268237,0.26118206033631397,0.16230794582957628,0.11597718953675851,0.02243771263412482,0.023653411581462624,0.012867193362500771,0.02290125420918109,0.0008026770586280008,0.022909256677252476,0.022193500049467612,0.015791065295902053,0.032569895345224,0.0011732236053069913
8.881784197001252e-16,0.27135362390617424,0.2946703351968114,0.08159258982691765,0.2188065937485576,0.3988024445108459,0.14618992749852225,0.15502322712001376,0.06832174694326454,0.08453996673736026,0.016231773381173112,0.2649886537566221,0.16140434704463927,0.11501566473693871,0.022296904806692913,0.023511563692529727,0.012790973192593,0.022977660097794072,0.0008052837651254924,0.023145659933864863,0.022331054016757203,0.015841352899251416,0.03295506482491406,0.0011929834884521974
0.0,0.2653655832959762,0.3006210351422338,0.08129332125719292,0.22580157774282603,0.41165041515390083,0.14309191084415135,0.15598306969774456,0.06693140034518016,0.0837797228035626,0.0163260570879749,0.26884422059340024,0.16044044976482102,0.1139918960501186,0.0221429067300874,0.02335673561657484,0.01271173814260737,0.023053865495574453,0.0008072792980888241,0.023398206969960093,0.022474279616390716,0.015881213020655274,0.033324905832839105,0.001212256191027758
0.0,0.2597850845766234,0.30684001702504,0.08086230141376623,0.2326517237637447,0.42421637296591364,0.1400650319550113,0.15706967772354347,0.06546994622992955,0.08301277530748645,0.016405730914288225,0.27280859973087335,0.15941695315392823,0.11289798964999219,0.02198074316712413,0.023193223509333595,0.01263141614816704,0.023135839674595246,0.0008085652176998989,0.02366265286556914,0.022617235236860413,0.015910386695114798,0.03367942627566884,0.0012304436369537355
8.881784197001252e-16,0.25476581449835145,0.3133602978980206,0.08034112598905048,0.23936715239191533,0.4364308681748963,0.1371948880188772,0.15825278011233676,0.06395684052575416,0.08225399909549146,0.016475169529270903,0.27683824135062635,0.15842128730567293,0.11175309275186755,0.021808449923581375,0.023021504586698893,0.01255015738753951,0.023221199245763168,0.0008092769549601346,0.02394700722211443,0.022763088076722074,0.015931819697530686,0.03402298377428171,0.0012481538691030325
8.881784197001252e-16,0.25062382535415567,0.32025466858925217,0.07979379849390082,0.24578241597315093,0.4482631441013118,0.13452984501600804,0.1594686223180984,0.06239847351606763,0.08149693822431102,0.016529729404356673,0.280937801902587,0.15743788268718634,0.11058081039205277,0.02163308832497746,0.02283841325141857,0.01246645408577494,0.02331199282043967,0.0008091845042598221,0.024252043605997867,0.022908656098503857,0.015942398079007086,0.034355023011314836,0.0012649122095146183
0.0,0.24702059897343837,0.32745484735042657,0.07931800106995966,0.25195636812718675,0.45992860383693557,0.13201643811122296,0.16075368060058692,0.06078312782592342,0.08070061505120965,0.01657003618365062,0.2850880049804635,0.15649383421175136,0.10938777049538237,0.021462153823201657,0.022648970443282644,0.012381950285576553,0.023415875090075484,0.0008083664939548664,0.02457158073843225,0.023051319476893033,0.01594421789261861,0.03467837993576231,0.0012800972044916838
0.0,0.24413872096795167,0.3349176976235011,0.07894427879022398,0.25788797421882653,0.47112880300029497,0.12977045397370243,0.16207390987864714,0.05911910677918223,0.07989822713361723,0.016598014897962154,0.28930344907248035,0.15564428515992984,0.10817520639229783,0.021288572397970388,0.022451773242041523,0.012297220814488596,0.023528611840366427,0.0008068235555673582,0.024906697474418652,0.023193398024404614,0.01593754719829819,0.0349946376843821,0.001294446326556587
8.881784197001252e-16,0.24207149408115747,0.3427393181225198,0.07878044669999047,0.26343817353346705,0.48197593477390493,0.12788292859855172,0.16338883047859307,0.057416959994000163,0.07908051458920388,0.016609094319839472,0.2935577472384246,0.15488077107034623,0.10698286123945933,0.021121784358961147,0.02224601492631961,0.012211252158586896,0.02365438169940395,0.0008044293839137865,0.0252629941547027,0.023332881108936374,0.015922020184236618,0.03530415465339446,0.0013075422418201215
0.0,0.2404410108222121,0.3508908116716897,0.07891407923089813,0.2684805738660394,0.4926360745197786,0.1263124296526813,0.16471376370038981,0.055666311332259674,0.07821622538505203,0.016600063041810425,0.2978267518487136,0.15421901091108392,0.10583183740430192,0.020965583183350133,0.02203383076029319,0.012123975711717607,0.023800950877530615,0.000801135828246433,0.025638487298976373,0.02346894485576721,0.015899703593474132,0.03561150826797153,0.0013186971510279009
0.0,0.23920125622744792,0.3591783463450044,0.07938156229479615,0.27308491751066194,0.5028785244639711,0.1250587202722692,0.16604437733604568,0.05387434778626677,0.07733992782697055,0.016575600263740223,0.3021756493856471,0.15371741317349305,0.10472059416097597,0.020811154966466357,0.021816158496883536,0.012037610987548476,0.02396559034886765,0.0007971421145157566,0.026023350559841178,0.023602290772948814,0.01586918904009227,0.035916076121688234,0.0013288280530171469
0.0,0.23808054217975363,0.36763031524894385,0.08025790333747572,0.27731528514378967,0.512800228635948,0.1241244348882481,0.16732426793726465,0.0520825663037598,0.0764658053826871,0.016536149721876496,0.3065393886436728,0.1533528862165513,0.10368702610103082,0.02067032564649084,0.021596564380805868,0.011952569713023492,0.02415007168843621,0.0007922889190666198,0.02642057428489237,0.023731586446498934,0.01583167415346451,0.03621656334693441,0.0013376037138744482
8.881784197001252e-16,0.2367832670108936,0.3762021137573862,0.08156597448541913,0.28129607715709526,0.5223347835166625,0.12347961116014214,0.1685453290217894,0.05030056459428808,0.07559069713677166,0.016482270815536815,0.31086890761138963,0.15312481606793227,0.1027510907492632,0.020548180850582857,0.021376276776984667,0.01186796703843253,0.024356672964814783,0.0007865135730554063,0.02682654138358014,0.023857888728211162,0.015787110168012285,0.03651289772587297,0.0013441270690900955
8.881784197001252e-16,0.23553864911882377,0.3846623482768917,0.08333307399103604,0.2851136356633175,0.531333782227572,0.12316937945108085,0.16972320093734233,0.04850867696457386,0.0747440915642126,0.016413378467077813,0.3152452364175733,0.15309173485745398,0.10192976888598973,0.020435981623168117,0.021156722142248726,0.011786934092221318,0.0245817594090025,0.000780128480665502,0.027235829892943438,0.023983064758302787,0.015734192257438325,0.03680479616121268,0.0013495464906756935
0.0,0.23427024304600486,0.39310598401865166,0.08554845838858484,0.28880905358845016,0.5398458554637069,0.12320969443871709,0.17081786089159898,0.046763819419013405,0.07393133843031813,0.016332907284422587,0.3195894102243811,0.1532266813800409,0.10124486238938966,0.020341580249866913,0.020941431051658608,0.01170972293237777,0.024827653276870348,0.0007729505049835438,0.027650382361374147,0.02410460729653571,0.015675057127684067,0.03709475652828526,0.0013536973818541137
0.0,0.23274481865799948,0.40143816539646554,0.0881698508406116,0.2924900011838389,0.5477443386954265,0.12359130788880592,0.17179527511920986,0.04506479924918241,0.0731495092306386,0.01623896600877404,0.32387306630870993,0.15353432318832871,0.10070834395263607,0.02026437281562102,0.02073117289303562,0.011636321377952527,0.02509656482457475,0.0007649232253114838,0.028066964467224554,0.024223188192483803,0.015608408091150456,0.03738286217469283,0.00135554746183134
8.881784197001252e-16,0.23114201030575146,0.40950140196993084,0.09118234987573953,0.2962801114019349,0.5550095042265129,0.12432815500610964,0.17267829472989393,0.043411429317282084,0.07241877271943352,0.016133364510330817,0.32813526606048626,0.15406379633039677,0.100354702949188,0.020201223374571906,0.020528094641603035,0.011568972630126444,0.02538709423289896,0.0007564832907560733,0.02848317149870364,0.02434170255476421,0.015534190144350453,0.03766965106011919,0.0013564331880772866
1.7763568394002505e-15,0.22946825764422793,0.41730884057924805,0.09451643896805365,0.3000062177172055,0.5616838798842477,0.1253969633097702,0.17343593210899613,0.04184827012123653,0.07174680147775087,0.016017712294793828,0.33232824131143013,0.15479411720732997,0.10019063350517056,0.020154287328291914,0.02033385351455275,0.0115083804131763,0.02570063018587882,0.0007475277008071486,0.028898130409033967,0.02445615467727263,0.015453835206122918,0.0379582331701985,0.001356389771648582
0.0,0.22757347632938735,0.4247662085550789,0.09807809798851733,0.3037819985074349,0.5677021823294404,0.12680936488706776,0.17402438999393174,0.04037644699657833,0.07113076097153508,0.01588960882242177,0.3364167844360161,0.15573146712553623,0.1002061186696558,0.02011866055527648,0.020152104474883265,0.011456254213519102,0.026037740304940223,0.0007379922835247354,0.02931136009807129,0.02456707873333246,0.015366288991529833,0.03824867730899571,0.0013542330197002272
8.881784197001252e-16,0.22560351149758248,0.4317728118085,0.10183963154743043,0.3076107633250626,0.5730830563477877,0.1285421017615923,0.17445044696477732,0.03900491597983386,0.07058198134355695,0.015753115912857142,0.34042346256621936,0.15689414611898014,0.10045440444215142,0.020094238114352243,0.01998113287659575,0.011411740615974593,0.026398710534841538,0.0007283129344555162,0.029722218810265193,0.02467796914898057,0.015271438920643704,0.038541744618931756,0.0013513612982468729
8.881784197001252e-16,0.2236003867090207,0.43825764551314156,0.10570872184394096,0.31130555790234476,0.5777707725794012,0.13055250696605117,0.17470381847307098,0.03777574223108262,0.07010419749057084,0.0156072478322899,0.3443281132747246,0.15826603570321232,0.10091725900370468,0.020082544795897123,0.01982323819728645,0.01137781545217554,0.026783360688868836,0.0007185329288613207,0.03012757767041968,0.024783774769361226,0.015169846909545816,0.038839724955059864,0.0013479771569730493
0.0,0.22164158301994222,0.44421740383515335,0.10958808549948175,0.3149320282653109,0.5818028766061202,0.13286520318193593,0.17475999892327554,0.03668273305826738,0.06969006739110824,0.015450723159057397,0.34809058298183704,0.15985002236797127,0.10158056967433028,0.020076173043744212,0.019682392339864865,0.011354807687253016,0.02719083283194791,0.0007086117528726485,0.030530413838721713,0.02488592887255985,0.015061576497703396,0.03914242326364791,0.0013429018313346312
0.0,0.21971338478034683,0.4495182846556666,0.11345668778502895,0.3183806401291003,0.5852674919258941,0.1354418789230444,0.17460432406506138,0.035736400301083326,0.06935003357310267,0.015288821954988869,0.3517394430920495,0.16164136408641228,0.10248738226648939,0.020075796219501684,0.019554487370454243,0.011340654236849141,0.027622827813527383,0.0006989750452923774,0.030930674947664882,0.024986803884842163,0.014946321298434444,0.03945183285664571,0.0013374643242508018
8.881784197001252e-16,0.21787185871359366,0.45404402006134853,0.11721353774578253,0.32156521776671065,0.5880817372028591,0.13821418483437944,0.17423109315784122,0.03497604957664129,0.06907640826353915,0.015118804001349703,0.3552399761882627,0.1636058900534555,0.10360197439375853,0.02008756510946857,0.01944316290863997,0.011340647478623275,0.02807763441551132,0.0006897832503209956,0.03132470612512667,0.02508183432987702,0.01482367689096045,0.039768384556802504,0.001332112785146543
0.0,0.21630815282189966,0.45791838819218533,0.12080511739655209,0.3245450690124458,0.5903798911746855,0.14120906695450036,0.17365891305381242,0.03438000558715973,0.06886399066208682,0.01494074009564056,0.3585666209386146,0.1657481081724092,0.10491479007006572,0.020103665626628242,0.019351140653775717,0.01135242510946852,0.028553167815478276,0.0006810691152167952,0.03171743999289089,0.025173321238596766,0.0146951744940296,0.04009195560885851,0.0013258201292155186
0.0,0.21489760288201648,0.46092122308448286,0.12419017402129354,0.32717356506786244,0.5922593917527837,0.1443695088297137,0.17283885353645867,0.033956864470475405,0.06872360465660794,0.0147585830560017,0.3617470458105844,0.1680587865763633,0.10644245879566264,0.020124470571988403,0.019273543520724593,0.011374542669162014,0.029052340930953373,0.0006732098715404256,0.03210794226389713,0.02526177355843281,0.01455996783283099,0.040425697295500725,0.0013196785746091744
1.7763568394002505e-15,0.21364798117648764,0.46293511308087676,0.1272825307655327,0.3294151207443142,0.5937080368424149,0.14762210846539234,0.1717576064278242,0.03373538761143937,0.06863288617361929,0.014569385708472273,0.3646997698904653,0.1704970164273645,0.10814554698627127,0.020160353227524703,0.019215847920138543,0.011414292883212728,0.029571709134369885,0.0006663663924157172,0.03249190124152798,0.025343178567815663,0.01441740465990108,0.040766518677749955,0.0013143065727311322
1.7763568394002505e-15,0.21274506006118749,0.4641816904942994,0.13008365015660958,0.3313138057860808,0.5948667223872989,0.15100965208641812,0.17047130810722488,0.033678102706657574,0.0686014000436887,0.014375703977799319,0.36746334941157494,0.1730492474326982,0.11001794827871726,0.020206285477744904,0.019176398235328993,0.011464453463823245,0.03010996295805181,0.0006606554277700578,0.03287586334893004,0.0254213297892908,0.014270094036020095,0.0411168341439359,0.0013087963161870927
0.0,0.21207090641976173,0.46446455861641456,0.13252240005117,0.3327837390900572,0.595823245573039,0.15449725962063585,0.16894704849356193,0.0337873900260306,0.06862931077500646,0.014179228253684983,0.3700193705493013,0.1757336253073628,0.11204384973052472,0.020262353477227504,0.01915542876227779,0.011527620324761791,0.030668018202933,0.0006564320556018679,0.033256913328569664,0.02549517670947361,0.014116900334620701,0.041476987290136096,0.0013040625384225716
0.0,0.21157898686399595,0.46363637488544257,0.13455060561713375,0.33379289815278296,0.5966177807846847,0.15799742280741552,0.16715115454330226,0.03407270337829174,0.06869718415296562,0.013978463555975755,0.3723061844093278,0.1785122189340192,0.11420792537043906,0.020340905603434354,0.019154745922241093,0.011608920173361558,0.031243858193593856,0.0006537636629482682,0.033630402140668314,0.025561252823580887,0.013958109124109606,0.0418443910571194,0.0013008085089138463
0.0,0.21139674219447388,0.46194621529894003,0.1361885463163668,0.3343791385390777,0.5973688947764526,0.1615414053761885,0.16515450832616735,0.0344940367607515,0.06881765872880574,0.013775884995858998,0.37438888612013427,0.18131844351318271,0.11648830877304477,0.020443802098160654,0.019172322138243485,0.011700486390642166,0.03183591536436509,0.0006528450095302972,0.03400351066356305,0.02562466386912714,0.013795850907547529,0.04222279740312808,0.0012983462461123453
0.0,0.21147308404186763,0.45932216124950953,0.1373894074131749,0.3345423381509903,0.5981514077054871,0.16511833024315065,0.16295214104416092,0.03504327287611385,0.06898127635852282,0.013572072782727559,0.3762078536803521,0.18422498707712714,0.11885628753996876,0.020565296565685065,0.019212093550287475,0.011807005421318191,0.03244213313946487,0.0006538797452136053,0.03437224413067401,0.025682876727517595,0.013629116924233122,0.04260701387558336,0.0012973010263459524
1.7763568394002505e-15,0.2116772357829076,0.455552168272386,0.13811539567824213,0.33423475356479343,0.5990105537990441,0.16864100175169208,0.16049636301095613,0.035721623613291044,0.06918082720904306,0.013366394407209789,0.3777186562080877,0.18720534983636594,0.12132327727598184,0.02072086679936279,0.019272980853749785,0.011931000707929327,0.03306248821645644,0.0006569161573879134,0.03473169400720493,0.025734043519712972,0.013459006984308066,0.042996742688491706,0.0012983273886895835
1.7763568394002505e-15,0.212075199153336,0.4509056132670987,0.13839830665769406,0.3335218346852009,0.6000465775129868,0.17212495219361582,0.15788004926775256,0.03649729082202958,0.0694283064878328,0.013161282680835718,0.37901533771551327,0.19017116261436803,0.12385040537924352,0.0209146522642925,0.019351184227251083,0.012064978678191096,0.0336957819948778,0.0006620838450722068,0.035089944418639114,0.025783121689356564,0.013288107680702613,0.04339647384778634,0.001300921335978941
0.0,0.2126940170931918,0.4454182494562866,0.13825940404085169,0.33244995035135994,0.6013035775744199,0.17556604956781308,0.15507893628577638,0.03734683348548742,0.0697017822975362,0.012956220640766675,0.3800075816132259,0.1931862728021553,0.12640795007818284,0.021136347912590378,0.019453991190394038,0.012213972301615514,0.0343372935062144,0.0006693354741555005,0.03544164066022468,0.02582665480371298,0.013113943123512464,0.0437964428888424,0.0013054692384917583
0.0,0.2134140241247446,0.43892536232198637,0.1376428135053574,0.33098541087956246,0.6028052798662702,0.17889337209794465,0.15211936587044206,0.03828009946581376,0.07001465323314873,0.012751300252301435,0.3807091482730836,0.19627025390989858,0.12901857826404786,0.02140093886886216,0.019578014902265718,0.012378249171788584,0.03498722602320195,0.0006786964503899588,0.03578233276156287,0.025864094902513103,0.012939868008083428,0.044198895237637814,0.0013124145153400012
0.0,0.21426674426677403,0.4316170640847368,0.1365913092656345,0.3291794379640399,0.6046006003007143,0.18208833659142495,0.14902002227565736,0.03927114783008453,0.07036553450680377,0.012547895820994425,0.3811737606434916,0.19932477544138977,0.13164487881925444,0.021713250712684616,0.019720114906617573,0.012552652102336623,0.035644611873302576,0.0006901142330848466,0.03612030826711526,0.02590015074587939,0.012766957915322103,0.04460611228413223,0.0013214667319336047
0.0,0.21529553734313336,0.4236323466311459,0.13518838935080577,0.327121980971033,0.6067200573799115,0.18517329137749206,0.14577364844467525,0.040285059047921866,0.07073425817899945,0.012346110121322066,0.3813325497189515,0.2023690524126283,0.13424977779186384,0.022060016066053026,0.019885892555216615,0.01273949891575792,0.03630542807854084,0.0007034285276985083,0.03645084085779434,0.025930720194111995,0.012592653668454117,0.04501104490762728,0.0013327964237148692
0.0,0.21639377330918455,0.414938862110702,0.13336544344343673,0.3247692469559952,0.6091569112638914,0.18810333304965687,0.1424814163883863,0.04133837940628135,0.07114087513962254,0.012145974991133499,0.38124206811664885,0.20546858307425936,0.13685676308895545,0.022451941264788427,0.020074221890224838,0.012939775677769171,0.03696709874153499,0.0007184493604531143,0.03676994299387295,0.025957500910662994,0.012422419142311342,0.04541240981752412,0.0013465142997331353
0.0,0.21754419343846906,0.4055956101237783,0.13120250541258416,0.32216094627087133,0.6119409883487572,0.19084508731662064,0.1390741187292974,0.04240368539928678,0.07157842017513329,0.011948454976436049,0.38088229035008997,0.20853619997116804,0.13944008431270327,0.022891202792955753,0.020281535376811256,0.013149800111005855,0.037629133775731204,0.0007350528936403394,0.03708310222091571,0.025984200136749548,0.012255289087057893,0.04581098438487191,0.0013624784462417194
0.0,0.2187785435891601,0.39580521617163633,0.12877827453943763,0.3193966885831132,0.6150768753400061,0.1934161539027399,0.13558996364279843,0.04345322254956666,0.07203027740273543,0.01175377611808294,0.3802508198717957,0.21154011570196996,0.14195966171238233,0.0233673508424085,0.020510090049718117,0.013369323268543978,0.03828994181551508,0.0007531109925769192,0.03738726908066382,0.02600679130578095,0.012090560322659497,0.04620404848261957,0.0013806603200792206
0.0,0.22001685771849053,0.3856191619788121,0.1260872354410669,0.3164551558724022,0.6185244502784883,0.19580951900571594,0.13213216714309786,0.044505948300940276,0.07251698427818226,0.011562494002341652,0.37942089200202583,0.21456156071824423,0.1444406083869918,0.023887643195859003,0.020760079872110596,0.013599204236877074,0.038946357452476585,0.0007722115209207152,0.037679792298631394,0.026028264572677557,0.011933548524095079,0.04658920712651485,0.0014009833091617179
1.7763568394002505e-15,0.22118441327551305,0.3751087102097416,0.12320149908988857,0.313378554346385,0.6223150062588935,0.19797978230776173,0.12861703216367273,0.04552866072126351,0.07303425551503444,0.011374435405704863,0.3782903168477933,0.21754539855211688,0.1468740959902419,0.02444607283512606,0.021031722770687884,0.013838119606164273,0.039594156147040836,0.0007921880100938824,0.0379649514685655,0.026051828583550367,0.011783066227982322,0.046961191880896695,0.0014233063438931102
1.7763568394002505e-15,0.22239387539040503,0.3644222781959318,0.12019284126897958,0.3102712640413749,0.6264186499252608,0.19995273517883821,0.12511724354375056,0.04651233197066118,0.0735644198069888,0.011190857338665115,0.3769599646854941,0.22044734977185254,0.14921346333065336,0.025036270650266833,0.021321072810701336,0.01408322917861318,0.04023649635455189,0.0008130632824984534,0.03824017392884551,0.026073431559644453,0.011640161449445246,0.04732440325756428,0.0014474297288982589
0.0,0.22374553172564965,0.35364110376797964,0.11710953409339185,0.3071051397405469,0.630773105973462,0.20176670188796267,0.12166686918678535,0.04746525143417677,0.07412488993952202,0.011013100211908983,0.37546245634004805,0.22330650484365094,0.15148794878344027,0.02566439709133464,0.02163106551587381,0.014336107391880936,0.04086907832591121,0.0008343500254195596,0.038504256225611155,0.026097127016596694,0.011508276034591338,0.04767568040931666,0.0014732399788431015
0.0,0.2250532495667483,0.3429256111377219,0.114020921227939,0.3039548231965341,0.6354125095030664,0.2033681938186595,0.11823556630289639,0.04835196742662083,0.07471563529951324,0.010839944256155346,0.37367966287828075,0.22611015583216693,0.15369514678144688,0.02631453559741376,0.021963750380930878,0.014595611331402542,0.04148285908910472,0.0008557128484679497,0.03875957809232792,0.02612595178570212,0.011387710775777299,0.048002628578018,0.0015005043028873553
0.0,0.22630583775401042,0.3323327016046256,0.11098597423915026,0.3008999863048738,0.6402867976928064,0.20476007920999723,0.1148978869215821,0.049177388419268185,0.07532716598952112,0.010672158254985086,0.3717646409299816,0.22880004160912845,0.15578845990215634,0.026985471357895502,0.022310196222702167,0.014858374440855159,0.042086718405622274,0.0008774616237952605,0.03900660180529052,0.026156181173335902,0.011280320863717837,0.048316838658709414,0.0015290178070778283
0.0,0.22748315016607287,0.321965731186239,0.10808231771334265,0.2978983935816877,0.6453297400744864,0.20594805286072712,0.11161412218534576,0.0499387458485141,0.07596473424948003,0.010510922661324511,0.36967844553485507,0.23138492791345064,0.15780187798371464,0.02768555015733968,0.022675291733316394,0.015126369202960595,0.04267433973328667,0.0008990391833343947,0.0392421505389536,0.02619287386678271,0.011188552769439102,0.04861190054595865,0.001558669466251793
1.7763568394002505e-15,0.2285611416262427,0.3120245499195566,0.10537380862573961,0.29502883102099386,0.6505581669868387,0.20691864262954618,0.10842669136656448,0.050621315015387004,0.07662892555204792,0.010354759851086248,0.36740674605571083,0.23389583826684926,0.15973104572008262,0.028395385948211047,0.02306050627669931,0.015397626598048676,0.043240421730683556,0.0009202163775175526,0.03946988532416385,0.02623835556515666,0.01111430798180457,0.04888067587858392,0.0015893372240669593
1.7763568394002505e-15,0.22947673072809,0.3025253507971147,0.10289227053987168,0.2923593604980321,0.6559094964145967,0.20765212249182632,0.10536597902733105,0.051211639802702,0.0773177393673479,0.01020349290705773,0.36504179307072965,0.2362204423001008,0.16153678931623863,0.029112368405403172,0.023458272107037506,0.015670019785711413,0.04378876250833319,0.0009411918834248824,0.03969230564271172,0.026289758967765847,0.011058719781368924,0.04912918098031615,0.001620612732121355
0.0,0.2294936329600976,0.2935470049956403,0.10072105603626928,0.2898263968062906,0.6613304501993763,0.20778912059188653,0.10243387668847936,0.051699131632079794,0.07789984958298897,0.010043835588157485,0.36241613768443187,0.23842013344375113,0.16327592776798813,0.02981022463063284,0.023873382567806717,0.015943294725875433,0.044306237853716166,0.0009615795207658931,0.03990898346393058,0.02635458121039467,0.011032636484247547,0.04934886978949649,0.0016526103442058267
0.0,0.22968410174822115,0.2852222340022611,0.09889358102712682,0.28753680381727936,0.6668130826315312,0.20790456906384536,0.09959913012845857,0.05211704958431736,0.07851960093861536,0.009900019544921751,0.3597547369472047,0.24050555204736523,0.16491411272801046,0.030526843152173334,0.024303118784832843,0.016217095505215214,0.044805621552254545,0.0009813226907528687,0.04011780025727927,0.026431347209341347,0.011026502866436944,0.04954482587687304,0.0016852262697886144
1.7763568394002505e-15,0.2305061129730027,0.27761488921221616,0.09737206221423028,0.28560036596153227,0.6722715022991855,0.20809720086058964,0.0968500069212686,0.05243529741940734,0.07924915158437056,0.009773094279352893,0.3571403256753301,0.24232397093741911,0.1664088258516168,0.03126025228672608,0.02474545292540781,0.01649113667093245,0.04528367593693156,0.0010002138874907977,0.04032064554712502,0.026516885227193126,0.011037588593105867,0.04971476267501103,0.0017177198107759853
0.0,0.23123172976328585,0.2707325949675676,0.09622677104997447,0.2838939482431139,0.677678505289747,0.20810048394078953,0.09416506365107125,0.05266527390461621,0.07999441793380188,0.009654733759318551,0.354443432065287,0.24399262453716267,0.16781036930394072,0.03199994831879306,0.025201280685048295,0.016763683559407414,0.045734506914942887,0.0010182325694299574,0.04051467933407844,0.02661731816734214,0.011074783895870697,0.04985550233510736,0.001750358473928827
0.0,0.23185424645560412,0.26456573264747857,0.09545817801852025,0.2824899240830157,0.6830273573777075,0.2079180202079193,0.09158528509596045,0.05281897591435447,0.08075242974239577,0.009543506482108575,0.3517904253887745,0.2455149273951185,0.16911289500590926,0.03273989745826402,0.025666762484759558,0.017034151293663,0.046164532074894196,0.0010354842229844004,0.04070447172740041,0.02673191225488631,0.011137323196525328,0.04997286919526251,0.001783229589646767
0.0,0.23171395539600093,0.2591362737932548,0.09495004216581839,0.28150267249551164,0.6882418856870719,0.20735010153218353,0.08912116009911318,0.05282821199652371,0.08142181762041267,0.009435777866415489,0.3490402228187065,0.24676044386430318,0.17029895115681357,0.03344415326809928,0.026143465358722955,0.017301142408553884,0.04655682962592522,0.0010515656532944927,0.040898224352869224,0.02686030376401651,0.011229527859893203,0.05005191494641511,0.0018157766879026334
0.0,0.23135725211418226,0.25443334644779986,0.094731150945318,0.28077112233909934,0.6932860204354314,0.20661511827209708,0.0867242756479727,0.05274413474779765,0.082073309255284,0.009341001396023726,0.34627361607915974,0.24781402213365009,0.17137818377229594,0.034145026907938525,0.02662927929153915,0.01756384996082523,0.046916200707188105,0.0010665603960917415,0.04108646425858233,0.027004514066115426,0.011348700922190615,0.05010007167512322,0.0018481372407418027
0.0,0.23167159959237602,0.25039613528659493,0.09478908732787487,0.28038072558038707,0.6981511413944993,0.2059497865802632,0.0843654873225144,0.05261032314261885,0.08286538180471047,0.009254810217477462,0.34376343106676105,0.24871960959848494,0.17233810924937928,0.034864016924235734,0.027122892603890506,0.017824157778379354,0.04726020561893017,0.0010806862980169848,0.04127045299503722,0.027161425571011245,0.01148866790105118,0.05012763041659008,0.0018802206576643773
1.7763568394002505e-15,0.2319217825097229,0.2469681061169355,0.09497566017439242,0.2804444716922019,0.7027623698826724,0.20514946719313124,0.08207567427982256,0.0523651434836909,0.08367278680328977,0.00917490931252542,0.341344409624743,0.2493842151842684,0.1731652200103048,0.035565734931493634,0.027625699821043067,0.01807963142153137,0.047572475921669306,0.0010937697862748238,0.04145964948805914,0.027331183137286125,0.011653663538480432,0.05012243795875729,0.0019115763203171544
1.7763568394002505e-15,0.23207568510331836,0.24412582787290946,0.09523835156391762,0.2807770797584139,0.707095941126493,0.20419504429724486,0.07987780663126438,0.05204187997524712,0.08450134897531775,0.009102685833980575,0.33904211134552753,0.24981559777686826,0.17386594394220553,0.03625698048214195,0.028134915227531834,0.018329006860023752,0.047846795023277953,0.0011055987248061291,0.041647554560951004,0.02751635788657172,0.011843457241765451,0.05008391645303733,0.0019424857097178835
0.0,0.23215393145297256,0.24177632233279395,0.09562071905213464,0.28145967779528813,0.711166895725486,0.20312402350951952,0.07776140897741142,0.05165619207568362,0.0853389804831182,0.009038784863409116,0.3369103974382165,0.2501316308197214,0.17446282867640128,0.03694051839120755,0.02865183940896304,0.018575351290566717,0.04809740567921305,0.0011166826488206317,0.04184224616660721,0.02771674029102572,0.012057188326562933,0.05002149266984405,0.0019731675887564634
0.0,0.23149712473756326,0.23985082963516705,0.09601185803221686,0.2825361399265511,0.7149139468895264,0.20183646232832134,0.07573166761819647,0.05118118040097863,0.08602408872691128,0.00899605028971328,0.3347758305093255,0.25027830333298406,0.17496296210455728,0.037600146641623006,0.029173692845553153,0.018816179674513784,0.04831491631684656,0.0011271377028905748,0.0420536689462794,0.02793224981730431,0.012295206602224074,0.04992896945660096,0.002003446305125377
0.0,0.23112532899821595,0.2383095585349889,0.0962315153092656,0.2838287102845231,0.7182974971316246,0.20051288070073256,0.07383337475246293,0.05066162816781375,0.08681273731191518,0.008954006679619292,0.3329200366951039,0.2502101000098722,0.17530115568997018,0.03825327535015884,0.02970422240068415,0.019052089797480718,0.04849513356561256,0.001136368986156043,0.04227001231500795,0.028160907800567087,0.012550457555012553,0.04980599755399836,0.0020331714670988365
0.0,0.23105826623798512,0.23711480611233768,0.09642309341168431,0.28541930806880017,0.7213268662867972,0.19914435373214026,0.07207461909761627,0.05012302677251122,0.08768404060505261,0.008910835262980272,0.3313814702254674,0.2500637985644982,0.17551947765920037,0.03890745793511849,0.030243808757762992,0.019284502093577946,0.04865371701266652,0.0011450749283089116,0.042495869416048576,0.0284036397470691,0.012824085958726892,0.04966229088393995,0.002062560704163586
1.7763568394002505e-15,0.23099397840287178,0.23623410334509803,0.0965376513916072,0.28729759751271716,0.7239551848861164,0.1976192570110186,0.07048226510461944,0.049567554604029146,0.08856076977446288,0.008868809214687521,0.3300442268941925,0.24982959307418784,0.17562823788495988,0.03955417740953895,0.030790261729740448,0.019513285972403847,0.0487857996525129,0.0011534692774538221,0.04274365905818246,0.02865950948665583,0.01311399835088927,0.04949831669196946,0.0020913330038963914
0.0,0.23088467655738112,0.2355775036615849,0.09633241890765634,0.2892978724839443,0.7261714329208826,0.195651561336754,0.06912159181308389,0.04900317733829201,0.08947451591756751,0.00881090477990167,0.3289428071912263,0.24941530974559986,0.1755598537795505,0.04018464665546473,0.03135311612034819,0.01974181624384833,0.048879892850014914,0.001161009751174694,0.04303124232115419,0.028926953788705745,0.01342044389824411,0.04930866148828167,0.0021199279949762144
1.7763568394002505e-15,0.23077549257747487,0.23517450831642206,0.09598099488579341,0.2915790144108992,0.7279617494135817,0.19396514278937607,0.06797519078711041,0.04845263999959592,0.09037760796356502,0.008779254129215314,0.32812486333412544,0.24892290711912696,0.17538357885387232,0.040810747941332555,0.03191682709465316,0.01996291541031733,0.04894828946059206,0.0011683872406242717,0.043312197317022946,0.029207060276363814,0.013738404534371427,0.049094044269537514,0.002148454215684029
0.0,0.23068812552178217,0.23502683523249535,0.09549025920547799,0.29408864693645476,0.7293242525063395,0.19234658624350587,0.06708117374325372,0.0479403545472806,0.09127234600942086,0.008759662311747645,0.3275230889470301,0.24837647066307209,0.17511269273619046,0.04143117115567317,0.03248552107138675,0.020181212212516123,0.048990928710338964,0.0011760290292922538,0.04361001597482389,0.02949712487773921,0.014064973864387958,0.048862675371380504,0.002176506969937862
0.0,0.23058814082581203,0.23507598303846117,0.09469325347478404,0.29671822591753977,0.7302660098396769,0.19067242760983785,0.06648860695847555,0.047477154198736285,0.09217742268167321,0.008743855402323432,0.3271891835752404,0.2477278135414236,0.1746909647260654,0.04203954690720177,0.033063290361947544,0.020397876654740885,0.04900260510055814,0.0011836460353112236,0.04393011897643733,0.02979551629357733,0.014398790626632529,0.04861024848178006,0.0022047277485891335
0.0,0.23050743074565308,0.23533329121468863,0.09366443916779148,0.2994872710107527,0.7307265563005552,0.1889503744133668,0.06619458710151974,0.04707111268181208,0.09307946279338708,0.008731662865514382,0.32714358050629855,0.24701375411618504,0.17412678808531146,0.04264251331257961,0.033646254147651065,0.020608714411204036,0.048987273661842586,0.0011913834588042987,0.0442661145871762,0.030101672615551855,0.01473960466890846,0.04833663953849456,0.0022330905306259165
0.0,0.2304875309236641,0.23584892907416688,0.09249960506974038,0.3023845882024373,0.730763688056128,0.18718977650338406,0.06621859639821713,0.04674920777296638,0.09397371662755115,0.008723245383426498,0.3272826242020423,0.24629156174507805,0.17346759469554468,0.043242578838574755,0.03423742636308422,0.020819595500196693,0.048947945522960196,0.0012000268033322775,0.04463250553962151,0.030412398933446425,0.015084249534598703,0.04805241288765137,0.0022611620711219245
0.0,0.230487090093327,0.23657114627274922,0.09112000998807045,0.3053311364878347,0.7304055565600522,0.18539859164307257,0.0665735133171506,0.04651682602876682,0.09487374668917227,0.008717765976477674,0.3276846536486574,0.24556480948326748,0.17268120013968852,0.04383295614473401,0.034833984456241404,0.02102902429360482,0.04888659529229715,0.0012094564049405822,0.045021600535217345,0.030727230819658054,0.015430027438214963,0.04775563722451342,0.0022897808952137945
1.7763568394002505e-15,0.2305113694383081,0.2375036321343428,0.08951476415446784,0.30833141536205616,0.7295753388954453,0.18358443082312867,0.06724847495590269,0.046375834171525035,0.0957615655981237,0.00871410601051821,0.32834783923108407,0.24482775491342915,0.17172007954267635,0.044417562612672386,0.03543406646576818,0.02123342481639621,0.04880164229499215,0.00121980901775757,0.045430509026341,0.031044017232849924,0.015775509283292084,0.04744507754562507,0.0023188135902517137
0.0,0.2306084620495357,0.2387141813180729,0.08781836118132749,0.31137217757736513,0.7283578906682352,0.18174533450764166,0.0682256548992499,0.0463401707824336,0.09663961123788915,0.008712639810549015,0.32913941633795823,0.24412858589880693,0.17066853349613018,0.04500104033946758,0.036041047640728394,0.021438631345076165,0.048694965414836,0.0012317242382004973,0.04586990603207475,0.03135881031695763,0.016118923217056526,0.0471283667855682,0.0023477686347617424
0.0,0.23077041159717054,0.24014599796737265,0.08602496165356016,0.3143954131273144,0.7268091468837605,0.1797271819918375,0.06948421676890447,0.04640951018268625,0.09752869041127515,0.008705910200614654,0.33014095547952804,0.243513645602624,0.16950941215078397,0.04557634993084922,0.036652698848347445,0.021643957486197286,0.04857605422171014,0.0012451809723277075,0.04634145458646552,0.03167356403856981,0.01646023311913867,0.046809529812809364,0.002377582062572216
1.7763568394002505e-15,0.23099432943850165,0.24180405443162417,0.08411493206543304,0.3173458199348383,0.7248533497766441,0.1774234993772278,0.07098172558479864,0.0465807896261026,0.09841566370577462,0.00868881930029435,0.33130987541533885,0.24292913257629364,0.16816237643587736,0.04614715162472748,0.03726621191847727,0.021845552250329407,0.048437629826940595,0.0012602144819055855,0.04684700522373469,0.03198317615261845,0.01679678252759901,0.04648719295082186,0.0024080214037648716
0.0,0.23124534213264886,0.24369779810764844,0.08218084973516628,0.320302377922257,0.7225640628216896,0.17606754037109293,0.07269195286584479,0.04685207994193027,0.09918005908549243,0.008686176013697701,0.3326277121773567,0.24244627360500837,0.1667380551616557,0.0467121744412365,0.03787782579666795,0.022045082611084746,0.048281181976257956,0.001277580809477084,0.04734696522727313,0.032281732657938746,0.017117470448860788,0.046162128207810696,0.0024387108021671506
0.0,0.2315716834287765,0.24579556198143482,0.08026942686146034,0.32328583787472415,0.7200138398302511,0.1745179196878014,0.07458022276725429,0.047214380106879936,0.09996943221779239,0.0086860381600548,0.3340801519384818,0.24210349716196933,0.16523946713339294,0.04727153742291423,0.038489519552848746,0.022244684276056373,0.04812120364351757,0.0012971898581415535,0.047874415749046224,0.03257648594096658,0.017432708599789952,0.04584116876999333,0.002470358995795085
0.0,0.23192039984042184,0.24806372146875952,0.0783856623602898,0.32621365559492854,0.7171570459388164,0.17263181452827014,0.07657273863137523,0.04765257097770873,0.10078046719271593,0.008688041235224707,0.3355855841807424,0.24182551072172695,0.1635819437415271,0.04782215680048402,0.03909296444573201,0.022439490150205063,0.047946297877872635,0.0013190353967897806,0.048419140636883434,0.032861084283705384,0.017736948968429034,0.045522040366268744,0.002502702230531997
0.0,0.2323923095049292,0.250477108592311,0.07658353182377946,0.32899951805452166,0.714043768461581,0.17082160563422286,0.078641650760469,0.04816506296008679,0.10154803803753214,0.008680403769609093,0.33709106946642947,0.24170072747536517,0.16182626938661912,0.04836976667603111,0.03969307130389967,0.02263224827549043,0.04776207324334616,0.0013434426270232534,0.048987502941110435,0.03312995324211231,0.018026161093858604,0.04521037765764186,0.002535403915132022
1.7763568394002505e-15,0.23296757822825556,0.25303229254882026,0.07490840226643017,0.33169155097408937,0.710747828413544,0.16930039528692134,0.08075809479236465,0.04873582169329432,0.1022465772029589,0.008660639871284237,0.3387023025957731,0.2417406496155977,0.1600198054397815,0.04891458216516952,0.04029177201762777,0.022824309163654848,0.0475831261014177,0.0013703989511322286,0.049580917966653176,0.03338690707308376,0.01830329491353333,0.04491152899523839,0.002569183119590366
0.0,0.2335700906935409,0.2556592614235993,0.07337814022463021,0.33434031173350154,0.7072564348672491,0.16807171628213627,0.08287452642469095,0.04934784859049607,0.1028959412932298,0.008650029059166392,0.3403159095091085,0.2418286594828747,0.15813159322623344,0.049444115431278204,0.040873174288692304,0.023010273147777344,0.047395676521373276,0.0014000924477309141,0.05016413744374306,0.03362794449871259,0.01856062350268005,0.04461865553520443,0.00260362892942619
1.7763568394002505e-15,0.23431217980491467,0.2582998913353822,0.0720149407864769,0.33689331372542397,0.7035940970715164,0.16643391796742105,0.08494207944397172,0.04998665653413437,0.1035811927918053,0.008642556755042224,0.3418272046116812,0.24206959377175147,0.15614659415615306,0.04996813658745705,0.041435807609483746,0.0231896873808098,0.04720749795470314,0.0014325463024031759,0.050760358038021786,0.033851475679607924,0.018802460246585814,0.044337422572680855,0.0026383922113371204
1.7763568394002505e-15,0.23509255993097344,0.2609845163713173,0.07084954221449882,0.33941023909191953,0.6998247789051745,0.1644768307980211,0.08695048853361446,0.05063687183421413,0.10428788814455607,0.008639135325112433,0.343299886074053,0.24246408924422172,0.15415202614538884,0.050487630369123404,0.041985425503364086,0.02336649261441459,0.04703261459785464,0.001467705653048126,0.05137190899935642,0.03406194588811935,0.019031374667206634,0.044072985025946976,0.002674012866756055
0.0,0.23600004205997138,0.2636338705740693,0.06990442517193532,0.34182829407079823,0.6959507663317974,0.16253405382015532,0.0888532792324703,0.05129592014072541,0.10496079085969143,0.00863288938471186,0.3446792758825018,0.24291823390942768,0.15212824061767297,0.050996323051942634,0.04251468434058759,0.02353672098792264,0.04685999192403357,0.0015055674935252148,0.051985518366183155,0.03425420373008324,0.01923977316106946,0.04382248170630373,0.00271008647359537
0.0,0.23708690756487386,0.26615795118264945,0.06916890346648441,0.3440494618319752,0.6919822699241233,0.16061409558647655,0.09059241578411625,0.0519309555053887,0.10560924077289435,0.008624513485309135,0.3459347544222093,0.2434933003480523,0.15003607548641412,0.05149333595279127,0.04301399267429623,0.023695791533013367,0.0466940675842949,0.0015459588117009606,0.05258854127756815,0.034423918558575774,0.01942544593907631,0.04358821304713228,0.002746410168517992
0.0,0.2382775381480247,0.2686415484071955,0.06865941915318959,0.3461986912764938,0.6879738809640493,0.15872477435233448,0.0921948866094693,0.0525437617970895,0.10623350832089533,0.008614632316980208,0.3471186357420649,0.244209300137487,0.14797214125310984,0.0519837209746721,0.043490656518345876,0.02384807544165824,0.046549393137058304,0.0015888559545412465,0.05319627616494288,0.03457614405581109,0.01959407031438833,0.043376148998092286,0.002783333357865927
0.0,0.23963745914148407,0.2709996159467957,0.06837060282939818,0.348262736168124,0.6839289347691722,0.15685805569028133,0.09364423249957844,0.05313833585969443,0.10682295897552287,0.008601151200493413,0.3481376440480792,0.24499777181804427,0.14593932400745832,0.05246392934253231,0.043940825173145744,0.023991632744376806,0.04641680562723217,0.001634140896671028,0.05380265524215962,0.03470735432190446,0.019739942828768224,0.04318108767081242,0.002820330057173712
1.7763568394002505e-15,0.2411963301042012,0.2731424334267235,0.0682801507849771,0.35010764519661236,0.6798663249060953,0.15502074348961048,0.09485797672407331,0.05367464931285474,0.10737724748063668,0.008584712457865427,0.3489742732557933,0.2458611530318987,0.14388577897688198,0.05292671055386892,0.044350107072854646,0.024120551924573477,0.04629741430016246,0.0016814984180529744,0.054383978741711636,0.03481450031757273,0.019861042868365063,0.04300470270941209,0.0028572120927032652
1.7763568394002505e-15,0.2428909685213278,0.27516176898158784,0.06838900117072402,0.35186799807672053,0.6758233033145911,0.15322328060461712,0.09587800382794433,0.05416416178942685,0.10790171784997124,0.00856583997113466,0.3496887392857663,0.24682321258969417,0.1418973457245417,0.0533817986901397,0.044723235506016305,0.024237045530030192,0.04620378678158439,0.0017309396575607853,0.0549606340251576,0.03490056517289534,0.01996285352702847,0.04285213842161665,0.0028942090766153044
3.552713678800501e-15,0.2447477437773197,0.27699548276566693,0.06867508625649957,0.35355703109722875,0.6718017615290142,0.1514484439333862,0.09671895886332421,0.054621406516313864,0.10838964332373864,0.008542696534104806,0.3501610792224272,0.24785443135084018,0.13999320221894893,0.053824756367023996,0.04506429172247579,0.02434236918627331,0.04613199645670066,0.0017822405080718529,0.05553153875136933,0.03496225129265969,0.020040083513764375,0.0427183384784368,0.0029307965089873256
1.7763568394002505e-15,0.24682026959539424,0.27858389220946994,0.06911024630201186,0.35503377309781914,0.6678166300380841,0.1497072891520825,0.09729570167743515,0.055008908059853395,0.10883541642920304,0.008516334401143478,0.35041777546258684,0.2488981169165228,0.13812008035176954,0.0542459938805585,0.04535814060627803,0.02443119682628836,0.04607859506263524,0.0018350376488970822,0.05606823172917836,0.03499988000121737,0.020092155560462992,0.04260331488351733,0.0029667757688308714
0.0,0.2490251643378046,0.2799910422590735,0.06969334744709937,0.3564078178454793,0.6638865038930323,0.14801433676384285,0.09763826864278885,0.05533667177472386,0.10924860156039636,0.008486902342189332,0.350503001154592,0.24996871223513162,0.136346692690524,0.05465727837328662,0.045601141321379844,0.024501388812161688,0.04605368637769748,0.0018893914347993242,0.05658835701764083,0.035011956762636354,0.02012256231725322,0.04251154345423538,0.0030022917528441054
0.0,0.2513662814587141,0.2811742636798013,0.0704007027549246,0.3577080236341916,0.6600166771211883,0.14634946628979625,0.09779009343069013,0.05563250493950647,0.109625007647026,0.008452870854808529,0.3502980990970939,0.2510681270367344,0.13470245562095237,0.05505334581117244,0.0458071846232649,0.024558722650309037,0.04605699882786943,0.0019449552207493523,0.05709560444669266,0.03499740751968064,0.020127213752238342,0.04243809177033979,0.0030369603757469956
1.7763568394002505e-15,0.25392486727315045,0.2821456778977678,0.07119851750862999,0.35887097259422807,0.656218154056493,0.1447929315421631,0.09770084613099658,0.05587079940089516,0.10993802119502438,0.008419304939555037,0.3498902137644799,0.25214491904262676,0.1331462186784858,0.05542944706357479,0.0459640741649398,0.024598549629196324,0.046086038828357066,0.0020014592009933085,0.05756959081609757,0.03496019595454586,0.02010932050380491,0.042381617906404996,0.0030704651147958886
1.7763568394002505e-15,0.2566173936654758,0.2828981640790756,0.07209392995409916,0.3599699774087906,0.6525088886132702,0.14344314699779376,0.09737193770821093,0.056054654014871114,0.11018345891642868,0.008391176791920071,0.3492341301186409,0.2531884948153364,0.13170870280465935,0.055788482377312966,0.04606440117388889,0.024617445181878975,0.04614320583425375,0.002058825077083736,0.05800856072856104,0.03489268265507179,0.020067290731094006,0.04234528064050827,0.0031029342803416374
1.7763568394002505e-15,0.2594664707073934,0.28344760580889233,0.07306958829233764,0.36103662093129496,0.6488725378339086,0.14220464624980117,0.09687352639119831,0.056217393778883504,0.11038145922507614,0.008361759197794437,0.34831618647440477,0.25419198056979414,0.130437593144777,0.05613233616611183,0.04612156821798513,0.024621032398868554,0.04623437907754155,0.002116922824937137,0.05842839830185103,0.03479990617675812,0.020001496100929578,0.042326624000128404,0.0031341661068844764
3.552713678800501e-15,0.26245713310741625,0.2838325733857557,0.07409522553879239,0.3619467637042262,0.6453134339550541,0.1409656858175542,0.09619680659898945,0.0563473504386615,0.11054198893732393,0.008324520117600275,0.34720901322854636,0.25514268143439395,0.1292984532966043,0.05645955330776247,0.0461324234784167,0.02460755935420867,0.04635525850705199,0.0021752895856077836,0.05881986444830927,0.034686115244136555,0.019912683346854376,0.04231980600281269,0.0031635221825397917
0.0,0.2654445767380922,0.284010015936513,0.07517428898059318,0.3626146058743255,0.6418503000299973,0.13951465296261578,0.09530602796880393,0.05642581983175568,0.11071478348156923,0.008268614264968378,0.3458178384408635,0.25596716780903267,0.12827778479199797,0.05676388885974937,0.04608827315343463,0.024573366598640116,0.04650164379656411,0.0022338053165318035,0.059164030249177615,0.03454013767549846,0.019792258299479122,0.04232786531894902,0.0031908579686538495
0.0,0.26850618056742603,0.28402264326560456,0.07630551334501581,0.3632513834341562,0.6384535095213254,0.13812142783409587,0.09426095988758432,0.05648882128667679,0.11085435742058927,0.008209610092523217,0.34420771608190587,0.2566518373733898,0.12744596863026597,0.05705337145043121,0.045997444650625906,0.024522370734273026,0.04668517091041745,0.0022926552745588303,0.05948329014095887,0.03437042727009684,0.01964899223717084,0.04235223058329982,0.00321652094869135
0.0,0.27164687237302443,0.2838969152469685,0.07745931648055333,0.3637899545035331,0.6351255459369004,0.13679388846393725,0.09308412254011478,0.056544990771889916,0.11094252769892034,0.008146800504283206,0.3424195957719554,0.2572247048850708,0.12676680394617762,0.05732612861749418,0.04586634437564757,0.02445603779555659,0.04689857507122727,0.002351045623037968,0.05977247976692984,0.0341810714414294,0.019483872408395664,0.042382755644137626,0.003239775434491262
3.552713678800501e-15,0.274864169115217,0.2835605293214877,0.07863116197741853,0.3642688297543056,0.631872744112984,0.13571817751419965,0.09172774080295586,0.05658288958389473,0.11095449236857849,0.00809028646889228,0.3403718965880033,0.25762360058377615,0.1262258034578235,0.05757048526105601,0.04568853119931026,0.02437210149794462,0.04713650474687671,0.0024089590545409083,0.06000729351083634,0.033962598421373655,0.019291067322076794,0.04242179522939141,0.003260479614239285
1.7763568394002505e-15,0.2780669690807856,0.283073586591802,0.07983554832460678,0.3646825948535273,0.6286799757936417,0.134619841256248,0.09023930772257407,0.056614272375733056,0.11094722244345023,0.008026397589388985,0.33814043836451363,0.25774284180971685,0.12586944207599768,0.057796807906555,0.04546364276968688,0.024270753838219694,0.04740829010390958,0.002466624745019991,0.06020912905321313,0.0337223173524714,0.01907567630644135,0.0424740731903144,0.0032791268331745635
1.7763568394002505e-15,0.28124431050442644,0.2825036310003021,0.08106277413937128,0.3649975532599112,0.6255312105970523,0.13345307309608356,0.08866106810185469,0.05665609444061932,0.11091048970207709,0.007952635244042697,0.3357633398991688,0.25767330104256175,0.1256679569130007,0.05800764565838976,0.045208120581307035,0.024156943887256095,0.04770775785426784,0.0025234909497855508,0.06038286238180793,0.03346515362201867,0.018838757738309123,0.042527310454115494,0.0032948112431785822
0.0,0.28436913689677557,0.2817464995698878,0.08229804092173477,0.36522930089064864,0.6224151694084947,0.13234540852318114,0.08693882916420448,0.05668849941709102,0.11082871210213507,0.007876140307166137,0.33317932608170236,0.25736010012461086,0.12560785311870942,0.058190020138656144,0.04491445997793993,0.024027438680166244,0.04802976881173598,0.0025791729888610298,0.06050813095772486,0.03318396491988997,0.018573178525846824,0.04258229612255305,0.003307057461914335
0.0,0.28743333943371346,0.2808340476872833,0.08354239686885351,0.3654171946878342,0.619344693887974,0.13129352307696324,0.08512363332122432,0.056726016759567226,0.11070957912809089,0.007796882237240773,0.33043684661084133,0.2567031890174656,0.12571543439116661,0.058349222788735666,0.044584121076885364,0.02388395351871496,0.0483782337793626,0.002634030411325167,0.06059113533364315,0.032882893712290764,0.018287659838111987,0.042644862797527404,0.003316984542857885
0.0,0.29045310141966085,0.27986348800776384,0.08480582547893807,0.36558765874044014,0.6162830868744973,0.13030689037126247,0.08325145840161755,0.05678157328087159,0.11054241040804194,0.00771548312664379,0.32761372962054797,0.2557360232993688,0.12597242163655856,0.05849362512294024,0.044230062658396234,0.023730182210637173,0.04875205149374028,0.002687935479617015,0.06064580362677413,0.032566798788914414,0.01798439552524712,0.04270537296277086,0.003323767785789642
0.0,0.2933451381446429,0.2787267289760858,0.08606795056455477,0.3657258616682243,0.6132040353031594,0.12938194638673983,0.0812893975657574,0.05684283830992302,0.11032891631085236,0.007631427388319179,0.32464129094208277,0.25448073866804344,0.1263685613820986,0.05861072311987699,0.04385243002870794,0.023564363598219912,0.04914671743201693,0.002740047006898131,0.060657373279033644,0.03223181309211259,0.017655285288501788,0.042761883568816494,0.0033265347474083894
3.552713678800501e-15,0.2961185223397051,0.2774514471958777,0.08731867455685796,0.36581449615034534,0.6101481225520623,0.12850163349939184,0.07927625054528324,0.056913502488968364,0.11007423101608176,0.0075447874046861265,0.3215522187125828,0.2528719214048247,0.12691321728343902,0.058703110529886846,0.043452307943153475,0.023388856638273867,0.049559267275348685,0.002790828146017413,0.06062210118271538,0.031880471319569594,0.017309347847930603,0.042819486993181666,0.0033267883423290486
3.552713678800501e-15,0.2987882196132138,0.2761216849759659,0.08858000819856626,0.36591581906747467,0.6070718541455542,0.12768637420494822,0.07724075527523017,0.05700263606225098,0.1097750511014929,0.007457250642810854,0.318445124980567,0.25088154792042683,0.12758729872242505,0.05878227437159002,0.0430391316260293,0.023206282942737955,0.04999378901824961,0.002840426711103223,0.060558990793800525,0.03151627987298327,0.016948503878813394,0.04287328077342268,0.003323783324501329
3.552713678800501e-15,0.30129539918853393,0.27467427934492505,0.08984860521021536,0.3660291697512174,0.6039105303882805,0.12693310939906313,0.07519020265304191,0.057103907196154734,0.1094317503680382,0.0073680757685499814,0.31527465136219296,0.24861020439496065,0.12839661320191895,0.058839650092247404,0.04261968448099561,0.023017239190559133,0.05044422868764886,0.0028879928037907465,0.06045966512829019,0.03113921715126911,0.01656653690429187,0.04291652676658719,0.003316320175565166
0.0,0.3036390905495353,0.2731142890922476,0.09109402500622789,0.36609283693624006,0.6007454730710643,0.12621376233767467,0.07314221422699443,0.057215808001497025,0.10904453569927308,0.007276609570452234,0.312039923224916,0.24602688765574338,0.1293457415626079,0.058873263795357574,0.04219391058769623,0.02282259129602969,0.0509060126264604,0.0029336630644605645,0.060314376414747524,0.030750754520754917,0.016172558936900786,0.042955442981839086,0.003306164563692776
0.0,0.30583468937676583,0.2714877461958092,0.09234091093875639,0.366199407695073,0.5975298964564895,0.12555680921477524,0.07111423292212943,0.05733889046020158,0.10861599722366862,0.007185304434346886,0.30884298996834375,0.24301634627279478,0.13040067810458386,0.05889457856166024,0.041768761476014354,0.022625186484161314,0.051384159284470286,0.0029778636273467786,0.060139645661840435,0.03035233565804321,0.015767303601435377,0.042988814775658094,0.0032926542436968833
0.0,0.30785117207307994,0.2697939836165959,0.0936043150920741,0.3663546830100648,0.5941752728020447,0.12495756941668516,0.06913657853823411,0.0574732158197039,0.10814762202237911,0.0070937556840629115,0.3056664227343587,0.23972975511477404,0.131584905853078,0.05889872128865535,0.04135414978290296,0.022426439030327004,0.05187296199069004,0.00301992281169485,0.05993228934679349,0.029947445806706878,0.015346766974106078,0.04300748327214017,0.0032743902398109834
0.0,0.30969545741783466,0.26804050032977544,0.09485558814128021,0.3664873275893695,0.5907776873857091,0.1243774011219121,0.06723139571389254,0.05761889745423369,0.10763670467006259,0.007001048688284932,0.3025125298795928,0.23615714345229225,0.1329030512619579,0.058885618102282,0.04094982486862603,0.022227093986750907,0.05236629069331685,0.003059550028876797,0.05968477448444453,0.029539287205011797,0.014919502950236314,0.043015507049408055,0.0032533180692766814
3.552713678800501e-15,0.3113265672338832,0.26619312796913713,0.09609938435678629,0.3666783345240784,0.5872988027344704,0.12380495036044663,0.0654032178853315,0.05776386792862655,0.10709266621962037,0.0069110517560763505,0.2993977789731405,0.23221492331554366,0.13432970425601645,0.05885889069885411,0.04056296620956745,0.022028870560626006,0.05286994446468681,0.0030974386104825977,0.05939373654160804,0.029125545722592728,0.014485333296421614,0.043019490417511935,0.0032289967234296712
0.0,0.3128288040606091,0.264336516161528,0.09736593343496412,0.36696120138830796,0.5836555041191366,0.1233259244130647,0.06367292598969285,0.0579109794940413,0.106505874233468,0.006819023719752694,0.2964223292616445,0.2279879139263849,0.13586671245741258,0.058821610779396495,0.0401992414376439,0.021833234563150436,0.05337822779680343,0.0031330302137721655,0.059084329476712764,0.02871266016796412,0.0140432506715747,0.04300349109067037,0.0031999881919597176
0.0,0.3141812429716461,0.26247813394578284,0.09863167170992619,0.3672695378884881,0.5799348709909137,0.12288348190171298,0.06207880312331734,0.0580612564688455,0.10587650888601559,0.0067257851472230165,0.29357043471167443,0.22352451940252918,0.13752069205741477,0.05877487773608361,0.03985919486209444,0.02164098271373298,0.053885079281283076,0.003166064168099048,0.058748172969989944,0.028305358537630488,0.013600910224612562,0.04297083869347064,0.003168187286191191
0.0,0.31535194881905687,0.26057662818287486,0.09989245675067279,0.36766754688509395,0.5761031920776253,0.1224742723847079,0.060623257683905356,0.058202573428820445,0.1052082799133909,0.006633409777912252,0.2908497566054338,0.21878363567020476,0.13928527829623838,0.058719178823962014,0.03954863741880068,0.021452286659307387,0.05439648862836406,0.003197078909918333,0.05837900661673675,0.027900658767984133,0.013158651812296848,0.04292869163552772,0.003133450599798088
0.0,0.3163780593835931,0.2586822798933616,0.10117091905316992,0.36817079001583514,0.5720949673446506,0.12210949004472352,0.059322561682527364,0.05833218185537353,0.10451202876049523,0.0065427847799309265,0.2883060442923862,0.21377855966041298,0.14115001562690935,0.058657001737204326,0.03927074501053446,0.021269211053499753,0.054905937668569084,0.0032256264182093652,0.05798614360100042,0.02750318103672069,0.012717044024021325,0.04286685367508966,0.003094227067675842
3.552713678800501e-15,0.31726088561432025,0.256813861896101,0.10245614088190025,0.36874017859906544,0.5679787572387395,0.12176403594291207,0.05822168263984744,0.05845878633222631,0.10378369175954893,0.00645318943844599,0.28594516796198854,0.2086125555567163,0.14312402134450844,0.058591635797623394,0.03902675332735036,0.021092563280711303,0.055410569472100386,0.0032517838337426603,0.05757093106445146,0.02711970653288683,0.012283502497580211,0.04278839598248614,0.0030523829776052678
3.552713678800501e-15,0.3179874524809689,0.2549728514959367,0.10374297100557485,0.3694149373919335,0.563726051371693,0.12143725219581869,0.05732267078149391,0.058569476190547795,0.10302123092933733,0.0063642011501203,0.28377405043310167,0.20328825587613056,0.1452194002678687,0.05852327089358947,0.038818359845812875,0.02092019516012675,0.05591535762505523,0.0032756903636334753,0.05712744413883315,0.026747902417465982,0.011859637744145517,0.04269777543908301,0.0030080254335707393
3.552713678800501e-15,0.3186077500430526,0.25320140887842957,0.1050418389292653,0.3702118816754177,0.5592989108307985,0.12114657077045078,0.05662922229115149,0.05865568669117793,0.10223808875497946,0.006276790261824288,0.28183060321727893,0.19780692018156676,0.14739189617340923,0.058454585902777315,0.03864736646329206,0.020755514062496747,0.056410274949679116,0.0032969586429971564,0.05666342267216053,0.02639151737307303,0.011448084457907255,0.042584609809370864,0.0029595261626520846
0.0,0.3191186829593893,0.25150984632058104,0.10635578608712373,0.37111564040382183,0.5547398831198386,0.12087577730107466,0.0561850057480653,0.05873623731210922,0.10143452113265317,0.006191278190278171,0.2801183203032283,0.19229374856752962,0.14967368766058545,0.058389133827624846,0.038514644380219586,0.020598920230719797,0.05689863479874649,0.0033159837337457727,0.05618419288194514,0.026056262696019784,0.01105580301626002,0.04245708962249243,0.002908905121276005
0.0,0.3195081267959643,0.24991963329135528,0.10767893569743116,0.3721346026425407,0.550028786963063,0.12060799560006423,0.05598482002413095,0.0587974503299231,0.1006005715127689,0.006105929523763629,0.27864240876252355,0.18676574266334545,0.15207239734623068,0.05832755307281732,0.03841717924643313,0.02044652415623335,0.057382031276265975,0.0033327143667172157,0.055682186674570276,0.025740422233096995,0.010685592339718069,0.04231449456883452,0.0028561460463327904
0.0,0.31984000211330615,0.24846952437611686,0.1090108884395941,0.3732918245776045,0.5451513735737431,0.12036977153668924,0.056025519018017375,0.05882923187352216,0.09975274943008873,0.006021301482585023,0.2774188919983914,0.18125871034333432,0.15454718432867665,0.0582720645206137,0.03835571897914374,0.020301474302190998,0.057848773998823974,0.0033465822748692487,0.055165435401907346,0.02544810294259686,0.010342814160257818,0.04214844033120056,0.002799971731782909
0.0,0.32010890797377095,0.2471656704319971,0.11036075450891268,0.37458210487810684,0.5401270239405108,0.12015079052704637,0.056336419809083736,0.05885447620311297,0.0988947467381535,0.005938353218755141,0.2764583725004391,0.1758604636954497,0.15712558395825363,0.058225176263592915,0.0383299398521452,0.02016425848593588,0.0583045863237397,0.0033581519734754302,0.05463879672855023,0.025181648550900323,0.010032109325837417,0.041968145484712165,0.002742165288478112
0.0,0.32029828536695004,0.24602093633078306,0.11172022697212027,0.3760111660819707,0.534948210461999,0.11992617815298008,0.056892717931189864,0.058859036782168035,0.0980145837858922,0.005855692060615964,0.27576431206930113,0.17060935365446928,0.15979777529410386,0.05818824194088454,0.038335411381845874,0.0200315217059135,0.058752072694784184,0.0033676163690558422,0.05409662820712839,0.024941398049818552,0.009756495669668543,0.04177243017316845,0.0026826417012793483
0.0,0.32047404457778067,0.2450839008989772,0.11308673825719384,0.3775856014356021,0.5296233266259651,0.11973037385730208,0.05768073705299928,0.05883836343876894,0.09712901315763824,0.005772218759871995,0.2753341191267647,0.165550715657857,0.162543625480556,0.05816374191278798,0.038369581601491475,0.019902775772155122,0.059177763530855534,0.003374028006850372,0.053545514662474994,0.02472996024801704,0.00952265185772995,0.041553557874550236,0.0026206296989567932
3.552713678800501e-15,0.32063192219024245,0.24435658210720793,0.11446702258233482,0.37930654715110373,0.5241524654312872,0.11955180438908378,0.058709992495598044,0.058806258542783596,0.09624245897461527,0.00568964740740719,0.2751731337955809,0.16077091462306745,0.1653780064374265,0.05815188407895452,0.03843274907345435,0.01978086637326767,0.059587119986902574,0.003378072212076383,0.052987250332757536,0.024547628948037532,0.009332916227309628,0.04131983974715066,0.0025575837845865624
0.0,0.32073396425835543,0.243839243853578,0.11585215702308307,0.38119406118153853,0.5185444839593991,0.1193661979189161,0.059948912987235,0.0587573403641035,0.09534537780444544,0.005607422394715684,0.2752762268040472,0.15630127221139764,0.16826448198381644,0.058153859928887615,0.038518630492170663,0.019661576140611724,0.05998470845941752,0.003380153732167411,0.05241880127696139,0.02439602941908639,0.009188282463264894,0.04107200733586686,0.002493456916212593
0.0,0.3208529580695248,0.24357286264007005,0.11723828157332929,0.3832305063622109,0.5128170756079307,0.11921036268271226,0.061381631258998585,0.0586944549628154,0.09445318815349846,0.005524322924738132,0.27564131181646684,0.1521943175374912,0.17121506954563884,0.05817180495755325,0.038624164044536245,0.019543459190212983,0.06035877269023346,0.003379371901092996,0.05184857936410407,0.024275495139696297,0.009094181975409125,0.04080419207078197,0.0024281916927337104
0.0,0.32097443149284105,0.24354287797688962,0.11862752419746833,0.3854246580316997,0.5069706533165679,0.11906994931891665,0.06299491859971194,0.0586162531520847,0.09356866841863729,0.005440191698486817,0.2762584664151193,0.14852989014824597,0.17422045815844311,0.05820616169473152,0.038748325216551145,0.019429657738455616,0.06071121275485269,0.0033761677151792806,0.0512723326531239,0.02418503188133533,0.009049884297032256,0.040520649027865015,0.002362636219316702
3.552713678800501e-15,0.32107783357261466,0.24375993262686235,0.12001249974470521,0.3878001326470136,0.5010035965804518,0.11893360127808765,0.06475951871602675,0.058528605991545704,0.0926890591982465,0.0053558592368475955,0.2771169419465403,0.1453311190059557,0.1772404570544932,0.05825653467182326,0.03888460392789391,0.019315731374767112,0.06104871171142692,0.0033710494441317644,0.05069088044171068,0.024126539926818517,0.009053290741051507,0.04022567118940909,0.0022970786064620678
0.0,0.32120007785978816,0.24423670932334451,0.12138939032861393,0.3903286042686451,0.49495119438285656,0.11882320277674015,0.06665703452258585,0.05843891882988924,0.09182113592038466,0.005270779468493384,0.278222896203874,0.1426394787655454,0.18030674454278556,0.05832271160612719,0.03903129835226952,0.01920125235171248,0.06136427575093064,0.003363563797547026,0.05011444248334345,0.024097993821629495,0.009106004212928386,0.03991602994891213,0.0022317593879889546
0.0,0.32135487679616265,0.24494206649518135,0.12275412020438174,0.39302014389981876,0.48881260087424366,0.11873694837393312,0.06864378738333361,0.05833429920793239,0.09097349166260045,0.005182506241353607,0.279550587509737,0.14047910102856379,0.18338147582964648,0.0584074379473185,0.03918547801217744,0.019087127519396584,0.061652914260037356,0.0033535526354900765,0.049536067295940844,0.024098247936589993,0.009204489940548635,0.039590195029692354,0.0021670669502069128
0.0,0.32151698944509627,0.24591196084081815,0.12410767109077103,0.3959010653277336,0.48257300902238703,0.11867121747462879,0.0707218747725949,0.05822970611873685,0.09014440215757445,0.00509325637656986,0.2810785493547941,0.13888756296883972,0.18644604647463467,0.05850826987115111,0.03934101074894447,0.018970235744157952,0.06192401559368338,0.003341699899904226,0.048954534212412894,0.024128149282347574,0.009343895324003622,0.039257594073736385,0.0021037158207736118
0.0,0.32170224295454936,0.2471250552630255,0.1254417410891549,0.3989282852491934,0.47628656500268,0.11863598534856216,0.07286375281081311,0.058134932924900004,0.08933360534324712,0.005003197293637096,0.28282741269113093,0.13786173748669506,0.1895275665081964,0.05862331455731448,0.03949953468475656,0.018851919132140082,0.06217378601846302,0.00332786444707681,0.04838481446550319,0.024183926126980986,0.009522294233368995,0.038914031380558205,0.0020420321553375185
0.0,0.32194352405213583,0.24852874564769797,0.1267540800040937,0.4021103613607447,0.46995566950708856,0.11862848978474039,0.07501557273180509,0.0580282119211331,0.0885550081548486,0.004908418650150433,0.28476663256999973,0.13737112029625217,0.19257153350894066,0.058756448178470484,0.03965634461086332,0.01873069244474962,0.06239288681360563,0.003311533343788038,0.047816846522490575,0.024264625182988067,0.009734862033957955,0.03855738643318316,0.00198198707880245
0.0,0.32221331638088235,0.2502070747943132,0.12805415330884054,0.4054770834618558,0.46354768103009897,0.11865648823421919,0.077195600049995,0.05793005596076028,0.0878053619122525,0.004810615977327996,0.28686063302639275,0.1374337580745788,0.19558769556701988,0.05890350668178049,0.039806510553256756,0.018604966740943224,0.06259089884752563,0.003293406378983155,0.04724700046333273,0.024369544128131936,0.009975751402282377,0.038197846567864666,0.0019247748320531278
3.552713678800501e-15,0.3224978134940223,0.25209216174873006,0.12932920500461298,0.4089874061374541,0.45713183011151337,0.1187284857395181,0.07938072199608974,0.05785356366670008,0.08708474680304838,0.004713902445410839,0.28915137527993634,0.13801252383619156,0.19857915253750952,0.05906294670497143,0.03995421077175528,0.018477636056038155,0.06276636344992835,0.003273494144077548,0.046692758464492244,0.02449382746615677,0.010241129215659697,0.037830969551768054,0.0018706271513971484
3.552713678800501e-15,0.3228175506218871,0.2541256814101564,0.1305817702996014,0.4126550229467809,0.45070757241567827,0.11882087649968234,0.08151608861577406,0.057766669612210275,0.0864054294867577,0.004613889972897527,0.29160335493692235,0.13904617011399684,0.20150199793002949,0.059236835411332366,0.04009405889209212,0.018346397864088912,0.06291183425615045,0.003251330563983856,0.046146614911533095,0.02463737925868439,0.010526992068294279,0.0374569341331034,0.0018193696586276972
3.552713678800501e-15,0.32317992767922177,0.2563862400638258,0.13182102889992886,0.41648012588114686,0.4442458554000203,0.11896082209236342,0.0836123551575299,0.05769075264883406,0.08576412985393304,0.004511994616913225,0.29417225313329415,0.14049553761995304,0.20437262945942164,0.05942113271056315,0.04022266472157933,0.018209974617909082,0.06303188814827113,0.0032273851509747407,0.04560067865101399,0.02479708814286178,0.010827802370125181,0.037081843334645294,0.0017723140427801617
0.0,0.32356337444716765,0.2588069677867434,0.13303523356307526,0.42042882839941037,0.4378113005436242,0.11915249744036635,0.08564968710752978,0.057635757987735986,0.08516238292098845,0.004409042757158685,0.29688649405225864,0.14232874776778,0.20717600611899828,0.05961481906327021,0.04034382389550775,0.018070927186974027,0.06312761678530432,0.003201794484772311,0.04507101336498384,0.024968518265716243,0.011140091141880039,0.03670474947238804,0.001729588265239365
0.0,0.3239609262343678,0.26133153662016373,0.13422792806134026,0.424528455701855,0.4314015898365576,0.11936742329952012,0.08759356872518087,0.05757345940162749,0.08460952019457127,0.004303717631298041,0.2997301439359051,0.14447652151103202,0.20988837994084705,0.05981699135411184,0.04045381547388444,0.01792897874849502,0.06319551390823626,0.0031742857684318167,0.04455173725828793,0.025153573927300013,0.011460981939845615,0.03632745626609468,0.0016912151816303922
0.0,0.3243935868856137,0.26398640218825475,0.13540510913077933,0.42875078428160934,0.4249848464606078,0.1196416465061705,0.08942909153295713,0.05751362920098899,0.08410625675294064,0.004195028816029529,0.30265476552512977,0.14686762698062192,0.21251932685423902,0.060023643606074616,0.04055289589439291,0.017783773567277967,0.06323454932540987,0.0031450709070026087,0.04403297142714653,0.025346600169058806,0.011786194561206218,0.035953173576246264,0.001657967155016307
0.0,0.3248204196766693,0.2667685260288037,0.13656235306479791,0.43307435750161444,0.41863503567852806,0.11996744056444406,0.09114515159969581,0.057466684338147174,0.08365272407231372,0.004086848013091934,0.3056735943497856,0.14946730265538374,0.21504770729130654,0.06023638708478649,0.04064049440856173,0.017634961961210723,0.06324870748742406,0.0031144071614527574,0.043529358504423,0.02554318357096572,0.012113300792737198,0.03558323130344329,0.0016299950803229004
3.552713678800501e-15,0.3252352983467593,0.2696051277419188,0.13769888034262068,0.43753013813690966,0.41234898554716665,0.12031537764768062,0.09272793524356056,0.05741112021998485,0.08325669286640262,0.003979490895835597,0.3087898211953079,0.1522271514625877,0.2174564568147647,0.06045154848340792,0.0407156651594957,0.01748549153020042,0.06323660411261574,0.003082126855373837,0.04303631431666631,0.02574757896284108,0.012439527757829385,0.03521836182312567,0.0016073847503051259
0.0,0.3256476398265361,0.27248684223720954,0.13881955720748676,0.442079780276883,0.4060753408624824,0.12071823743700028,0.09415590167494421,0.05734750155852761,0.08292011259490185,0.0038723875695166154,0.3119652814233344,0.15508455152654002,0.21975977374654812,0.06066608260638457,0.04078306394874074,0.017336804086006494,0.06319632019663254,0.0030483898223752125,0.04254448037466277,0.025953543295952838,0.012762996350352888,0.03486250315330137,0.0015903144343465594
0.0,0.3260232381309056,0.2754563070025685,0.13992937783718037,0.44669500413005203,0.3999028374989525,0.12117669199177249,0.09539076327922277,0.05727760406321247,0.08264000314126123,0.0037666928870914826,0.3151770724846076,0.15796415941089706,0.22193424765998368,0.06088274043300907,0.040837178274616505,0.017185554685710234,0.06312948944330463,0.003013387879837894,0.04206455342420394,0.02615535289811138,0.013082327489695823,0.03451736082722341,0.0015786586135842476
0.0,0.3263612297169122,0.2784223810657626,0.14101485229205543,0.45140521924616983,0.39382630761185916,0.12167303890939292,0.09644774262952487,0.057193660871323014,0.08242226733307119,0.0036634356485831148,0.3184526853328338,0.16088051908541914,0.22395721242485425,0.06109600219269392,0.04088023962861326,0.017037349215761083,0.06303593914412675,0.0029770231871550645,0.04159225791077317,0.026359185183746622,0.01339327889878205,0.03418155641632233,0.001572413859837813
0.0,0.32666116080793023,0.2813735124300417,0.14208740889968013,0.45618799976964747,0.3877890623543841,0.12222344616910193,0.09732336242655613,0.057093025497690866,0.08226876035385844,0.0035636722278811505,0.3217725598470813,0.16379697995224227,0.2258602729159999,0.06130490076768832,0.04091984204617572,0.01689493040714591,0.06291833333719918,0.0029395284072518337,0.0411223822891863,0.026560428084120853,0.013697691042355254,0.03386274999353932,0.0015714519725648348
3.552713678800501e-15,0.3268958156562549,0.284339364861003,0.1431490832297764,0.46099022676266455,0.381869188160298,0.12282081246842436,0.09795693599050607,0.056967459340807505,0.08217589462955237,0.0034689947074135166,0.3250911490852678,0.16662337576099495,0.22760702737033375,0.061510128903794196,0.04094989801202457,0.016755742385659297,0.06277078740163791,0.0029009074749095608,0.040660611956568185,0.026753799472396374,0.01399411004194492,0.033558597065189245,0.0015752010303825943
3.552713678800501e-15,0.327071831807372,0.28725633851201315,0.14418330959778863,0.46583873744578386,0.37606276747653045,0.1234638808685441,0.09838532463439949,0.05682131738508282,0.08214689901511779,0.003380891759709092,0.3284436501092799,0.16939764983915057,0.22917925935692837,0.06170847466925165,0.040972555270904557,0.016624530436122553,0.06259732360125175,0.0028611968637654427,0.04020283711585654,0.026944489431725293,0.01427721394786926,0.033268973723495285,0.001583461745938799
3.552713678800501e-15,0.327184611607666,0.29010388479781396,0.14520284858557303,0.4707372659787731,0.3703186367892311,0.12415355878706495,0.09862422351264286,0.05665093444137974,0.0821856338468031,0.0033002528019652672,0.3318211774296881,0.17210417938422387,0.23061485407234167,0.06189809816699564,0.04099567816002428,0.01650458123802484,0.062403421566352535,0.0028206174518000064,0.03974984008316768,0.02712948295496234,0.014551868857622354,0.0330015911943201,0.0015959990925522175
0.0,0.3271973452283991,0.2928978270828659,0.14620420637944864,0.475607543858835,0.36470167103189927,0.1250434874399329,0.09862387771441339,0.05644203913543838,0.0822716258098168,0.003234819764778259,0.33516904089743965,0.1746905585782332,0.23188018595245527,0.06207696877741362,0.04101552584471922,0.016395598894082555,0.06217749061311059,0.0027790690407680793,0.03930151868220704,0.027306603857201704,0.014816190516911,0.032751244226000904,0.0016119717800264668
0.0,0.32709528436951885,0.2956333106313018,0.14717434891186862,0.48044895505541735,0.3592208630660028,0.12655273674331038,0.0983955117982924,0.05619483677720246,0.08236897764652955,0.0032021410044052196,0.33849205932749704,0.17714195519251258,0.23295668930863075,0.062241548943875506,0.04103176807506527,0.01629863080035936,0.061923571865327515,0.0027366579371907707,0.03885249414416403,0.027475649359225536,0.015063454632301706,0.032517058128977365,0.0016309136157012355
0.0,0.32694789850776784,0.298241940187728,0.14812562516001862,0.48532244857982987,0.3538381597630875,0.12754523770692405,0.09797363830666778,0.05591643737617952,0.08257470854903332,0.0031628798004227996,0.3418351111693809,0.17948165776872949,0.23387418759313694,0.06239640635489286,0.04105253780628525,0.016218351573736276,0.06165404135618339,0.0026936789886868296,0.038410889898710665,0.027637644870670296,0.015301760494073021,0.03231060098952363,0.0016527793212495962
0.0,0.32669921296565535,0.3007574192642234,0.14905171453757576,0.4901514926576463,0.34859541655607307,0.1284122716787114,0.09734191181294718,0.05559664889627342,0.0828510884148653,0.0031319584828943797,0.3451550209797033,0.18169782054115727,0.2346123765638967,0.06253895517393258,0.041075586193062986,0.01615543047100778,0.06135655727859337,0.002649960550696032,0.03797336411094875,0.02779436862184817,0.015529494495563205,0.032124858332554955,0.0016766992658164177
0.0,0.32632180738245475,0.303176334982514,0.14994106219572284,0.494914066920965,0.34350736943963306,0.12949884544862178,0.09645129752091428,0.05521616794756478,0.08315976106639644,0.0031239151650990916,0.3484113347177995,0.18370792620269577,0.23515356852219735,0.06266507372134521,0.041099881731859196,0.01610855176886855,0.06103251372926482,0.0026057281530657804,0.03753260797042363,0.027939745929480037,0.015738895141391596,0.03195989738174025,0.0017019571649015957
3.552713678800501e-15,0.325822481033413,0.30543499504293375,0.15080255499299833,0.4996338547444897,0.338559792409173,0.13104407630166073,0.09539362589809908,0.05479111495705679,0.08349343447621753,0.0031496973926578094,0.35162297051200736,0.1855759572723427,0.2355241232374956,0.06277222769615601,0.04113248898065321,0.01608243612756998,0.06069007117777799,0.0025609955693128494,0.03709632116188328,0.028075741349999055,0.015937555466590984,0.03181918242789721,0.0017286716987626376
3.552713678800501e-15,0.32526453652012316,0.30755630298027475,0.1516304154249434,0.504307940516448,0.3337802807180754,0.1320907419616726,0.09415761750771084,0.05432255502176448,0.08392298027671376,0.003170361806739349,0.3548160207307743,0.18731219290786563,0.23571070910336772,0.06286673815120981,0.041170530748059875,0.016077483394795155,0.06032627011501823,0.0025158460618950533,0.036664447423120174,0.028208367974188027,0.01612640184268166,0.03170165760182322,0.0017562291781846602
0.0,0.32451692686699923,0.3095646926707903,0.152413879808043,0.5088451257457461,0.32916496130151196,0.13385450473681795,0.0926948756699521,0.053778480741190515,0.0843278563309935,0.003240284702372149,0.3578739036768627,0.18881844547102228,0.23570629554891845,0.06293675868126948,0.04121452969397938,0.016092050469981037,0.0599329100644953,0.0024703751981990834,0.03622485310159435,0.028326931018592138,0.016295956768149527,0.031602663829211,0.0017836557524327163
0.0,0.3237032703392396,0.3114390684866906,0.15316048063147952,0.5133365321986034,0.3247303781138354,0.1351504786591216,0.09107951621294032,0.05319276698644598,0.08481997823271407,0.003302715851741202,0.360890024956759,0.19015675838324483,0.2355198566242497,0.06299193704640892,0.04126893567246585,0.016129964491302728,0.059526593207726256,0.0024247255710518525,0.03579239478993283,0.028437122245903432,0.016455840628841173,0.0315310198446156,0.001811405765329575
0.0,0.3228172468121279,0.3132130656240389,0.15386203027661122,0.517750768910226,0.32049277759794303,0.1361405958213089,0.08934614720084688,0.052565839257789106,0.0853788887942675,0.0033652621037378143,0.36384932997153985,0.19135857189866132,0.23514695788271434,0.06303039181452914,0.04133033266431712,0.016190517433345226,0.05910166639010741,0.0023789106098961246,0.03536322735949423,0.02854388782827969,0.016606086548731386,0.0314798597589291,0.0018391027961925542
0.0,0.32179029845090706,0.31489333634818706,0.15450803717612482,0.5220336287217301,0.3164253835431645,0.1370911593703308,0.0874678538391101,0.05188200671290704,0.08596055191153404,0.0034390385207275415,0.36668329033835684,0.19237100842902408,0.2345845078390984,0.06305030314148642,0.04140112654574274,0.016273390054199557,0.05865383985684634,0.002333027863145502,0.03492821966512002,0.028640142564889868,0.016739141498011225,0.031448749841711504,0.0018658260394345126
0.0,0.32062868266074956,0.3164922267913241,0.1550995157659437,0.5261915939082514,0.31258921199838435,0.13790772541824944,0.085480936121921,0.051148502778073555,0.08661618276850924,0.003523683498573849,0.36942298779365634,0.19321128640578486,0.23383724052923766,0.06305002498054561,0.04148295786172389,0.016378504317692295,0.05819129231196787,0.002287172701959681,0.03450287158271408,0.028727291211674142,0.01686379224483897,0.0314395403366864,0.0018918887693962602
3.552713678800501e-15,0.3193664778247983,0.31801791017816416,0.15562729009565282,0.530218239690993,0.3089690215406125,0.13864614427136532,0.08345032102254454,0.050378580392507255,0.08733882102696613,0.0036184200801447084,0.37207056148956663,0.193942304969951,0.23289619222885335,0.06302816437117874,0.041572016299768116,0.016504662876665886,0.05771160168347194,0.002241331284933386,0.034086273018397825,0.02881094155999181,0.016980227334781293,0.03144525074356386,0.0019172705258931816
0.0,0.3180262192642312,0.3194771094232128,0.15608658464952468,0.5341245687111261,0.30552092641100986,0.13947095578174767,0.08138700142859355,0.04957700072990646,0.0880004443277639,0.003720245396145417,0.37456975363152895,0.19455170616172843,0.2317803860742192,0.06298598679094662,0.04167073521887382,0.016651150860570976,0.05721389293929355,0.0021956304512994237,0.03365647577021982,0.02888491975232836,0.017077996260218612,0.0314674075728808,0.0019410599163846131
3.552713678800501e-15,0.31658795264150713,0.3208668584753161,0.15646025487167414,0.5378791615348741,0.3023468890673806,0.14021126896897126,0.07927425007227179,0.048720000521412635,0.08866756140401527,0.003827464392441749,0.3769286687251673,0.19500371101729808,0.23048716666178234,0.0629200982875271,0.041779060616518066,0.016816140933369795,0.056702097597262906,0.002150200484997959,0.03323053339898927,0.028949465147795093,0.017166281480225344,0.031504908169764784,0.0019633387541314017
0.0,0.31509551475783143,0.32221063909974457,0.15674957273673687,0.5414799467131595,0.2994081246161116,0.140905731115341,0.07721200340720856,0.04784026492453985,0.0893363329114484,0.003940257129969211,0.37916364700096133,0.19538312405453243,0.2290074742706353,0.06283115236630275,0.04189421919789391,0.016997736945154454,0.0561768489617348,0.0021050058637784533,0.03280913037164904,0.029009182864407946,0.017244590081161484,0.031552584789816374,0.001984409900929929
0.0,0.31347684981515944,0.32351644705584026,0.15695993174104025,0.5449079915083948,0.29664731791604987,0.1415093424728115,0.07522660354898052,0.0469495922823316,0.09003458491871663,0.004056751364192006,0.3812374015448523,0.19568237068187638,0.2273454711583673,0.0627201180519099,0.04201638395940836,0.017193628319140064,0.055638076657111644,0.002060168169372345,0.032395296952353284,0.029062863031861598,0.01731145665857343,0.031613481589448864,0.002003705459075193
3.552713678800501e-15,0.31176584125306817,0.3247621177714379,0.15706729884488477,0.5481545665673483,0.2941702595935904,0.1420065664698606,0.07329919333812004,0.04601795615141735,0.09074317817875913,0.00417438025349472,0.38315588321895916,0.19586557201352012,0.2255114711579255,0.06258533341006027,0.042145824892295944,0.017402809212943626,0.05508693694024256,0.0020157412479259377,0.03199046322748815,0.029108999066577497,0.01737167339401972,0.0316829030011321,0.0020209926071571203
0.0,0.3100545590220733,0.3259837863103667,0.15706372234181237,0.5512276376129838,0.2919408725157863,0.1425214928301323,0.07151168816117542,0.045073105775139,0.09137024902727815,0.004292653972396751,0.38490358410435627,0.1960049841586358,0.22349916818557763,0.062424316476666034,0.042279126581159295,0.01762133039999107,0.05452546951197315,0.0019717557486572984,0.031584566311415894,0.0291486479272563,0.0174191907849672,0.031757469656138626,0.0020366048863831874
3.552713678800501e-15,0.30827744631165066,0.32718646190992917,0.156961790468847,0.5541287820852729,0.2899105866396836,0.14297200867864118,0.06991685726056972,0.044137035549744325,0.09196633802411526,0.004411615645470985,0.3864604518105462,0.19609772674829976,0.22131799060168525,0.062238643731442,0.042415462179526776,0.0178465346878581,0.053955471461179634,0.0019283016925225706,0.031184286554153645,0.029183281601012332,0.017455949074362893,0.031839592260806425,0.002050293257397081
0.0,0.3064699399189557,0.32834412269326496,0.15675039428332022,0.5568371452182754,0.28817922400673357,0.1433559327610569,0.06851849453001409,0.04319223596831275,0.09252916874192174,0.00452913339740179,0.3878494289990875,0.19612316164350022,0.21897709076101088,0.062030382935441816,0.04255501971020609,0.018078829292354777,0.05337609896532936,0.001885400164798397,0.030792707839759625,0.029211029692725286,0.017486814150103207,0.03192291714927405,0.002061869867156189
0.0,0.30464217727522996,0.3294844882016821,0.15639841335199162,0.5593165935686215,0.2866947561423984,0.1436490191574915,0.06734253267372502,0.0422399454342734,0.09302756185448433,0.0046431818246761075,0.38902544818303064,0.19611421354825376,0.21646215622196094,0.06179337125644533,0.04269364745888508,0.018312109639877238,0.05278885856076923,0.0018430322330315672,0.03041082865816799,0.029233414175947117,0.01750920329251075,0.032006718363167055,0.002071511907803602
0.0,0.30279524518186807,0.33060078611580546,0.1559416265077522,0.5616244078444864,0.2854283044295193,0.14388062333815754,0.06645012455419746,0.04131945380815178,0.0934787131406086,0.004755257156272307,0.3899903059226459,0.19608848185731576,0.21379601104788143,0.06153127027558186,0.04283028120237124,0.018544810708114107,0.052197144133710655,0.0018012989220721584,0.03003683502446291,0.02925218623979077,0.01752345740657951,0.032092723484514495,0.0020793495583351766
0.0,0.30096603418713935,0.3316695760754793,0.1553675553305096,0.5637226585499442,0.2844763305110287,0.144052955658355,0.06584717555353246,0.04042471822425905,0.0938852094950911,0.004864001294653322,0.3907693032615833,0.19603335236484223,0.21097792549806776,0.06124653909581393,0.042965378478869665,0.018777722929442266,0.05159912353145926,0.001760192463820718,0.029675858800099295,0.029263688645771183,0.017533157640989096,0.03217400888064751,0.0020851795083902517
3.552713678800501e-15,0.29915218633251506,0.3326996242692229,0.1546454246581897,0.5655818584737548,0.2837832295010291,0.14412962037559304,0.06550741651011309,0.03953850140168749,0.09419982446293941,0.004966184491686195,0.39132358523173094,0.195958228628234,0.20800991071486882,0.06093261007911124,0.04309387757417801,0.01900411580192603,0.050996468882503684,0.0017197159217135997,0.029325952986836063,0.029270721278217532,0.017536975780919496,0.03225046806220045,0.0020889398020714923
0.0,0.29736276275785734,0.33369111697847337,0.15380639324538226,0.567244232163649,0.2833251105864664,0.14414722592664542,0.06547633089291303,0.03870238517370233,0.09445455146161937,0.005064025425672482,0.391640619354669,0.19588533237376743,0.20490400853875862,0.06059290096042484,0.04321509641968689,0.019223234467292072,0.05039264701436028,0.0016799370676244484,0.028986576413792486,0.029274273117531058,0.01753413545271617,0.03232447515532275,0.002091052651445238
3.552713678800501e-15,0.29563766685800247,0.3346338742104492,0.1528395556725061,0.5686819131820684,0.2831915185315307,0.14411960014031472,0.0657353662918365,0.03791382287930766,0.09465370830871805,0.0051575166367395335,0.3917671255408579,0.19580566130056268,0.20165848672936196,0.060229498421588076,0.04333069115059484,0.019435501869436513,0.04978647445702796,0.0016408443761356786,0.028664842529524167,0.02927011829819952,0.01752828096684388,0.032389513965110035,0.00209140003987598
0.0,0.2938860840371439,0.3355278077605525,0.15174018937375103,0.5698537941843055,0.28332610036437583,0.14417820454155347,0.06623778574633328,0.037159285192387974,0.09480229510117284,0.005238544679011331,0.3916630896561345,0.1957118749164768,0.1982784713609257,0.059846390609531924,0.04344017461741018,0.019634538004815457,0.049180076317130415,0.001602413802388322,0.028343596565800017,0.02926541544794853,0.017518960764350458,0.032441811448497664,0.0020896778976960905
0.0,0.29217082535688865,0.33635891212825947,0.15051172926287004,0.5708308866543191,0.2837125432705812,0.14394332683750807,0.06700247322449342,0.03646691536322333,0.09486357036029654,0.005308961505947653,0.39131001451379266,0.19561951478041703,0.19477343261623623,0.059436854573493327,0.04353686417144145,0.01982075025381656,0.04857687997971893,0.00156479395976234,0.02803689903322385,0.02925734635182612,0.017504534614086086,0.032489779818878434,0.002086575363912099
3.552713678800501e-15,0.29054636087194624,0.3371494317509825,0.1491536476596029,0.5715547890104722,0.28444932248763133,0.1436755455642027,0.06796882268433303,0.03583839118911362,0.09487301371627303,0.005372562436375497,0.39076941105873936,0.1955222197701668,0.1911431067745343,0.05900935654673752,0.043629448015194,0.01999313977701028,0.04797530035436387,0.0015278522059607683,0.027752512100410617,0.02924327414435414,0.01748886131435733,0.032524145454879,0.0020819027230017067
0.0,0.2890864703332035,0.3378534279456125,0.14768499600350357,0.5720439761805477,0.28545874865573634,0.14342000817325176,0.06913326583194057,0.0352692933807078,0.0947411549732294,0.005432125025993742,0.3900060774967765,0.19540487050713573,0.1874328576206745,0.05855033607922713,0.04370071666030561,0.020149657719372896,0.047374769710907594,0.0014917485371470577,0.027488045450893315,0.02922080624164398,0.017470605738561115,0.03254601228144741,0.00207524289201656
0.0,0.28775419362105825,0.3384593658077462,0.14608333811553612,0.572317684057742,0.2867322229975767,0.14301921309386623,0.07048475724469717,0.034765796506490504,0.09448798799517438,0.0054846586758642325,0.38900009833682475,0.1952813706736601,0.18361878667340975,0.058058171620140896,0.04374826181374682,0.020287512023916193,0.046779287295462546,0.0014564152055795184,0.02724581429745092,0.029194326999505842,0.01744874792842012,0.03256077596495489,0.002067221278473948
0.0,0.2865702018604265,0.3389972871172574,0.14436396784950042,0.5723263572598376,0.2883789433947678,0.14260450897020943,0.0719718913651383,0.03433268303797189,0.09415492918305979,0.005531694777369452,0.3878104931450046,0.19512663837374128,0.17969592436450568,0.057541025270221306,0.04378210341537832,0.020407244281024466,0.04618818991788001,0.001421828168374274,0.027023314357003426,0.029160333782005707,0.017426927222633393,0.032559134211899134,0.002057714672647945
3.552713678800501e-15,0.2854028083434036,0.3394784198915405,0.14255715630809707,0.5720647913684539,0.2903145093333985,0.1422479522386067,0.07353831092679451,0.033974085959455495,0.09375530887255526,0.005566727072268293,0.3863915917972454,0.1949299696421183,0.1756928286057918,0.05701078000199524,0.04380793417635762,0.020506530329055826,0.0456043419449074,0.0013880569568568508,0.026804830508962686,0.029125703363034848,0.017403840131572954,0.03254111678748726,0.0020466355917376326
0.0,0.2842663312979805,0.33986573035967643,0.1406438562256614,0.5715361423611854,0.29254481406450145,0.14174050363028798,0.07517080196218849,0.03368754352546642,0.09331151903518978,0.005593333154480663,0.38477171147092004,0.19471110306313158,0.17159047551697187,0.05645429046122673,0.043809770481870056,0.020581685210183706,0.04502824021101111,0.001354951928260148,0.02661073774281874,0.029091775461596574,0.017381379864834807,0.032511645563033126,0.0020342122413458796
0.0,0.28334515344827405,0.34018472229850594,0.13864086672031328,0.5707494746189068,0.2951498914193046,0.14105642842942084,0.07686006621788631,0.0334829886124731,0.09276219100444705,0.005614838760315337,0.38297586636209086,0.19441377238360522,0.16741785854165578,0.0558639372695966,0.04378628998393925,0.020635875125909364,0.04445842024593887,0.0013226639413525705,0.026444240625345613,0.029046329570532534,0.01736011969850258,0.03246740651503586,0.002020557246963673
0.0,0.2826930543238127,0.34045371419639087,0.13657148249292547,0.5697426137282336,0.29805435146133763,0.14044384289896614,0.0785912223218918,0.033356238940892076,0.09201575888750113,0.005627963977736466,0.38098821652339065,0.19406383207752753,0.16320497690352248,0.05524960436049194,0.04374334858307806,0.02066990256597149,0.04389534217952626,0.001291197707650308,0.026288689625519262,0.02899578825799261,0.017334651511482214,0.032410359693452295,0.0020057576473929244
0.0,0.2822430805613463,0.340665494834927,0.13443729503909665,0.5684353748453892,0.30128236713861595,0.1397867712568812,0.08034353928163832,0.033301122801838653,0.09121049633914455,0.005635826432407216,0.3788724161333269,0.1936659055606916,0.15894684820181015,0.054592580791083756,0.043666920655978485,0.02067325650657397,0.043330420754268933,0.001260430561296823,0.026156585045416274,0.02894278498403576,0.017304117300602283,0.03234009925997739,0.001989555803870444
0.0,0.2819287902186376,0.3408195150635007,0.13224864312786147,0.5668812234382146,0.3048887258270211,0.13918116818908505,0.08206899496730309,0.03331912477848085,0.09027118990593716,0.0056340670110247085,0.37655778350023617,0.19313629719657205,0.1546302034086748,0.05392953170052512,0.04357766281917285,0.020656013088363002,0.0427859722320453,0.0012304852348118717,0.026030531069007126,0.028885650716247206,0.017279303237901313,0.03225160874246906,0.001972352982245214
0.0,0.28177771839390076,0.3409636696214813,0.13003283262227924,0.5650343902524411,0.3087961207222084,0.1386550529089631,0.08378992789079068,0.0334193375297062,0.08930148405671913,0.005632765842003355,0.3741156336480733,0.19251437671380625,0.15029728115518903,0.053228317968532536,0.04346353875510428,0.020613739468709404,0.042239410239690856,0.0012011677655982627,0.025925061505101203,0.02882457988903331,0.01724949678485664,0.03215231348878969,0.0019542709786216188
0.0,0.28178895370574825,0.3410745117863454,0.12779730777735418,0.5629262714840517,0.31303977046816867,0.13822412125157302,0.0854613930605274,0.03358210308572469,0.08823618369239541,0.005627981112313325,0.37154754243902954,0.19179336082288528,0.1459531086131072,0.05250173198563582,0.04332404003933696,0.02054384394687221,0.04170359303221163,0.0011727513792055687,0.025835523164197315,0.028759016561934355,0.017218165694517673,0.032038462546381874,0.001934955777809736
0.0,0.28194583389100797,0.3411369077878349,0.12555156213429705,0.5606039187327376,0.3176526984285153,0.1376953724055678,0.08707276153356233,0.033815491148615075,0.08701373170745304,0.005605164728108254,0.36880168220274173,0.19093224653683838,0.1415829059929689,0.0517831287261109,0.04317413848027279,0.02045622731821489,0.04119517469327539,0.0011451201183944294,0.02574779941284665,0.028691225642388032,0.017195645111789448,0.03190755147564836,0.0019150324351640032
0.0,0.282230806786768,0.3411906749962902,0.1233201135497085,0.5580517982512955,0.32256278885356043,0.1371705121874495,0.08864395386608082,0.03412535623279469,0.08569845734098158,0.0055748136213221635,0.36592306016203535,0.18993275015071687,0.13721533265609975,0.05105488947898704,0.04301075080930797,0.020350347478796698,0.040702360468490816,0.0011181884172018221,0.025678951074376895,0.028623138517690445,0.017175115568939678,0.031767236864153496,0.001894704190437778
0.0,0.2827102513815888,0.3412528704468471,0.12111072017016873,0.5552440555931738,0.32779904800112736,0.1366414461561046,0.09015884592746938,0.03449456950105917,0.08427275741119891,0.005535723321448675,0.3629431497577546,0.18879847122079502,0.13289699392110557,0.050310338584219336,0.042829372523347245,0.020219456073437614,0.04022502395321705,0.001092256757949502,0.025621362920521917,0.02854824504990699,0.017152970750980483,0.03161245215187333,0.0018733123662480376
0.0,0.28334893683782286,0.3413135488773047,0.11893158838867719,0.5521682965254424,0.333362938906293,0.13617089209721595,0.09160211025040857,0.0349270671190068,0.08278358318477287,0.005492093096605208,0.35988068442480203,0.18753286144409623,0.12863030403557726,0.049554929363636945,0.04262640379576656,0.02006423743667019,0.03976134430402898,0.0010669714534907973,0.02557085071399164,0.02847132834477618,0.01713298063379533,0.03144342672236391,0.0018514254024480177
3.552713678800501e-15,0.2840992217721162,0.34138742099386393,0.1168041134196667,0.5488623832976691,0.339185235821532,0.13576397072954782,0.09300940702611232,0.035429190552490705,0.08123384512483287,0.005444667239229552,0.3567452442054788,0.18611348088620028,0.12443696159451303,0.04879240944228003,0.04240991586762738,0.0198902064414537,0.03931340107648124,0.0010424486808749624,0.02553597823904674,0.028395378781082784,0.01711388206256066,0.031266019612079664,0.001829243084846536
3.552713678800501e-15,0.28501039260536615,0.34149357347358855,0.11473099363190342,0.5453103562401229,0.3452807981118407,0.1353769902091688,0.09436591004602363,0.03598763548523827,0.079592829808748,0.005390582773140741,0.35355117088727617,0.1845574632155866,0.12035998470243475,0.04802035016906736,0.04218052602699636,0.019694513667036756,0.03888140632963857,0.0010189120259796265,0.025507821611049968,0.02831268472543135,0.01709351765014282,0.03107528000669853,0.0018063089896031659
0.0,0.286025186046255,0.34162010312943947,0.11272232740273673,0.5415141935449425,0.3516269524804984,0.13505180103687786,0.09565320548520305,0.03659243927961167,0.07789975068840492,0.005333112242378995,0.3503169537857404,0.18285703292217076,0.11640448843571645,0.04724197767496515,0.04193169764140654,0.019476873593660494,0.038464657752602854,0.000996083060084709,0.02548780574493626,0.028228283540953344,0.017074104830511368,0.03087302606091105,0.0017830018205422973
0.0,0.2871160919320705,0.3417701527938249,0.11079167476512347,0.5375089394893452,0.3581776483654358,0.134801956983283,0.0969004892317095,0.03724869062393866,0.07616319280585716,0.005273499967447736,0.34706385203859036,0.1810184603605136,0.1125933434636678,0.04646236515426138,0.04167134135973766,0.01924326994658798,0.038064387311665566,0.0009740478876979096,0.02547789506313455,0.02814658779196101,0.01705572950417502,0.030662639784184098,0.0017595118985455776
0.0,0.28829507779986946,0.34195580439316076,0.1089352153078505,0.5332657729532001,0.3649105852664632,0.13459513574082063,0.09812411032469447,0.03795199423525339,0.07436250422741753,0.00520959992081636,0.34379283079900685,0.17902083027556948,0.10897248840809402,0.045680423013025724,0.041402911051061406,0.018992234092377165,0.0376806474650314,0.0009529874146786206,0.025471115838252723,0.028059522098380526,0.017037166233434858,0.030440953698298374,0.0017355225006941556
0.0,0.2895125722987317,0.3421709884422453,0.10716078162350495,0.5288132788906175,0.3717967532416931,0.13444436438941204,0.09929920053328779,0.03868626267210339,0.07252391839105915,0.005143677689325407,0.34053342783000184,0.17688332353181022,0.10556126452015141,0.04489834720995745,0.04111977488770668,0.018723451950549058,0.037313698312719294,0.000932755777869858,0.025473405459114733,0.02797199604872073,0.017018615842271875,0.030210866297780293,0.0017111938094963284
3.552713678800501e-15,0.290764788028126,0.34241958461520966,0.10547236226517162,0.5241745341861122,0.3788224322897738,0.13436651870258082,0.10042990108174829,0.03944626933924195,0.07066361594681689,0.005077478043257808,0.337303583256068,0.17462688031386472,0.1023889998771614,0.04412137067329912,0.04082745934764573,0.018441432060203697,0.03696274545433843,0.0009133296584709392,0.0254804849185401,0.027887729983520206,0.017000893962353027,0.02997271079349786,0.0016867555878495198
0.0,0.2920234566092829,0.3426903390500899,0.10386144897304417,0.5193303288839402,0.3859253702416304,0.13433616797532433,0.10156785435148981,0.04024501976317998,0.06877225900608706,0.00500925766940647,0.33410226658961484,0.17222282741903686,0.09949909266592165,0.04335094349032626,0.040531424162388016,0.018147574129831166,0.036628932367772406,0.0008949205768499194,0.025490504339560845,0.027800762790914788,0.01698394516431689,0.029726391151732163,0.001662003572187759
0.0,0.2932576371597478,0.34298572661995763,0.10233077061497171,0.5143030947646035,0.39308771078120164,0.13435270169623217,0.10269465622846366,0.04106884611937062,0.0668682193950686,0.004940751413805948,0.33096028472541866,0.1697093201856695,0.09692165781265086,0.04258749071708334,0.040227336312580866,0.01784165014869614,0.036312425892273556,0.0008774507203441274,0.025509042162303937,0.027713615357124285,0.016966572707156603,0.029474153763553446,0.0016368998510081858
0.0,0.29447989194529806,0.3433238670861688,0.10087800226296093,0.5091009051810396,0.4003173404777016,0.13443521172285952,0.1037828714906122,0.04189309471478155,0.06496945566373068,0.004873918643147829,0.3278850444471733,0.16709969883592704,0.09468911895437579,0.04183627286069894,0.03991810922554953,0.017526661159797317,0.03601189878579287,0.0008608598352170356,0.025529520544022983,0.02763016180898636,0.016949934037254446,0.029214936439576587,0.0016117227755407927
0.0,0.29562916637978814,0.3436661729564005,0.0994884033868782,0.5037225413931422,0.4075329559013322,0.13456228429662612,0.10490364115487442,0.04274574190410242,0.06307357914415825,0.004807340672196732,0.32487673896849567,0.16439041498146306,0.09282809856694589,0.041100506159751075,0.03960966750531537,0.017206426348676133,0.03572828693243414,0.0008453242191575425,0.0255552161493676,0.027546455422013942,0.016935929675195215,0.02895033956137187,0.0015864330750344285
3.552713678800501e-15,0.29670067333565,0.3440199633354126,0.09816156240402998,0.49817179982896204,0.41473568851349013,0.134725372958465,0.10603521709987611,0.04361070924668213,0.06119426477056633,0.00474271328349238,0.3219668074102442,0.16159751181778065,0.09138040725953614,0.04037938570867299,0.039298872625219486,0.016880502090696033,0.035461196026289825,0.0008308102746735178,0.025587684065897523,0.027464168529528665,0.016922449756670784,0.028681872964942425,0.0015607879284791038
0.0,0.29772842649892006,0.3444086269837131,0.0968903902167663,0.49245585948260767,0.42193059838381836,0.13494281930943466,0.1071592596363959,0.0444682595621846,0.05934369440283533,0.004681400721525115,0.3191533019955031,0.15873308624123958,0.0903601840256473,0.03967802735074815,0.03898859728135291,0.016551982087272488,0.035210107629050726,0.0008172775523470734,0.025622286915061503,0.027384884384516403,0.016910373427837064,0.02840907613292556,0.0015351267464731714
0.0,0.2986718950507844,0.34480391726709353,0.09566311192031254,0.48658564620564326,0.4290457037804007,0.13521144716475905,0.1083176258629603,0.04533234583677852,0.05752898930848002,0.00462317743631826,0.3164332218375209,0.1558217501825225,0.08977037686492488,0.03899922750769114,0.038682182522078494,0.01622439917936196,0.03497480993303017,0.0008047741805987123,0.025664279281639533,0.027307224541226197,0.016902549380924985,0.028132766860278272,0.0015095085268705983
0.0,0.2995517287839687,0.3452019652768012,0.09447104123491436,0.480526880270248,0.4361049356277346,0.13551355268038434,0.10949821554529642,0.046196827039026646,0.05576247180093946,0.004569466825292786,0.3138380065241042,0.1528595140706131,0.08963935575992751,0.03834294394151476,0.038379082338316016,0.015898915780546932,0.034755354435539884,0.0007933628388428234,0.02571277102890657,0.027232835454132923,0.01689737390701292,0.027854959844704548,0.0014836194041659703
3.552713678800501e-15,0.3003495017699625,0.3456096262923458,0.09330672017147681,0.474300853517061,0.44309737737049903,0.13584706582154402,0.11069785057241019,0.04705254969598215,0.05404508610224171,0.004520136035096218,0.3113566654677581,0.1498616401824512,0.08995175921270683,0.03771294709089272,0.03808181035869911,0.0155780440102015,0.03455171182382059,0.0007829904770043927,0.025765400060414813,0.02716021352421401,0.016894062826336764,0.027574852130267214,0.0014577298368873743
3.552713678800501e-15,0.3010237646628905,0.3460463215995082,0.09216656629215005,0.46792562612933913,0.4500345544442642,0.13620290735399798,0.11193189688279016,0.047896376517936816,0.05238838135929306,0.004475820298316513,0.30899659248369926,0.14685140511904382,0.09068642126123917,0.03711157759777083,0.037791446469375066,0.015265007941460908,0.03436220472071849,0.0007736135653516065,0.02582728810709204,0.027090459804762924,0.01689618936845851,0.027293013292591147,0.0014320075400943574
3.552713678800501e-15,0.30160515251113035,0.34648122181657304,0.0910342586852077,0.46136340431391204,0.4569287538296074,0.13656111039668736,0.11319575960312024,0.048729775327852665,0.05080707524268351,0.004437674441348258,0.3067752301221432,0.14383117561950468,0.09183866502516504,0.03654003728442095,0.037509073673093106,0.014962163344748328,0.03418656548071798,0.0007653418546345554,0.025895947981713976,0.02702446662973435,0.016902712805837272,0.02701157443729502,0.0014060899048034881
0.0,0.30214283883820214,0.3469320700203902,0.08990787459005428,0.4546167432625909,0.46378459913715847,0.13692638373857965,0.11449848423127477,0.04955409417645686,0.04929913314722495,0.004405068405857357,0.3046924909339691,0.14081724753307193,0.09337475916199346,0.03600053703128045,0.03723684859746781,0.014671770897275995,0.03402630205996699,0.0007581325455208518,0.025972013280570503,0.026959453157483357,0.016912286822531385,0.02672932465877171,0.001380186272350745
0.0,0.3026631357074141,0.34744860209397327,0.08878984607698297,0.4477087443575618,0.47061831528734915,0.13730506849643576,0.11582460446836666,0.05035255157223766,0.04787324333226985,0.004379710862224365,0.30275508567725523,0.13782417618555529,0.09525988327874503,0.035495325376538295,0.03697465439760293,0.014396784502465409,0.03387941069922955,0.0007519072931832665,0.026058272864103477,0.026897344745157748,0.016927625449918972,0.02644776017352828,0.0013545156702482735
3.552713678800501e-15,0.30320722216253104,0.34797623316283033,0.08766180617681334,0.4406139260545431,0.4774453747548875,0.13769539781729015,0.11717806986808857,0.05112445031536368,0.04655074899348442,0.004362625863016224,0.3009584421756636,0.13486734139524445,0.09745252847680573,0.03502490745376634,0.0367238457739714,0.01413948168985105,0.033744247917299214,0.0007467169851820214,0.026154516824507975,0.02683919822825699,0.016949570418489122,0.02616790975019107,0.0013287465936602308
0.0,0.3038561726205839,0.3485331225564017,0.08652441874119732,0.4333065549117651,0.484286562102527,0.13808390215650526,0.11855197356148856,0.05187610627491124,0.04532174265540697,0.004352415343782296,0.29930208731136965,0.1319617250834638,0.09991950408140475,0.03459038480044078,0.036485704524804874,0.013901755958395667,0.0336232028118321,0.0007425540678211199,0.026259629832884587,0.02678114958465757,0.016975719255178864,0.025888887633602545,0.0013030115775024115
3.552713678800501e-15,0.3045038066093788,0.349153907606362,0.08538124862450444,0.42581531134401135,0.49113650472794507,0.13844575504453316,0.11994250067803852,0.052604075636525596,0.04418551073780728,0.004349858499494513,0.29779340800717047,0.1291127882910959,0.10261835459556896,0.0341930340652042,0.036259514165789444,0.013686107649295546,0.0335145444653253,0.0007393544832794154,0.026376124628414238,0.02672553572579059,0.017008251527676915,0.025612554285789003,0.001277476542892645
0.0,0.3051763245064012,0.3498137102586739,0.08422308161818878,0.41812594242665957,0.4980130404922864,0.13878409351446758,0.12135746677643174,0.05329527415497886,0.04315769493108905,0.004355151088744609,0.29641962255123994,0.1263386196159529,0.10550612245465385,0.033832870317296836,0.036046759735348904,0.013494180238754129,0.03341557734557605,0.0007370832549983432,0.02650546344973549,0.026674370641016062,0.01704943730903249,0.025339285758981634,0.0012519287156179714
0.0,0.3059285665097137,0.3505112005582799,0.08305058388894326,0.41023763856183,0.50492619016852,0.13907708223647605,0.12276208916431128,0.05395654078086459,0.04222820573036864,0.004367204017753302,0.2951626668199622,0.12366921160884085,0.10854388810489177,0.03350972229870094,0.03584758169802478,0.013327560911539896,0.03332842268206577,0.0007357454964430277,0.02664568440599147,0.026622861685766407,0.017095940429507288,0.025068458486685024,0.0012264248711945727
0.0,0.30672522862030516,0.35128588036086966,0.08186693138566489,0.40218388060923577,0.5118550895508702,0.13933384518539618,0.12416291597152129,0.054596519323977404,0.04139344684293974,0.004387360988862458,0.29403817166603263,0.12109986365055345,0.11169318739779772,0.03322321458087682,0.035661012061852904,0.013187461977303803,0.033252514179390125,0.0007353058380054256,0.026799668148644127,0.026572859508835298,0.01714980308016678,0.024801454846997698,0.0012010984769565036
0.0,0.3075935029660589,0.3521225849203408,0.08067172996865639,0.3940146339543276,0.5188134804051022,0.1395787126776171,0.12556475771926756,0.05519086109762985,0.040666396081931636,0.004415838602477827,0.2930321143314683,0.1186547174119071,0.11492537186232306,0.032973062982798666,0.03548860852000432,0.013075323508929211,0.0331844544594838,0.0007356566192894976,0.026969727038772373,0.026526912159015797,0.017212991306231485,0.024538224406512436,0.0011758854392855658
3.552713678800501e-15,0.30860733864643436,0.3530275456802425,0.07946763260309653,0.3857159815834,0.5258263453518872,0.13979845314575928,0.12694183727176775,0.055754299109607955,0.040042335577477425,0.004452471969089512,0.2921060050247681,0.1163493641114859,0.11820485294534075,0.032757561408259736,0.03532937731085174,0.012991481427098382,0.03312478873802464,0.0007367382962961965,0.02715371215761875,0.026480153300838676,0.017281906036997405,0.02427920752498325,0.0011507475012378931
0.0,0.3096873607688748,0.35398554648728275,0.07825415131852786,0.3772716249546032,0.5328228974667882,0.13997349015379637,0.12827600797905264,0.05629403167349273,0.039507531019607904,0.004497055149061745,0.2912692547528121,0.11419730113862203,0.12148939840803989,0.03257414430493036,0.03518250559788699,0.012934822911085381,0.03307540353374343,0.0007386040425292535,0.027352454764166544,0.026434371368964947,0.017358560293473706,0.024024415968017916,0.0011258350242414083
3.552713678800501e-15,0.3108404819703624,0.35502760853275345,0.07703588861392714,0.36872305066242217,0.5398268940278695,0.14013284593390019,0.12959684774915609,0.056792693820358786,0.03906567692279109,0.004549443141580082,0.29051768747651546,0.11220177104542305,0.12477438095019444,0.032421848723874706,0.03504939696773848,0.012906888644317854,0.03303246353309757,0.0007411079837396999,0.02756781220149898,0.02639202344746802,0.017444605365370455,0.02377425503287928,0.0011011689243245056
0.0,0.3120376367165118,0.35612780672347416,0.07581548710293506,0.36010860417793716,0.546828506424351,0.14024196893737603,0.13089243908008416,0.057267739311020194,0.03871343833064959,0.0046088322999289656,0.28980424833234664,0.11038149060128467,0.12803618074881143,0.0323003036280204,0.03492900586241691,0.01290666250212568,0.03299547443276377,0.0007441675831031116,0.027797125065881653,0.026348411826380362,0.01753620671006084,0.023528724798546542,0.0010766421407655074
3.552713678800501e-15,0.31319475819674647,0.35720989805989684,0.07459257436526406,0.35148325345607656,0.5536772535644185,0.14031068633645064,0.13211264239233217,0.05771634735971706,0.03844306782548165,0.0046761102399503415,0.28911061605917765,0.10875665328837059,0.13121617747639933,0.032203562758153205,0.03481940928411563,0.01293100710559002,0.0329665188526003,0.0007478582244179283,0.028040266271135206,0.02630327759500087,0.01763445182237339,0.02328740812199974,0.0010524511501359022
3.552713678800501e-15,0.3142909034632793,0.35829011450637627,0.07337096105928127,0.3428836902155236,0.5603822977519757,0.140336539798268,0.13329783899237047,0.05813658019942071,0.038248275788110284,0.004749963335430403,0.28844536348193917,0.10732697145259314,0.13432916657918875,0.032132199180856635,0.034722199760076365,0.01298172350947782,0.03294291451769304,0.0007520004305693741,0.028298280508012485,0.026257742854018717,0.0177399953240803,0.023050731294624014,0.0010285833504137655
3.552713678800501e-15,0.3151604314911225,0.3593144985490625,0.07214957733465004,0.3343062253682812,0.5668369175039747,0.14028623858143224,0.13443741484126567,0.05853277814122719,0.03812215599141075,0.004829454593317121,0.28776151806374606,0.1061014566229995,0.1373640609095041,0.03208266962766621,0.034635841579612615,0.013055970306358574,0.03292321657662725,0.0007565587724528453,0.028569345103223457,0.026211735680276776,0.01785100288993609,0.02281749493300218,0.0010050420937450994
3.552713678800501e-15,0.3157885173860254,0.3602513680042804,0.07093070162373417,0.3257520796261896,0.5729825235139622,0.1401580661573431,0.13548552289951146,0.05890691141226383,0.03805408118367819,0.004914805049372254,0.28703262716904565,0.10508641628547274,0.14026924938049268,0.03204730302855007,0.034558639983650385,0.013150181701693882,0.032908546660867774,0.0007615950527535017,0.028853812277444053,0.026162387230614488,0.017966849297449926,0.02258894380775267,0.0009819281839074318
0.0,0.31612403314864496,0.36105688610641556,0.06971663846450475,0.3172477071969431,0.5787592423213804,0.1399570832868022,0.1364659247645273,0.05926297382278721,0.03803542385484934,0.005005421068077825,0.2862526229758568,0.10428311595536083,0.14304573680729354,0.03202684797825917,0.03449107722783038,0.013264811690426401,0.032898297182828454,0.0007669352227045889,0.02915005060151182,0.026109329678975595,0.01808769246844008,0.022364660490390043,0.0009592433722727712
7.105427357601002e-15,0.31602206624875573,0.36168132756949406,0.06849859228843777,0.30877467149862164,0.5840665510277415,0.13966495603985285,0.1373817072379632,0.05959926395480798,0.038064982217136806,0.005100659995149094,0.2853997069241109,0.10368298287012168,0.1457070618750813,0.03201769868509568,0.034431786685601956,0.013396317540718853,0.03289050395473753,0.0007725632234156814,0.029457944618628835,0.026055407791065705,0.018213262451901756,0.022142808448675146,0.0009370234444280555
3.552713678800501e-15,0.31552904160142975,0.36210761513636636,0.06727855497999656,0.3003377774943792,0.5888778221714928,0.13929426495278013,0.13819373818425956,0.05991643202244219,0.038138044846585936,0.005199785131919534,0.2844444844307866,0.10328958651142345,0.14821755329242023,0.032012033284898704,0.03437908225380141,0.013542215923436865,0.032884797034067464,0.0007785180701325382,0.029776989213574353,0.02599656847550962,0.018341996687097475,0.02192558851034682,0.0009153363161568333
3.552713678800501e-15,0.3145650537261053,0.3622743132966669,0.06606319754566599,0.2919509691239721,0.5931215600409868,0.1388409096984901,0.13891189902426465,0.06022404919700251,0.038243674521016444,0.005303423679743703,0.28336868553619277,0.1030940880978497,0.1505436465276778,0.03201085073976893,0.034333176867761245,0.013701670560383033,0.03288271649411241,0.0007846387033969606,0.030103402072301194,0.025930132602123342,0.018473313925666857,0.021711436942837337,0.0008941989048887813
3.552713678800501e-15,0.31303632343511356,0.36215488915149896,0.06483603151223069,0.2835732236937626,0.5967239825551106,0.13830188763024967,0.13954821021379682,0.06051969172696068,0.038386178315337825,0.005410724193905675,0.28217619971768243,0.10307572492149517,0.15272791645947165,0.03201121170477732,0.0342931157107593,0.013870947155697299,0.03288193646253894,0.0007909144438233592,0.030440244544298254,0.02586034303682515,0.01860728303520371,0.02149936326418584,0.0008736229518991504
0.0,0.31107488621802687,0.3617639284183213,0.06359889691324831,0.27523277083008235,0.5997391868792753,0.1377096278724287,0.14008837878840283,0.06080703428377511,0.03856713070474182,0.005521084515922598,0.28085644297341733,0.10323340371949884,0.15475332076484877,0.03200647407437037,0.03425817058310155,0.014048932366220814,0.03288114682122262,0.0007973846158432833,0.030785131642852168,0.025783613585397967,0.01874215732213015,0.02129185392006587,0.0008537000817953304
0.0,0.3085700091851532,0.3610233931873659,0.06236020869729445,0.2669029970961204,0.6020781221167921,0.1370469474847183,0.14052243919939655,0.0610925053367355,0.03877209480691164,0.005635104199912866,0.2793728601112481,0.10354928367978254,0.15656738585419605,0.03199732342608533,0.03422717221874521,0.014234211149056795,0.032881955189363765,0.0008039087924048153,0.031134142338686818,0.025697456111203998,0.018877806920274156,0.0210855439238616,0.0008344575051514057
0.0,0.30548570962832455,0.3599206217558253,0.06110330180256467,0.25857103013705907,0.6036979847155176,0.13632240087099287,0.14086223144285231,0.06137937131754989,0.039011108639680755,0.005752861862452327,0.27773647392964745,0.10399921217372039,0.15821752438960976,0.03198024898347902,0.034200186485255225,0.014423029504418034,0.03288314351353918,0.0008104714673009068,0.03149066226808244,0.025605022230469385,0.019012876692109614,0.02088169914712869,0.000815862869302265
3.552713678800501e-15,0.3019925778089609,0.35848950722864964,0.05982882768946943,0.2502729402375371,0.6046983535875489,0.1355467953690894,0.14110702672629397,0.06166289802794209,0.03928267207420035,0.005872796999089845,0.2759612183743416,0.10457695705771494,0.15970058095293183,0.031950541090993836,0.03417602405688935,0.014614278592452654,0.03288309024457199,0.0008171029750981714,0.03185066302540007,0.02550532008916665,0.019146441705700016,0.02068200429029906,0.0007980504046890106
3.552713678800501e-15,0.29804101881783507,0.35670677714849053,0.05854800070844764,0.24201066754776995,0.6050581265433288,0.13471017012567144,0.14124273703098028,0.06195609904016201,0.03957219450906967,0.005994272705633434,0.27402179589451253,0.10526607569867301,0.16097986937558528,0.03191070656308484,0.03415382991551773,0.014807436775169757,0.03288295138897912,0.0008236884663502056,0.03221334024110929,0.02539607924758469,0.01927836703773022,0.020483891376770785,0.0007810341128622453
0.0,0.29368410151033125,0.3545871593057585,0.057251235056160324,0.2338181959695985,0.6047742405688236,0.13382898835338838,0.14127706512568428,0.062261397881775316,0.039897469108140064,0.006118577801008491,0.2719274269845438,0.10604299364042089,0.1620682406516196,0.03185622040272634,0.034133330461470636,0.014998860058555262,0.03288228958298949,0.0008301842259380612,0.03257757614527441,0.025278363675773706,0.019406817298315227,0.020288938104381198,0.0007647873655744099
3.552713678800501e-15,0.28916204497119485,0.3522197096050091,0.05594099197807756,0.22575447229337034,0.6040188337247574,0.13293939433115745,0.1412130228153506,0.06257055992149974,0.04026158120043907,0.006244465874455118,0.2697339891082218,0.10691323928786724,0.16298816658013654,0.03178648883122707,0.03411370072691828,0.01518799341319532,0.03287993729174685,0.0008366115934338128,0.032941101472287,0.0251550023079378,0.019531919177444765,0.020098018242885672,0.0007494195379924446
0.0,0.28462050376090076,0.34972595183288574,0.05463577464013974,0.2178505750005618,0.6029481366857853,0.1320577987455914,0.14104682794929074,0.06290536975011313,0.04066057905837169,0.006371067624797024,0.267427814283838,0.10787680936316085,0.16371419061202785,0.031706971332161736,0.034094637439296915,0.015374412834701034,0.03287619201935903,0.0008428833207073042,0.03330618672056027,0.025024453511397805,0.0196534703704122,0.01991085617789023,0.0007349068573308509
3.552713678800501e-15,0.2801471777500737,0.3471711640124355,0.05334026283950333,0.2101779191797514,0.6016045510443512,0.1312144766406409,0.14078436184652077,0.06326397022126577,0.04111538089129184,0.0065000901189749966,0.26503425990181456,0.10890984526329676,0.16424139821696804,0.031613869677650876,0.03407584623613019,0.015555571787053461,0.03287140629033111,0.0008489644640532097,0.03366799545035338,0.024884963513358553,0.019768688862221096,0.019728695056229716,0.0007212123730897659
3.552713678800501e-15,0.27591284052767434,0.34463383300820505,0.05205679583540895,0.20274319592689855,0.6000999345188602,0.13041994843723864,0.14041881282197755,0.06363793340604136,0.04162678218995313,0.006629867573836897,0.26261976485880434,0.11002436670273043,0.16460111001596806,0.03150769236508852,0.034056457280282074,0.01573097203305916,0.032864572701461814,0.0008548600079445449,0.034024800471722225,0.024742731450661325,0.01987901043861965,0.019551221866290804,0.0007084248499595627
7.105427357601002e-15,0.2720820706464187,0.34225540367653284,0.050805333112758096,0.19555687973051167,0.5985957348245587,0.1297100444483589,0.13997441706910754,0.0640533285760178,0.042196393000067896,0.006759382971115667,0.26017739199404416,0.11122796237805735,0.16479473365170638,0.031395758286442074,0.03403674745579127,0.01589998361729702,0.03285561878834232,0.000860514840246678,0.03438105162515779,0.024596166031297155,0.019983473267907958,0.019380307015531575,0.0006965084204254375
0.0,0.2686941205548846,0.3400962745085627,0.04960127485536399,0.1886467067925741,0.5971345758719838,0.12911669217583407,0.13944730259847937,0.06449774657165741,0.042841054314097196,0.006889543298900739,0.257725222540312,0.11250781360573477,0.16480369887836896,0.03127418849390738,0.034016400268617235,0.016062324621002048,0.03284518908247811,0.0008659506685634201,0.034731487772216206,0.024442373811885475,0.020079770235813553,0.019215654969377265,0.0006853902932682713
0.0,0.2658019139960641,0.3382782274144386,0.04844485618457932,0.18200152738572753,0.595777687561727,0.12862504543377348,0.13883698946467868,0.0649748322904369,0.04355753895404482,0.007019846225459883,0.2553519924193071,0.11386884228145042,0.16464689973788954,0.031145811098784813,0.03399473236794712,0.016216718570970744,0.032832644836069166,0.0008710826206125092,0.03507266145422785,0.024288226272078217,0.020168600802497733,0.019056904243590016,0.0006751472261415551
7.105427357601002e-15,0.2633823904400488,0.3368527386275193,0.04734931814124443,0.17559667806570636,0.5946077026673284,0.12826230346539966,0.13818141982466184,0.06549857895071423,0.04434639427600975,0.0071495356463786765,0.2530344191006549,0.11532152819339409,0.1643521044789801,0.031016592637628192,0.03397135103364346,0.016362153657048448,0.0328180421813058,0.0008759074062134656,0.03541107320812241,0.02413266642497552,0.020250014826999556,0.018906681844862026,0.0006657271979947078
0.0,0.26152194156475855,0.33589518400205953,0.04633787058881244,0.1694486086627832,0.5936864715549309,0.12806475995146538,0.13746947665084314,0.06605815572180411,0.04522094718518956,0.007278276195208989,0.25080120938697886,0.1168632468963642,0.16389665014365445,0.030882781935609505,0.033946856719461536,0.016500653482272816,0.032801578258942275,0.0008804837616183895,0.035742196758543926,0.023973916430669866,0.020322440890791438,0.018763364286603624,0.0006570800249863522
7.105427357601002e-15,0.26015354818073705,0.33549334640796996,0.04539965519642836,0.16361702515329687,0.592971605843262,0.1280062163834004,0.1366996069563731,0.06665847388465744,0.046174373992305444,0.0074067089718564735,0.2487223883974005,0.11848079867138414,0.16328684064406376,0.03074798428139209,0.0339195119902939,0.016629678450964292,0.032783487773201746,0.0008846806221623302,0.03606098575811527,0.0238152289396343,0.020384520941244644,0.018627001983714555,0.0006491486734004686
0.0,0.25920062652319165,0.3356027813060183,0.04454138491684144,0.1581019807896797,0.5925106211474717,0.12810251747479287,0.13591804883477535,0.06729590386709204,0.04720535291713541,0.0075337581428348245,0.24675821264369116,0.12018877291367677,0.16256727693173326,0.030615289935952257,0.033889116970568366,0.016748578860262788,0.03276363146769287,0.0008885459777061421,0.03637382745919128,0.023656489285531965,0.02043799284713365,0.018499603300071648,0.0006419351756877633
0.0,0.2587601227744032,0.3362774215991607,0.04378066578755836,0.15299080914763788,0.5923464431058775,0.12838048211093409,0.1351127907170212,0.06796971602400999,0.04832132386399395,0.007658675575690529,0.2449423818940654,0.12198640043394872,0.1617081998220201,0.030480779920813043,0.03385743681163547,0.0168604690462345,0.032741630294310924,0.0008921254368670216,0.036677766296281396,0.023497842202042783,0.020481857943639374,0.018379045620683553,0.0006353998221636761
7.105427357601002e-15,0.2586938478592679,0.33760895008879993,0.04310827037921928,0.14843963706742816,0.592428641050846,0.12879438287286663,0.13429417171787536,0.06868056710440416,0.04951115361960664,0.007780792160010907,0.24332469802235812,0.12384783333643708,0.16072433381769952,0.030348467916389944,0.03382054755276201,0.01696168473985375,0.03271925469776219,0.0008953209425931612,0.036968290275189566,0.02333920666979061,0.020513572191552,0.018266214594520134,0.0006294410928162939
3.552713678800501e-15,0.2589340810917014,0.33945959473326964,0.04252316723455188,0.14455698698428882,0.5927503741703235,0.12935329797786632,0.13349748058351743,0.06941681302138289,0.050773526937115204,0.007900460658304732,0.24186450440586368,0.12578727981571775,0.1596502346900501,0.03021950610256784,0.033780531078046364,0.017053011000447284,0.03269493654386542,0.00089816035953449,0.03724949838210256,0.02318146545374532,0.020536012423065436,0.018161766123699023,0.0006240082588299346
3.552713678800501e-15,0.2595463901641717,0.34180912086061394,0.042033396040934534,0.1415177045483667,0.5932917192621974,0.13007609942394643,0.13271781284764483,0.07018306361285562,0.052113707719455685,0.008017343721224049,0.24057838877005844,0.1277882437908502,0.15847808364121566,0.030089260056547454,0.0337383384056374,0.017136532351170766,0.03266893971833922,0.0009006969708656695,0.03752086875711449,0.023025975318921126,0.020547958943425423,0.01806407363939897,0.00061908818109106
0.0,0.26045636413800294,0.3446776208930815,0.04163661073818232,0.1395689608255733,0.5939894109257006,0.13094482768893467,0.1319671014156752,0.0709613934757172,0.05351116375155972,0.008130988936667584,0.23948138760312743,0.12982177209022955,0.15721326366239172,0.0299599602393122,0.0336892982246335,0.0172097839077586,0.03264335423575177,0.0009029143618570484,0.0377804268255097,0.022870039538087538,0.020547309491449308,0.017973964535429054,0.0006146547971169314
3.552713678800501e-15,0.261523798434231,0.34779435618544713,0.04131130492433111,0.13869085926950897,0.5946899122262499,0.131925873076731,0.13127721313029897,0.071750574046179,0.05496684288832551,0.008240870590563262,0.2385239837723912,0.13186905284918962,0.15588245508888718,0.02982961173321764,0.03363808856172751,0.017274946570755293,0.032615913212756795,0.0009048101052849818,0.038028031539634057,0.02271451435762004,0.02053680872334713,0.01788997065505625,0.0006104862630174682
0.0,0.2627700115378117,0.35104356073710974,0.04106252095969976,0.1389132650035729,0.5953136002304882,0.13303033195053987,0.13063713489824677,0.07254544448946934,0.0564867798927944,0.008346603109594621,0.23767501345605818,0.13390771684725442,0.1544906187699713,0.0296917419188758,0.03358278325959657,0.01733120182513297,0.032587249741474374,0.0009064000721286182,0.03826659680037431,0.022561054940480142,0.020515250710842037,0.017811869679570505,0.0006066524190729676
0.0,0.26394461358376325,0.3543035433421263,0.040871949221164515,0.14009984414378723,0.5956945957041736,0.13419368675841795,0.1300662994750038,0.0733132392439864,0.05804335286364407,0.008447049171303402,0.23692584571253167,0.13588211655018995,0.1530300867983881,0.02954496147053188,0.03352021086500959,0.01737809907754385,0.032559194653852624,0.0009078098561873794,0.038492716523761225,0.022407825604981287,0.02048242646669641,0.017739289900382677,0.0006031791167915367
0.0,0.2650677598558512,0.357422500886487,0.04072247475042535,0.14209862159205225,0.5957664820677171,0.13543195265320326,0.12959302817102458,0.07407827754428385,0.059645212436784584,0.008542492421336595,0.23625062294284735,0.13778079804940674,0.15153517044958342,0.029388912888549595,0.03345573630181142,0.017418670578088304,0.032530117719722834,0.0009089917368374545,0.03870754308181344,0.02225478882465896,0.020439978022156274,0.017671031269635516,0.0005997659005913494
0.0,0.26601723510828085,0.36019294517915224,0.04060083321563726,0.14464091605456889,0.5953352537729196,0.1367264284755799,0.1291997734938897,0.07480852328227859,0.06129458228722926,0.008633199143389277,0.2355868067010747,0.13956914622074418,0.1500046703593627,0.029215591211678084,0.033384409914433526,0.01744948004073636,0.032500727583402375,0.0009099412370812827,0.038913184406213636,0.022102245347569757,0.020386257613454195,0.017607793963621634,0.0005964847327156547
7.105427357601002e-15,0.26710912693609207,0.36126889146589164,0.040261779152252784,0.14771182386916248,0.5949811713434676,0.13853300547387865,0.12886465936636712,0.07545250675062554,0.06307633274843827,0.008725692820144132,0.23479351792989084,0.14088196738442618,0.14843451201094698,0.028984952020273794,0.033307110259010245,0.01747164268024055,0.03248421516617708,0.0009101321552380665,0.03910839127698827,0.0219452514260436,0.020323329211650466,0.017563693977375394,0.0005938814075917768
0.0,0.26969284694799,0.3565311398502472,0.03906501786396286,0.15189036873631376,0.5965598847794022,0.14231707747058517,0.12850480009749915,0.07590447601239655,0.06532967933889242,0.008839487175719305,0.23334603597792924,0.1406867524426114,0.1468625911311262,0.02856916618102937,0.03322698855496718,0.01748216597451652,0.03251970167713485,0.0009074675197075913,0.039297445063601166,0.021764737624220397,0.02025330904184338,0.01758534361379225,0.0005930081479089148
0.0,0.2669565362032206,0.34779493561602637,0.03757189084974789,0.14906165246107206,0.591726728183261,0.14510184778464283,0.12823475759581035,0.07617260010629126,0.06718845760973706,0.008933923354252056,0.23082109279097676,0.13963780999607514,0.14527493943017522,0.027998297174188832,0.03314046839562213,0.017478819130251837,0.032548217097620534,0.000905090016408908,0.03947738566244225,0.02157146267507323,0.020173727458955223,0.017582176509427342,0.0005920175863635123
0.0,0.2617153798748252,0.33765616606720844,0.036132047171291974,0.14276499139621462,0.5834981382298338,0.1472913048732153,0.12811569471083087,0.07636964137964014,0.06884546265351638,0.009014732585827002,0.2279295625726516,0.1382316957399904,0.1436625257561129,0.027365870425476464,0.033050327558165594,0.017468430446072374,0.03256964276681191,0.0009031997687175307,0.03964766177273406,0.021378051450362572,0.020087174838197996,0.0175640607636631,0.0005909561362572996
7.105427357601002e-15,0.2590513576138815,0.33665319314452763,0.035549444612740885,0.1416167475338993,0.577074849956471,0.14795339795877774,0.12829215226294385,0.07685380277003073,0.07042846586283791,0.00906696149013108,0.22687694562751315,0.1390190951533631,0.1419964435133406,0.027059044102651024,0.03295006771347881,0.01746776923903048,0.032527054203810725,0.0009047127868139519,0.03980828500062655,0.021235926205540816,0.01998971066520864,0.017495682858511514,0.0005873703160925841
7.105427357601002e-15,0.25617866467787276,0.33516654677487306,0.034925420945521514,0.14019182090401716,0.5701027072721784,0.14864419439153065,0.12858746540256055,0.07726143161349386,0.07204547950956379,0.009113855317807517,0.22579239854511768,0.13967082437434697,0.14032344982867404,0.02673360803770519,0.032840512422102175,0.017460406592008412,0.032486530756891605,0.0009061836884318262,0.039961085021478306,0.0210965220667508,0.019882628821378947,0.017434394211919495,0.0005835985941045583
0.0,0.25322267252674346,0.33336781796114395,0.03424607467030237,0.13854174265120173,0.5627361164874424,0.14936528669079813,0.12903090254218477,0.0776392113155556,0.07368634439636561,0.009156282614649387,0.22472389325241873,0.1401812131219568,0.13864289229966517,0.026395576285102272,0.032727015471078584,0.017448880513272202,0.032448383509137216,0.0009077231159294104,0.040107318115377655,0.020962208567132344,0.01976886969599589,0.017378753547869004,0.0005797763250988206
7.105427357601002e-15,0.24977043620337588,0.3297943986677825,0.033383490682831654,0.1358679011035436,0.5545505718000486,0.15015836647211858,0.12959633274787374,0.07790731011799938,0.07534234158805261,0.009193132569884207,0.22346202175209498,0.14018731209353025,0.136948465424141,0.026000801203462928,0.03260630131784815,0.017432115076350056,0.03242126101131674,0.0009089618642971487,0.0402514907706447,0.02082839577954124,0.01964905610266926,0.017331626127760246,0.0005760574883887926
0.0,0.24160648889320777,0.3120493927431739,0.0319502593755728,0.12367714522373358,0.5402972779203342,0.15185340889149043,0.1301518702029865,0.07769026145363546,0.07693166764245708,0.009237112409421612,0.2198952804330293,0.13660417107650136,0.1352753970248438,0.02514120529227759,0.03247804312813411,0.017404199674758678,0.03245387111028296,0.0009080336503589072,0.040396375331696155,0.020644617050114555,0.019527532145648997,0.017307634318834635,0.0005745075955128144
7.105427357601002e-15,0.23672531688075057,0.3032670442274778,0.03150256332453589,0.11757681379118134,0.5291996137031324,0.15296647770081465,0.13097342519656002,0.07771049955414253,0.07860622935398531,0.009270292524326328,0.21782279146059785,0.13505964508237647,0.1335856035604665,0.02455302291706474,0.03234556955646809,0.01737779861243394,0.03245218707270494,0.0009088406216902741,0.04053389606719771,0.02050435701179581,0.01939682280847729,0.017275993649855936,0.0005713016480259829
7.105427357601002e-15,0.23393643583291313,0.3009308498106593,0.03084917638501227,0.11562776817499372,0.5206112694955125,0.15361642770369632,0.1319617929367612,0.07785217026271432,0.08037958754253655,0.009293274634575585,0.21691010291928647,0.13509201839689458,0.13185661376341737,0.02417586449044383,0.03220299224294628,0.017352317460488303,0.03242506678160632,0.0009109316421057389,0.04066836608818687,0.02040265302903276,0.019257383214282376,0.017240575990467792,0.0005666920182549752
0.0,0.23137278760544425,0.2982992898531833,0.030221382619378623,0.1138217926747494,0.5119144229825517,0.15436466169111637,0.13310463879771675,0.07794738895008516,0.08222994404981472,0.009314713412150509,0.21598426483009625,0.13503390864029993,0.13013237231685024,0.023788964352638345,0.0320543344605864,0.017327184374197023,0.032402222629264024,0.0009132890671815886,0.04080058907985185,0.020313029627412105,0.01911131554512001,0.017212595620926578,0.0005618112924324936
7.105427357601002e-15,0.22892527359703152,0.29559415610430123,0.029615477502122213,0.11207585426965763,0.503223957655577,0.15517443121486438,0.13435219005614882,0.07797816789022516,0.08413535506949757,0.009336162911464172,0.2151038333079146,0.13484722628891113,0.12840364936784515,0.02339992180108149,0.03190000249122169,0.017299337571441174,0.03238526000739681,0.0009158321963551727,0.04093144763521373,0.02023203000853643,0.018960869749799995,0.017191647494478806,0.0005567557212643664
0.0,0.22660491689979584,0.29268574597681374,0.02904169691442137,0.11046157839869851,0.49452060624346994,0.1560622200540628,0.13566807156800162,0.07790775275380765,0.08611632492134975,0.00935706910787524,0.21427147432671648,0.1344966360092943,0.12664683122026116,0.023003421586612352,0.03173551669798734,0.017269477848917136,0.032376406275320554,0.0009184746272498359,0.04106502671983206,0.020161247941027704,0.018806383874033328,0.017178433507407102,0.0005516060008822712
7.105427357601002e-15,0.2244813110423043,0.2896443726079727,0.02851605847310255,0.10893630335160877,0.48578946980704346,0.15703403681294328,0.13710416803197592,0.07778930078769615,0.08816753117882076,0.009380652575216529,0.21345811397269057,0.13406389990964981,0.12488222271072634,0.02260177563069485,0.0315651683388165,0.017239912621754134,0.032372937408677666,0.0009214696136492117,0.04119978606322719,0.02010247096938763,0.018647206853156444,0.017171909298971295,0.0005462438274542402
0.0,0.2224921302198338,0.2865281269724549,0.028058858133270574,0.1074779933858848,0.47704345775644574,0.15805058978224285,0.13856865703422733,0.07757045401805607,0.09028263770583084,0.009406129870740517,0.21265136664994821,0.1335351474088385,0.12310598509711514,0.0221970602445253,0.03138629200451149,0.01720884489759238,0.03237655920361186,0.0009247644063169302,0.04133578742507893,0.020054778154412454,0.018486017824216015,0.01717238673132765,0.0005407475068932357
0.0,0.2207017941347973,0.28326454028865766,0.027690428917615157,0.10614561426303933,0.46822481634491186,0.15906096392807453,0.14006942589234722,0.0772688001937557,0.09247206649849117,0.00943681380063319,0.211851766284815,0.1328729725929984,0.1212930976634073,0.02178596486643829,0.031199480129566592,0.017178326422763207,0.03238767342432145,0.0009282740194128145,0.04147666431085663,0.020018348988161575,0.018322159439681136,0.017179395309318005,0.0005351962910858304
0.0,0.21912390164935833,0.27984616151154657,0.027408542263230945,0.10489344610632065,0.45932693910084077,0.15997687078834474,0.1416381661189256,0.07691584898236715,0.09468774114370232,0.009472044391345547,0.21104100700928474,0.1321222531829558,0.11946056894928485,0.021372064402687994,0.03100677709605225,0.01714924249573298,0.032405417013398656,0.0009321677640682718,0.0416218195578422,0.019994835622990648,0.018155508354352024,0.017192183423839033,0.0005295561787836327
0.0,0.21768531198601845,0.2763359189509908,0.027233609017038012,0.10369412230189641,0.4503352793586784,0.1608188484300097,0.14315165621291753,0.07643296993065457,0.09695950420574274,0.009512582290666396,0.21017903247488068,0.13129234682127708,0.11761057286042403,0.020955089497245248,0.03080379431759481,0.017119606688656294,0.03243091303465324,0.0009364678373641062,0.041770740851201756,0.01998529506802058,0.017989244086375096,0.017211395162608185,0.0005238880305443445
7.105427357601002e-15,0.21656366571628918,0.2727118395280204,0.027183476501015307,0.10260554294277799,0.4412054330054876,0.16164175711041234,0.14468177976360913,0.07589451641611984,0.09928308330464848,0.009557256896214417,0.20929121587888946,0.1303444326061572,0.11571634962564473,0.020532827709637106,0.030593809656346543,0.01709150850830736,0.03246389046085078,0.0009410388488589029,0.041927662386482885,0.019987792844246653,0.01782198356306326,0.017236796940254505,0.0005182843099382567
0.0,0.2157293848560799,0.26892980229631974,0.027246762124191533,0.1016224161703136,0.43193630042791886,0.1624921132564356,0.14619819646125415,0.07528437830831894,0.1016613670196414,0.009609980617736732,0.20835048458232439,0.1293183942820348,0.11379565582173161,0.02010781294845968,0.03037598997727673,0.017064786730678246,0.032503962110773776,0.0009460559743950015,0.04209190686851975,0.02000325193007062,0.01765415785687342,0.017266985198705287,0.0005127253800977968
0.0,0.21512380032258505,0.2650742483926701,0.027425096213949316,0.10068267089849099,0.42253425304416586,0.16338122954922427,0.14762894158069514,0.0745647669197896,0.10410746127695016,0.00966997521702277,0.20730801530287968,0.12823144573658754,0.11185236881512149,0.019679257901673925,0.030147606551471202,0.017038284505105236,0.032551889343165906,0.0009515740309768785,0.04226325317393705,0.020033520283692367,0.01748857844290702,0.017302093195595135,0.0005072904815564117
0.0,0.21486920142429478,0.2611541299705572,0.027725721343512134,0.09986631584192762,0.41298321646930897,0.16432990709214923,0.1490317576829582,0.07379781436355937,0.10662753617988197,0.009739607371021038,0.20620546012637997,0.12704910839255343,0.10986820240929819,0.019248177968949183,0.02991344070855685,0.01701332267557615,0.03260683351364353,0.0009574161657329068,0.04244405904082138,0.02007676701595677,0.017324516466467627,0.017341960275016992,0.0005020782922650118
0.0,0.2148152427631226,0.25713371562866055,0.028145332631874503,0.09913842454677407,0.4032966279679859,0.16516625680500366,0.15033371352786326,0.0729404108182865,0.10920843999527234,0.009822507643263421,0.2049943354448365,0.12580397378359032,0.10785447666256066,0.01881525218026835,0.02967048331785175,0.01698962629803153,0.03266846835686805,0.0009636853606069252,0.042632790097473186,0.020132688909558688,0.017162172185658256,0.017384655850801,0.0004970494318816808
7.105427357601002e-15,0.21506707694397192,0.2530314295653381,0.028673462967032888,0.09849736552006982,0.3934643275525394,0.16603064009270532,0.1515322515386741,0.07200254997369372,0.11185426043045489,0.009915987231114694,0.20363030298170676,0.12451173434465117,0.10581482027437969,0.01838161728277614,0.029419478714596648,0.016967055032990494,0.03273667563562845,0.0009704439534855658,0.042830191154741924,0.02020248553143937,0.01700385730137307,0.017429288024317015,0.0004923640885216717
0.0,0.21560366791323143,0.24895343735904973,0.02931204950594192,0.09795623590593913,0.3835065914977714,0.16697580698616812,0.152641992481283,0.07101868513133139,0.11457137335656578,0.010021361607259102,0.2021606473880976,0.12316085713829544,0.10373829208285436,0.017948481721332586,0.029162335198111174,0.016945335810001936,0.03281157220123366,0.0009775080522291838,0.04303768003727743,0.020284364344959217,0.016849553417242966,0.017477267050004207,0.0004880505829506786
7.105427357601002e-15,0.21639489899653017,0.2448363946887246,0.030060540146379794,0.09752154980451637,0.3734421632073893,0.16804961220509979,0.15357530613595327,0.06994774902646099,0.11734504464686064,0.01014024871004916,0.20053749974057242,0.12176879787268582,0.10163417794000124,0.01751597348826142,0.028894041877435526,0.01692398348505808,0.03289444671292946,0.0009849827415420614,0.04325393451378473,0.02037894218160695,0.016699534773705747,0.01752750829535539,0.00048411845475454334
0.0,0.21739939415556234,0.24074495727653247,0.03091271239896216,0.09715959523668177,0.36326898838857286,0.16924056112215077,0.15439068385117727,0.06883169908570938,0.12018855575730583,0.010271208481456717,0.19878355829984765,0.12035062194133121,0.09951313399147531,0.01708760299040103,0.02861900781214497,0.016904088396654762,0.032978007143490216,0.0009928391558443805,0.0434809502633536,0.020485198073431847,0.01655536435475934,0.017578213112106434,0.0004807304483436367
7.105427357601002e-15,0.2185825625990353,0.23664768801547495,0.031853288159073845,0.09678418664071103,0.3529588713639285,0.170532838380141,0.15504174583353242,0.06766563473947981,0.12310212089251685,0.0104148467487754,0.19678245907954303,0.11890463332881483,0.09735928735322828,0.016660775888927074,0.02833749382555989,0.01688401875240879,0.0330756150496085,0.0010010120132440856,0.04371741019921502,0.020602181313126158,0.016417890797634296,0.017630149615021254,0.00047782548954166933
7.105427357601002e-15,0.21994006059388269,0.2324614160712924,0.032865883195170344,0.0964384427497463,0.34254675893095604,0.1718438331082644,0.15549921124142804,0.066441423635345,0.12606065258896537,0.010569592405395721,0.1944987135869704,0.11744251937466763,0.09517720252362563,0.016236082698373944,0.028046660924587304,0.01686374662152156,0.033189829687531966,0.0010096016718940798,0.04396120748597251,0.02073011055016901,0.01628783929478616,0.017681609539314073,0.00047540915640247483
0.0,0.22145974059666915,0.22800591429580677,0.034020729402932326,0.09600073719918531,0.33168191066221414,0.17325839504193882,0.1557756776330195,0.06517395537015269,0.12905039175487734,0.010739240988659134,0.19173113997669253,0.11596804457292337,0.09297267602977768,0.01581120843741483,0.027752288761997295,0.016843391074367928,0.033320688431220366,0.0010186702143975942,0.04421503010252168,0.020866309945681043,0.01616601900146556,0.017730425743465505,0.00047359676140673715
7.105427357601002e-15,0.22289662736270835,0.22415489945344316,0.03520954661928091,0.09574011699562052,0.3213557868839162,0.17472050233591327,0.15587916330812782,0.06390378106263615,0.13207767372038012,0.010925069061734453,0.1892317914431936,0.11452616980838917,0.0907766012593254,0.01540259831257756,0.027449032877873956,0.01682382679640657,0.03343794898562346,0.0010277735420722986,0.04448025642005459,0.021011867540472105,0.01605165458983775,0.017782648146007194,0.0004725433754769841
0.0,0.2243990619704301,0.2208268700756823,0.036415258975835994,0.09565636491420447,0.3114595217741465,0.17632644352066115,0.1558356126713082,0.06265046815555204,0.1351384028509065,0.011122968225777541,0.1869282499223471,0.11313675825760448,0.08859272171895677,0.015009202233444867,0.027136509544159478,0.0168052355219174,0.033545892259861064,0.0010370017896919066,0.0447566159911753,0.021163738071801802,0.01594440792779612,0.017837174888996447,0.0004722374593595909
7.105427357601002e-15,0.22585166847743104,0.21760482011623283,0.03763676041077033,0.0955701203582104,0.3017337583734878,0.17802378927301363,0.15560930662502326,0.06139771959491029,0.13823328359690806,0.01133222275226662,0.18445477446583813,0.11177836633294816,0.08640944436419434,0.014622635692096804,0.02681899920358848,0.01678567121584616,0.033665305271786655,0.0010464740482701751,0.04504239769012399,0.021320946185192792,0.01584571697392822,0.017889371509634024,0.0004726821255040849
7.105427357601002e-15,0.22740538042253655,0.21473177678312025,0.03886573865929954,0.09565054968066404,0.29234279664716867,0.1798187291661398,0.15519293491547384,0.060162226989602254,0.14136213410937015,0.011550767521733233,0.18198229639573774,0.11047698540035966,0.08424614698965263,0.014249796171822376,0.02649404397520291,0.016764686816079566,0.03378917766964574,0.0010560423096295961,0.0453354998680346,0.021484646130755018,0.015755730815058933,0.01794190023123017,0.00047387062107707935
0.0,0.22915733161846066,0.21226088011710423,0.04008178063616929,0.09593665215197536,0.2832743541673094,0.1817338341857054,0.1546190254278773,0.05897345962895394,0.14450990000019,0.011779227018225053,0.17953835150053948,0.10926256732298652,0.08210293850735036,0.013890705708941322,0.02616333066673906,0.016743532124570016,0.03391797628167318,0.0010657758605005113,0.045636370224390606,0.02164996383376875,0.015673189576321484,0.01799387411256939,0.0004758143697944446
0.0,0.23096448206555645,0.21005118588180108,0.04127313878653663,0.09638719361912704,0.2745395278006663,0.18379426571544866,0.1538638363450153,0.05783310260363465,0.14769273378906445,0.01201656914114242,0.17707939421660054,0.10812284733480376,0.07999568501084992,0.013544971202343716,0.025827985159742946,0.016720723160138472,0.034051197407346565,0.0010754777845776726,0.04594506353113629,0.021817260931774104,0.015599455079944658,0.01804427651212914,0.00047859120417200265
0.0,0.23302586246689078,0.20816633235146012,0.04245732229219322,0.09717676347776948,0.2661248717411114,0.18603470992511814,0.15294544155376433,0.056759396900695494,0.15090600556428913,0.012263599039252743,0.17462217572033015,0.1070723912287766,0.0779391781687644,0.013219445062267379,0.02548689130237427,0.016695654089224684,0.03418746404765504,0.0010851623786761477,0.04625797339858386,0.02198804277156449,0.015534456741369027,0.01809382310424058,0.00048212787728642395
7.105427357601002e-15,0.23534338258414292,0.20674008907363897,0.043615024500434266,0.09822511223469432,0.25807277506451165,0.18845514586449771,0.15188682716595275,0.055781873305747756,0.15414248152287388,0.012520267054639225,0.17221343151358176,0.10614187228263046,0.07594166876547505,0.01291238931955669,0.02514261944354985,0.016669838802613662,0.0343260882667755,0.0010948550948857733,0.046577562153271,0.02215624341569787,0.01547627662335208,0.018142073220936878,0.0004864240454113107
0.0,0.2378471571441244,0.20563937578274594,0.04472435720986677,0.09953576503714899,0.2503620522561354,0.19100285007165885,0.1506738599036552,0.054904741342013126,0.15738447017138774,0.012782426957817316,0.16982479983719592,0.10531904687889865,0.074038337680494,0.012629253644971635,0.024795789836327783,0.016641377629256396,0.034466347729085474,0.0011043744482698663,0.04690324629282826,0.02232294288507751,0.015425984353028391,0.01819035542489467,0.0004915221103591738
0.0,0.24064532329460073,0.20463824808612813,0.04588745747010639,0.10115721997636358,0.2428999998070354,0.19371790016667007,0.1492957205512991,0.05414467076351747,0.16063355730777665,0.013049873780435697,0.1674703113420453,0.10461411801711283,0.07221114157983022,0.01234951793772697,0.024447502320480586,0.016611763075805638,0.0346088268893466,0.0011138330918512638,0.04722680997656169,0.022493968718947085,0.015390706629380458,0.01823538471755393,0.0004973009511157559
0.0,0.24373221608505807,0.20405629105176779,0.047053885758805626,0.10299881641853663,0.23577737703746032,0.1966313480151288,0.1477976420332617,0.053527613297441004,0.16389898319116736,0.013323473923700955,0.16517074873205354,0.10402990450320936,0.07051612556402659,0.012092327344147799,0.024098800999110277,0.016581191965582758,0.03475173687644413,0.0011232401073211517,0.04755559421429187,0.02266128454238556,0.015362293719056156,0.018278991044052624,0.0005037764861359459
0.0,0.24720290683327928,0.20422017876219772,0.0484034478558815,0.10518269235576132,0.22938260033549343,0.199822945201809,0.14613761686407611,0.05311428969427461,0.1672256160341901,0.013601473899672197,0.16294884974194762,0.10360960593657377,0.06890630089974008,0.011907039787826926,0.023747021912824944,0.01654624631817134,0.03492578511916326,0.0011332574034894891,0.04789344457681542,0.02281229904422868,0.01532901583366305,0.018325858055534633,0.0005109751914390711
0.0,0.25082075726232733,0.2046090692134643,0.049665222262448315,0.10745426664600856,0.22317669594568323,0.2031470728582587,0.1444413141271853,0.052857216986985034,0.1705138176776357,0.013880214585396334,0.16074294695180147,0.10325741943110228,0.06749530482688196,0.011759156143700315,0.02339754898784194,0.016507673295044153,0.03509193050836371,0.0011427663598038752,0.04823899245245127,0.022958519696122406,0.015300702144337203,0.01837176589556508,0.0005187520618704603
0.0,0.2545946811184711,0.2050372597804931,0.05061025927990267,0.10972340619362472,0.2168319869846564,0.20657370603515918,0.1427689022492615,0.052730181251361204,0.17373953232799644,0.014160472382106902,0.15848586771793619,0.10294624160156318,0.06636510341782892,0.01163564277361925,0.023053154739722286,0.016466368941101348,0.0352242534199373,0.0011511581442520272,0.04859504258447448,0.023104269182314785,0.015281002842323985,0.018415712592535202,0.0005270325974047234
0.0,0.25858017477098527,0.20550034423784114,0.05151567914501174,0.11193961090566427,0.21063236983968317,0.21015088810365035,0.14100973144884266,0.052772162039227424,0.17691491104929863,0.014440987521189797,0.1562283789988927,0.10271594658262088,0.0654476341088978,0.011548577958252988,0.022712706733387912,0.016420648340468937,0.035351084759230635,0.0011590941156564458,0.048954794688668424,0.023241417172986573,0.015268723476905237,0.0184594329069204,0.0005358260872268841
0.0,0.262706621723018,0.20605629705780507,0.05240484927136897,0.11398267723449637,0.20447011916072702,0.21387495035020426,0.13919352401680019,0.05298688404742249,0.18004735829897459,0.01471868378254581,0.15393275464708228,0.10255258257277161,0.06475102862531457,0.011504978294591385,0.02237781262124165,0.016372326834541262,0.03547805167346818,0.0011666727038572053,0.04931768629470164,0.023371308124438443,0.01526351181260976,0.01850154592242529,0.0005450744719107168
7.105427357601002e-15,0.2672377724090658,0.20613117766286768,0.05326053726183718,0.11577628048403907,0.19822998252442559,0.21784667080775091,0.13723069635659813,0.053407176925190904,0.18320181631751983,0.014993964843119493,0.1515103397241288,0.10236556309528372,0.06428775191600847,0.01153452342713337,0.022053786612746498,0.016320662291832707,0.035611864302260585,0.0011741581059544366,0.04968808479430078,0.023499902547015093,0.01526873716336815,0.018542106812143966,0.0005547314043034999
0.0,0.271807196345531,0.20504970063742045,0.05408913438152286,0.1166266516115986,0.1915429846979829,0.2221038172951499,0.13498538085565417,0.05405010750420727,0.18639003145886607,0.015265271090135306,0.14874889721457032,0.10206016717066366,0.06402071323680134,0.011682459333142409,0.021748790185031088,0.01626164505219673,0.0357664448566881,0.0011813771747384784,0.050065206214120285,0.02362627220662151,0.015287592952337897,0.01857937704882371,0.0005646946552819598
0.0,0.27611333493833123,0.20578022811346988,0.05471697871013411,0.11750124512500243,0.1849919376082911,0.2263912995410841,0.13303332434275042,0.054788484444392195,0.18942341560879203,0.015530714051566112,0.1461757075066734,0.10207905416260213,0.06398847664062979,0.01182483282358785,0.021439280277700163,0.01620162516745286,0.03589190354797427,0.0011877595457076154,0.05043019054372276,0.023734099862290182,0.015302223681712166,0.018618033786858407,0.0005749961198154472
7.105427357601002e-15,0.28035229892989,0.20708080847343796,0.05508946363879707,0.11801743468591812,0.17845722575926967,0.23077439856007273,0.1311748071250025,0.055658816463506205,0.19235867003926313,0.01579455041505838,0.14350631982103104,0.10223036254491111,0.06412897308413366,0.012031148059285691,0.021137516693482912,0.016138228404085252,0.03602291674088573,0.0011938269005976612,0.05078323564302016,0.02383396354051609,0.015321904712617861,0.018657023267436162,0.0005855856551524226
0.0,0.2837120344472261,0.20959808172072456,0.05561627549776246,0.11636955257627078,0.1715644959696278,0.23648051892275235,0.12940361108858453,0.05661389125566328,0.19532957138030066,0.01602966221435379,0.1413576185892381,0.10293740461287632,0.06505597218819734,0.01197711489379887,0.021049652076985396,0.016115961852641983,0.03601027372322396,0.0011985957046062026,0.051216222475262245,0.02394121034367503,0.015344573602498647,0.018675538338020516,0.0005961984184494588
7.105427357601002e-15,0.28733536798826337,0.2123648569684083,0.056170607891903826,0.11467596653755256,0.16479321934689561,0.24230366454111613,0.12764839857138294,0.05769868900356569,0.19824709712073768,0.016252025165571622,0.13931750956845407,0.10384638208461125,0.06629164153302114,0.011997507679960679,0.020986601581043915,0.0160929240978683,0.03598110547852842,0.0012027266283056658,0.05166315300566834,0.02404174034100336,0.015373549522154877,0.018693550329381203,0.0006070179650866917
0.0,0.2919351644241759,0.21296871108452187,0.056717388042612504,0.11450580963192589,0.1582964915923838,0.2468597905560393,0.12583593828921075,0.05904086658685705,0.20098539217859104,0.016481416228749043,0.1367736456875835,0.10403086836834166,0.0672627174910882,0.012401066592148584,0.020696070382715082,0.016004713780173648,0.036068922835358744,0.0012073022956400772,0.0520553420427087,0.024120221005991666,0.015421410751524579,0.01873835636267648,0.0006181889945178418
0.0,0.29655948384900394,0.21453665200850427,0.05710628978612013,0.11423433168659755,0.15174040404466346,0.25150225641983315,0.12425659576483229,0.060382724271668124,0.203591261480155,0.01670407894971372,0.134159733175676,0.10438987735054242,0.06847144857384142,0.012822117912812805,0.02041710304496666,0.015911972460457766,0.03613972134196697,0.0012111089728836816,0.05243634555997083,0.02418882576252035,0.015469864183178703,0.018781221412715366,0.0006293407661377693
7.105427357601002e-15,0.3014013315170757,0.21685879402146985,0.05737687782644196,0.11407900353513706,0.1453080744852903,0.2561580782611819,0.12288256728205399,0.06175996956360177,0.20608117265589923,0.016914991971795086,0.13155774629558467,0.10483656600765705,0.06990937695644747,0.013270644425502232,0.020152470980806966,0.015817554481323232,0.03619788995612039,0.001214308379637453,0.052808959956940175,0.024248267621343467,0.015521659825606215,0.018823213379297276,0.0006405509336237203
0.0,0.30641201855728806,0.2194267698105565,0.057585392085930845,0.11398788719977372,0.139164152284826,0.2607713692149335,0.12169738064803838,0.06319770612799114,0.20844849159953643,0.01711414073284229,0.1289971149290458,0.10534818667055727,0.07151861144528603,0.013764341022343196,0.019909291942061112,0.015718336323635708,0.03624649805355184,0.0012169284286221963,0.05317842750723948,0.02429923353654647,0.015578245680309959,0.018864641651869223,0.0006517816264098651
0.0,0.3116384357587549,0.2222884221983808,0.057730575805288196,0.11405026675008659,0.13336517783705912,0.2654174883482504,0.12070686971172702,0.06466309390894484,0.21070010894189767,0.01730576016317764,0.1263911368820882,0.10591737415262988,0.07329765364483522,0.014302723491861184,0.019687431354114694,0.015614320720272058,0.03628426080088333,0.0012189732602292992,0.05354317926402824,0.024342985675668043,0.015641530998435377,0.01890467110173959,0.0006629499726682507
0.0,0.31731256425297477,0.22510748226626381,0.05768201083159401,0.11441312711822782,0.12803812969925152,0.2702738946753734,0.11979892030354752,0.06629215675167766,0.21293555402521258,0.017488554754990938,0.12386625292319,0.10634695671070946,0.07514568103624493,0.014935978702938182,0.019496529838212213,0.015507421718064848,0.03633244392975017,0.001220936043138839,0.053918837051514144,0.024373703152201196,0.01573389746183658,0.018943271190531737,0.0006742760813614398
0.0,0.32344301958582755,0.2283741227328166,0.05764913460995536,0.11510468185587082,0.1231579196019229,0.27570133988531076,0.11915577505566752,0.06804722738788715,0.21526342281204447,0.017660410605785673,0.12131884870147937,0.10657441245621484,0.07709598133374296,0.01561553716257488,0.019362664092982405,0.015403287292942172,0.03638707196193187,0.0012227433547668844,0.054287998779749325,0.024399465597301124,0.0158383464569071,0.018969888517090427,0.0006855583589734106
0.0,0.33279949405984416,0.23246427754120305,0.05726133120283368,0.11725013774471572,0.11799871148547934,0.28401378646979997,0.11857835662991048,0.06943970290231809,0.21790890397763624,0.01779208263892169,0.1189065233337708,0.1075944759232314,0.07970947538557352,0.01598240962757184,0.019611245247593334,0.015392917158512376,0.03622681481893514,0.0012211706542431847,0.05465010737690112,0.024498920771556063,0.01591907796622991,0.01888777722641126,0.0006959646231241313
0.0,0.33843308949363643,0.23664500814482067,0.05669393271434865,0.11715580676148914,0.11390167310526764,0.2904906481860902,0.11864032926638715,0.07076430449001717,0.22012629407682385,0.017924566075510844,0.11627566321920166,0.10853196007862292,0.08249199664534343,0.01645207187866306,0.019711099765271314,0.015348633578595186,0.036101677752265596,0.0012191911794442135,0.055003498212026325,0.024564031026346463,0.016001896300421096,0.018853792178161483,0.0007062193754897388
0.0,0.34487639076128607,0.23928909070871535,0.057218432204057944,0.11862895674920891,0.10958329171032269,0.294322678049639,0.11927791098024015,0.07210976530392123,0.2217965486724121,0.018062717518366387,0.11352522039731326,0.10881913751120724,0.08500625112148995,0.016992528471507163,0.019578840180881043,0.015222280272327127,0.03608290918702296,0.001218101248631782,0.05542075812871857,0.02462187081974772,0.016086320562564177,0.018902349546986056,0.0007166309664477957
0.0,0.3514391585339603,0.24154650463908842,0.05728946985478284,0.12022481385400485,0.10585952406884308,0.2981715788072653,0.11965097796338593,0.0734151951834113,0.22336909290882478,0.018190720726949272,0.11138816434012681,0.10919935999323468,0.08757883318041133,0.01761505484866413,0.019463326013543274,0.015083379878132745,0.03604378458223016,0.001215923053019399,0.05579220664550947,0.02464553181251207,0.016172317585738442,0.01895003803283739,0.0007268542928187807
7.105427357601002e-15,0.35729602910828007,0.2440554896943647,0.056862605762958984,0.12122174506621741,0.1021984270302644,0.30207562790197895,0.12024474815580047,0.07466256413853221,0.2248620619027617,0.01831168476468922,0.10940668095281664,0.10964258734903204,0.09030290642590737,0.018278661493408926,0.019372367471645325,0.014945109071751575,0.03598902564639703,0.0012130511494098425,0.056112579644932846,0.024638250031193576,0.016259645809282148,0.018995105503815383,0.0007367007439238906
0.0,0.3633972631254629,0.24650644459065718,0.0554739517286832,0.12257934419993795,0.09865812891554757,0.30580940675738777,0.12104975924226417,0.07582513870440066,0.22619993019918297,0.01842454474960046,0.10757160482076114,0.11008218204200193,0.09289103553418904,0.018942431589950962,0.0192990419266005,0.014803786315744229,0.03592194623662722,0.0012093918090796505,0.05643486117086767,0.024620096098985172,0.016346421609013482,0.019039622654759166,0.0007460112284835018
0.0,0.3687058433268775,0.24940005088546108,0.052321871421449555,0.12375194932227716,0.09530984939555974,0.3095930221127724,0.12196846191559109,0.07691022182331095,0.22745684347459375,0.018529250123278714,0.10593270186112551,0.11099360491552004,0.09541122159169221,0.019540029130440964,0.01925570893997384,0.014661072965698295,0.035836286399120745,0.0012058457356927217,0.056694602396972625,0.024588362171792846,0.016441264066351987,0.019111810075724763,0.0007560096041412863
0.0,0.3737112579742527,0.2523484164531591,0.05078998100473594,0.12480736629997552,0.09190971426219337,0.313213650774465,0.12299954629480603,0.07794763861067476,0.22855650846901177,0.01862715106810004,0.10447284478519478,0.11196050520969268,0.09803142459057501,0.020145080664642528,0.01924980620856031,0.01451852790512603,0.03574238383847704,0.0012022199706715425,0.05695076011418995,0.024553860384168333,0.016538909197910172,0.019175448199319392,0.0007657495214516545
7.105427357601002e-15,0.37833460080639,0.2550227751604944,0.04965503973620875,0.1257186361798125,0.08849182495099789,0.31672243613552703,0.1241068848316622,0.07888476048062161,0.22950050070721098,0.018718232288462158,0.10314784165836269,0.11305840636219705,0.10063641178668455,0.02073685139119123,0.01927451871060022,0.014375370934102107,0.035636659771012526,0.0011983029695277298,0.057191920839564675,0.024512758804203682,0.016640628067827363,0.01923927422221232,0.0007753039090392599
7.105427357601002e-15,0.38247694207542765,0.25766558295050934,0.04929576992575231,0.1264526763958499,0.0850573958075256,0.31995238960822525,0.12535842678795053,0.07971326212061865,0.23027201140164932,0.018801796806283213,0.10189149274388476,0.11411711480127638,0.10327239779622382,0.021332530373614225,0.019326393585647042,0.014233631094452493,0.03551356647741902,0.0011940306429588478,0.057429218115638454,0.02446878930108162,0.016742131382837734,0.019294496122596597,0.000784407893709522
0.0,0.38443308104819357,0.2622382485108849,0.049761125635614786,0.12585815000654532,0.08129868933529177,0.3226152242493001,0.12700783591558895,0.08039940617503798,0.23078644185717972,0.018878235456302864,0.10023757429919253,0.11517116153355664,0.10606589428029245,0.02194683125418275,0.019418481617878562,0.014107278729564696,0.03538569549795727,0.0011899878186582334,0.057674511120386,0.024427928573777867,0.016842346111630088,0.019332467077594732,0.0007927119814358757
7.105427357601002e-15,0.3863089294921562,0.26582061818416003,0.050193688676706004,0.12558718919428993,0.07763229356118267,0.32474864916957535,0.12858059492396232,0.08097967147402808,0.23105599266139787,0.01894949758389954,0.09884643505544435,0.11620293982120025,0.10876846296867289,0.022547475852012985,0.01953232713254938,0.013976077505186705,0.035242303378612304,0.0011855732847865451,0.05790934185352969,0.024383568538284953,0.016944120010745536,0.01936745648703986,0.0008007205011293926
0.0,0.38968107811547137,0.2670932890085327,0.05061946187361145,0.12667171156114695,0.07408514829509164,0.3265355969513571,0.12998197789951785,0.08145462923825658,0.23118395200616354,0.01901596396092264,0.09777181584159739,0.11709651056851542,0.11133873474750713,0.023111079813465874,0.019665282555775432,0.013836121279614895,0.035074076198183306,0.0011804800911655014,0.05814700542505593,0.024334680261037057,0.01704613545691058,0.019400152838074194,0.0008085455078117142
7.105427357601002e-15,0.3941061402252683,0.26703030687989293,0.05131135949012601,0.12898951274162548,0.07054710052387377,0.32797918207160864,0.13145228047115082,0.08178884127903109,0.23114624319555072,0.019084504049926815,0.09658780911014904,0.11794402156663189,0.11381910371954905,0.023618662909698863,0.019829091785421606,0.013697787222246752,0.03488600973562977,0.0011750798931765573,0.05840308014535131,0.02428513174886102,0.01714980677528856,0.019430421749735326,0.0008161342085013052
7.105427357601002e-15,0.396347485867457,0.267713163753741,0.051658651735224964,0.12970629858848692,0.06697831073642616,0.32919733545600804,0.13279740834769674,0.08202227566354194,0.23089050921898208,0.019159589642595815,0.0956965196929475,0.11898850197572916,0.1162821189745586,0.024157293302776543,0.020004958907069836,0.013562061697764497,0.03468164285105754,0.0011696411218862874,0.05860093276528434,0.024228317693297356,0.01725431709823627,0.019458215310379886,0.0008233399523041619
0.0,0.39791708571944095,0.26765505207380696,0.051897340624286976,0.1302010535141322,0.06352067628561273,0.3301756682543569,0.1341334019404093,0.08211734830649006,0.23047936618540113,0.019236709578072324,0.09496181472353118,0.12018458606869743,0.11864048796158994,0.02465388640584487,0.02020014501010498,0.013432077622023145,0.034448954356299244,0.0011639440394267105,0.058751439278754536,0.024159877452791613,0.017362329546973098,0.019495010950361855,0.0008305697553007075
7.105427357601002e-15,0.3973255597274488,0.26802780829066125,0.05343573029239077,0.1295901132756674,0.06008813695003605,0.33070670823149456,0.1357027056247348,0.0820470870254621,0.22985350085670445,0.019319494142124,0.09401950471976056,0.1216305838393061,0.12093971789371315,0.025102863654904387,0.02042122600258472,0.013316025511586428,0.03419309220736443,0.0011584685381022292,0.05885617921291436,0.024082067530297523,0.01747485756812596,0.019544288800499753,0.000837828502086435
0.0,0.39528209085246035,0.26969657719198525,0.05467550805036592,0.1283445325511871,0.056719982463480714,0.3307625885850349,0.13723127350785175,0.0818483475894865,0.22898388533449077,0.01940749718183503,0.09287830153699701,0.12285596853532238,0.12331083508019706,0.025593226710374412,0.020657841299866274,0.013206742589214972,0.03393437541019102,0.0011533556743280082,0.05898870276823548,0.024017170952769198,0.017580742958461154,0.019561954583330637,0.0008440638456846614
7.105427357601002e-15,0.3950519744878004,0.2687747817668636,0.05536902883465394,0.12834154387634217,0.05355591644542558,0.3307072063735635,0.13840999099425613,0.08155367060773447,0.2280020629134897,0.01950361396648909,0.09228271879348622,0.12396911420446437,0.1254956426670226,0.02605118430406914,0.020901838279572232,0.01309274148252575,0.03365006105035846,0.001147771379678111,0.059110520290831484,0.02394332521450481,0.017687383750454894,0.01957548139448595,0.0008501417187948974
0.0,0.3938398803063753,0.26653446942779074,0.05603413836501515,0.12797530102615992,0.05068979832723246,0.3298625229412332,0.1395450533076303,0.0811231799749988,0.22675512452420363,0.019597307844443978,0.09184970380204663,0.1251362323116665,0.1275613004626079,0.026464952319155934,0.02116097735302653,0.01298236278942361,0.033337774369322615,0.001142272738639309,0.059240128712767744,0.023858890887706336,0.01779386464489997,0.019585464509039148,0.0008560229865529939
0.0,0.39304915809197505,0.2641025186237027,0.05669341740678819,0.12802362081240118,0.047922340869812556,0.3290242909719609,0.14059277218589092,0.0805902979452538,0.22539707731192415,0.01970745022324958,0.09147616989254492,0.12635691065048296,0.12954263082213008,0.026864399128941445,0.02143139725236579,0.012879047012551716,0.03301376710208239,0.001136996170579049,0.059334361451468726,0.023774348801666633,0.0179001376209972,0.01959084994126507,0.000861684351534307
0.0,0.39204788507113986,0.26153432544753724,0.057406055662905985,0.12816513643224725,0.0451528448644249,0.3280191458858095,0.14160915267189952,0.0799265232702764,0.2238771670741364,0.019828396301965014,0.09113681370070335,0.12759333613983914,0.13141696946877407,0.027240107194020008,0.02171059340713288,0.01278695986991593,0.032674879946432804,0.001131918187161061,0.059397475964333944,0.023689089791992995,0.018006060797064648,0.01959229442641404,0.0008670959334987413
0.0,0.39037326029592556,0.25858602091063126,0.05812848352657907,0.1281601547214772,0.04248543594762055,0.32664270255545585,0.14260525928542928,0.07914860519202842,0.22217465352215943,0.019958631551893535,0.09092730866197525,0.12886577704818963,0.13317102137743225,0.027589751427919477,0.021998107677275856,0.012702497937219927,0.03231797574144791,0.0011272007111386658,0.059440908898829865,0.023602630417768587,0.018110667512694984,0.019588825682084466,0.0008722943350053595
7.105427357601002e-15,0.3881129205850778,0.25527353221110094,0.0588750986689414,0.12799029498582679,0.03994774375825153,0.32491099253106115,0.14356544701148588,0.07826900558335405,0.2202976749555783,0.02009826330153304,0.09082959714658867,0.13017383080029754,0.13481608837713419,0.027913854942717996,0.022294793977109362,0.012628807802665674,0.0319449303927169,0.0011227515742684507,0.05946181138540501,0.023513913439263227,0.018214603061950538,0.019578726878687946,0.0008773108619125687
0.0,0.3852038702329202,0.25160212143454236,0.059642377594758544,0.12764951435610844,0.037614478786650786,0.3228132936552714,0.14451481193385615,0.07727831074874338,0.2182443322404864,0.02024448339638123,0.09083907501329508,0.13151253545130834,0.13635992167725017,0.028205110266244785,0.02259672455338968,0.012566854318534434,0.03155501989892202,0.0011186491340266305,0.05946617993056471,0.023422229515581518,0.01831804283409833,0.019564659417864828,0.0008821912682619367
0.0,0.3817242382027759,0.24759151658283046,0.06041627928132549,0.12719092372120075,0.03546756040861786,0.3203671578761126,0.14546889808049882,0.07618960542184565,0.21601870504489656,0.020401361601422634,0.09099878485416595,0.13289499149959208,0.1377689077585037,0.028467656215584173,0.022901942703833784,0.012514653460426756,0.03114863732080862,0.0011150262724249444,0.05945176814500105,0.02333033830641323,0.018420227355314102,0.019544635815227286,0.0008869192388623454
0.0,0.37763324386643665,0.24330055773570866,0.06119667346952018,0.1265897510346321,0.033518335237007764,0.31758542843881477,0.1464157242455937,0.07501602559357438,0.21363695504810404,0.0205675141976831,0.09129963026550222,0.13431384984146935,0.13906520869718741,0.028703436159811455,0.023212791765516154,0.012475246360726555,0.0307262299210586,0.001111692502805264,0.059413464686224535,0.02323667455225698,0.018521811998405455,0.01951722823776573,0.0008914979134596719
0.0,0.37313298394682753,0.2387279259902857,0.06160808499797982,0.1263169706813793,0.031589271906436366,0.31453377709073554,0.14728227397064458,0.07375523563650532,0.21118694652533412,0.020743700820159836,0.09206205138821541,0.13588306337529055,0.1402752642223141,0.028908367710675023,0.02353013430851725,0.012451723549570456,0.030293039769154123,0.0011088223518234883,0.05936534517360062,0.02314829937694138,0.018621102646193405,0.019477460030484707,0.000895787734744709
7.105427357601002e-15,0.368437916000787,0.23380361101330796,0.06147924860382943,0.1268253406962325,0.02956826527150547,0.31121306387770603,0.14803684755015495,0.0724036383598059,0.20870106515873976,0.020932204084332218,0.09339060317205508,0.13766233670485278,0.14133229483591797,0.02908020952329995,0.023853201349554792,0.012446038030449353,0.029849565993460322,0.0011064915168814682,0.05930173454181633,0.023070955488494582,0.01871637679953656,0.019419322837886888,0.00089967743212201
0.0,0.3628516510946341,0.22915265256060033,0.062122485781053075,0.12594457291056527,0.028087981318319997,0.3072089164515355,0.14911710728886268,0.07100087373006583,0.20576786408997647,0.021124834352225706,0.0941665827320545,0.13911142107230082,0.14225472573487513,0.029233820123837562,0.02417168639981447,0.012446529217618617,0.029383824701384887,0.0011044742861964709,0.059199740363604765,0.02297555541062597,0.01881492376613294,0.01936933246197553,0.0009039862103590798
7.105427357601002e-15,0.35688637274326673,0.22438061234469348,0.06275976525271416,0.12499507762320436,0.02678467123850933,0.30287013783943273,0.15027289933274615,0.06954181901865922,0.2026653496660231,0.021326427343448785,0.09513053464298599,0.1405978450413975,0.14306869737616376,0.02936029296679341,0.024491136643794296,0.012461052780474715,0.02890552178512435,0.0011029894568829616,0.05907714095589418,0.02287965622979562,0.018913104328244272,0.019313078091107962,0.0009083190663043191
0.0,0.3507454565874027,0.2189650930924577,0.0633658543273054,0.1244640446781171,0.025827423473513633,0.2983194669643644,0.1514314886255095,0.06802289560135545,0.19946995171386184,0.021538261656767303,0.0961621772267098,0.14226919848703456,0.14367064972201374,0.02944604822837293,0.02480628917808563,0.012490987258578945,0.028414695159968754,0.001102022250566095,0.058925979984289785,0.022785094627241095,0.01900984186912391,0.019247881075997363,0.0009126747237376397
7.105427357601002e-15,0.3452462031614098,0.21270152687123545,0.06349057287721424,0.12573015876921137,0.02567287905108822,0.29396734371896915,0.15241389302754904,0.06646306921941722,0.1964428373789959,0.021764800802743338,0.09739799496388823,0.144308151785639,0.1440703382293269,0.029493249312101556,0.02511819066222693,0.012539060928647672,0.027916056463446724,0.0011015067141236603,0.05875760326186772,0.02270264682458849,0.019101874876746423,0.0191682891436559,0.0009168628882620471
7.105427357601002e-15,0.3399703602112718,0.20697987414625418,0.06328053604934364,0.1273036784823406,0.02531028891412258,0.2894193619461037,0.15343294241613442,0.06487318899858992,0.19334994507953818,0.021996485908069584,0.09900209102370891,0.1462952440894017,0.14439164368543292,0.029521804961896735,0.02543547273043686,0.012602253178224537,0.02741269910876689,0.0011015652818704043,0.05857890791166865,0.02262637584436283,0.01919148732581424,0.019079113800375514,0.0009208990941591596
0.0,0.33319050010638307,0.2025673631667107,0.06371730946784201,0.1260940819075861,0.024365741557349593,0.2845682364329805,0.15485759583543918,0.06328028659974963,0.1899150472636282,0.02223017306497862,0.10057578531566731,0.14775491576716648,0.14469001223746153,0.029541738284231196,0.025750998101799386,0.012669149371571898,0.026895238688362775,0.0011021368967461134,0.0583734619119295,0.022523548967413685,0.01928437788005838,0.018998552916877413,0.0009251794391035013
7.105427357601002e-15,0.32658608445615916,0.19809576263318346,0.06411162170500155,0.12509008763165455,0.023603335002593553,0.2800916770687243,0.15635390444367406,0.06168868779862842,0.18662705170304422,0.022477067019917956,0.1022727790368779,0.1493107109693648,0.14484455484591657,0.029543400522733913,0.026061374961245193,0.012748390779553065,0.026367099459530505,0.001103367168957893,0.05814759841341659,0.022416011115752935,0.01937591696495862,0.018914234040944014,0.0009295432461431472
0.0,0.31990987809199295,0.19386675881174487,0.06445518976490747,0.12400336226284354,0.022784835405832562,0.27532815398402605,0.15794786799363575,0.06010090988343653,0.1832412271976821,0.022724390682873963,0.10414869156427688,0.15087895417696914,0.14487223409642733,0.029525763366996232,0.026371501254107255,0.012841114551102935,0.02583462204556764,0.0011052379359566208,0.05789813648809312,0.022306011765200136,0.01946662782819036,0.01882344686960763,0.0009339510275259777
7.105427357601002e-15,0.31307574633775975,0.189937968823735,0.0647351446431636,0.12275573974023021,0.02177822617767316,0.26977628895659644,0.1596146604848665,0.05852391547414144,0.1796121069684269,0.022964146156621724,0.10618956671620146,0.15244197578966484,0.1447596861354679,0.029481083938202157,0.02668215966322427,0.012947296303673445,0.025296692310437935,0.0011075898373752121,0.05762556020305298,0.02219363053589327,0.01955460036591918,0.01872386900966626,0.0009383095077866915
7.105427357601002e-15,0.30662404508570695,0.1865356705511872,0.06464276492158398,0.12201601456209163,0.020819148224023903,0.2639449263352796,0.16134222197338652,0.0569742143830768,0.17593531788389236,0.02319933752449251,0.10842385355443938,0.15400874639652665,0.14453471770210571,0.029423875494299888,0.02699277363340976,0.01306750146168377,0.024755015311264266,0.0011103816937016488,0.057341641618217476,0.022088177321896392,0.019639446200527228,0.018615572771434313,0.000942623731986304
0.0,0.3016417755594413,0.18348980076211774,0.06377885521792026,0.12270443628649123,0.019165433019545968,0.25798761740631015,0.16300011389694355,0.05544543421099973,0.1723790117403249,0.023430760783851392,0.11090747621480108,0.1557196659057137,0.1441775164796471,0.029348153233538527,0.02731004468597495,0.01320702519905031,0.024218320993449696,0.0011138590451564602,0.05704115504071196,0.021996438109162294,0.019718309020455002,0.01849542599732336,0.0009467857969620733
0.0,0.295013447222562,0.1805123075241607,0.0636900009048066,0.12156083226822025,0.01729503808422277,0.2518497299205966,0.16490070707254373,0.05397381127220424,0.16865253360944332,0.023658389189459866,0.11317018789423347,0.15734892648585316,0.1436835924280859,0.029247892811424137,0.02761070969720368,0.01334708817719064,0.023680134201325167,0.0011176740993043956,0.05670912698549315,0.02188578009848226,0.019796858217618805,0.018384362428361698,0.0009513017247169396
0.0,0.2883973134163367,0.17648406561167185,0.06378717316333109,0.12020508423808822,0.013949432666981091,0.2459648217453651,0.16669189870748258,0.05254931812626229,0.16504637160725363,0.023886454954061352,0.11535442620398026,0.15937875417514452,0.14294981256769698,0.029121046265199946,0.027895344756831156,0.01349440503956864,0.023145527952566757,0.0011220810924391141,0.05635333215469765,0.021773437752361777,0.01987494949417434,0.01827291532229685,0.0009560743513517896
7.105427357601002e-15,0.2816473273516371,0.17396152101107334,0.06375714758700098,0.1190087936027936,0.012613155141133448,0.24013211277534594,0.1687207612895001,0.05120312275585984,0.1614390372922588,0.024112000053829567,0.11755025422773277,0.1610670892966102,0.14216244715064422,0.028989388128430528,0.028183059355088216,0.013650963684505128,0.022617563188085884,0.0011268562139583635,0.05598087382282384,0.02165677631106253,0.0199500606601242,0.018158471372747072,0.0009607768691472848
0.0,0.27476831304001015,0.17273555298627477,0.06359481704444717,0.11792065755155859,0.012848001088679874,0.2343626584474823,0.1709662808881998,0.049950331048072824,0.15783144865493523,0.024336871054903154,0.11977574182907208,0.16242986264570133,0.1413387536538294,0.0288501755930631,0.02847162887564463,0.013814010439237197,0.022092577393823705,0.0011315794255298435,0.0555979884684735,0.021537593125345547,0.020021489393267502,0.018042364246716458,0.0009654010881313053
0.0,0.26820833001026334,0.17173574978402603,0.06337982239216963,0.11682450743752616,0.012874170633482306,0.22888498347691638,0.1732319117890918,0.048792596257554124,0.1544062896787838,0.02456183188531102,0.1219997155540285,0.163827249144516,0.14039004859400953,0.02870534607224234,0.02875602245988111,0.013983489930659548,0.021575716239212964,0.001136711731544434,0.055199709157805164,0.02141352727252257,0.020091642613657874,0.01792555120870359,0.0009700990139371005
0.0,0.26186308217357535,0.17121646816101085,0.06307387310080038,0.11569318546111235,0.012920672956517354,0.2233299027014374,0.17560431864600284,0.04773642643994984,0.15099424838052072,0.024777799425427984,0.12425966110487142,0.16516123411933076,0.13930891466062265,0.02855756316205302,0.029039741408914393,0.014161160399446296,0.0210681281401949,0.0011423089592968597,0.05477654291323918,0.0212823158107186,0.020157505194039974,0.01780244918399681,0.0009747201869202455
7.105427357601002e-15,0.25569678245366334,0.17109743120520862,0.06268247301952179,0.11451823958608288,0.012971148572756538,0.2179116288687578,0.17805674986683986,0.04679250113991413,0.14762561942382696,0.024988042660133727,0.12651790252297404,0.16643867067074583,0.1381370117467929,0.028404501745099987,0.02931519305836174,0.014340705355886833,0.020573930950479692,0.0011479541876101879,0.05433947100296848,0.021147410654147176,0.020218299039380598,0.017679760369371147,0.0009793380923229806
0.0,0.24965504844557918,0.17137991916819642,0.06220895899313221,0.1133220844924466,0.013010039809389444,0.21263130091547514,0.18059787854842468,0.045966899911683776,0.14437049181784886,0.025191203681389263,0.12870838509101484,0.1676689773841086,0.13687098286283775,0.028251196505131977,0.029587350794894204,0.014524940298498478,0.020094001092557028,0.001153712306569059,0.05388046774856159,0.021010089985356965,0.020276037804957316,0.017555376269138216,0.0009839587510988932
0.0,0.2436995653414363,0.17204690916044993,0.061637610865249166,0.11207707246602441,0.013026641580872252,0.20761276003876575,0.18321324615606105,0.045262576858706875,0.14127234761672616,0.02538461372215592,0.13084368302786328,0.16881546999226973,0.13549825247343114,0.028097099830867306,0.029854303964091427,0.014712350732829603,0.019632311753394895,0.0011597201496167653,0.05340567798172328,0.020869819840131573,0.02032887920354973,0.017431023054748175,0.0009884545483287554
7.105427357601002e-15,0.23780355237562953,0.17305528808859622,0.06096427040749972,0.11076736464684345,0.013012144752509149,0.20271521120848995,0.18587243558014596,0.04468557340778871,0.13829811153568625,0.02556888399136975,0.1329207183854014,0.16987117780861485,0.13403855282852223,0.027944586060660824,0.030115184403594984,0.01490046542274478,0.019189847997339738,0.0011656453487651757,0.052919068733574534,0.020726859935445898,0.020379161696979054,0.017307599956754967,0.0009928941135337777
0.0,0.23199566354360407,0.17437945837670873,0.06019872919143769,0.10940069504629109,0.012978222565348831,0.19805191000245975,0.18859281491658872,0.04423938075654668,0.13551914355165062,0.025748105200208385,0.13490713958535358,0.1708563792967689,0.1324962243970896,0.02779840191194685,0.03037255140773936,0.015090402414604668,0.0187706687003051,0.0011715720386804365,0.052412216777853696,0.020579762187824934,0.02042681579350553,0.017184384569390494,0.0009972728603679143
7.105427357601002e-15,0.2262548957491765,0.17599489418152553,0.05932807916714833,0.10798275726911277,0.012929468247319428,0.1934722694673391,0.19136841006342278,0.043921364701699876,0.1328092355848804,0.025910419723015662,0.13683262431030419,0.17173832689941082,0.13086277340720884,0.027656124043276047,0.03062125481508587,0.015278377520403284,0.01837841236699346,0.0011775549189072289,0.051896041508254914,0.020430087115311024,0.02046896599118567,0.017062904103795972,0.0010014761693603956
0.0,0.22068988708763546,0.1778240497770014,0.05835086071654758,0.10651754202001486,0.012784529639095644,0.18883546634644818,0.19416863623925154,0.04372658391425017,0.13025449118224036,0.026057351812133513,0.13863426603974827,0.1725309629899685,0.1291459637201526,0.02752059941157012,0.030865281859750175,0.015464689879378997,0.0180104162441364,0.001183343619378152,0.051367702586003434,0.020277784667173858,0.020507413054804795,0.016942528018167004,0.0010054928087797703
0.0,0.2153392022506723,0.17986799473031445,0.05727610303669482,0.10504044493087922,0.012629904301827574,0.18452637255657206,0.19699371909234417,0.04365374953963715,0.12799239539164958,0.02619751555896411,0.14032000012320486,0.17322898487252347,0.12736400537187742,0.027395628982147306,0.031103633703368102,0.015649712443753634,0.01767152657220274,0.0011889643586334695,0.05082592373606721,0.020121126081524176,0.020542002452352312,0.016824955021590298,0.0010093460123375498
7.105427357601002e-15,0.21019313408432236,0.18218434988109183,0.05608386350721591,0.10355340096454252,0.012653630641486209,0.18052013432660508,0.19988571191332596,0.043700390421056626,0.1259663932242002,0.026324759707740255,0.14192466744321824,0.17376591622186846,0.12551573305394495,0.02727948787340872,0.03133576044986019,0.01583230846152006,0.017360081101444717,0.0011944455112416826,0.05027760667265957,0.019960742148593568,0.02056963566059478,0.016709257529781793,0.0010128962396734418
0.0,0.20531940907385063,0.18431923618064605,0.05482657079852916,0.10206675663815898,0.012141977045119698,0.17659883980463928,0.20266213064648544,0.043828721360503926,0.12403060167280386,0.02643813611342554,0.14335850017255466,0.17434033246753405,0.1235726178447703,0.02716794259793838,0.031561527991356496,0.016010782833956426,0.017084884091163585,0.0011996807804966947,0.049719723032864864,0.019799597604973414,0.020594829329726286,0.016595187363965484,0.001016250024132165
0.0,0.20070696048459535,0.18627375819205505,0.053514704494324286,0.10065210380694622,0.011365008643986395,0.17284586139903946,0.2053226898258035,0.04402774547215759,0.12222621713671407,0.026539753116981386,0.14463519184529017,0.17490960451508228,0.12154576979712098,0.02706460561163133,0.031779629803743235,0.016186472983297773,0.016846907745180693,0.0012046718208465782,0.049153345746412176,0.01963674602511099,0.020615128312401858,0.016482170996752046,0.001019357753667351
0.0,0.19647584647773075,0.1877637432011792,0.05223764566013104,0.09957093408243671,0.010459821574633257,0.16946539266057187,0.20779359603460754,0.04426284112609894,0.12070832014488808,0.026629778052870513,0.14569281441652335,0.17562815687000696,0.11938994568842488,0.02696330819138914,0.03198914710272054,0.016358143376499722,0.016646008178511168,0.0012095506720126306,0.04857878444129054,0.019472100265514814,0.020629528679421718,0.016370629621756713,0.0010222438433750152
0.0,0.19243157837022384,0.19009165731867647,0.05075901429919151,0.09841324228858668,0.010461097913788143,0.16638161361905973,0.2105419071102644,0.04463769462617734,0.11939250888886141,0.026711153802369998,0.1466674630130574,0.17591099316369804,0.11725433528689333,0.026889114580293853,0.03219881187062461,0.016525706952494567,0.016471552162262815,0.0012138582322726498,0.04799438335115161,0.019302437052639496,0.020640675067975737,0.01626102147429772,0.0010247073271764267
0.0,0.18861350933476334,0.1927384447228741,0.049147901122826486,0.09725171039195817,0.01082719390847535,0.16373843887485423,0.2133976053080226,0.04510587165169679,0.11835986795462058,0.02678419373953527,0.14761167041662226,0.17592090990655546,0.11511001065890139,0.026837211947053463,0.03240354662766589,0.01668988907898994,0.016323607745524805,0.0012176333195264644,0.04740782823772156,0.019129101121623318,0.020646604684181127,0.016152369757432908,0.0010267012093444674
0.0,0.18510656715342452,0.19521900166004258,0.04750448459998986,0.09618572121024248,0.011098806745259995,0.161569658757213,0.21619863379023216,0.04561274819998625,0.11764973133240215,0.026848174023692377,0.14845893035011778,0.17590311143807835,0.1129045832746823,0.026796856794496973,0.03260014549661049,0.01684975093713157,0.016207961773985872,0.001221084214752035,0.046814635455413284,0.018953077024072878,0.020646308857103345,0.01604552003076743,0.0010283902551265428
0.0,0.18185556413289114,0.19773304568697053,0.04578569724976324,0.09514280187994438,0.01137996743857208,0.15981056851568717,0.21901838745874003,0.04616227149727824,0.11719990836973228,0.026903933141199335,0.14923505884494895,0.17580162490066517,0.11066328002686736,0.026773556264094174,0.032791530330610004,0.01700345636937144,0.016123080869190017,0.0012240338077577166,0.04621390185031137,0.018775045481183878,0.02064285876993447,0.015939656796881366,0.0010296505974050996
0.0,0.17887946653492862,0.20020244486857477,0.04402539206209243,0.09413495100570259,0.011668437317635273,0.15846995377206502,0.22180426458866248,0.04674471153237553,0.1170229325521084,0.02695012443067512,0.1499660186650885,0.17562473671835957,0.10839921246710879,0.02676628383189925,0.032976352857452325,0.01715257222841472,0.0160691032357305,0.0012265566632639771,0.04561314290871535,0.01859568213625735,0.020633291710506967,0.015835495323717277,0.001030443769091743
7.105427357601002e-15,0.1761998236526063,0.20258988102743877,0.042233581799862266,0.09318182343543657,0.011954388063091532,0.15766493369635434,0.22453312941021364,0.04734372969488097,0.11717510800122058,0.026988572873001253,0.15062894495379764,0.17536547208421838,0.10612004133545785,0.026772692315251326,0.03315112295687684,0.017296177580806264,0.01604474475169763,0.0012286636766941886,0.045009391461180694,0.018414510972693747,0.020617421928118423,0.01573460886356534,0.0010308542417588728
0.0,0.173843892542847,0.204937815394601,0.040415976013532154,0.0922739807787781,0.012235647484025234,0.1572838824518128,0.2272499465601988,0.04795232911198641,0.11748950111473203,0.02701633954686681,0.1512322766256283,0.17503805313421547,0.10382426210699951,0.026793325980936294,0.0333195355248141,0.017433285899128268,0.016047905451150982,0.001230187889496912,0.044404309541771804,0.018233213167463864,0.020598740196187872,0.015635100147358402,0.0010307839159834705
0.0,0.17183175412660096,0.207224138702271,0.03861136102122667,0.09139766153466815,0.01250888419972633,0.15729834870943651,0.22991205072230958,0.04856505642545482,0.11781124785599911,0.027028708524451075,0.151788079989795,0.1746524386280069,0.10154655885729878,0.026824485922693528,0.03348077841210752,0.017565001269755815,0.016077213579222777,0.0012311658615666373,0.04380242047367609,0.018053795532221986,0.020574067328362578,0.015536476979609859,0.0010302270949773748
0.0,0.17006223397001655,0.20943662625583964,0.036828774156270914,0.09056916435045234,0.012774848552639804,0.15761651629784143,0.23251281872374588,0.04916352208836249,0.11836550826045103,0.027031791453772196,0.1522931007638897,0.17420110560493837,0.09927615851793378,0.02686940975111521,0.033632161810586536,0.017691014602959205,0.016131395873515808,0.0012317019129830338,0.04319719592831404,0.017874974787365893,0.020544122780383922,0.01543903078978515,0.0010292218008276799
7.105427357601002e-15,0.1685308356735804,0.21157316407753146,0.03509945139805977,0.08977689504761628,0.013032229452578998,0.15815579821009185,0.23510890494238984,0.049749332001766226,0.11908700864909655,0.027023722409621625,0.1527603288754629,0.17370192481260519,0.09700914487972352,0.026928701967638267,0.03377752283400699,0.017811440077552275,0.01620832301279444,0.0012316870581429247,0.04259434269430275,0.017696467774219925,0.020511101834614975,0.015343034451173696,0.001027732402260758
7.105427357601002e-15,0.16724047600545758,0.21364279365506056,0.03346889138745827,0.08901393998736659,0.01328143958541448,0.1589453759450696,0.23764083941796968,0.05031454493106375,0.11998873246655152,0.027003505224961078,0.15318490922898612,0.17318398770099996,0.09477430608872778,0.026998885086625613,0.03391616320579987,0.017926005288361118,0.016306256601188597,0.0012312191875060875,0.041993353961101085,0.017521021961495683,0.020471729569837463,0.015248287915289078,0.0010257193522327191
0.0,0.16618304485275873,0.21565174937488876,0.03196868695642303,0.08825179538338422,0.01351379580490106,0.15990900861005,0.24011330529583055,0.05084736272396727,0.12107795431481821,0.026968450958420483,0.15356211284824728,0.17263065959976637,0.09258396547806569,0.027079044634071694,0.03404377613895411,0.01803440843773621,0.01641847188373156,0.0012301429310564622,0.041390711844252755,0.017351797822878032,0.02042735389882139,0.015153169925464116,0.0010231844995200689
7.105427357601002e-15,0.16534004057055454,0.21756699844988658,0.030641931732665578,0.08752138926551206,0.013733412207908947,0.16109224831089816,0.24255118974186068,0.05134892082686648,0.12230844652213789,0.026922606735137074,0.15393055075965306,0.1720434131761787,0.09043492229488863,0.027170088026692744,0.034164675031370786,0.018138065071473777,0.01654784212505947,0.001228523354633349,0.04079419741567906,0.017185604932842897,0.02037930420991236,0.015059561965236657,0.0010201526648535497
0.0,0.164688585640296,0.21940333291074735,0.029538340765100403,0.08683235842760746,0.013943459004495975,0.16246124312510749,0.24490573032815088,0.05181138484550924,0.12371272344355724,0.026867743937877487,0.15427650974044285,0.17146162417875835,0.0883580935946923,0.027269223690944457,0.03427720256883379,0.018235127536108287,0.016693348210051775,0.0012264750891396643,0.040201639665802105,0.01702446053272521,0.020324529146227382,0.014967080668006763,0.001016555569254092
7.105427357601002e-15,0.16419184074850934,0.22117560985765167,0.02871005700826135,0.08619499354284356,0.014146821756919715,0.16401963375253786,0.24720223659611779,0.05223553517526419,0.125312784936969,0.02680734467253521,0.15463630970314288,0.1708835724780786,0.08637184606571197,0.027377503510621303,0.03437907794009628,0.018325948524783538,0.016852022992469948,0.0012239425468355766,0.039617448541073415,0.016868673710258433,0.02026502196981617,0.014876482059265075,0.0010124843536477275
7.105427357601002e-15,0.16379602339739202,0.22284013030950792,0.0281904436599348,0.08560069456002128,0.014339734912760745,0.1656304493102227,0.2494279552713357,0.05261368293324616,0.12709576564588038,0.026738494339652804,0.1550146387848794,0.1703216637226929,0.08446954374843973,0.027493978711796156,0.034473914329366084,0.01841219390075064,0.01702258478771778,0.001220930093340915,0.039042849817837615,0.016718741545836607,0.020200930649188247,0.01478766276183588,0.001007882650475453
0.0,0.16360991138015907,0.22440519818080928,0.028003693205817897,0.08502751989385697,0.014515498300842445,0.1674829532893764,0.25155419304861676,0.05294366485562439,0.12894602340264655,0.026658580494221998,0.1553892206330153,0.16976144410212746,0.0826862674522808,0.02761414430897045,0.034557218808029165,0.018491496725763938,0.017202657406810016,0.0012174261547838686,0.03847318419973398,0.016576675949816308,0.020129238177496536,0.01469981417317392,0.001002708298238682
0.0,0.16363582549106742,0.22590279959559872,0.028176938696607663,0.08449121069166303,0.014678729398756467,0.1693983004288375,0.2536087630982683,0.053230964022192545,0.1307873742859809,0.02656853334683608,0.15580130498421607,0.169221555984382,0.081047556020683,0.02773903071968116,0.03463112874522703,0.018565264272003053,0.01738883851297097,0.0012133649103222182,0.03791357881025991,0.016442336387451014,0.020052271277304003,0.014612582368328172,0.0009970556063127274
0.0,0.16396116102912597,0.22729835262569917,0.02869990447379534,0.08401472447716997,0.014827934082350239,0.17146941756540046,0.2555786517266887,0.05345953822170249,0.13264581120674235,0.026459692174809417,0.15626210684498415,0.1687046479526518,0.07955491335948355,0.02786504182525541,0.034696144719786166,0.018634193562293195,0.017579236677232137,0.001208757005060513,0.03736193577106143,0.016316282125067885,0.019969803999293895,0.014525060408470807,0.000990838045102982
7.105427357601002e-15,0.1644882121994051,0.2285612521221651,0.029550370342587142,0.08358476813488742,0.01496307153414604,0.173669458643253,0.25744787461902957,0.05363229313188276,0.13448088694813715,0.02633507647485234,0.15675817329420186,0.16818575026452523,0.07821995480432196,0.027992715615900637,0.03474923181996946,0.018697155883639342,0.017773449086380157,0.0012036862636527286,0.0368184527082126,0.016197150208825856,0.019879154865568557,0.014438154756444667,0.0009840703376905624
0.0,0.1651830886014251,0.22972478772429042,0.030707994517625157,0.083204123197966,0.015086703230679729,0.17601863790231065,0.25922789202080776,0.05378492551887544,0.13633774246715416,0.02623908942360364,0.15731439694420352,0.16770662477186016,0.077071507638461,0.028122359877222745,0.03479363515311538,0.01875450140102971,0.017968354561234592,0.001198142948463876,0.03628766708516558,0.016087215774718073,0.019782939740181592,0.01435156604124609,0.0009768183082019897
0.0,0.16600191975712852,0.23079049388073025,0.03213052383566149,0.08286305483276933,0.01519826657126164,0.17842154552023692,0.2609143827247752,0.05384460984500609,0.13815101177746586,0.02609620897104338,0.15794365277388722,0.16725572473888853,0.07611234244194295,0.028250724732750615,0.03482730789771813,0.018806514176264822,0.01816278931034686,0.0011920822072317345,0.03576738326243098,0.015984690874289432,0.019680468835194306,0.014264970642091921,0.0009690379176302118
0.0,0.1669086402937707,0.23172205279796654,0.0337721986278965,0.08252802008622302,0.01529020191718017,0.18089742898316832,0.2624733945591436,0.05380272442941458,0.13988966818306575,0.025895646121623844,0.15863095556687254,0.16680030404434715,0.07534345474931785,0.02837788263079568,0.03484941587314286,0.018853703268163224,0.01835553595379281,0.0011855662107460954,0.03525785760666285,0.01588867434823286,0.01956967328338938,0.014178326232823588,0.0009607195885923609
0.0,0.16797270770105935,0.23247082021836513,0.03557695139645747,0.08223813721294292,0.015368850877710068,0.1833572885274721,0.26401326836623384,0.053948576880643674,0.14165854813919876,0.025858218892738764,0.159385637954899,0.16641908008675757,0.07478676085769957,0.028503808181646776,0.03486333069696475,0.01889511153199977,0.01854679276433347,0.0011787065530263977,0.03476165554874249,0.015814175068188073,0.01945463929050484,0.014091552857078932,0.0009519673866377676
7.105427357601002e-15,0.16917570364742915,0.23306213321486668,0.0375105030798543,0.08198412198912909,0.015431700033733373,0.1857343612654281,0.2655181135515321,0.054181205708180774,0.14337740193269388,0.025848194488740248,0.16023125887353884,0.16608825441025743,0.07443849739163637,0.028626526419175822,0.03486507346939954,0.018930707131082747,0.01873640882440988,0.0011714613521445986,0.03427605487608483,0.01575418316958068,0.019333994200681867,0.01400502573240452,0.0009427865806617045
0.0,0.17042071716005633,0.23343888281260294,0.03950834778392067,0.08175540501434969,0.015481283492952524,0.1878197230315995,0.2670123258135106,0.054658811284143786,0.14495396145960757,0.0258345013425679,0.16114444727117155,0.16581885384620337,0.07429437710553556,0.028746082660932374,0.034856902282894814,0.018961688598975804,0.018924912368436096,0.0011639484969904344,0.03380522453937385,0.01571158017994533,0.01920766578606754,0.013918221119143686,0.0009331957555134462
0.0,0.1716878801479773,0.23381387544098914,0.04160949609507573,0.08154559223826405,0.015516862579232033,0.1902582917082943,0.2681518404576417,0.054566102170509716,0.14642402234969867,0.025601363755929113,0.1621347048475966,0.16549439090817533,0.07435435815887681,0.02886017162624588,0.03483857028800379,0.018988005706419828,0.01909763772109902,0.0011557440971123433,0.033347085568075134,0.01566285130906112,0.019071580875715134,0.01382872257060295,0.0009229000428905622
0.0,0.172995049342459,0.2341304036906545,0.043773957883503384,0.08136379766513106,0.015543784173177089,0.1927285125459302,0.2690981039464148,0.05419851552053593,0.1477750212193575,0.025293174521224888,0.16321985827486635,0.1651609218265123,0.07461176643360434,0.02896932139188201,0.03480831653532341,0.019008944545287003,0.019259930301480332,0.0011470335358398122,0.03290360610849815,0.01561722095318555,0.01892844494278768,0.013738712487155424,0.0009120837595675559
0.0,0.17433375330564368,0.23430563145109143,0.04593498818775731,0.08120398310455096,0.015561237209501179,0.1951113911905719,0.26995241807505865,0.05389246911930325,0.1490642141602303,0.025065824400974417,0.1643709765243437,0.16486234754846463,0.07505211563264515,0.029073240218390875,0.03476813264072469,0.019025296564778055,0.019416155196164377,0.0011380855524529777,0.03247651166270318,0.015583854103599375,0.018779675028583992,0.013649257027855076,0.0009008938265245303
7.105427357601002e-15,0.17563210094330697,0.2343213674809378,0.048078039455932246,0.0810701115227776,0.015567670576564689,0.19744256237037625,0.27063480292453423,0.0535239333212961,0.15028551345436184,0.024865746245022895,0.16560046255677982,0.16455507750309784,0.07565836684368535,0.02917056797385186,0.03471768695871172,0.019036758919153317,0.01956058324403599,0.001128702802942965,0.03206123791015634,0.01556010513699759,0.018622527835331137,0.013557775585730502,0.0008891295647008575
0.0,0.1769709199200126,0.23421505252890276,0.05020185373810165,0.08099607552651683,0.015570343324802616,0.19955486332844455,0.27118226584661687,0.05310180346947834,0.1514079792907268,0.024692590838969797,0.16690531982656964,0.16425833870090323,0.07642295186023533,0.029262888515385773,0.03465834803081363,0.019043981864868983,0.01969412153681286,0.001119008856657454,0.03166111725038481,0.015544911091576546,0.018458535372899945,0.013465823219286256,0.0008769014419691551
0.0,0.17830603492889824,0.2339980332122005,0.052280884131890984,0.0809487874493658,0.015567197748703005,0.20161960271055482,0.2716082365910033,0.05265004756835532,0.15249649527633286,0.024560519586078366,0.16827998433872737,0.16397082176246622,0.07732945181780755,0.029349520543397362,0.03458784083612776,0.019046152649041394,0.019819701841642178,0.001109147571492462,0.031276468943936854,0.015537721432271678,0.01828831160131198,0.013374940132375245,0.0008643421823150153
0.0,0.1795055468030601,0.23360702928858132,0.05427719949666886,0.0809055446206083,0.015553239678946298,0.20366033062914932,0.2718299214147644,0.05215068454975301,0.15353391045079115,0.024442254986522857,0.16975559643161678,0.16365617168821406,0.07835284537566342,0.029427406281172148,0.03450552218430575,0.019041992301946645,0.019932591987869192,0.0010988283287222383,0.030903979565187062,0.0155386941420559,0.018108861503732733,0.013282214068170074,0.0008512046752054014
7.105427357601002e-15,0.18046796254949107,0.23307350246658637,0.05621227306335148,0.08082755612913463,0.015532366866819651,0.20560111648384205,0.2719100314215006,0.05161144836967862,0.1545058619561525,0.024346080318869385,0.17133702831784364,0.1633363296212007,0.07948485690164969,0.029498642856996014,0.034411414963333914,0.019030818932236,0.020034462547630173,0.0010882213142771643,0.03055073810693698,0.015546294834120249,0.017923922573687127,0.01318819485568099,0.0008376572625201576
7.105427357601002e-15,0.1813558236182745,0.23243752264291168,0.05807779530052968,0.08075882203587208,0.015507293286122277,0.20753608966881962,0.27187138341593603,0.05103901638569391,0.15543569650150207,0.02427721064688314,0.17299904077364406,0.16300341614400848,0.08071084972451821,0.02956330276788571,0.03430508404882225,0.019014010809137356,0.020126848295189223,0.001077445526455393,0.03021345899725513,0.015560627011542719,0.017734345072402524,0.013094648575413464,0.0008238147876733403
0.0,0.18205662958333318,0.23164603954089885,0.05983183788128499,0.08071625041567838,0.015476600853060064,0.2094101353661233,0.2716146887198188,0.05042145717541109,0.15634107202914813,0.02423375254445062,0.17474574065196632,0.16262604700369485,0.08200296981961816,0.02961826296119946,0.034187012282643946,0.018990391343078377,0.020204795662548663,0.0010662861787248726,0.02988902306987592,0.01558139396895746,0.017536055092295125,0.01300052612324442,0.0008094778968695617
7.105427357601002e-15,0.18268293959240164,0.23072887666696884,0.06149516344583155,0.08069667391574784,0.015441471575204804,0.21123654851500348,0.27121979633968,0.04977184530711986,0.157178948094228,0.024185773881391013,0.17658482244166054,0.16221357882580312,0.08334527367778138,0.02966643269832054,0.03405793804820444,0.018960067361526493,0.020270058272356735,0.0010548968019097945,0.029580212523572003,0.015608068941921212,0.017331848221486385,0.012905126374800464,0.0007947521161222904
0.0,0.18329051309226047,0.22971717243783657,0.06307289185549372,0.08070522843223153,0.015403225224362537,0.2130730991165412,0.27068645806697716,0.04908903393331718,0.1580477447081766,0.024191717117435996,0.17850467595941916,0.16175426403949686,0.08472782314216452,0.02970629925308476,0.033916121764311184,0.018923651623313848,0.020324564765451435,0.001043398496062524,0.029285306198072302,0.015638974430905516,0.01712226426707519,0.012810106611250259,0.0007797580490189431
0.0,0.18384930604155195,0.2285665438947973,0.06452677774615478,0.08078789064935786,0.01536638894763447,0.21487117944061165,0.2699164581066807,0.04835809967594767,0.15902061539602197,0.024308510034208086,0.18050219878222523,0.16122906902940554,0.08612874375211284,0.029733141674395863,0.03376270040194607,0.018879910407336407,0.02036460762873698,0.001031652645643836,0.029002358549686306,0.015670897192471202,0.016904626499990208,0.012715966379761892,0.0007643919592710129
7.105427357601002e-15,0.18425342709653536,0.22731355763448613,0.06586630360592191,0.0808956419358427,0.015332047254093987,0.216347038862122,0.26903512271802804,0.04763480845253017,0.15928251495252496,0.023980204898639584,0.1825390169750287,0.16063628002024796,0.08753119632548569,0.029753919191302096,0.03359847729103586,0.018830988027026926,0.020390980242480972,0.0010198304322199057,0.028735176794868884,0.01571084887817159,0.01668144319543109,0.012618618779157034,0.0007485648219464265
0.0,0.18467319192480355,0.22597297650653309,0.0671126774765732,0.0810476841647426,0.015292236195542014,0.21849447980233466,0.2679543980895912,0.0468155384031961,0.16106803629821392,0.024637101361969536,0.1847484108859701,0.15997902726291782,0.08892583136449465,0.02975840633719926,0.033424378776960285,0.018773982191269373,0.02040542523747462,0.0010078497617072306,0.028476177952531382,0.01574279821659809,0.016452636278470645,0.012525547055966422,0.0007327353729716841
0.0,0.18516525108731693,0.22452267538249873,0.0682397610331439,0.08128667006026505,0.015251057136550152,0.22145587194953467,0.26659968392165,0.04595025599750204,0.16471896824210563,0.02721974998005794,0.18713124120850455,0.15924265120087197,0.09029930197027568,0.02974333265420161,0.033241799608777926,0.018708137919913922,0.020405011453674005,0.0009956061403426086,0.02822291013630574,0.0157629490903786,0.016216582001421644,0.0124384066905676,0.000716906726871592
0.0,0.18584226878832177,0.22301164417058378,0.06926552064560487,0.08162709751490037,0.015209399332862288,0.22586763565701737,0.2650396801940882,0.045190118852466536,0.17101344356045103,0.033905277894792536,0.18975708113026366,0.15842580375955087,0.09162412186837242,0.029711970404008917,0.03305413591367512,0.018634968278746465,0.02039238940963604,0.0009831078969155967,0.027972180066259414,0.01576956588749578,0.01597658128980758,0.012356908615880187,0.0007011506722620572
0.0,0.18610919372110035,0.2214138985570451,0.07015963468339355,0.08203772295652652,0.015185143838436778,0.22829189394801927,0.2635090810992859,0.044453661115669015,0.1737215741608562,0.03611449047032274,0.1921305864219993,0.15755458302208425,0.09288869755655133,0.029686834881669573,0.03284981852998327,0.01855796793931084,0.020368400744760182,0.0009710338417292597,0.027743578093804424,0.01579979569423036,0.015730022528204195,0.012267160795301869,0.0006846193348303064
0.0,0.18616835227642228,0.21971969335418218,0.07093296953025377,0.08250797216716567,0.015169519301258259,0.22988728483702378,0.26187995263040514,0.0436605226011688,0.1751304978831538,0.036380346375709166,0.19441577174290722,0.15661839602796965,0.09409674695996535,0.029657829708062407,0.03263271957098319,0.018475829883707637,0.020330447928633144,0.0009591620189056538,0.027529066194219763,0.015836313959520412,0.015477184289132997,0.01217617088691943,0.0006677224363204942
0.0,0.18619773629219233,0.2179763631444057,0.07159866842517433,0.0830375883385021,0.015155002132950656,0.2319109792287238,0.2601418869350999,0.04288699889122362,0.17737502683152004,0.0377210880739045,0.196770065135356,0.1555994183814249,0.09523155144276295,0.02962119919177332,0.0324097039895877,0.018388348506902984,0.02028114944118038,0.0009473089238953329,0.027323669920555682,0.015867699143529427,0.015220944612388298,0.012088395478099284,0.0006507098392979893
0.0,0.1860538445557804,0.21616412538677796,0.0721559285684447,0.08363124289910326,0.01514385322802896,0.23367616353475698,0.25830833766558386,0.042101101302621076,0.17929845678630865,0.03849847316557625,0.19911311967884193,0.15450462700870726,0.09628435626705019,0.029573696929720665,0.03217680015508319,0.018293180406249093,0.02022044147244121,0.0009356370249519713,0.027128463639611,0.015900656314297518,0.014959310220360057,0.01200216255334257,0.0006334778054350236
7.105427357601002e-15,0.18582364912621435,0.21428033213600778,0.07261287174571668,0.08428889144149246,0.015135583891992677,0.2353527772862394,0.2563758076943311,0.041281439525759876,0.18116092719174204,0.03911795462560148,0.2014422554238239,0.15333464498314042,0.09726117658112628,0.029518824489315545,0.03193380290139527,0.018192970086288222,0.020146183029621092,0.0009242204443175269,0.02694011234723231,0.015932110099227837,0.014693796308072141,0.011918903983415767,0.0006162165719265953
0.0,0.18544199068422892,0.21236926504054854,0.07296385914046717,0.08501723847756253,0.015128096256100088,0.23710772131075683,0.25438534038734384,0.04041747112870535,0.18324211302927823,0.03997691182220615,0.20375366115552102,0.1520920967480456,0.09813985829831998,0.029460481444606133,0.031686059075030776,0.018088178896202366,0.020061259543470187,0.0009130109795224931,0.026755004615024988,0.015960109726943963,0.014426274205864089,0.011839811516936326,0.0005988944329288204
0.0,0.1849010309726796,0.21037098666856585,0.07319080462917721,0.08579365716405624,0.015123506956370545,0.2382783529770459,0.2522988918044261,0.03932113616001367,0.18458733633125396,0.03991149415255335,0.20598249894353876,0.15078498500138104,0.09886617201648615,0.029407682639305936,0.031429224457942904,0.017978151189073647,0.019964270793699234,0.0009022122513734329,0.02655894283587683,0.01598357666133593,0.014155403668413533,0.011767607348124563,0.0005817205658409633
0.0,0.18426649542581183,0.20833540280886845,0.0733641934780619,0.08662884414180551,0.015120011599419851,0.23948419662401652,0.25018777195240366,0.03840297302043484,0.1859218590478531,0.0395902943763213,0.20818671621888954,0.1493899843592981,0.09956440602843292,0.029332372384999646,0.03116364922645846,0.01786203869530753,0.019853894310689738,0.0008916629702331942,0.026391984988995434,0.016011796790036323,0.013882277305962119,0.011694783384645215,0.0005643685505105192
0.0,0.18373236688860664,0.20628485389577278,0.07347886003370321,0.08751590070627072,0.015111463215965005,0.24239276647428562,0.24801660240026294,0.03773351647721087,0.18985227219110162,0.042626951379317136,0.21050134977846124,0.1478906313584747,0.10019750693874799,0.029236876256704143,0.030896230435734143,0.017738018420016644,0.01973315183297521,0.0008811301212702016,0.026239443012888202,0.016032431175863924,0.013609266689936263,0.011629452301697844,0.0005472505537420653
0.0,0.1826423445361636,0.2041168267647558,0.07353598895029438,0.08852968753517021,0.015103120152134428,0.24491680085556514,0.2456338564094931,0.037113858723910376,0.1949190623099574,0.04787779241984694,0.2126334550922506,0.14635107238203326,0.10073740527739827,0.029140721019183226,0.03060712059774871,0.017606557334721377,0.019601763392588397,0.0008708574627585963,0.026103224222433847,0.016035433726759203,0.01333119962617761,0.011563409101578048,0.0005303101026670456
0.0,0.1800107134251892,0.2018849430517256,0.0735381745503795,0.08865046934784286,0.015068603108134437,0.2430087810848049,0.24180633133011983,0.038179219357001165,0.2025654300206116,0.05685834494212945,0.2151048242541864,0.14451057953037147,0.10112805726418865,0.029020773888407226,0.03032185733594988,0.0174853504400341,0.019538466491178123,0.0008627898262491649,0.02599198877948516,0.016073712293661047,0.01305297441806601,0.011466403006547337,0.0005120292068409654
0.0,0.17771467427883392,0.19977143608707418,0.07347426287313676,0.08831689332223869,0.015015206421398704,0.2425351192349869,0.2394265241961902,0.038877973784349644,0.21131337622762317,0.06488490162832962,0.21743582563518787,0.14238232517561195,0.10136665322977557,0.028872214339458885,0.030063518404040472,0.0173739825706913,0.019495202440888256,0.0008561641426130266,0.02589511034953988,0.016140937545718763,0.012774269950865945,0.011361735473872304,0.0004929774181251047
0.0,0.17601328184985623,0.19754793360483117,0.07335744937334997,0.08885328118083091,0.015055841497406828,0.2389278702407345,0.23500751971937098,0.036168095304813005,0.2067870075929263,0.05779778453640469,0.21810247383816075,0.141336132571516,0.10149443936358149,0.02863604704360241,0.029726432850858266,0.017193755461417562,0.019352920428017884,0.0008476560862572398,0.025834143684892202,0.016274066495930363,0.01246225192427067,0.011357739360881202,0.00047586639769172864
0.0,0.17289330544934664,0.19526228670133935,0.0732645767966537,0.0890742932715941,0.015146736678085148,0.23398156152826977,0.22730106934987987,0.03483033974853633,0.20343703901877583,0.0691576396300946,0.2190317704364272,0.14099936539024582,0.10146798608049643,0.02839599357494882,0.02933029347818525,0.016975790751519046,0.01920181142710733,0.0008395528076067807,0.02581699874260223,0.016483640275212055,0.012134416894407188,0.011420489575526372,0.0004592494030671427
0.0,0.17245463676180697,0.1927551840716356,0.07303791238882885,0.09006903408576702,0.015124493477113334,0.24308561536503207,0.22460173502436231,0.03539425740685269,0.21185965463811265,0.07357258574073003,0.2206922509619453,0.1391805006821237,0.10141403837325355,0.028192578103208004,0.029041016297006044,0.016804443969628047,0.019050662443190498,0.000832288213528876,0.025696108615749377,0.016560860120236966,0.011876527397839107,0.011406521154927875,0.0004442387498593106
0.0,0.16960976856628449,0.1902986807711579,0.07278438631840607,0.08933863983722268,0.015060528483804826,0.24707516242947708,0.21981899907433794,0.039066306302301596,0.23262707184779258,0.09947775505514485,0.2253205821364253,0.13649562211821636,0.1009210399870178,0.02812411039469201,0.028778324175273606,0.01670141580371905,0.019000662881168532,0.0008301296736187612,0.025518645605587725,0.016699633896864716,0.011620526518384359,0.011317874756899281,0.0004260720444210752
0.0,0.16810347565512024,0.18808775947494755,0.07257320829686026,0.08960498987952879,0.0150229465295909,0.25577118203513566,0.21748116518605407,0.04051205950459385,0.24704917182885006,0.11723806962209912,0.2280154617308481,0.13413797722052992,0.10049143247133695,0.027980312459674708,0.02848376156814666,0.016563941743672737,0.018899349046019608,0.0008269692873088078,0.02536047509876951,0.016758420641335696,0.011365135920884187,0.011263136180417138,0.00040975781394262534
0.0,0.1659953116019249,0.1858323849171524,0.07233619433376745,0.09055817434722928,0.014997871529265627,0.2565478277449576,0.2146254796409416,0.03903000743857889,0.24448538695277788,0.11052641219211363,0.2281001661806152,0.13203021804217846,0.10023358797547248,0.027793306622262606,0.02808980607449567,0.016357566417359366,0.01875048304248253,0.0008229717586696645,0.024865047823463507,0.016738023211261242,0.011102495395820158,0.011245055408046413,0.00039518106700267845
0.0,0.16401491832134618,0.18358031080354542,0.07214945463904515,0.09145485222585276,0.014968238364958678,0.25834012960601366,0.2118996809530325,0.036806745195576876,0.24181967335461327,0.10285205588401118,0.22808293798346096,0.13009095997065206,0.0998109367665011,0.027605254408100514,0.027681700632780654,0.01613928463618244,0.01859509572574431,0.0008198896561827082,0.0242405273568353,0.0167164796575456,0.010846520986728137,0.011251296121723329,0.000382030815585844
0.0,0.16352844990422297,0.18138576724252764,0.072009457738221,0.09263838399000032,0.014927797391223482,0.2633424042940521,0.21076938703858922,0.03539350180037158,0.24155212549662797,0.09612009144125842,0.22831754747117614,0.12820369233454879,0.09929177571246017,0.02736875050192206,0.02735114191017214,0.015950235917220446,0.018437460705540122,0.0008173936748701225,0.023987669576229186,0.016708740828916904,0.0106099178914654,0.011250364880294983,0.00036980519909726023
0.0,0.16259730379100526,0.17923288333369666,0.07192521532708303,0.09393209644147396,0.014884509700570921,0.2676193525406402,0.20984225737724915,0.0333674226745378,0.23992842591977806,0.08824581598353128,0.22849061530673884,0.12643919998074954,0.09877145376540798,0.027108422503669443,0.027017168419449084,0.015761809014576966,0.01825239762911315,0.0008151669261457524,0.023747315278315927,0.016677132688730136,0.010376869737440867,0.011242266462086373,0.0003581781744498225
0.0,0.16131024859922244,0.17731508303242755,0.07197009169252189,0.09445520154055874,0.014835464842149282,0.2740418053419794,0.20870684224953173,0.03200868779578329,0.24196954787742828,0.08447135781385365,0.22874534736167723,0.12449675079443562,0.09820668157932592,0.026838506643076642,0.02664876773487662,0.015549779785104368,0.01808947381364365,0.0008144195820392697,0.023258405273015266,0.016688377878328328,0.010133933332559445,0.011275949517249273,0.00034716804075553205
0.0,0.15979645240128346,0.17559177970347098,0.07212166048329927,0.09360064061823403,0.014755443575168892,0.2945192006630149,0.20806908049482095,0.03360732912098383,0.2704512890742555,0.11908137027489647,0.23156640849599525,0.12122904186603592,0.09749386896716744,0.026657970422682344,0.026304258070141136,0.015376499519275458,0.018035819877940198,0.0008179002683701408,0.022644984075324927,0.016754667087599946,0.009890330191989389,0.011293338552387296,0.0003347184110336486
0.0,0.1601338499563238,0.1738067366363833,0.07229080932454261,0.09415763782330422,0.01466980275069854,0.3075643661011259,0.2096781227580619,0.035179170955197785,0.28049749926335554,0.12620887248319762,0.23243835351789402,0.11897403015035253,0.09659891224874513,0.02642951411275962,0.025994563571681062,0.015195971022114882,0.017929182476659044,0.0008198121523477664,0.022254791647330546,0.016746371539446782,0.009656528354403483,0.011301818449956693,0.0003256208938034547
0.0,0.16030557708977497,0.17201625243012472,0.07246737106110654,0.09506771918209586,0.014591418604511477,0.3127344973222736,0.2103702204794109,0.03573384955214605,0.277575748592212,0.11612360984902095,0.23199574959323405,0.11761648950651085,0.09561027620904845,0.026143734156052655,0.02566898312633592,0.014984302684200541,0.01779522886811523,0.0008215104506712365,0.02189702784928443,0.01672994509853036,0.009420570035485947,0.011341394225526045,0.00031890562127254515
0.0,0.16043000002904392,0.17001329702654888,0.07262215525346614,0.09606371305067646,0.014512974023021893,0.3174746355577247,0.2101574567338607,0.036019168685926146,0.27487344940573066,0.10558522317924705,0.23112398917902613,0.11647024078049496,0.09462923066596185,0.02586770782183042,0.025336373843627587,0.014771563723430201,0.017659829467363955,0.0008241954957388988,0.02152797346821944,0.016716775278223645,0.009220477287101589,0.011413408803679864,0.0003142627181834966
0.0,0.16047355529163895,0.16803613077155638,0.07282462632430028,0.09693768707579202,0.014427620734487763,0.3215799523398138,0.20997247134681843,0.03857626006651808,0.27071635531938426,0.0941945271556703,0.23019076928505627,0.11568649691134997,0.09349701231211119,0.02559204131879974,0.025004460628739615,0.014556884858851381,0.017533586207043282,0.0008276808590604399,0.02117155306248891,0.016701892921746193,0.009008977339035532,0.011500568761922113,0.0003110880416924479
7.105427357601002e-15,0.16075223475812345,0.16592335933421787,0.07302415682389256,0.09815540640940063,0.01435404376020924,0.325150441524585,0.20776203600249785,0.039395485481905995,0.26737462227169223,0.08298654661316907,0.22847685177248853,0.11502646430844295,0.09241482626881836,0.025267558221604307,0.024679371211183337,0.014330243147918769,0.017409864724515896,0.0008315246616385939,0.020865930059384013,0.01679791543629029,0.008843925835720202,0.011597997559802444,0.00030941032223888155
7.105427357601002e-15,0.16106927775200058,0.16377247438275877,0.07325021766884143,0.09939488046048281,0.014277141566998027,0.3284690807855123,0.20499009802257165,0.040028664735546976,0.26384082706443024,0.07242925329308661,0.2263865490488906,0.1146289807561378,0.09131978033441435,0.02490826302955317,0.024361245581771454,0.014099725209087357,0.017288681694818224,0.0008357460602676403,0.0205949847423321,0.01692981809657062,0.00869916056068864,0.011707746585733628,0.0003091465981111873
7.105427357601002e-15,0.16113018373721563,0.1615452700548546,0.0734898269799719,0.10010884018312502,0.014164059910015807,0.33256314765057177,0.2038214177336142,0.041254161640256484,0.26066434374947633,0.06117055932164316,0.2247056705839886,0.11451859349738047,0.09020301743118421,0.024540162754596067,0.024053541935215365,0.013878723166410303,0.017169478382854843,0.0008405288519082046,0.020364588404928614,0.01697994024291196,0.00854786596786395,0.01184726311497542,0.000309899744810452
7.105427357601002e-15,0.16140013813752283,0.15933322315385803,0.0737830592535721,0.10071174947692978,0.014048648344347544,0.33656346901703255,0.20278893462738845,0.04379807555732196,0.25767444138546225,0.050636559013502294,0.22289810146383965,0.1147422761620343,0.08907951046633654,0.02416810787759953,0.023748536768949405,0.013656523326823204,0.01705181403390698,0.0008457867950118525,0.020140696747893524,0.017027453946587282,0.0084054708129445,0.012007047084925298,0.00031183265916730847
0.0,0.16144674318680857,0.1573060999528399,0.07414347095533158,0.10155646306954136,0.01395486576590172,0.33919278876263054,0.20122699292626062,0.04501260473724826,0.2538745430112506,0.04437139318125551,0.22063511979216552,0.11526334498898472,0.08792817732057631,0.023813353292957834,0.023444205898101974,0.01343486727770858,0.01694056807754931,0.0008514745109239896,0.01995478723518694,0.01710239157210111,0.008276355037624736,0.012166787361409893,0.0003152081908148173
0.0,0.1616901406207178,0.15534229795336135,0.07452896402247242,0.10255485106444541,0.013867910509516338,0.34155320658948507,0.19901588045117627,0.04603869854722193,0.25008970502077366,0.045017729404807263,0.2178503881120307,0.11606282673899668,0.08672804667950537,0.02345939480156037,0.023143591441469234,0.013212762076192857,0.016829786594770853,0.0008573741555272595,0.019803602661508463,0.017202008150293987,0.008161550263355194,0.012335160236036992,0.0003201029697745302
7.105427357601002e-15,0.16158176094414797,0.153287175641955,0.07488366960777841,0.10300267273280979,0.013741190008239533,0.3434949549738871,0.19782692269852378,0.04801345024518416,0.24500742280882742,0.042749084602958266,0.21532784184444517,0.1171687465345063,0.085540377235207,0.02310357208292081,0.02285845625880019,0.01300171370510233,0.016714321203584518,0.0008634933419757804,0.01968169937986559,0.017230562713998206,0.00804605113583561,0.012533084600115207,0.0003261602084785848
0.0,0.16190677099503134,0.1511847122675297,0.07524977635732318,0.1032286986500572,0.01361038978095075,0.34693093390122764,0.19624821450175753,0.04922167669490519,0.2428992468499981,0.04784060335534645,0.21282902913758364,0.11823474433488117,0.08429339245462406,0.022759646083507383,0.022588810295715075,0.01278835586857976,0.0166181138163648,0.0008701263333882945,0.019575514810376216,0.017300480602721036,0.007949738750085231,0.012753023227018401,0.0003323403905327407
7.105427357601002e-15,0.16235421489594948,0.14908170310673138,0.07560605818778149,0.10334513386794363,0.013472948248853275,0.35091739385563175,0.1946470531434101,0.050028454794979,0.24188318224463307,0.056291158744341915,0.21032725760801652,0.11941665794039995,0.08302968425207644,0.022418924034268484,0.022331944825180593,0.012578500008440392,0.01652680567024608,0.0008769088461696188,0.019489667744907506,0.017374500082693208,0.007868893462188642,0.01298691612851498,0.00033910391418809035
0.0,0.16284297921422083,0.1470231996725402,0.07596819872393612,0.10337040803937929,0.013332177275379624,0.355241114669059,0.19319552708417828,0.05043947266469916,0.24174810287195686,0.06594258243713447,0.207840159013581,0.12069222563253221,0.08178321073445392,0.022090162922705568,0.022088491037356377,0.01237639157487329,0.01643943476563603,0.0008838335645771459,0.01941677543540516,0.01744545894574294,0.007802687297072303,0.013233205788118771,0.00034639171998920127
0.0,0.16341300904208522,0.1449882539973479,0.07634071275526377,0.10331493962439825,0.013191806586726765,0.35964202444863824,0.19184198559732932,0.050666254143298825,0.2423154214452654,0.07592988602571953,0.20527038427253966,0.12205654060992605,0.08055008423487166,0.021774354464780966,0.021857368178652817,0.01218144591375302,0.01635779815664098,0.0008908195045424297,0.019351823755698504,0.01751458601282328,0.007747863059461812,0.013492252051546031,0.0003540669244203618
0.0,0.16412546104794884,0.14295359275829891,0.07666788041794342,0.10321017359088841,0.013048624077037885,0.36458076323850974,0.19069389641310178,0.050599269975146216,0.2437856727003851,0.0857518200249976,0.2027828265184142,0.12350156644894549,0.07935216539858139,0.02146834584010593,0.02164038056199546,0.011993317362285935,0.016280574655897904,0.0008977731884854007,0.019291525727823944,0.017579702511286877,0.007708110854385586,0.013762495891433187,0.00036199105231628963
0.0,0.16493866021676462,0.1409326751332394,0.07697219229047529,0.10302004441263193,0.0129042201099176,0.3698724185559927,0.18985372738042017,0.05023802343931708,0.2461422121672777,0.09489069240428936,0.20031968563567676,0.12498354068728305,0.0782124867735107,0.021176765920685375,0.021438724629605978,0.011815065047620848,0.016207513103871033,0.0009045204730172719,0.019231822985949224,0.017638582857962153,0.007680033326821993,0.014042356622706458,0.000370136642222488
7.105427357601002e-15,0.16568364607915165,0.13891357022051545,0.07724474447009197,0.10277289899027497,0.012759255607010689,0.3750608666520973,0.18934410454248837,0.04960691410173529,0.24862288997698032,0.10334003548564766,0.19790632361725652,0.12652069564631988,0.0771210889259234,0.020921225324500324,0.021235896183555283,0.011645269055085951,0.016138040929460265,0.0009112161573788014,0.019209621429134995,0.017693260199858816,0.0076628849880108025,0.014325128035217304,0.0003782568941126817
0.0,0.16643314031539674,0.13687198546038762,0.07743414778346293,0.10251653472418536,0.012618996156418958,0.38037060044007304,0.18924512779029828,0.048810806427124674,0.2515229425525372,0.11095939084764443,0.19565775421110396,0.12809702438549608,0.07612371100064598,0.020684731440965814,0.02104469862827737,0.01148504678798705,0.016072644380228592,0.000917689043474885,0.01919043080516767,0.017740772988859798,0.0076589343270555875,0.014613289450226207,0.0003863135013393073
0.0,0.1673285084741732,0.1348671222092733,0.07758692806287144,0.10223159430823912,0.012487990350198831,0.38650169832758463,0.18976238609711513,0.04784594300965695,0.25590542866438987,0.11754653961339384,0.19355037277743992,0.12964362162676982,0.07525528015300918,0.020440950379191726,0.020889239606612302,0.011337930525602115,0.01601152729306441,0.0009235003297479085,0.019121764799821143,0.017776806693537248,0.007663940082706777,0.014911283321392335,0.0003944997383765288
0.0,0.16823942730168,0.13277169249658924,0.07764359110725666,0.10193744520184976,0.012366328173837298,0.3927954592563046,0.19136316030989517,0.04693953970118408,0.2604660215033655,0.1227426801172148,0.1916207246588672,0.13120043608150736,0.0745471705808331,0.020191401973448535,0.02074543862170177,0.011198196528311482,0.015953672052274263,0.0009289068741891381,0.019052603377195235,0.017773316948972946,0.0076712406484690295,0.015218774890834445,0.00040264120577789215
0.0,0.16911165428468367,0.130665091398065,0.0776010285031758,0.10165957737175618,0.012256292801101042,0.3987747378366054,0.19349097936698081,0.0461983613703517,0.26472941728641364,0.12760289082453305,0.18988937278234772,0.13278579142977917,0.07397465893297059,0.019958795158545293,0.020618254805830898,0.011069420065120636,0.015899871125491693,0.0009338259135687032,0.018974619677471556,0.017764205966744464,0.007688015578363887,0.015529248896089575,0.00041059448041003274
0.0,0.1700373086671729,0.1286758333531412,0.07752987178273492,0.10140535189059315,0.012160563037178386,0.4049406139448592,0.19583971488332616,0.045214520669510705,0.2691731115153145,0.13207301876586705,0.1883926392845974,0.1343431592485097,0.0735022533462993,0.019763001266050403,0.020513789776764605,0.010955732497084095,0.015848386722129987,0.0009378772042451821,0.01887343051305765,0.017771209331171777,0.007715454405249605,0.015834013408894572,0.0004183622970068911
0.0,0.170915427782732,0.12671951920898744,0.07739675749860406,0.10113935051863189,0.01207988695531151,0.4108514559669954,0.19894872537244207,0.04430949379918274,0.27324336799660043,0.13586139800266217,0.18722504300552467,0.13590998278238148,0.07316860460709795,0.019583644445890013,0.020427708811484743,0.010853898677223132,0.015800475071639765,0.000941314823417501,0.01876958666557467,0.017765662267626242,0.0077476784293667965,0.016140105621551173,0.00042597824836103
0.0,0.1716103206954452,0.12464522310684642,0.07710988822220903,0.10085024344107371,0.012008955649830063,0.41590156707388726,0.20303374011332645,0.04391367266996693,0.27632191083265206,0.1392858906654593,0.18637143614043233,0.13749585752727522,0.07303897623130698,0.019398109223417826,0.020358829354120773,0.01076157607993644,0.015755107879975885,0.0009440928927672961,0.018675224299442027,0.017726519370805056,0.007781023837922738,0.016454002570995947,0.00043344503099978403
0.0,0.1721853579007664,0.12260194489677942,0.07673031654610968,0.10053968495064179,0.011950129381727558,0.4202277565752838,0.20772430108738402,0.04365530148789548,0.2788443665176291,0.1420800545970979,0.18590600930823242,0.13903856057917002,0.07306615258344178,0.019237299056076324,0.020308618045690154,0.01068190181213986,0.0157092836971757,0.0009457685034674376,0.01857725386475828,0.017681308751452202,0.007819538629154325,0.016766404851799404,0.0004406642627985236
0.0,0.17260912621974775,0.1207157652581725,0.07631691934354734,0.10018094573041679,0.011905820757251731,0.42360302333527655,0.2127764496598817,0.04305549758207221,0.28053357225942455,0.14464000119356238,0.1858600096911013,0.1405615231956907,0.0731723734427308,0.01911203517342979,0.020277845272649923,0.010615858135844015,0.015667545073905106,0.0009466641249364199,0.018477852844995608,0.017648364807459748,0.007866279411642042,0.017073443738684975,0.0004476750213608916
7.105427357601002e-15,0.17281891267900845,0.11887977525874546,0.07580312957900641,0.09977734811536466,0.011874550098929708,0.42562472623376035,0.21833142471062483,0.04261806433894452,0.2807588617873306,0.14720885802335254,0.18619442683185483,0.14206958820769666,0.07341640709249082,0.018999402217472105,0.02026554003211785,0.010560554770194859,0.015628860563528912,0.000946791970636115,0.018387763418181408,0.017607412473135086,0.007917097742842076,0.017380922174498596,0.00045449793833828576
0.0,0.17280200547472302,0.11707517329794183,0.07517841375295078,0.09931430400095528,0.01185427234867703,0.4260120698431263,0.224346932917614,0.042327967709544466,0.279584298606027,0.15002344022223976,0.18687703702969838,0.14354675219571592,0.07380068498650982,0.0189018188329025,0.02027080333967444,0.010515764700935383,0.015588463453226379,0.0009456758852455408,0.01831454551786665,0.01756167743510686,0.007972433940577209,0.01768792210676935,0.000461039313663583
0.0,0.1725852080162145,0.1153516898846139,0.07446937143455559,0.0987798215086351,0.011846291569482276,0.4249562535239889,0.23086051140631664,0.042152981269522265,0.27711146090340694,0.15282544122650102,0.1879509443832048,0.14499521111448033,0.074283338738129,0.018822276626772293,0.02029379308081407,0.010481904353339835,0.015548968549339195,0.0009436202651373734,0.018255007966755846,0.017511546107443415,0.008031232983525987,0.017994194468129616,0.0004675049526481701
7.105427357601002e-15,0.17216928069178988,0.11373428057317907,0.07367279663760191,0.0981904162098968,0.011851604304102625,0.42252234433046076,0.23768471189881216,0.04210552579397916,0.27309017920879075,0.15629852728972707,0.189366135029203,0.1464097040932607,0.07487190318275287,0.018755751197723054,0.020333615877305367,0.010457684971447345,0.01551220243901304,0.0009407529267823943,0.01821203167986476,0.01745815452345381,0.00809367466263452,0.018299807924566026,0.00047378975482526204
0.0,0.1715512085202906,0.11220013550090192,0.07276439545917306,0.09753373737001497,0.0118661273017093,0.4186208773596113,0.24481615576623486,0.04214697037013921,0.2677305143616447,0.1611354147404058,0.19108826745085727,0.1477905331310089,0.07556887718046496,0.018698019323526834,0.020389429041547624,0.010442574290308758,0.015473987789240458,0.0009366802579078375,0.01819014253458491,0.017405386823073427,0.008161532345407736,0.018604060084407237,0.000479832389862073
7.105427357601002e-15,0.17075827049904155,0.11080506694170972,0.07177005828777769,0.09680424646952678,0.011891920552177493,0.4134189084959479,0.25224325328221986,0.04229623328901308,0.2614199361692413,0.16674231019649324,0.19315125185774568,0.14911823004666713,0.07632648418803396,0.018659262109314078,0.020460292434200673,0.010437911826821135,0.015436347999944835,0.0009316049645756981,0.018184647411719927,0.01735392895636454,0.008234037219234892,0.01890676201573837,0.00048574101083918576
0.0,0.16982083413583882,0.10956897588697222,0.07069589875879825,0.0960248464071226,0.011930564359004527,0.40740363417468056,0.25982712502264443,0.042532627629879874,0.25438298093478173,0.17394895690387516,0.19547524320534057,0.1503824001571585,0.0771616391253348,0.01863315972869755,0.02054477913176273,0.010442090593176898,0.015401950644866588,0.0009257559593632451,0.0181983280789563,0.01730519097294248,0.008311444881010892,0.019208297153576914,0.0004915003731573091
7.105427357601002e-15,0.16873050117435,0.10848741599007383,0.06952326183921044,0.09518145686614378,0.011977698394041418,0.400474535870906,0.2675939545735234,0.04281887585259066,0.24670512170230544,0.18318133304459872,0.19802649716459556,0.15160475917038851,0.07807018310136501,0.018614020498920587,0.02064119160340395,0.010453741802117117,0.015368048618540282,0.0009188302891423877,0.018232495020430076,0.01726131114413607,0.008394747115244506,0.019507831554504525,0.0004970497332441077
7.105427357601002e-15,0.16749221544316395,0.10758014141868129,0.0682595709470352,0.0942816450594766,0.01203563379552797,0.392711991030361,0.2754969012786521,0.04317379000606721,0.2390040209216827,0.19365399178964895,0.2007450856542171,0.15273442116865396,0.07900713827588167,0.018611395735061684,0.020748078564150955,0.01047442344111292,0.015336165887584251,0.0009109093344398921,0.018286710867662044,0.017222750256037565,0.00848417954851495,0.019804693288513957,0.0005023742119393953
0.0,0.16616371081486037,0.10686643799731935,0.06692024828846838,0.09335219148584017,0.012105351783688708,0.3847940965944302,0.2834224364061746,0.04355501224185432,0.23181374236113494,0.2055003658955817,0.20359095290792922,0.15377786804355434,0.07999325743515526,0.01862005487279215,0.020863458180443897,0.010502840539388922,0.015309072218303927,0.0009023086311279525,0.01835931408448269,0.017192500443430778,0.008580090403965915,0.020100144487641494,0.0005075737918936532
7.105427357601002e-15,0.164756494541061,0.10634892251719909,0.06549974332059161,0.0923908817350668,0.012181968303416918,0.37681080918762744,0.29131410118346673,0.04389417781703192,0.22510355710878954,0.21902005480805525,0.206530662803985,0.15474854222242204,0.08101977218034356,0.018633977183999166,0.020985631074863988,0.010536757042895573,0.015286551422866512,0.0008928506770786681,0.018447502647070846,0.017171648192558283,0.008682359430395569,0.020393486976078068,0.0005125376051876157
7.105427357601002e-15,0.16326034957088834,0.10602393319863475,0.06398958460661487,0.09140882572878951,0.012267893286811816,0.3688004503684955,0.2991680567093775,0.044179564024504625,0.21941874896520042,0.2332597630908842,0.20949204206623942,0.15559083456038547,0.08205336882598319,0.018658354225586406,0.021112634980123772,0.010577381839177691,0.015269159372235013,0.0008825168986742794,0.0185529177750925,0.01715939413115104,0.008792371886396139,0.02068209972746299,0.0005172647755663602
7.105427357601002e-15,0.16170726536882038,0.10591346607958088,0.06240682741766672,0.09043593769535099,0.012361298175458064,0.36130778708768735,0.3067463528359984,0.044325143600726466,0.21478237776468873,0.24819667906092807,0.2125198011112139,0.15632157456172516,0.08310236106792941,0.018690905969842957,0.02124119036778954,0.010623043024638332,0.015260408849341007,0.0008716413468840702,0.018670461413026692,0.017161167967849545,0.008910199036222241,0.020968222103302448,0.0005217962989675768
7.105427357601002e-15,0.16012632704048538,0.10601034324284417,0.06076185157800687,0.0894692370270628,0.012459710705197588,0.3544770648848896,0.3140514000999024,0.044296456890290624,0.2109716469019172,0.2638454574938892,0.21557915125366375,0.15694256125856354,0.08415763985252914,0.01872718031921436,0.021370763893477612,0.010671454786879437,0.015261733850183826,0.0008601855559504198,0.018796888299748266,0.017176295483617033,0.00903493503873391,0.02125163593071834,0.0005260485871313249
0.0,0.15847811763001576,0.10629935573046595,0.05903413002704898,0.08850471189561832,0.012563480222894838,0.3481355321738535,0.3211045125901112,0.04412969419474648,0.20809692085676026,0.27965226925286274,0.21861650947221317,0.15742332291530126,0.08520156828499763,0.018768408082776484,0.021497357776095547,0.010722914328653653,0.015273918958142433,0.0008480768678892584,0.0189276316500501,0.017201471478614554,0.0091680401627189,0.021528014936529276,0.0005300976691223822
7.105427357601002e-15,0.15679538405654145,0.10682195815992354,0.0572526060555056,0.08756801172961846,0.012668383973719501,0.34275875854918914,0.3276927647461707,0.04374674437811549,0.20591637580909083,0.2953768911104304,0.2217329316783996,0.15779044340984272,0.0862299930252668,0.01881556066965912,0.021617393988442434,0.010775713919413125,0.015301001870222049,0.000835570109369625,0.01906168645513985,0.017242689089540717,0.009309926884024947,0.021799429242411714,0.0005338124645459199
0.0,0.1550993370371511,0.10754387053083364,0.05542925023717693,0.08664215691400758,0.01277518190445551,0.33809129384540787,0.3339866057966728,0.04324620027031814,0.2045725355014579,0.3108578463435629,0.22487132663803516,0.15803133596381483,0.08724164660546019,0.018865225205611246,0.021732439600904374,0.010828310146876293,0.015344576786328185,0.0008227989093251733,0.01919638073383385,0.017296081612550623,0.00945876102034893,0.02206801033096252,0.0005372492655109105
7.105427357601002e-15,0.1534387245634052,0.10843608496667664,0.053542409320890876,0.08573538754949545,0.012886798296950745,0.33433615134041594,0.3400185315179455,0.04269850142941694,0.20421449103939646,0.3259183927028002,0.22803955721816013,0.15814937531029905,0.08822714077485942,0.018917684015243855,0.021840453008139617,0.010881538875765177,0.015405422840706466,0.0008097561408541588,0.019327977452787828,0.01735884146620503,0.009615581084618952,0.022331248302323834,0.0005404438020755059
7.105427357601002e-15,0.15151168619707822,0.1096041195565695,0.05162619058308442,0.08484807423327433,0.012992698181123224,0.33061526862464946,0.3455316626415075,0.04225596128701537,0.20285600386905744,0.3404096177799724,0.2314123126050247,0.15816807823419612,0.08917070220934821,0.01898002811198101,0.021935997119597168,0.01093413292271641,0.015486138318608726,0.0007966334954443332,0.01946450297940072,0.017433393759327443,0.009784965884879104,0.022588439486502025,0.0005435959442422002
0.0,0.14942676362141027,0.11099567107419735,0.04970279541403809,0.08397011951363177,0.013096076759413476,0.32692733498980386,0.35054948778385175,0.042034626690479845,0.2007597607585684,0.3545916700634659,0.23491662824724371,0.15806728765930098,0.09006257222326922,0.01904827681557364,0.0220204123159507,0.010985309306180498,0.01558808938187282,0.000783740049053153,0.019604331745174373,0.017519079224819406,0.009966009052484298,0.022841495714083122,0.0005468575619714816
0.0,0.14709837590958294,0.11262088117215281,0.047761425079876525,0.08309378551384665,0.013192971151434163,0.3229960517406495,0.3548652215370776,0.042137692314815095,0.19737864121391582,0.3686245171317115,0.23854702126041125,0.15786554963659186,0.09089145755189355,0.01912274690969532,0.022087850478657287,0.01103394912335541,0.015712226242723042,0.0007710105736849996,0.019741410771835187,0.01761826108527022,0.010162939833460784,0.023084571135899568,0.0005503065137206609
0.0,0.1453240973356878,0.11429887024266891,0.045816893211027346,0.08219688537009481,0.013293362299187653,0.3206862753765752,0.359762412634334,0.04219911634593441,0.19872984825338086,0.3819264883931776,0.2419771176121787,0.15768186073406118,0.09167992810263745,0.019178327464428963,0.02214796796783709,0.01107568740034357,0.015862467245394155,0.0007585453586812856,0.01986221800381244,0.0177209068289658,0.010352109670303294,0.02333231976163129,0.0005528234927542321
7.105427357601002e-15,0.14367253301765504,0.11608258411134646,0.04390439868436018,0.08129586720850605,0.013392659642788842,0.31902437286055346,0.3645254739042853,0.042542496150600996,0.20126464281850057,0.39485555117842147,0.2454606785049812,0.15743994542150352,0.09239369664769503,0.019232460821811716,0.022197284803804004,0.01111399489355148,0.016039286555367755,0.0007468850595072342,0.019977530623487418,0.01782882294845308,0.010545475494124464,0.023584507286348286,0.00055522285248363
0.0,0.14194984651314838,0.11804466066545762,0.04202315582870241,0.08038111321367397,0.013484782964285754,0.3173478355066636,0.3689637833176382,0.04328220547963221,0.20395507110838165,0.40758906835968806,0.24901100312024235,0.15718053880305483,0.09303509254018222,0.019287654922565244,0.02222904273852037,0.011146344750987306,0.016242219824275945,0.0007359109806421701,0.020085951143750284,0.017944105122014813,0.010747214114571333,0.023834916517152565,0.0005576168322461113
0.0,0.14022761281449497,0.12016501880389698,0.04019988812702676,0.07944629358602454,0.013573480145139169,0.31552063772291633,0.37336494761874434,0.044403766354151095,0.20735287561148064,0.4198570988668413,0.2526375785528378,0.15694261059082695,0.0936105572934469,0.019341576292410595,0.02224787455842286,0.011172945448285822,0.016471975389741385,0.0007257688268436799,0.02019005041740184,0.018063862437785818,0.010953424011380202,0.024087209259690875,0.0005600013224537758
0.0,0.13856938871938945,0.12235616431913313,0.038464152852098414,0.07849845569416039,0.013658823739994,0.313610601521882,0.3775797168073569,0.0457914792743221,0.21132160749208806,0.43170294210823107,0.2563239357143616,0.1567006951481599,0.0940892543027635,0.019394669814241226,0.02225354931445707,0.011195936071434995,0.01672892723753915,0.000716915715592809,0.020289429070858536,0.01818546268013322,0.011164657927433628,0.024344509576264634,0.0005624850871142422
0.0,0.13696690684006646,0.1246731227115941,0.03682568035162831,0.07753760222360033,0.013735826554622722,0.3115296003569185,0.38161711940014736,0.04740898534099071,0.21570206860445937,0.44331289032071863,0.2600180252189101,0.15649328313124483,0.09448305288005675,0.019447846841612257,0.022241375303143306,0.01121014970794129,0.01701232371996027,0.0007092117316568354,0.020381156289621578,0.018311848545714358,0.011380886579016068,0.02460508104724503,0.0005650234289803437
0.0,0.1354383704696701,0.12704672762322786,0.03530492950727082,0.07656409384771982,0.013809199306355144,0.3091440620572818,0.3855570058418119,0.0492412519324126,0.22060690043257947,0.4543742926738569,0.2637453756039704,0.15631289608768298,0.09479870027733739,0.019502698122271258,0.022214840169932217,0.011218316415089184,0.017323659608027477,0.0007028767289950379,0.02046599711497435,0.018441095980968,0.011600685308304493,0.0248703669466571,0.0005677254500859941
0.0,0.1339822310379781,0.12944000540387765,0.033921633286766534,0.07557251416040282,0.013876113604264436,0.30615791358128325,0.3893176675151308,0.051190966062153974,0.22594758687026686,0.4648413418103228,0.26744628026951234,0.1561572806722699,0.09501468489629221,0.019555196789185256,0.022174500878714885,0.011220782468710956,0.017660568651446832,0.0006982052033464917,0.020544881480831896,0.018572786142774664,0.011824955139169837,0.02514391504657492,0.0005707840881926144
0.0,0.13262977330204748,0.13187651833564465,0.03270543486391852,0.07456718735997252,0.013934951504439973,0.30270460854330317,0.3927976841713225,0.053218832899166506,0.2316393232835753,0.4750030106154841,0.2710712419820133,0.1560287261954446,0.09513594487727436,0.01960352476486613,0.022117964266886433,0.011213993333682604,0.018022520422282137,0.0006950841885969529,0.020614944008410626,0.01870999224402081,0.012053347517349334,0.025425283273763453,0.000574033874261497
0.0,0.1314894284356517,0.13425667741994282,0.03167194214963471,0.07355269327065381,0.013990578844221467,0.2990498239028393,0.396040612099659,0.05531493212456246,0.2377372706941173,0.48473077716510665,0.27468018061091304,0.15590557701524513,0.09516669085631939,0.01965481352102208,0.022046705971055482,0.011200713254506977,0.018409160604329972,0.0006937311378446935,0.020676219686686342,0.018850747683696642,0.012284273321125918,0.025717568333879698,0.0005776534128643594
0.0,0.13051383788475235,0.13661463726358963,0.030817020856839013,0.07254072514022696,0.01403757975520229,0.2951276672625848,0.3990177318339816,0.05747008562066422,0.24416371514378976,0.4941208478765541,0.2782142559191621,0.15579547505897115,0.09510713462335951,0.019707762610808772,0.021959614904168895,0.011178018150827347,0.01881867233991463,0.0006941825423208494,0.02073024767359934,0.018998128705584635,0.012518907441601444,0.026022001263563303,0.0005818231623106546
7.105427357601002e-15,0.12972715589598455,0.138938579655561,0.03017249529485736,0.07154268794399166,0.014075456428112648,0.2910229700657815,0.40153310608291193,0.05964136822497155,0.2508548993808749,0.5034563524538701,0.28164450693345683,0.15566487560106776,0.09494699831021797,0.019758708775846477,0.021858011467731205,0.01114599923113304,0.019250046932480384,0.0006964031170499415,0.02077446939714762,0.01915373483648982,0.012756278106928446,0.026340637898614204,0.0005863627355620059
0.0,0.12917246016049239,0.14111680402837778,0.029738912440925015,0.07057058636587671,0.014108017225448816,0.2868772251110216,0.4036677698904354,0.061864039016847276,0.25774839500068375,0.5126446440560578,0.2850181009863903,0.1555152287782551,0.09469484422703306,0.01981449643729011,0.02174119607422822,0.011107295728036209,0.019705052031119673,0.0007005512715003824,0.020807979391538067,0.01931596989283032,0.012995505038485277,0.026673581673338255,0.0005914940197305883
0.0,0.12883020492321645,0.14322088015447199,0.029504170353387954,0.06963168401768766,0.014130542943478134,0.28273677339625314,0.40539982057710866,0.06416406476184465,0.26488840224335025,0.5217607313442557,0.288301587164323,0.15534436916549726,0.09435869031767966,0.01987512136798492,0.021608282650660292,0.011057036338526746,0.02017970293424015,0.0007064136487680144,0.020832151551306216,0.019487534490649883,0.013237525572575912,0.02702175906375498,0.0005973074531744051
0.0,0.1287159024623387,0.14522345080086332,0.029475312373810916,0.06873696894846022,0.014144912147511162,0.27857497043278007,0.40659024645970726,0.06651466123906045,0.27217250985426894,0.5308942155309648,0.29150535334830086,0.1551067624026515,0.0939332241580008,0.019937088770516514,0.02146564638470127,0.011000631713925669,0.020674198333905082,0.0007141307962852863,0.020847979755783362,0.019669470284253462,0.01348192985331465,0.02738863045208727,0.0006036717545458979
7.105427357601002e-15,0.12887596694001394,0.1470343332473961,0.029635342159104846,0.06789875619381514,0.014152168083530654,0.27459193107780966,0.40729183257267787,0.0689582888791903,0.2795387548251323,0.5399707210938282,0.2946465856973875,0.15482312711656512,0.09341179379958126,0.020004401124429142,0.021308118979930016,0.010935520968630043,0.02118863915839383,0.0007236686312045808,0.020854464885912964,0.01985972292508325,0.013727918840338658,0.02777420405133849,0.0006108106550756439
7.105427357601002e-15,0.1292730014024066,0.14873558324688735,0.029978379228954785,0.06711533925891565,0.014150715325374407,0.27081078564068456,0.4075210995502427,0.07150202901720883,0.28698321250259295,0.5490256719827656,0.2977170770367304,0.1544914389733386,0.09281655471637086,0.020078615558452695,0.02113721302787391,0.01085960329561872,0.021719443268270574,0.0007347423786373474,0.020854564002329403,0.020058757154115755,0.01397564387715721,0.028177471648598067,0.0006187241458266384
0.0,0.1298994750971925,0.15029549266878495,0.03048028241478027,0.06639999068021632,0.014141893160003747,0.2670331633113987,0.4071890816959639,0.07411614333679337,0.29440165939254925,0.5580635263325442,0.3007513560319966,0.1540756225443153,0.0921422366972703,0.02015696945440347,0.02096020256760092,0.010779304005570743,0.02226777351329687,0.0007475036495993086,0.020851924902394913,0.02026998945285338,0.014225936897811006,0.02860202872656362,0.000627262830557361
7.105427357601002e-15,0.13080178701394252,0.1516602319750892,0.031120673530525604,0.06576491916109856,0.014124492702042083,0.2635065669945936,0.4063556336193703,0.07684235140043623,0.3017422202830647,0.5670357781626781,0.3037074805107798,0.15360576581105284,0.0913847286168696,0.0202410944201455,0.020769915286787864,0.010688408030232185,0.02283346115429496,0.000761879282786423,0.02084520253233603,0.020488461786694327,0.014476964052620462,0.029050874899837143,0.0006367802314351724
7.105427357601002e-15,0.13193674850418152,0.15287894917667885,0.03189547851752025,0.06520656144815475,0.014100147909822612,0.2602565321348428,0.40503650629066706,0.07968204666321112,0.30897382370035525,0.5759241276668232,0.3066175755368253,0.1530868758090331,0.09057022427224747,0.020332828207496975,0.020571178120272114,0.010590171590561451,0.023413399700840432,0.0007775467022671161,0.020837312122495927,0.020715420273756866,0.014729146089910687,0.02951899508724816,0.0006471550406682666
7.105427357601002e-15,0.13329488069450462,0.15392891625912714,0.03276569553060315,0.06473616170700405,0.014068234459591442,0.25699485816005374,0.4032499298617666,0.08259248075846834,0.31610305972203906,0.5846290622430478,0.3094959735176392,0.15253084522502208,0.08969034603393193,0.020429961993636003,0.02036841973683527,0.01048794605756006,0.024009257486859305,0.0007946410808662048,0.020833505619433857,0.0209533720402899,0.014983302796982486,0.030011253857641862,0.0006582675064300942
7.105427357601002e-15,0.13490860478826425,0.15481608717564113,0.03372179576829385,0.06435184549725852,0.014028503187683158,0.25390799943875086,0.4011551593242941,0.08560290255841094,0.32313775585438115,0.593157446768514,0.3122888163391682,0.1519854777703601,0.08875863891733904,0.020534377405895518,0.02015709869579578,0.010375726472187478,0.024619921542775952,0.0008130704143801974,0.020833701680878385,0.02119521258037644,0.015237230984416171,0.030530589169429082,0.0006704491799564584
7.105427357601002e-15,0.13676921696891964,0.15553582287782286,0.03475025485539195,0.0640559018503631,0.013984366402458731,0.2510354936016789,0.39867963157916925,0.08872031779605484,0.33001358277891196,0.6014870045852768,0.3150236214236475,0.15144331192156615,0.08778953380103427,0.02064787205156877,0.019942874247483065,0.010260287077997667,0.025243210789778748,0.0008324893058781293,0.020842107388582404,0.021443330874108345,0.015490834274199512,0.03106958138927784,0.0006835111286002175
7.105427357601002e-15,0.13883590186410188,0.1560792546959471,0.03581257697316306,0.06384757116157856,0.013933468456985731,0.24815735322287913,0.3958832246078987,0.09188629811812374,0.336759340491145,0.609521286881038,0.31771342568080335,0.15096666184679453,0.08677041141169708,0.020769575336462537,0.019727097879620348,0.01014069550820378,0.025881760953366556,0.0008530625382848297,0.0208610122437327,0.021699044845357493,0.015745530431278392,0.0316349866507035,0.0006974577279388886
7.105427357601002e-15,0.14111156109251158,0.15648298079182035,0.03691080551652115,0.06372108023955934,0.013876184349822747,0.24542574068576142,0.39297624745988685,0.09511737471709855,0.3433975988098242,0.6172544619030133,0.3203282936792303,0.15057761832703065,0.08573933408564686,0.020900870592188592,0.01950954384972602,0.010014799308938704,0.0265344720842594,0.0008747385129554862,0.020894917799053895,0.02195552077778838,0.01599921703907588,0.03222774925504181,0.0007124418929638352
7.105427357601002e-15,0.14361361839659417,0.1567163363240113,0.038025071822502754,0.06368174006115652,0.013816483518085199,0.24287290479699072,0.38985067460424777,0.09841054246764258,0.3499240417035741,0.6246730271720211,0.3228588002730389,0.15029268082197064,0.08469664022235797,0.021042943287841093,0.01929347475052835,0.009889291436440947,0.027198832984571188,0.0008971904898701271,0.020947543377594486,0.022216549517094446,0.01625266945520177,0.03284100716661733,0.0007283360987886806
7.105427357601002e-15,0.14631789496571404,0.1567747424474891,0.03912160707136339,0.06371700378313723,0.01375151684356365,0.2404359074148203,0.38657929898814125,0.10170197638773083,0.3563726465010473,0.6316624019725872,0.3253130136717054,0.15016247970583163,0.08363602250017732,0.021197017929798938,0.019078601955274943,0.009759643165550395,0.02787797813883926,0.0009205956912687478,0.02101744521228412,0.02247924252407337,0.016505928627011834,0.033481861388562725,0.0007451724946871898
0.0,0.14922459414452735,0.15670911468904103,0.040210315028272464,0.06383277695164116,0.013683194137246906,0.2383153905442888,0.3833347937648007,0.10499838366706093,0.3627413703205731,0.6382412103851051,0.32768590976093576,0.15018144679807402,0.08260136817755857,0.02136325200636923,0.01886885367716115,0.009629699967245482,0.028569062028993626,0.0009449329814108605,0.021113180995723405,0.022740321876450458,0.01675763656516975,0.03414831490262854,0.0007628974661931672
7.105427357601002e-15,0.15232584782257078,0.15650182467957044,0.04128166456383353,0.06403159620222547,0.013613123073358923,0.23648366410054172,0.3800372722909531,0.10827222553744259,0.3689723460002434,0.644477101858358,0.32994244663504746,0.1503839827584615,0.08158907254902377,0.021542061339548193,0.01866349624537395,0.009501873103424194,0.02926902634163433,0.0009699072226643561,0.02123532516773458,0.023003336280723496,0.017008811169260386,0.034835349205511096,0.0007813941908978058
1.4210854715202004e-14,0.15559297415596954,0.15613545347588065,0.04229959468213111,0.06429858726399716,0.013539005592456804,0.23488047031737547,0.3767210244055731,0.11147606197613527,0.3749906460901208,0.6502931645401012,0.3320983760526519,0.15078324471660404,0.08060904143710755,0.021737219108215813,0.018463868736883507,0.009372564961807228,0.02998256493598354,0.000995750881843441,0.021380930529282926,0.023261967675674306,0.0172574248192834,0.035549699419252366,0.0008008110738489963
7.105427357601002e-15,0.15902244256406936,0.1556376701279206,0.04327335348626473,0.06462478065104098,0.013464359689153294,0.23344993800660754,0.37347087827403347,0.11461841562147225,0.38089639547855886,0.6557408807664478,0.33411896210326775,0.15140584805254514,0.07970881142557795,0.021943056196208028,0.01827486042763828,0.009249530999646758,0.030708809936689615,0.0010224387227793599,0.021556599133318755,0.02351753119028965,0.017504245266055013,0.03628593409323191,0.0008209267227709431
7.105427357601002e-15,0.16258983196697302,0.1550063525660455,0.04420994893742416,0.06500559604438125,0.013389132771884417,0.23226174698027063,0.3702480199768079,0.1176773663775935,0.3866701407338451,0.660922231731376,0.3359949952598414,0.15227712129450702,0.0788806964665469,0.02215934065679506,0.018094309744963226,0.009131291160386829,0.031444751043044804,0.0010496718430698796,0.02176264250501138,0.02377397300345428,0.01774957667588117,0.03703938629403677,0.0008415178293549695
0.0,0.16629692417443007,0.15420154562302868,0.045063712057900544,0.06542981589770462,0.013313247585173653,0.23133863155392506,0.3670745894674855,0.12059238553255076,0.3921902106482028,0.6657450628433851,0.3376976515325979,0.1533863958592208,0.07815450071665665,0.022391877700897372,0.017924929422825756,0.009018257300144555,0.03219713351444811,0.0010777799637297462,0.021995377609679418,0.02402313333284393,0.017990584643510738,0.03781686149243317,0.0008629051839887429
7.105427357601002e-15,0.17013345772108485,0.1532666161361752,0.04585161082099737,0.06589613670111574,0.013238417017458936,0.23071009578333382,0.3639889695969318,0.12338951410901709,0.39748360939497246,0.6703285172504233,0.33924646096261135,0.15476555690366728,0.07757137438128628,0.022635053124485327,0.017769468510239222,0.008916375186898378,0.032962653749458115,0.0011067000537066034,0.02225497154348436,0.024269539323496358,0.01822948803249401,0.03861258139927017,0.0008847844591520071
0.0,0.174052817494134,0.15220238121134697,0.04658905451525117,0.06640085553558851,0.0131637776512591,0.2303993518924436,0.3609508582919469,0.12606497709990808,0.40255281457646735,0.674749456869165,0.340635387571754,0.15640229396633898,0.07711778216686951,0.022884528195061787,0.017625813691592718,0.008822427005989961,0.03373675328314489,0.001136130558029689,0.022544684901602045,0.024517132732842072,0.018465240555715617,0.03942194180825735,0.0009068227009092085
7.105427357601002e-15,0.17806205684584733,0.1509601808159101,0.047236578137758466,0.06694051987435967,0.013090585080266302,0.23036298646886436,0.35796617041821216,0.1285395400412096,0.40723949526589553,0.6789597821878497,0.34182059606984333,0.15827044457973838,0.07684037498463288,0.023147820141174797,0.017495973852597484,0.008741171993627946,0.03452785327947469,0.001166515738748998,0.02286209988459391,0.024758421526091128,0.018695175223548865,0.040251523556931,0.0009294779584178289
0.0,0.18215165751133175,0.14960129097877706,0.04780895323452476,0.06750464242457746,0.013018975488899263,0.2306702869112065,0.355124549439277,0.13085972676814261,0.41163235876627197,0.6830538330099486,0.34281976658456714,0.16040428276549668,0.07676649169210761,0.023419258537178505,0.017381975586616045,0.008674175861383221,0.03533021158803156,0.0011976558019580054,0.0232020576371954,0.024998688731661813,0.018922380035728742,0.04109433569020597,0.0009523356043129305
0.0,0.18630809474957072,0.14810028662746913,0.04832138215353115,0.06808644370714859,0.012950207862000645,0.23139425473126993,0.35231996777746305,0.13303269456190017,0.41579535522420275,0.6870700631955983,0.3436368807817616,0.16277109597760464,0.07690900128834224,0.02369235717018793,0.01728239892500869,0.008619900788450107,0.03614177994735757,0.0012293500867355703,0.02356619725165202,0.025239519013368523,0.019144488473086668,0.04194764272878404,0.0009751798460962286
0.0,0.19049525572729176,0.1464451354561629,0.04876028735105604,0.0686891226828588,0.012883888028332444,0.23248331980866097,0.3495390819342866,0.1349888272406814,0.4195991425085364,0.6910184215971802,0.34424579782551007,0.1653514269595119,0.07729552112088592,0.02397362160528471,0.017199014675909136,0.008584161022919734,0.036968710625468706,0.001261981429189875,0.023956252484886347,0.025478500320580133,0.019360168351223908,0.04281334013403883,0.000998320085014235
0.0,0.19472552205074037,0.14467778741382423,0.04911945595087671,0.06929853547869617,0.012819896321507115,0.2339465207027134,0.34701408636091335,0.13675694720342244,0.42309141650094945,0.6949621921896109,0.3446297100326387,0.16813535723697942,0.07793352245607596,0.024260125719708925,0.017132712886467175,0.008564790644094204,0.0378042403270286,0.0012953052393984757,0.02436616014811559,0.02571726698612009,0.019571357170790903,0.043686395535004724,0.0010213571636281506
7.105427357601002e-15,0.19897903954341575,0.1427862492057175,0.04942665597485959,0.06992346029777993,0.01276007842528566,0.23566923596928627,0.34456521382354616,0.13835354474907927,0.42623713080645215,0.6989315314715775,0.34482139051058786,0.1711075185830239,0.07884085183192331,0.024545508731423415,0.017081681328513093,0.008563111507720851,0.03864724719801663,0.0013292622521557539,0.02479621863639386,0.025956135733496543,0.01977505153105187,0.044567025219538564,0.001044265439346394
0.0,0.20320150333166004,0.14076132310590764,0.049685000140787534,0.0705619589301335,0.012702203180890917,0.23757553070789733,0.34214464271069706,0.13974303981396374,0.42900501051977175,0.7029735890391674,0.34482170562672787,0.17423356774842635,0.08001793121515277,0.02483244467643316,0.017047290294665358,0.008582105184188824,0.03950079974474886,0.0013641292603784865,0.02525157266046772,0.02619648593255413,0.019971253707899587,0.04545293095688737,0.0010671369741453328
0.0,0.20741589201947225,0.13864380954342517,0.04987535942203057,0.07119586025966203,0.012646833785501061,0.23969111518037375,0.3401000722728242,0.14090892111660835,0.43145411556646546,0.707116422000571,0.34455390794484364,0.17746861362594296,0.08146823594685042,0.025119433530439144,0.017030389535092685,0.008619176947012357,0.04035810975591721,0.0013995782586588637,0.02572439639852746,0.026437365252828585,0.020160857134963326,0.04633918849335526,0.0010895773752482945
7.105427357601002e-15,0.2110589105755389,0.13647028840217587,0.050037954388765286,0.07185475915648956,0.012571248088414125,0.24202341758521922,0.3382210827376067,0.14186996772244015,0.4335028890698499,0.7113421714177929,0.3442482254372851,0.18082545530760377,0.08319944294077289,0.025449200798509788,0.017026288113638845,0.008680886525133966,0.04122603098117177,0.0014357004039621522,0.02621487853011703,0.0266747120513635,0.02034071297347695,0.04722634338917697,0.0011115881886529897
0.0,0.2143948963968889,0.1342048823604646,0.05017569285243279,0.07252950432675336,0.012487015104868607,0.24441054423383043,0.336466829917305,0.14261991588021383,0.435193762936371,0.7156893725957224,0.3438187849988081,0.1842541660199445,0.0851806567264595,0.025795591361490677,0.017035745579299533,0.008763968852159168,0.04210043805402469,0.0014726189377917383,0.026730443069613315,0.026913473782666227,0.020512516909760133,0.04811041910211128,0.001133156454277865
7.105427357601002e-15,0.21855271236385085,0.1318228458795669,0.05026699965820196,0.07317119646777105,0.012444462796775102,0.24679777214688528,0.33510338545616136,0.14316744492119163,0.43674635897952974,0.7201627504127867,0.3428752037566929,0.1877070832003382,0.08744489958759921,0.026065119445850018,0.017065413669926106,0.008859986643760791,0.04296807455126974,0.0015100908839478131,0.027257409250241293,0.027158825148999692,0.02067595750871642,0.0489904738193781,0.0011542741156312835
0.0,0.2226283826534056,0.129384894920021,0.05035209322676393,0.0738149707536463,0.012405427958405556,0.2492879753343669,0.3341152291694533,0.1434975624105705,0.43798784632247795,0.7247327037286805,0.3417133237829432,0.19117715022239634,0.08998952442584766,0.026329115074078067,0.017110489563979796,0.00897726327573427,0.04383727525654278,0.0015480581454572716,0.027796324751586592,0.02740323666567701,0.020828274049447402,0.04986223846801497,0.0011747028540697695
0.0,0.22660701506200548,0.12689941338318048,0.050434503912650225,0.07445135401918045,0.012368663468794243,0.251788812471889,0.33334039766951074,0.14362267253309446,0.4389726429107721,0.7294216206989661,0.34038233033421994,0.19466602918591192,0.09276113678804733,0.02658568907343149,0.017170517556491176,0.009111778822312816,0.044705358813762947,0.0015866996997801622,0.028352408896887435,0.027651706799152524,0.020972733891574013,0.05072494164556697,0.0011945534226994975
7.105427357601002e-15,0.23052084909219644,0.12435495971967059,0.050496617936107165,0.07508525160292677,0.012335025998310638,0.2542424825706807,0.3328799218437447,0.1435134616099711,0.43974483141849335,0.7342345085868799,0.3387959633063298,0.1981156242470937,0.09575190800364118,0.02683447171785405,0.017245893412456414,0.009263009318787149,0.04556933678957315,0.001625971069799459,0.028925524689327377,0.02790083619095524,0.02110545019487221,0.051577578645740654,0.001213632589309723
7.105427357601002e-15,0.234304840188896,0.12180160129024054,0.05057854119445439,0.07571569237058821,0.012304440222621008,0.25679016468166466,0.3329210338096466,0.14317683525062733,0.4402487117924087,0.7391509543637538,0.33699793403892303,0.20148764046745707,0.09897301504727553,0.027072812292423972,0.01733664399020913,0.009431028186023085,0.04642731736405649,0.0016654821673559605,0.029506757181229984,0.02814912691054379,0.02122602118321248,0.05241079269410572,0.0012316512921025315
7.105427357601002e-15,0.23791186046131338,0.11926243997341003,0.05067036728240833,0.07626673678969279,0.012274127383297478,0.25926139666354436,0.3332495103221046,0.1426309819100467,0.44057318060532086,0.7441707834927952,0.3349962146897927,0.2048213442220187,0.10237984577335771,0.02729190706536528,0.01744375485349033,0.009613102016549132,0.04727840104437335,0.001705575415597138,0.03009771682663341,0.028400906610350614,0.021338251182278428,0.05322782648528275,0.0012489001553383364
0.0,0.2412876312832288,0.11672114560953412,0.050759054648135356,0.07668608112023988,0.01224270904462648,0.26135194191754185,0.3338291049274252,0.1418681129084339,0.4407225137750806,0.7492864580723492,0.3327145117105198,0.2080793191601571,0.10594578155517213,0.02748332213273704,0.017569929667997402,0.009807804094903444,0.04812108548465236,0.0017463789896081155,0.030695251553392693,0.02865176138483829,0.02143646041026882,0.05402889764645278,0.001265246198515004
0.0,0.24472415817792,0.11414964445578965,0.050894875211078876,0.07725734486916193,0.012224244395100422,0.2639874358737415,0.33487877458275517,0.14088187369023988,0.44061339745673406,0.7544872776077352,0.33035610838167717,0.2111811023063991,0.10965231573103955,0.027689283994264124,0.01770197763997579,0.010016496075265044,0.04895180590149293,0.001787210782410269,0.031307337840268346,0.028900368379729747,0.02152230102005315,0.054802709421993306,0.0012803553041983741
7.105427357601002e-15,0.24806190315727747,0.111591152229153,0.05106425512233577,0.07784221346949427,0.012210662799898497,0.2667593562532789,0.3362592367388881,0.13970435162453176,0.44033067735976206,0.759759246264726,0.32784471912348945,0.21417949514666296,0.11347207673072383,0.027888522819933554,0.017844746703212212,0.010236986682666215,0.04977158342807695,0.0018284602783345378,0.03193244141107522,0.0291506923773232,0.021599668388575702,0.055554777000554244,0.001294503364342412
0.0,0.2512842728752219,0.10902594678650426,0.05126108917084432,0.07843091166730472,0.012200155409929903,0.26946920231868354,0.3378075255948365,0.13832002143752417,0.439864920700147,0.7650900780292105,0.3251937181446167,0.2170645260951732,0.11735740597827887,0.02808007697413601,0.017998435378498705,0.0104677994638442,0.050579314418814136,0.00187032256143013,0.03256831831303313,0.029396633438794523,0.021661716708123734,0.05628762822112293,0.0013076540386071213
7.105427357601002e-15,0.2543216263135235,0.10648435038861304,0.05148314726867115,0.07901292062945856,0.012192561511115155,0.27220670015800064,0.33963237434824023,0.136725824607437,0.43916456097681544,0.7704822532061543,0.3224236327212189,0.21978161321011272,0.12132186483665358,0.028260180664818505,0.018164628501213358,0.010707708971234388,0.05137238742279317,0.0019123796382188865,0.033206156579535955,0.029638786007032424,0.02171006425314396,0.05698614582088319,0.0013196413342914024
7.105427357601002e-15,0.2571837279050126,0.10398494101960708,0.05175048145822634,0.07959226911437393,0.012187905618840571,0.27497712959231757,0.34176274331111695,0.13498264340533825,0.4382609939795661,0.7759265532429628,0.31951294554879134,0.22232223883699032,0.1253363823090649,0.028427139346999846,0.018340477988203523,0.010955756290845163,0.052146304657872455,0.0019544863628710414,0.03385336033604468,0.029879539080209634,0.021749529175733875,0.05765429222512001,0.0013302702274136078
1.4210854715202004e-14,0.25992082437349895,0.10152614933742128,0.052050252832109886,0.08017249477302647,0.012186982798325767,0.2776861026594594,0.34396950594764597,0.1330499393861234,0.43713773522356014,0.781398916372265,0.31654536321646676,0.22473133972590795,0.12935484179280263,0.028587496931628747,0.018526540224694892,0.011211262609449438,0.05290552381340069,0.001997223042961994,0.03450883067343936,0.030111621622480444,0.021771918507391536,0.058298772314786175,0.001339885097429672
7.105427357601002e-15,0.26188217899224814,0.09907696728372195,0.052362062116431365,0.0807883147425008,0.012162313058575822,0.2801619228315664,0.34623912505318427,0.13090139306476323,0.43569665820812326,0.786894998844073,0.31362274501563137,0.22698569966093832,0.13334369459176293,0.02877803868477745,0.018721837954097816,0.011473425102852295,0.053651026118919885,0.002040233157025504,0.03516829036845456,0.03033669913282287,0.02177998767058593,0.05890503005228305,0.001348350995642284
0.0,0.26230546387801845,0.09668180908871259,0.05273153381446762,0.08151665677057518,0.012078176117697282,0.281536999431011,0.3486348914936836,0.12863966117862996,0.4336565157833079,0.792428935741538,0.3108306860707961,0.22902765595860103,0.13723883888229402,0.029032851480799933,0.018919126412825435,0.01174230394515148,0.05437353014561359,0.0020830368989167747,0.03584568397627097,0.03055241601648102,0.021777857235501075,0.05947497065157483,0.0013550188666447889
7.105427357601002e-15,0.2633703022825679,0.09437019717470073,0.05311288122105057,0.08221121031823314,0.012032609707614094,0.28288526730986374,0.35101652866997246,0.1262365523862558,0.431414856602226,0.7979470774295552,0.30788045240133166,0.23093197185585132,0.1411230827617633,0.029232439709585466,0.019129553946489908,0.012013751929481106,0.055073624367590654,0.0021262841473722047,0.036526131130881954,0.03075775928619677,0.021758511839099427,0.06001615302760025,0.0013607591245966087
0.0,0.2654311447656883,0.0920766041594423,0.053474861735457686,0.08280944727496418,0.012043868158838737,0.2842398493457666,0.3532613913709465,0.12365588544229598,0.4290837172147237,0.8034371267195974,0.3046763631768137,0.23270283830972438,0.14498193990734776,0.029354824978241028,0.019354793105359678,0.012283852214270282,0.05574796391218572,0.002169532903685274,0.037197791255108276,0.03095721393067568,0.021724060632871908,0.060518001695382,0.0013657809674542526
1.4210854715202004e-14,0.26727951301166847,0.08985568431947195,0.053865104700396696,0.08340800202960995,0.01205679991153215,0.2854830767228944,0.35539566789416804,0.121002975775966,0.4265188242664435,0.8088934471850178,0.3015110676776709,0.2342864069865231,0.14877408364246295,0.02946774834710544,0.019588927280697898,0.012556501818276564,0.05639410981336862,0.0022124419640487856,0.03787568706553838,0.031147339781323752,0.0216789624801054,0.060982633696318636,0.0013693297122854325
1.4210854715202004e-14,0.26893916726281236,0.08771863875822998,0.054249063941979196,0.08399804642831644,0.012072546730125703,0.28667257521494455,0.35735734485879506,0.11824794362841268,0.4236301936044655,0.8142563069957731,0.29842451470758724,0.2357287360640315,0.1524780784070473,0.02957203894342723,0.01983467853738219,0.012830051906608162,0.057017585251526094,0.002255503513010038,0.03855943482710344,0.03132087919171781,0.021615662254436754,0.06140947578059267,0.0013717456287171686
0.0,0.27037637235080825,0.0855871420279031,0.05460033811489761,0.08455136354091448,0.012092036504217965,0.2876152893699764,0.35903660907568496,0.11534310147218338,0.4205171531183752,0.819544668078311,0.2953803735528167,0.23707592195192087,0.15605662428798164,0.029674341088256777,0.020095227820665352,0.013101190192183103,0.05761938456655331,0.0022985706045899647,0.039244246304558895,0.031482700009448854,0.021537229314443705,0.061794296084537875,0.0013732787057910926
0.0,0.2715286322070819,0.08352066816790557,0.054935795830404636,0.0850032890695289,0.012118607463306815,0.288224424591771,0.3604001461902769,0.11236745131330475,0.41720660033439316,0.8247243716912074,0.29240841722174044,0.2383184017508001,0.1595269068302259,0.029759959145437095,0.020370195990436657,0.013371936210528493,0.058195926411514456,0.0023415107816473855,0.039927388949403717,0.0316329727820946,0.0214479883068355,0.0621434745351898,0.0013737166500841266
0.0,0.27252816375683564,0.08150902296972082,0.05524955061736572,0.08552769337613796,0.012141516031362987,0.28894753519776495,0.3613697284152043,0.10934047710029188,0.41360035138741447,0.8297251155209573,0.2896281060385292,0.23942603654668984,0.16284724453368488,0.029855213020746507,0.02065318950581724,0.013640909703625267,0.05874320165025422,0.0023841675896354173,0.0406230510646764,0.03176373136705278,0.021340022165632237,0.06244651071574855,0.0013728624342174772
1.4210854715202004e-14,0.2733833007053665,0.07950619137584622,0.05551865037342237,0.08607550876763888,0.012164504363899521,0.28962830097102016,0.36199545644945913,0.106227207536969,0.40979535309312426,0.8345947301552599,0.28700893473196226,0.24047043170822172,0.16600556273917125,0.029965695238858937,0.020946777467380967,0.013907107255798459,0.059268364591713675,0.002426814801843586,0.041326030611648,0.03188062756494286,0.021218844048120713,0.06270890906597265,0.0013712387156517443
1.4210854715202004e-14,0.2740579797372394,0.07754642072879558,0.05574003120783284,0.08661339047099002,0.012188685864185967,0.29011727739575943,0.3622037515420294,0.10307411850389304,0.40584039503072217,0.8392700881604113,0.28459177099853933,0.24145020955544463,0.1690001646075209,0.03007973495300774,0.021249210334949482,0.014172079561539763,0.05976902409166261,0.0024692640784466577,0.04202808649361885,0.0319861865637104,0.021088028266725414,0.06293944784018221,0.0013688139840490007
0.0,0.27449237582736,0.07560563784164408,0.05590653591289553,0.08713626134458591,0.012212799344177232,0.2905138290139783,0.36180861799584707,0.09989822112666634,0.4016402110660849,0.8436968343017847,0.282360148527227,0.2423308976663666,0.17180599794286167,0.030204333121635698,0.02156082795068201,0.014433078468168554,0.06023990649842405,0.0025113945853485254,0.04274085370333249,0.032071481680417756,0.0209394827198117,0.06311764472007807,0.0013651666493162626
7.105427357601002e-15,0.27475371128468895,0.07369334192338838,0.056017686082063,0.0876483325485286,0.012238419894604374,0.29083587324192745,0.3610160690755782,0.09671939037105615,0.3972396497975363,0.8479367303513484,0.28034010030019446,0.24317707930717897,0.17444013762499455,0.03034279117692994,0.021881710621622467,0.014689556858136596,0.060686036238715546,0.0025533079110049346,0.04346108016968346,0.03214229108723906,0.02077974095319637,0.06325439948818437,0.0013607816727972382
0.0,0.27486861920458616,0.07182998928856062,0.05606659208151286,0.08815047011836188,0.012265385855454471,0.2909741386165899,0.35982961637379607,0.09356816119952453,0.392748969294123,0.8519232188446212,0.2785587707583174,0.243991633018177,0.17688446277712497,0.03049203182968898,0.022209867413233896,0.014943008535871294,0.061108979443217866,0.002594926020662019,0.04417908475953636,0.0322034911395593,0.020612284222888657,0.06336164295129292,0.0013558549318995602
7.105427357601002e-15,0.2747595707139935,0.06996304204987927,0.05603076114664055,0.08863931856070344,0.012291701991110794,0.2908813407917094,0.3579371218304134,0.0904207334138986,0.3880796349599394,0.8556172142545753,0.2769987858536497,0.24474486996450714,0.17910168661884435,0.030669785351139057,0.022545541655212904,0.015190337743442398,0.06150221799182219,0.00263614346439856,0.04491191109597249,0.0322457059883309,0.02042886701796927,0.06341379455534005,0.001349906622157571
1.4210854715202004e-14,0.27447897426177686,0.06815363014370816,0.05593839473390719,0.08911488760404762,0.012318130593447935,0.29074882898002763,0.35560638356575963,0.08737093234594628,0.38322978667641133,0.8590878124922862,0.27570638083404486,0.24548747977048443,0.18114531432823375,0.030864991150962525,0.022889330212215352,0.015431966140336496,0.06186784350053468,0.002676801750892486,0.045653853880129276,0.03227459265600051,0.020236790086954393,0.06342592045814659,0.0013433599073929675
7.105427357601002e-15,0.27406645403803825,0.06639539661787713,0.05577816689602699,0.08957601850295294,0.012345053179398886,0.290471889776886,0.3529316808627505,0.08443033765436225,0.37832674360355456,0.8622816119007513,0.27467121762208924,0.24622180286949527,0.18298989864809875,0.03108157337325205,0.02323950645500416,0.0156695378265898,0.06221011581344001,0.0027170200168230513,0.046398071836756434,0.0322955901348349,0.020039159633806477,0.06340994541203436,0.0013364848572407155
7.105427357601002e-15,0.27348324550540104,0.06464829257824312,0.055532066788099674,0.0900243723099287,0.012371021747109825,0.290072730221525,0.34972000177044643,0.0815954749784993,0.37331751513843836,0.8651641973549338,0.27384721594222045,0.24691122954127612,0.18460308768099734,0.03133839351068393,0.023594308816815738,0.015897898580613724,0.06252238918757316,0.0027565273683490617,0.04715433926892014,0.032302663377235454,0.019830180553622918,0.06333909879377551,0.001328885410340482
0.0,0.2727473755142083,0.06296191659409366,0.05521832585702565,0.09046115273944728,0.012395992021901824,0.2896311518581379,0.34603561745748324,0.07891576807889779,0.3681846298570608,0.8678147591210805,0.27331693024550685,0.24761047533153224,0.1860264331141802,0.03162517290334418,0.02395602379837445,0.01612096484625137,0.06280753815150425,0.0027953919555174446,0.04792303453227546,0.03229973381791222,0.01961610322944528,0.06323176047677334,0.0013210033389404415
7.105427357601002e-15,0.2718767442636933,0.061345175892150536,0.054848226739848516,0.09087799980503501,0.012419704516547694,0.289151505592304,0.34206149108948225,0.07646305358622807,0.36300967481728563,0.8701748750869027,0.2730453807371074,0.2483258581200779,0.18726695674934513,0.031943787420042107,0.02432211765072542,0.01633914643549577,0.06306777980110113,0.002833543485312648,0.04869911178883136,0.032290466522395804,0.019398949341177796,0.06309547316708693,0.001312894523946598
0.0,0.27086712279019237,0.05976835671851744,0.05439908982915509,0.09128137697220763,0.012441287928380557,0.2886687746101085,0.33779900945021374,0.07425285297545614,0.3577895516704735,0.8722264002375633,0.2729319471092159,0.24900007420427628,0.1882860466978491,0.03230864549493993,0.024689055410361715,0.01654584375056733,0.06329768653133304,0.0028707163318702055,0.049481947781957414,0.032273937533859265,0.019176974607452386,0.06290790924623547,0.0013043846707667755
0.0,0.26974396730243555,0.058262937912305315,0.05387622858127419,0.09167449586826461,0.01246124041547182,0.2881966530358063,0.33311942655476773,0.07226776930801745,0.35252042743223433,0.8740428928477233,0.2731026067806098,0.2497034975484247,0.189115336922518,0.03271548556336844,0.025060412375080186,0.01674729524653672,0.06350057658736526,0.002907132098083618,0.050280260817631976,0.03225195463462029,0.01895393579415252,0.06268657678557847,0.001295895571993087
7.105427357601002e-15,0.268480432834201,0.05685724525434692,0.05331020054731523,0.09204122594915602,0.012477445593231114,0.2878060300089039,0.32822336936010854,0.07062641749048175,0.3472269985927994,0.8755650706624074,0.2734859623371192,0.25044419501909776,0.18978319807664315,0.03316103655896744,0.025432775680962326,0.016943298753128,0.06367612030133264,0.00294255553441135,0.051086864831967976,0.03222646443822633,0.018731472372402556,0.062435578843433565,0.0012873177555311945
7.105427357601002e-15,0.2671066395551167,0.055530966193944556,0.05268589020591548,0.09239307860044453,0.012490110036543082,0.28756080623973534,0.3232978157126026,0.06935188605147323,0.3419193046150851,0.876785756323759,0.2739680494716936,0.2511517386591471,0.19025958436399223,0.0336562701458757,0.025801293574939974,0.017126798182069858,0.06382125548843164,0.00297675648528608,0.05189856874104016,0.03219991951368565,0.018511190893207595,0.06213727103548421,0.001278545216909464
7.105427357601002e-15,0.2656541527699437,0.054305106733358,0.05199420019114153,0.09273580831603705,0.012500554415639242,0.28738685677355064,0.3180666638584345,0.06836973390493714,0.33662766740899197,0.8777731635950209,0.27469295272741423,0.25189372366796325,0.1905594341676721,0.03419661695237303,0.02617053717046599,0.017304429704173716,0.06393708586873964,0.0030099599138207933,0.052725073523538286,0.032173741759353426,0.01829478184837599,0.06180778608877321,0.001270059118565244
0.0,0.26408018478608253,0.05320704616428904,0.05127805577029191,0.09304626593155566,0.012508271941047398,0.2873961123207835,0.31277156100145614,0.06779791436964239,0.3313604373065765,0.8784883789860485,0.2755686204104806,0.2526806725536766,0.19072109976501725,0.034781973521161386,0.026537228840577583,0.017476462973331972,0.06402599044593124,0.003042049940533185,0.05355894337777709,0.032148747734546616,0.018084898261475284,0.061449452149781064,0.0012617357005088167
0.0,0.26235804211220165,0.0522156655627894,0.050526175289966106,0.09330954955607262,0.012516831335984505,0.28763682622634357,0.30758807999270404,0.06763616545431422,0.32608393763819565,0.8789272524168984,0.27648602854489485,0.2534521748598116,0.19072176020288298,0.035409478401877414,0.026897042061322464,0.017634423013647437,0.06408271776358328,0.00307254994626914,0.05439508904238683,0.032127713599078796,0.01788404435457565,0.06104667461402696,0.0012533490599584902
0.0,0.2610199882970714,0.051318149334891885,0.04974054353763971,0.09353562696783406,0.012532716840025404,0.288228607913231,0.30236055636460807,0.06780688767759784,0.3208640976791501,0.8791469661881213,0.2776725164270595,0.25424636833135666,0.19059826865402762,0.036072535547536325,0.02724901858760555,0.01778444184517524,0.06410925700975353,0.0031017617268819624,0.05523954893253807,0.03211838877139527,0.017694179761695288,0.06061798404438197,0.0012454578759097295
0.0,0.25999842809681023,0.05051148261127848,0.048951955382908176,0.0936965675669334,0.012557951203298667,0.289252239982784,0.2972114158981762,0.06836091748977051,0.315736020757838,0.8791266963571245,0.2790531035434371,0.25508278252464134,0.1903881421166917,0.03677497538604754,0.027591308740384908,0.01792641072824612,0.06410686819330003,0.00312963195757758,0.05608905368675812,0.03212142388473476,0.017519137005564015,0.06016152769863792,0.0012379870088132722
0.0,0.25805282887982545,0.04991619324224299,0.048153041650036976,0.09395457904793121,0.012538244300091645,0.29036511708398777,0.2922388739257601,0.06927034241566662,0.3106122112038546,0.8788682945090674,0.2802725412365453,0.25592061740773575,0.19000352611695165,0.037538799162586754,0.027924879602933595,0.018058001521974815,0.064069516646703,0.003155544981809093,0.05694164421111484,0.03212031655628972,0.017356774538782083,0.059666326577620235,0.001230629048673593
0.0,0.2560754905576576,0.049468486248259,0.04734965829622892,0.09421365107507956,0.01251465158541218,0.29176131630458435,0.2874445122679163,0.07046264901253142,0.3055488679224834,0.878424662011041,0.2815771190612945,0.25677547143274987,0.18951771656549757,0.038338601749692156,0.02825195356750309,0.018183347243866,0.06400439692635942,0.003179916540627069,0.05779506405814516,0.03212926333409826,0.017209487683423848,0.059149275838014534,0.0012239237468105243
0.0,0.25462987190144826,0.04912330497313951,0.04657660446350999,0.09441405661565583,0.012522927899628488,0.2938097042513534,0.28292650061913444,0.07194185168059525,0.3006255477166509,0.8777732584069462,0.282834384339527,0.2576515316205676,0.1888840220505342,0.03919649928407892,0.028569112836079002,0.01830311890225749,0.06391257518090604,0.0032026662959213086,0.05864195738443124,0.03215823536427676,0.017085300270102237,0.05860547688874471,0.0012178287565093949
0.0,0.25294461993519285,0.048911381671480174,0.04581742513792309,0.09460129566874252,0.012516133411705066,0.2961252606495764,0.2786234828664063,0.07365885933043174,0.29573005292931226,0.8769202196372707,0.284091632929363,0.2585344094590758,0.18817996745929633,0.04008099158426012,0.02886917922084665,0.018411612652827706,0.0637851668794102,0.0032235019012803704,0.059484165763746405,0.03219740063147706,0.016984553259278654,0.058029754922670554,0.0012121422326601208
1.4210854715202004e-14,0.2517752883404534,0.04883822194523328,0.04510925409178654,0.09472138937503541,0.012543273860336285,0.2990136704776911,0.27462291994050825,0.07555909964224132,0.2908767168360519,0.8759070446738474,0.2852677913090647,0.25942541274449216,0.18736351492307726,0.041010242446808426,0.02915900363980855,0.018517246846757728,0.06363551194306176,0.0032424834736280387,0.06031034468233482,0.032256356940829345,0.016907423564983048,0.05743798048500454,0.0012070687136383654
0.0,0.2498164752086605,0.04884447014749651,0.04438313136978613,0.09489477247882838,0.012514796267824178,0.30183435219410737,0.27087165970130495,0.07762782187316786,0.2862080292577045,0.8747398558407963,0.28658867849794883,0.2603404808889577,0.1865449332343044,0.041944387967274746,0.029436044576115143,0.01861052466429761,0.06344634842316711,0.003259422857532945,0.06113938502948585,0.03232083986188743,0.01684885753174152,0.05682144568638786,0.0012028096866194178
0.0,0.24769776571221327,0.048944423121048304,0.04367162977362794,0.09502904343892792,0.012464810711162996,0.30491961297111736,0.26739479960953205,0.07981903530886743,0.2816287720416186,0.8734218864016731,0.28802221681732676,0.2613026707707823,0.18574858028065652,0.04287835054709686,0.029690653739375832,0.018692137408841125,0.06321925549524493,0.0032745429236469476,0.061961654405909145,0.03239376039612902,0.016815860489918313,0.05617863181045612,0.0011992190025837445
0.0,0.2459297528412854,0.049098207885026626,0.04299226843206724,0.0950914636225453,0.012424492881890943,0.3084392075916605,0.2642166308818241,0.08210058295283885,0.2771489953553794,0.8719832769655048,0.2895279213485952,0.26234292646111484,0.18494325595735184,0.043816924860837096,0.029929846918606718,0.018766792720331025,0.06296472532397629,0.0032874724815684666,0.06276587741014515,0.03248053415275164,0.01680518250432692,0.05552420268749302,0.0011964016908788838
0.0,0.24341946598594333,0.04933330326789401,0.04234261939267706,0.09526710381340343,0.012344327200288004,0.31200518862032955,0.26141533201880196,0.08443048859365118,0.2728209557633686,0.8704162122827865,0.2908239880816262,0.26344612055973077,0.18408360553577238,0.04478478601296592,0.030155339845055446,0.01883388255863645,0.06267414404453721,0.0032981072153927256,0.06355209505901334,0.03257224219713454,0.01681649611728671,0.05484807986855226,0.001194266872920198
1.4210854715202004e-14,0.24084269410983872,0.04964196885392253,0.04173944399897124,0.09544589632740455,0.012256738956334237,0.31582674498940516,0.25896227377026915,0.08678778076024564,0.2686133211058017,0.8687287599184635,0.2920860085404207,0.2646215774903696,0.18322296999314133,0.045762777631415986,0.030357991407272508,0.018894088906221528,0.06234964612423794,0.0033068621986342404,0.06432029812628179,0.03267389953406821,0.01685599517539137,0.05415250632051044,0.001192911341174164
0.0,0.2385558688329897,0.049949631523137694,0.04117898329417011,0.09556321743878712,0.01217457946687947,0.3199725016412592,0.25678038273877424,0.08916285208449418,0.26451739964395504,0.8669545849679843,0.2933761903116906,0.2659011458861169,0.18238580918654373,0.04673110418797247,0.03054203876905819,0.018947554700784897,0.06199844810148114,0.0033132504007180427,0.06506094837767105,0.0327858913214059,0.016918828267483366,0.05345024528217776,0.001192489091830056
0.0,0.23631346994061989,0.050292739176924665,0.04066870795185493,0.09568480263224481,0.012087846688716321,0.32431857274702913,0.25496700188811494,0.09151956097312036,0.2605908078675152,0.8650575111408899,0.2945849861873241,0.26725599340674666,0.1815607961085265,0.04770237932725263,0.030708559061493855,0.018990874872288142,0.06161079046471022,0.0033172145198005934,0.06577089684194777,0.03290691158816997,0.017002511478177745,0.052730199420926514,0.0011925608923367495
1.4210854715202004e-14,0.2336835345208277,0.05067111329929953,0.040202485864287915,0.09586545894053099,0.011978573126017057,0.328722932472605,0.25349369343154265,0.09384067151284763,0.2568176533977596,0.8630580354594498,0.29570675230378896,0.2686902190219117,0.18072802798728466,0.04867956195105099,0.03085250948584598,0.019030317821707617,0.06119090846766732,0.003319109599728043,0.06645581174009813,0.03303253198273318,0.017110651638427152,0.05199823668600302,0.0011934907595056007
0.0,0.23103949369856164,0.05104200532990768,0.0397754462016045,0.09604152494492509,0.01186122244049925,0.3332720024294483,0.25219926016037186,0.0961391561714653,0.2531438700655699,0.8609721691096012,0.29678876187866693,0.27022438583959885,0.1799218844333324,0.04964596994904108,0.030976810440330113,0.019065286826204637,0.060745300857533505,0.0033186514877465104,0.06710880332624922,0.03316358710560723,0.017240175769615996,0.051261878118944296,0.0011953381135030887
1.4210854715202004e-14,0.22841616992311886,0.051427915219922044,0.039396065153808446,0.09622617864907831,0.011737767306430993,0.3378958176747627,0.2512381517780177,0.09838837348929959,0.24965095305662297,0.8587736625786138,0.2977920216117614,0.2718642631123584,0.17915756669154237,0.05060543854749222,0.03108180313768648,0.019091271776595153,0.0602651524265785,0.0033155804042120066,0.06772148279651595,0.033298650486605595,0.017385832712853978,0.05051285178097859,0.0011975614342738105
0.0,0.2257902223641384,0.05178988218723613,0.039054603194818086,0.09641184065261857,0.011608780953975308,0.3425725688998059,0.2506225067921186,0.1005626114754606,0.2463331143065752,0.8564944534903073,0.2987574375905522,0.2735875926704603,0.1784166509337131,0.05154795847117088,0.031163314307738946,0.019112587946516307,0.05975322891683261,0.0033102989670847002,0.06829795922266957,0.03343509474186766,0.017549619425517058,0.04976064324358025,0.0012006069392995792
0.0,0.22315834107776736,0.05214548739933031,0.03874779196195328,0.09659778248316964,0.011473092277630333,0.34729740883070753,0.2501603064930881,0.1026973370995836,0.24314387662675915,0.8541210477103481,0.29968725430868237,0.2754103923777375,0.17773401335495975,0.05247763605044964,0.031224103158927714,0.019131393763151462,0.05921745720725066,0.003302950822224683,0.06883910365105296,0.03357363068752737,0.01772893752745378,0.0490057567688403,0.001204498016193941
1.4210854715202004e-14,0.22054457969591984,0.05250427972178815,0.03847594790194182,0.09678968834636138,0.011330671224433772,0.35198266102356396,0.2500185912273478,0.10477292860761031,0.24014909164273435,0.8516447811334255,0.3005503805685781,0.2773522195699242,0.1771046589288624,0.05338771264700958,0.031264437701993886,0.01914283634007333,0.0586500773433988,0.0032929787593141005,0.06933169700846213,0.033710798842281633,0.017919071336605023,0.04824590556542336,0.0012088064697656881
1.4210854715202004e-14,0.21792394385039424,0.052819383092804546,0.038229711683431866,0.09698022499758895,0.011183291140867292,0.35662970384691417,0.2501308661847223,0.10676420515789024,0.23732767239556488,0.8491009928811496,0.30138199827754525,0.2793817590053298,0.17652634381130222,0.05427470950013157,0.031283800513730704,0.019151315880287324,0.058054972353147244,0.0032807878756876507,0.06978195957541547,0.03384268105628035,0.01811941862335738,0.04748861810229196,0.0012137268513165713
1.4210854715202004e-14,0.21530915687272692,0.05313363489007518,0.03801070081417117,0.09717306203414908,0.011030788371854191,0.3612068101648373,0.25042376647184394,0.10869363191660157,0.23468299819478758,0.8464639217855902,0.3021936676099,0.28149323038931406,0.17602283927685597,0.055144102720790365,0.03128170452313381,0.01915982173465627,0.05743995482273173,0.0032669484962043905,0.070192385002809,0.03397214442393926,0.018326390746088887,0.04673401558808177,0.00121943154874725
0.0,0.21270689492754435,0.053442897831830906,0.03781414725054131,0.09736829161046309,0.010871850383130365,0.3656624986249715,0.2509340851523058,0.11056556471429943,0.23224191474559308,0.8437294347410559,0.302960323160126,0.28371618884523647,0.1755808170078415,0.05598372597501703,0.031258983790046053,0.019162240063046426,0.05679456868291672,0.0032504119118602925,0.0705505003666343,0.03409480434207947,0.01853898982190024,0.045980697722610424,0.0012255226909980072
0.0,0.21009885364324182,0.05373276342073473,0.037635374828262846,0.09756198753696661,0.010708505200824569,0.36999194551408376,0.2516663383738176,0.11235047630621849,0.22998906934441138,0.8409208334016198,0.3037085670692131,0.28602023429516965,0.17521797051636087,0.056796629863737826,0.031219287845875177,0.019164067815026796,0.05612830602535347,0.0032318664493553705,0.07085951985100425,0.03420675441765729,0.018753402987873563,0.045234477121273556,0.0012319882596185528
1.4210854715202004e-14,0.20750544117511216,0.05402582783439467,0.03747477912668144,0.09775660476938841,0.010541205318542276,0.37417472694271037,0.25258753245079363,0.11405433261350281,0.2279561887207539,0.8380033217961829,0.3044525170589019,0.2883720435668679,0.1749377614542507,0.05758687381644339,0.031158734767677734,0.019168001144226975,0.05544746720133238,0.0032120189847493555,0.07112555465540726,0.034311838526008796,0.01896414101355827,0.04449694051795366,0.0012391234182941714
1.4210854715202004e-14,0.20492639950800476,0.054314114355179376,0.03732502873967712,0.09795031851830845,0.01036785516162278,0.3781700923581508,0.2536448699625705,0.11569927174600529,0.22614878000465857,0.8349848870765323,0.305177343170388,0.29081822558401754,0.17472866790448657,0.05833933989993781,0.03107846511703613,0.019167204891804047,0.05473772855904224,0.003189492369670083,0.07133761693122821,0.03440532386393689,0.01917541791482997,0.043766782952101804,0.0012466056949705963
1.4210854715202004e-14,0.20318042235169412,0.05461075592452094,0.0371881626048435,0.09806069451931398,0.01020861880912432,0.38240996469267213,0.2549313567667075,0.11725215542374845,0.22457120853628323,0.8318807388826792,0.30589545972192844,0.2933230531608791,0.17462695918052956,0.05908569211209115,0.0309862137732078,0.01916870152563084,0.054019557903575446,0.003165160453839395,0.07148878914125271,0.03448284129595975,0.019380569565678504,0.04304934437379376,0.0012542949398011158
0.0,0.20209515148283827,0.05491739310964623,0.037059237407722885,0.09809806424694302,0.01005968571757832,0.38675107131471714,0.2564019417437989,0.11870814280327548,0.2232509522409105,0.8286392283658465,0.3066224067090184,0.2958329920216738,0.17461186050409205,0.05981874132502069,0.030874106726445295,0.0191746240603269,0.05329370587833694,0.0031398048458513178,0.07158921890733284,0.0345490786253784,0.019572080810107882,0.04234803628473336,0.0012625501502559775
0.0,0.19990094457731888,0.05523771286768205,0.03693862376415023,0.09824271389187793,0.009879525951988842,0.3903497520177279,0.257899335718478,0.12009526901595295,0.22215462415858775,0.8252873974137295,0.3073410077885458,0.2984056034707829,0.1746680963098142,0.0604828735614122,0.030745939247752617,0.019177470038781737,0.05253814352345324,0.003111982741102485,0.0716421944547617,0.03460062447787356,0.01975950854436652,0.04165725580281829,0.0012709863407036298
1.4210854715202004e-14,0.19708827393922118,0.055584842877309575,0.03683330345870248,0.09847561491282279,0.00966767853015988,0.3934904603643226,0.259440383872874,0.12138637815982531,0.22124357735011146,0.821823529520981,0.30808048011734673,0.30100117280680866,0.17483236463281424,0.06111707029928433,0.030610584622527755,0.019184257940305836,0.051769652343298,0.003082645787100242,0.07164336873913012,0.03463223005652887,0.019935187812634342,0.04097883786561394,0.0012794635927037758
1.4210854715202004e-14,0.19436828605368073,0.05596348814286371,0.03673654956091315,0.09867579224924002,0.009467679704462044,0.39635949870086623,0.26108110638963794,0.12258344675372214,0.220660558067748,0.8182098206378092,0.3087845144958542,0.3035543495397659,0.17506807727781185,0.061710784678036756,0.030459932308508974,0.019194549529117064,0.05100031377855444,0.0030524077867477976,0.0715964871046354,0.03465301748548304,0.020092508443721315,0.04032161451384305,0.001288339164373618
1.4210854715202004e-14,0.19172467172455915,0.05638468123629062,0.03665247269322784,0.09885515980275295,0.009272676761277016,0.3989683338953013,0.26280682666101135,0.12369198012601357,0.22039034767443508,0.8144672006443087,0.3094716550681077,0.3061175757400767,0.17538595895532727,0.06226035007565042,0.03029772661113472,0.019205757613322886,0.05021873891933337,0.003020365484820046,0.07149235406370814,0.034656848780802156,0.020239332958752354,0.03968174730768457,0.0012973133461156988
0.0,0.18908436827660577,0.05684717578996896,0.036585899278240734,0.0990284957564061,0.00907573587757496,0.40134306177584134,0.2645627656822522,0.12470829035365306,0.22038858339491435,0.8105818788454414,0.31013172102064385,0.3086701913376513,0.17580182980347916,0.0627840401333989,0.030132617084101705,0.019222482350639454,0.04943637650101568,0.0029872363173941256,0.07133352472264679,0.03464209049186369,0.020370398141677327,0.03905826128738349,0.0013063204944648956
0.0,0.1864750500714985,0.05734618619231696,0.03652388513859252,0.0991964189276389,0.008879827415683602,0.40342425814013777,0.2663065963084817,0.12561062294881262,0.2207202982038492,0.8065287186375856,0.3107613343706559,0.3111243268832283,0.17629527129990888,0.06326665752515864,0.029957556946986565,0.019242404704925713,0.048655957147740486,0.002953367096112089,0.07112757240321141,0.03461545755868742,0.020479277468594084,0.03846121652634742,0.0013156792057971963
1.4210854715202004e-14,0.1839016024669761,0.05789802396085561,0.03648163813442948,0.09935747335906074,0.008683239034963895,0.4052524193924744,0.26804645608253275,0.12641467546210824,0.22137061755702958,0.8023333995942579,0.31138764032749333,0.31353512282787943,0.17687776694067991,0.06371387259779906,0.02977641296930784,0.019266483190287523,0.047872942507964145,0.002918461133964052,0.0708686751634117,0.034570612095964494,0.02057271048180504,0.03788491466359658,0.0013250267466923882
1.4210854715202004e-14,0.18134455164004326,0.05849224213157606,0.03645585677289467,0.09950835007615015,0.008486197694185914,0.4068432358659715,0.2697863568864454,0.1271176295226915,0.22232316175640895,0.797975999018435,0.31198201547935883,0.31590233863234934,0.17755788689994162,0.06413352639625271,0.02959738157128432,0.019298012543239408,0.047097353205617504,0.0028830369134875515,0.07056054397083122,0.03450872337716739,0.02064795997987289,0.037329449896299514,0.0013344232957460999
0.0,0.17883023722188468,0.059123474126970166,0.036437204216730835,0.0996513002619017,0.00829244041989644,0.4081397669069454,0.2714240945412742,0.12770817224975795,0.22362638260062886,0.7934365926031046,0.31251210440138233,0.31813003480761615,0.17829807910155734,0.06451073632375946,0.029413867446655754,0.019332529127790373,0.046329650497348523,0.0028471510068700397,0.07020762356108666,0.03443791689556793,0.020700406237748974,0.03680295325173949,0.0013441104307499532
0.0,0.17636284502662836,0.059806246744390744,0.036445757579437806,0.09978484156614396,0.008100582642821853,0.4091965301542988,0.2729687142072189,0.1282099434341672,0.22526309796219832,0.7887417297108364,0.31304060016930374,0.32026044218571836,0.17912748624935543,0.06485654320567044,0.02923051960512043,0.01937341432749428,0.04557264909892326,0.0028108271418443463,0.06980707087874317,0.034351035152570916,0.020734135152687707,0.036300435340793503,0.0013536842739894448
0.0,0.17393520019713354,0.06052228220771941,0.036468207277033184,0.09990641016532424,0.007910089371283034,0.41000627233183135,0.27449315239688954,0.12859568763368343,0.22722219041631703,0.7838770624355824,0.3135317776567024,0.32230289387538325,0.18004491741269263,0.06517010413923485,0.029054226492950613,0.019422683064927514,0.04483210347892889,0.002774536401934779,0.06936310734128254,0.03425059076009825,0.020747912316885535,0.03582397879115491,0.0013633276788374016
1.4210854715202004e-14,0.17155953121803144,0.06127239372590003,0.036512421300106665,0.10001926848078306,0.007724361713897388,0.410545969189339,0.2759170785580289,0.12888927314321616,0.22954569568208422,0.7788172307465829,0.31394711708399153,0.3241963028314575,0.1810137855770679,0.06544543468088822,0.028880269215246442,0.019476179425852898,0.044105858386230413,0.0027381739344102996,0.06887614398160173,0.03414374189404499,0.020739372487429488,0.035375647235804275,0.0013730586667931456
0.0,0.16924472930790888,0.06206215049443601,0.03658763444273149,0.10012182626172587,0.007543067901222902,0.41085684424014385,0.2771835884752041,0.1291111189195817,0.23220906205398809,0.7735922438108693,0.31434760277446055,0.32594322639395684,0.18206664327244312,0.06569076494536162,0.028712781905976346,0.019536323900420823,0.0434025425936804,0.0027018330353634607,0.0683495134346055,0.03402723745481899,0.020711971976258903,0.034953849865203356,0.0013827579135353666
0.0,0.16698958725571825,0.06287617813562106,0.03667323915728309,0.10021061726031652,0.00736554316624172,0.4109243255569109,0.2783847182680152,0.1292268863390585,0.23520079519041043,0.7681909712709734,0.3147068478975895,0.3275495182700262,0.18319170971247747,0.06590074096346007,0.028556054132961584,0.01960507933772385,0.042723616591062524,0.0026660403079281788,0.06778427616135956,0.03390159222425423,0.020662402713168798,0.034561535771222326,0.001392430088058281
0.0,0.16479765769902993,0.06371830568809597,0.03678692607257258,0.10028903284620976,0.007193626729703772,0.41076170938232864,0.27953204536567117,0.12927011521355974,0.23855653667369278,0.7625819140622104,0.31499598662583084,0.32901161474717494,0.18437272303544022,0.06607722249899467,0.028408488661749293,0.01967972705720515,0.04206843721096756,0.002630674205323597,0.06718068046475145,0.03377318353645673,0.02059292674722525,0.03419677150060679,0.0014020414208523368
0.0,0.16267863849118572,0.06457741474911001,0.036928612758335796,0.10035729597417878,0.007028544392157363,0.41038311889197904,0.2804875876719819,0.12926866618131685,0.2422434977942659,0.756804598431452,0.31523634217695556,0.33029384201641165,0.18562102887083132,0.06622433749168109,0.028272332700589833,0.01976046506398868,0.04144577683435095,0.002595754138450479,0.06654566706694764,0.0336418389193438,0.020505373718936303,0.03386061403746574,0.0014117645176147877
1.4210854715202004e-14,0.1606367366020898,0.06545502980373516,0.03708233839136717,0.10041043609198627,0.006869599001429224,0.4097948131547501,0.28132657116273074,0.12920223972425107,0.24625792935605387,0.7508417473880026,0.3154300195256268,0.33139269804421784,0.18692088498222043,0.06633891138280737,0.02814891014135961,0.019848554604720955,0.04085442508699254,0.002561846949102114,0.06587726345112976,0.03350766220273862,0.02039504067322878,0.033553484588057805,0.0014212936064146354
0.0,0.1586707514124876,0.06635318021991228,0.037262532647407434,0.10045041454610258,0.006717434229798595,0.40901170838591233,0.2821136671606176,0.1290857626894513,0.25061656219634504,0.7446681672063121,0.3155596328879959,0.332335661495274,0.1882870774475701,0.06642261095596722,0.028040634561494783,0.01994324799378362,0.04029721393817358,0.0025288718024067624,0.06517931779816344,0.033374867071654574,0.02026808877971544,0.033274194611683426,0.0014306943660403984
0.0,0.15678302638951097,0.06724327582255152,0.03746395333996743,0.1004790774245046,0.006573436707136695,0.40803600533212536,0.2827751298948922,0.1289555050971096,0.25528100979592705,0.7383270263353833,0.3156003044111318,0.333088239331639,0.18969550822709738,0.06647706195970028,0.027947651793407385,0.020044131573164158,0.03977930201271371,0.0024969401136339226,0.06445756013503066,0.03324525428894259,0.02012533616055777,0.033024164139986635,0.0014403176112747168
0.0,0.15498756370694808,0.06813572248002303,0.03767252699658917,0.10049167078595564,0.006437666991430288,0.4068773343202018,0.2832522101612408,0.12881746103487793,0.26025826926969114,0.7317969909648688,0.315585801100191,0.33361868046499726,0.19113798870430074,0.06650231614438232,0.027868432551167555,0.020149776822378083,0.03929851714576689,0.0024661573368108362,0.06370960310354715,0.03311996417187544,0.01996153466662234,0.0328004270109649,0.0014495228171995148
0.0,0.1532750058148712,0.06902244065986392,0.037902550451914215,0.10048989365317573,0.006309581838590882,0.4055476627471103,0.2837115313175927,0.1286603130273821,0.2655498427562799,0.7250673427153081,0.31551040577959155,0.3339759809723144,0.19264626740673702,0.06649781719888674,0.027808744708740486,0.020262374008819563,0.038860884731815995,0.0024368691996363395,0.062943610291929,0.03300143780638771,0.019784970525595347,0.03260577346719492,0.001458693278464466
1.4210854715202004e-14,0.15164339642801747,0.06988200684572429,0.03814417878458601,0.10047629243579506,0.006190309799762049,0.4040568801097219,0.28412788620628476,0.12852571109122124,0.27111601761192755,0.718187265481465,0.315340629630392,0.33414753058710445,0.19417584416060524,0.06646536969104096,0.027765976563429808,0.020380781828623396,0.03846754101312789,0.002409145175877457,0.06216233126486153,0.03289150571298211,0.01959616026175913,0.032440424454045,0.0014679901408807866
0.0,0.1501126701900832,0.0707176476892457,0.03838776971832241,0.10044543634340031,0.006080057865628969,0.40244533256330306,0.28437504431626337,0.12843826755807577,0.27694214617615204,0.7111064092363889,0.315115838044869,0.334088642276849,0.19573074798523557,0.06640757024595154,0.027738815579717156,0.020502282002013025,0.03811734521322235,0.0023827085475435546,0.0613681144370976,0.0327928777806859,0.01939212345275054,0.032298883579248205,0.001477013125310501
0.0,0.14867429657377398,0.07152894419253995,0.03863627374251459,0.10039912210518707,0.005977990662110344,0.4006838354907201,0.2846036161610344,0.12838010691034576,0.28304018851983553,0.7038489537683478,0.3148439651805392,0.33382960843807014,0.19733295397524472,0.06632079265156388,0.02773238270735155,0.020629871201336924,0.037814925117313214,0.0023580391147009555,0.060566569512008506,0.032705530009832666,0.019178804143145125,0.03218633023176274,0.0014859486493186281
0.0,0.14732130234521884,0.07229646514668825,0.03888517506451351,0.10034147791968002,0.00588425041806857,0.39881027871208846,0.28483797153512797,0.1283817286394183,0.28936922798855075,0.6964578668203265,0.31449490233577365,0.3333966323409789,0.19894472707217997,0.06621126157178038,0.02774274382883345,0.020761737932666724,0.037559987134001,0.00233517643412458,0.05975895125913869,0.03263036842808091,0.01895706641986724,0.03210141639991378,0.0014948526407377793
1.4210854715202004e-14,0.1460667836993271,0.07302016445379507,0.039134045128218296,0.1002678728238333,0.005798746146001447,0.39685059243139637,0.2850406578977947,0.12846368843957473,0.2959074851825901,0.6888590469946775,0.3141041786378417,0.332759237637876,0.2005712312195879,0.06607686185885356,0.0277700172965111,0.020896628433332592,0.03735225851326289,0.0023139770986499663,0.05894955516023721,0.0325701070110154,0.018726581722585407,0.03203895024291552,0.001503593766552974
1.4210854715202004e-14,0.14491630752488582,0.07369741363100883,0.03936667979212586,0.10017951666254266,0.005720861454487922,0.39479096672777997,0.2852039255629741,0.1286276792114408,0.30266375683705093,0.6811149751861117,0.31369049170458735,0.33189635078799384,0.20222338518215838,0.0659150705856151,0.0278165985220052,0.02103504597102149,0.037192187719864815,0.0022943805159033825,0.05814363595592221,0.0325242074565501,0.018489484068239845,0.032003625548655226,0.0015121512637065039
0.0,0.14384972983844438,0.0743225219011256,0.039588031881053476,0.10007968855522682,0.00565020713226596,0.39266570953456525,0.2854049079720432,0.12887906101419333,0.30960407848783283,0.6732494149602161,0.3132349316794448,0.3308692598350366,0.2038789673544872,0.06573466826663568,0.027878907683576936,0.021176241392441966,0.037079883297152755,0.002276669483172739,0.057342200923723136,0.03249284311110139,0.018247959593911303,0.03199353185932404,0.0015205286382161379
0.0,0.14290328544477487,0.07489667490687965,0.03980687797411011,0.09995883341014346,0.005583202755860968,0.39047306684772154,0.28568999915189053,0.12922644773741065,0.3166976645349951,0.6651819917839992,0.3127476678215945,0.32966120646755964,0.20554259299802233,0.06552938880350886,0.02795714546389397,0.021320620202618726,0.03701476364505218,0.002260881451821725,0.056549109320167316,0.03247689542543052,0.01800307669828328,0.03200513298694301,0.0015288274350457542
1.4210854715202004e-14,0.14216162867188437,0.07540352805619835,0.03999061404539123,0.09980784492580855,0.005514806018671454,0.38825069790986455,0.28597109314271846,0.1296934852558592,0.3239466552501679,0.6569966541481279,0.31223946933760066,0.32823018492705786,0.20720939939441724,0.06530127537914082,0.028051753845071706,0.02146605567111309,0.03698788320752634,0.002246220505399794,0.055766848333075845,0.032476300816675636,0.017753918207386546,0.03204105699962466,0.0015368408834314329
1.4210854715202004e-14,0.1414128226093303,0.07586412019982136,0.040150858577253916,0.0996586686985123,0.005459444202824095,0.38602279801027994,0.28629302585319677,0.1302591392470171,0.3313394154425359,0.6487005190414458,0.3117523468673187,0.32663477344670944,0.20886834830822953,0.06505596959261993,0.02816007296979496,0.021612779214611844,0.03701037840950714,0.002233410096060965,0.055002273404646494,0.032490827221972884,0.01750519400383596,0.03209869041940498,0.0015446487725170543
1.4210854715202004e-14,0.14071901560077701,0.0762728084488966,0.040298642720110994,0.09949846464824484,0.005410136955685002,0.3837585925168557,0.2867517604862371,0.13092401753062483,0.33883819572920065,0.640227659269055,0.3112665669293637,0.3248689331059592,0.21052877830258043,0.06478551421555731,0.028281166144788105,0.02176136704708748,0.03707785439340151,0.0022224644651949303,0.05425601992836668,0.03251915951163846,0.0172566922168227,0.032175254776881095,0.0015523788843362133
0.0,0.14012621209927947,0.07661369510560875,0.04040686069879805,0.09932485343314934,0.005364560609956833,0.38151732999515564,0.2872848158372936,0.1317015378899708,0.34644077422231445,0.6316524552067379,0.3108059886485201,0.3229183579975981,0.2121755428577551,0.06449465380048848,0.028416308250930236,0.02190959152694187,0.037182735233919975,0.002212605375114204,0.05353216395388754,0.032562284488815554,0.0170095528038492,0.03227245543969929,0.0015598899591153647
0.0,0.13960890652446814,0.07690162514908841,0.04047979058483046,0.0991399894946795,0.005322486467107511,0.37931273434401475,0.2878613896723451,0.13257699044744267,0.35413402512182723,0.6229857674120198,0.31038776592002343,0.3207973445154949,0.21379940213322574,0.06418804398796309,0.02856284273266536,0.022058181465366516,0.03732504910864662,0.002204125698628618,0.05283283117516296,0.032618349730783085,0.016765638634349468,0.03238826983772,0.001567044163679924
1.4210854715202004e-14,0.1391612059681711,0.07713261795562866,0.04053315216289845,0.09894257161940061,0.005282060505108196,0.377097223983755,0.28857836061121966,0.13353309848109812,0.3618816534190165,0.6141647072840747,0.309990199217376,0.31851691807658394,0.21542186617202702,0.06385662056342273,0.02871865758589318,0.02220685592273787,0.03750393204492819,0.002197132353164798,0.052158105644921106,0.03268516184348749,0.016524490113493842,0.03252047756215402,0.0015741093554981671
1.4210854715202004e-14,0.13879134609899646,0.07730159598388853,0.040551308649060265,0.09872936152905307,0.005243842469677574,0.37493264309259683,0.28943030308662643,0.1345747425540351,0.3696845996407473,0.6052489205839529,0.30965462214795253,0.31609160102248446,0.21702264415251712,0.06350780224756467,0.028886131774608432,0.022355108656223963,0.037716354089142014,0.0021912185122563536,0.051512736970624674,0.03276394483449564,0.016289446304453233,0.03267115041477408,0.0015810040181704825
1.4210854715202004e-14,0.13849614611372232,0.07740970224973301,0.04051953396240743,0.09850574532111332,0.00520647929369742,0.3728587078899309,0.29032625330024014,0.1356899127179906,0.3775143618059308,0.5962631534870464,0.3093955086565206,0.3134913758474338,0.2185804988842082,0.06314016734994099,0.029062044255351107,0.022500827696079126,0.03795503407607785,0.0021861621015801334,0.05089823804659626,0.03285201885175172,0.016059999431533977,0.03283696690369516,0.0015875295390611526
0.0,0.13826215936035846,0.07745654805724704,0.04046156635412467,0.0982703371822801,0.005168953462627698,0.3708039557558189,0.29132580840561784,0.13684978324956468,0.38534712388027853,0.5871504211635366,0.3091888681158259,0.31074428916849633,0.22012795129242932,0.06274852075407229,0.029244268023583677,0.022645379670534063,0.03822170844704053,0.002182065043360416,0.050312767057736615,0.032947060878276146,0.015835313622012296,0.03301581530073116,0.0015939604426041636
0.0,0.13808350906601485,0.07744944948532743,0.040371101791407175,0.09801726812055535,0.005132465799965389,0.3688195714790261,0.29247977741091263,0.1380618214350478,0.3932024878350268,0.5779619847170496,0.3090850578536134,0.3078814991811864,0.22164879431043324,0.06234237986637446,0.029434953569122357,0.022789171282154224,0.038515590034464545,0.0021788794502109153,0.049761728317941616,0.03304989285664172,0.015619812762605318,0.03321057580992142,0.0016002255183735193
1.4210854715202004e-14,0.13803935097114617,0.07737991129335287,0.040228286711337234,0.0977392988094953,0.005090581655401894,0.3669673649752764,0.29370842288844845,0.13930578702151974,0.4010232134701986,0.5687211206459764,0.30906832212562346,0.3048754014591207,0.22311838355755403,0.061914115558114664,0.02963026338741562,0.022927053497380747,0.038823314830749696,0.0021761955149569856,0.049242045911534846,0.03315650068037523,0.015410590439972621,0.033418992979071804,0.0016061706901057192
1.4210854715202004e-14,0.13824862662087686,0.0772420437329361,0.040051362047265004,0.09740031113580273,0.005037864352226812,0.36515664248908386,0.2949909070015215,0.14055302705535314,0.40879769403472377,0.5593891176828418,0.30910098802935193,0.301727251485236,0.22456004172963218,0.061467325631696275,0.02983003387078971,0.02306321734097003,0.039140892855693374,0.002173752802256242,0.048747817725998115,0.033265266071057474,0.015205604678016297,0.03363720503948503,0.0016118674108086958
1.4210854715202004e-14,0.1383161106219495,0.07706452020335043,0.03984152350764051,0.0970874865186315,0.004995987152737277,0.3634581362893264,0.2963970527737842,0.14181495542229855,0.4165619696639686,0.5500058936815774,0.3093022739676381,0.2984886333768621,0.22596760262555143,0.06100203827780874,0.030034311936796478,0.02319698506386107,0.03948402968020615,0.002171938451364069,0.04829416376482512,0.033377173116519596,0.015010997527487743,0.03386723165449477,0.0016174713578607169
0.0,0.13837381383437944,0.07684397373370369,0.03958856130028232,0.09677615723125042,0.004954855016694,0.36189767960604036,0.29787845291914145,0.1430724040398997,0.42427539779701334,0.5405841247317982,0.30964271758016204,0.2951465266600174,0.22732370524805803,0.0605133069671708,0.030240214129308902,0.02332432147334402,0.039840796468296996,0.002170553632857798,0.04787581558532037,0.03348671654339503,0.014823870201871751,0.03410861701392974,0.0016228197391245952
0.0,0.13848247499674696,0.07657046850682835,0.03929455899247337,0.09645307539720119,0.004912819418134312,0.36043349814278625,0.29937827221624463,0.14429164717533555,0.43190177958774006,0.5311150728761133,0.31008274945711073,0.2916839259451761,0.2286200516111971,0.06000018757374244,0.030447402708751223,0.023447871424574857,0.04020100570507215,0.0021687567327187897,0.04748824636031096,0.03359347169155156,0.014639979327899738,0.034354538630517774,0.0016279016361688242
1.4210854715202004e-14,0.13862576673477484,0.07625969580559137,0.038969647502659605,0.0961159962077774,0.004870644686042705,0.3590874994489394,0.30096996151617794,0.14548855868879706,0.43947468232977616,0.521611820417331,0.31066934090779263,0.28813856183003406,0.22987469746245745,0.05947408726954704,0.03065532190977812,0.023567579066914972,0.04057098407633722,0.002167168303895178,0.04713179663416471,0.03369837400438991,0.01446414013189877,0.03460924437419938,0.0016328298335530698
0.0,0.13880863020552575,0.07592644194403499,0.038614204184598634,0.09576335107525827,0.004826994395694767,0.35787003093600217,0.3026617328692705,0.14665659784717003,0.4469834022699766,0.5120738322586564,0.31140283786416234,0.28452139026478895,0.23108427297601192,0.05893076723534679,0.03086331541928508,0.023682263258034776,0.040947545487474646,0.0021657636788729377,0.04680474687239559,0.03379556898820903,0.014294242976910294,0.03487344114130085,0.0016374562005358473
1.4210854715202004e-14,0.1390393285244219,0.07555884558915224,0.03822152810376011,0.09539959434133827,0.004783021677746636,0.3567792283065345,0.3043782084406242,0.14774865742123022,0.4543510672048328,0.5025221393429103,0.3122346490651308,0.28081331233158247,0.23221879806917486,0.058361052814623934,0.03107033853497378,0.023791059457839093,0.04131581581812458,0.002163444978953466,0.046504297191533546,0.0338860581636602,0.014125669732250924,0.0351381606713307,0.0016418530895066234
0.0,0.13930031926171768,0.07516528675524117,0.037801872856656836,0.09502208526118987,0.004739469304276754,0.35581274540872065,0.30612417989650975,0.1487868714856228,0.46162936811993827,0.49296384305901064,0.3132069566837915,0.27703007127216084,0.23329115989970317,0.05777886949154646,0.031273119122943484,0.02389321237307405,0.04168627351145805,0.002161068425995209,0.04622774390507553,0.033971710991150664,0.013962690464985657,0.03540732372516476,0.0016460721998348801
0.0,0.13959629166358237,0.07476627553889001,0.037360376773617976,0.09462655727981005,0.004696240993400187,0.35496341857452335,0.30797356357970174,0.1497807249785447,0.46882805122676263,0.4833775550238705,0.3143311792037732,0.2731970970215601,0.2343276545137548,0.057183346844232104,0.03147467033381271,0.023991056661220315,0.04205766994842776,0.0021586537413464534,0.04597399502989817,0.03404549315971939,0.013803006420753458,0.03568300995789716,0.0016499050972441538
1.4210854715202004e-14,0.13992964814289166,0.07434494548474943,0.03689261519851523,0.09422024159965556,0.004654138490397639,0.35423726563301317,0.3098154183144273,0.15067795883289448,0.47586341269923904,0.47380752187480224,0.31554920986317825,0.2692955123275475,0.23528623041867663,0.056560207098225186,0.031671385450452956,0.024080065934231842,0.042414348339650076,0.002154958215436852,0.045739354171207454,0.03410926470212378,0.013643012720424301,0.035956093226095186,0.0016535848553061807
0.0,0.14028902666863127,0.0739067296773537,0.03640442873514566,0.09379981999609095,0.004614275937983177,0.35364026823008216,0.3116455699543018,0.1514974559932374,0.48277243342549986,0.4642698598391661,0.31688505490389035,0.26532993845401437,0.236159082944781,0.05592340983428296,0.03186149476789255,0.02416061055110957,0.04276434690532234,0.0021510605532980586,0.04551960925012612,0.034165500340297465,0.013485620475771148,0.03622889362927527,0.001657024261208626
0.0,0.1406768094494094,0.0734685104318705,0.035904361007079985,0.09336149752756905,0.004576970585341606,0.3531467715538131,0.3135597640747105,0.1522605753868765,0.4895796036857814,0.4547208350462852,0.31836076121961343,0.26133579712831384,0.23699705732371926,0.0552738372598308,0.032048127531273146,0.02423576196844868,0.04310993057432294,0.00214688859694497,0.045313612449946056,0.03420600983848286,0.013327863091906776,0.03650504837882839,0.001659967712929768
0.0,0.14108991099287363,0.07302127215446547,0.03539129813577563,0.09291157712405161,0.004542712145287971,0.3527610778810517,0.3154585913614863,0.15293238642930465,0.4962297244659491,0.4452298897285821,0.31992941334816277,0.2572915173256484,0.23776510550760746,0.05460222240501873,0.032225965555700176,0.024299690392148045,0.04343767191901966,0.002141170776691309,0.04511877296405449,0.03423546143981384,0.013168319302393303,0.036776342369176866,0.0016627650085679277
0.0,0.14168560095958949,0.0725652671419535,0.03486756601565814,0.09243198609583268,0.004510952806851221,0.3525990574645932,0.3173098090807295,0.15350719619969974,0.5026806873134005,0.43580014889441254,0.32158144905064595,0.2532145818857529,0.23844208649559143,0.05392110222494614,0.03239671871210483,0.024355172799150428,0.04374684774066634,0.002135196489385802,0.044929886122182475,0.03425516230108957,0.013008968327663288,0.03704202097298456,0.0016653267965036982
1.4210854715202004e-14,0.14256740230085266,0.07213021234879538,0.034344351460403634,0.09186781536227602,0.004478746874960604,0.3525865542093257,0.31921484999548394,0.1540174002447118,0.5089793819839039,0.4263860965539716,0.32333874458856293,0.2491200099568311,0.23907378843040372,0.053238708282504606,0.03256156440897027,0.024403545380802433,0.04403917022257917,0.0021286229945277936,0.04473749997666862,0.03425657837641314,0.012844443472355723,0.03730583914143947,0.001667169418242922
0.0,0.1433611485742312,0.07170570709626084,0.0338168111277463,0.09125907257181452,0.004455372052251312,0.3525229287846463,0.3211364808862248,0.15445115919054803,0.5151642974979005,0.4170793377926177,0.3251474494088876,0.24498969537234497,0.23963627268423274,0.052533541969740756,0.03271725172958421,0.024438967150407876,0.04430912857337124,0.0021205285276895006,0.04454302398915297,0.03424648603749665,0.012677150955836056,0.03756294581446279,0.001668731217540984
0.0,0.14382372791485715,0.0712500007718807,0.03329045633661261,0.09074083496261602,0.0044452775450114345,0.3525625950451305,0.32295471319040725,0.1547922213479488,0.5211968667584304,0.4078762876730687,0.3270342907171799,0.24085429243441278,0.24010220375375768,0.05180312538593411,0.03286112796242879,0.024464764197781104,0.044571095236807544,0.0021122418543239353,0.04436032816361346,0.03422555830063798,0.01250863893068967,0.037815060202159974,0.0016702535522324167
0.0,0.14430515563490853,0.07079915811241927,0.03277493853902614,0.09020770638021275,0.004441659546006411,0.3526861095165325,0.3247553210345038,0.15506248769345646,0.527077193863071,0.3987472941930002,0.3289954318500126,0.236720286805119,0.2404923737429975,0.05106530716824829,0.03299381964088879,0.024480837834709387,0.04481817136761104,0.0021034736607920736,0.04417162416742139,0.03418610610253724,0.012332158896561482,0.0380629076276117,0.0016711437873085256
0.0,0.14480906841744348,0.07035833269296768,0.032272878989207096,0.08966317141012885,0.004445806313914342,0.3529208561334973,0.32654436262250597,0.15527216504637886,0.5328095887003291,0.38977720011348227,0.3310201020701108,0.2325716105717572,0.24082604807999486,0.05032186050160846,0.033116010170945155,0.024486437893835603,0.0450399874899382,0.0020930786726064527,0.04397813202427023,0.03413490817377289,0.012152295739243533,0.03830119432063008,0.0016717101837027276
0.0,0.14532996190092437,0.06992265704088849,0.03178497094634472,0.08910236177165677,0.004458778440701723,0.35325353564318884,0.3282765237198958,0.15540541909275235,0.5383640036781687,0.3809526250397779,0.33306284392458946,0.22842592986721919,0.2410717940093438,0.04956722179808199,0.03322577015556486,0.02448123649901754,0.04523988353370614,0.0020821501215062166,0.04377807522670277,0.0340718450753608,0.011967561970770526,0.03853030204634283,0.0016719843593101422
0.0,0.1458583124982694,0.06949236759427166,0.03132000112651719,0.08852726340480263,0.004479658342172318,0.353652290865886,0.3299625131342131,0.15546799923822102,0.5437379808907978,0.37227351872369446,0.3351325265603774,0.224299348960897,0.24122514569238981,0.048808757356864824,0.0333199507907474,0.02446346811872948,0.0454205013219281,0.0020709677381309547,0.0435644982625998,0.03399190203992241,0.011773571548941918,0.038751176274313306,0.001671608939257492
0.0,0.14640735346108635,0.06907558600798207,0.030880735295627182,0.0879434730660383,0.004509832745294952,0.35415249754391165,0.3316561875456698,0.15548649459369543,0.5489643783984295,0.3638048816893434,0.3372257158475527,0.22017529880854037,0.24131699211395463,0.048050646554463804,0.03340385587051875,0.024437274514969066,0.045573891680589534,0.002058347691260672,0.043340102561638734,0.033900841356006656,0.011576466838282784,0.038960352083633014,0.0016708935624617676
0.0,0.1469631615935164,0.06866630322854225,0.030469784060035022,0.0873444735536833,0.0045486869160602395,0.35472356715478176,0.3333222055042039,0.15545019319495634,0.5540217375087447,0.3555360573314387,0.33930996762701604,0.21607474409640257,0.2413248747510325,0.04728838635531676,0.033470308878986346,0.024398184263368202,0.045704475294210165,0.002045111924848843,0.043102438140281925,0.03379875058096484,0.011373086290325943,0.03915836119470519,0.001669696959693346
0.0,0.14752086789374472,0.06826171013134218,0.03009189648217525,0.08673248246328163,0.004595647343539821,0.35533621915681707,0.3349419811217876,0.155352410132384,0.5588941969488381,0.3474772179946705,0.34137814314841936,0.212013469478777,0.24124921455162046,0.046526418945414226,0.03351919846928858,0.024346249591567407,0.04581337706945663,0.0020317227544521827,0.0428463267444367,0.03368210717113438,0.01116163929876857,0.039345402032083,0.001667938700456563
0.0,0.14809541800975792,0.06786259863555233,0.029748334155346067,0.08611360648922621,0.004651560003206613,0.3560420742755465,0.33656689608420925,0.15522381778416547,0.5636095288855406,0.33970590221123975,0.34341743117931944,0.20797250990461297,0.24109550255804385,0.045769370414041256,0.03355594447547625,0.02428550206090341,0.04589292254835216,0.00201726945878977,0.0425731187304845,0.03355556507727028,0.0109475795560791,0.039518459180804634,0.0016657674891116967
0.0,0.14867254243470263,0.06746759792983258,0.02944189375054045,0.08548311625167618,0.0047151469323344795,0.3567951251759982,0.3381891002398028,0.1550620934628867,0.568161791642395,0.33220883368990123,0.34542442260941164,0.20397726856983317,0.24087240592766868,0.04501490747075297,0.033573117017982525,0.02421102490033369,0.04594915514415914,0.002002226515450441,0.042282768437596686,0.03341902557306801,0.010728383282886873,0.039678948715705466,0.0016628460988049594
0.0,0.14925233954354036,0.06707842054448535,0.029174332295040517,0.08483860199838089,0.004786171739374502,0.35758658442778307,0.3397842232082385,0.1548555455263703,0.5725215137823476,0.3249964452153988,0.3473860635376381,0.20002814183217069,0.2405701736953155,0.044266272632228605,0.03357271285659341,0.02412492145689884,0.04598261054737774,0.0019869958979918437,0.041971741709813624,0.03327039159975261,0.010502936328425827,0.03982650060096181,0.0016593806192946286
1.4210854715202004e-14,0.14984183140489146,0.06668324608812645,0.02894778342346757,0.0841869768277394,0.004864077142029432,0.35845147057240756,0.3413871286083822,0.15463191215501856,0.5767175836064649,0.31816210173382786,0.3492649347605674,0.19611556347431508,0.24017342637428937,0.043526703726619397,0.03355789162306402,0.024028720254843792,0.04598542378520637,0.00197118439167824,0.04163881588587029,0.03311386203013187,0.010276770800811859,0.03995833328299786,0.0016554485925420832
0.0,0.15043452419114364,0.06628852222295512,0.02876229111222979,0.08352639657442798,0.004947883879986854,0.3593592239167425,0.34300301328886973,0.1543921603000617,0.5807544086864053,0.3116845503169439,0.35109683500241445,0.1922645869457967,0.2397201054064681,0.042794592720374586,0.03352266152053072,0.023918657388088124,0.04596481471401873,0.001954792221420192,0.041287604602863036,0.032948735788373165,0.010048827257044316,0.040076952921905294,0.0016506071299464248
0.0,0.15102977183042665,0.06589318705651546,0.02861625797197256,0.0828544919994881,0.005037342100263345,0.3602942943476012,0.3446018091492075,0.15412211580891422,0.5845975431656033,0.305589374774938,0.3528540742699622,0.18847043682762715,0.23919014875439612,0.04207467120572354,0.03347097939322854,0.023799173048495333,0.045921045552473734,0.0019382682087492804,0.04091523357972205,0.032774587948452893,0.009818166679955647,0.040181217921156955,0.0016453033967009391
0.0,0.15163153932844786,0.06548670048631451,0.028511624572449698,0.08217558540067081,0.0051308486487726904,0.3612996685369184,0.3462230955676033,0.1538474606171642,0.5882598886258616,0.2999808856213487,0.3544958384921712,0.18473511515252042,0.2385748385959695,0.04136650727968524,0.03340178512181643,0.023667840148517236,0.04584699298097993,0.0019213472998510811,0.04051959862851882,0.03259461917025434,0.009590323636471219,0.040269206454637205,0.0016395084696345578
0.0,0.15223846427984267,0.0650722874312739,0.028446310459251622,0.08148923540682661,0.005228133343622625,0.3623281290765818,0.34786560957622187,0.15356434468332802,0.5917625590892148,0.2948148165701215,0.3560648033832638,0.18107880209575247,0.23789677435489243,0.040670919692051555,0.03331324757869442,0.02352428418428406,0.045749983302389004,0.0019041275323696668,0.04010608817811207,0.03240944305968434,0.009365689702337645,0.0403435026995854,0.0016328754591660815
1.4210854715202004e-14,0.152847551475017,0.06464872974162329,0.0284141446421042,0.08079518231287065,0.0053285522896873196,0.3633797092678769,0.3495077441407611,0.15326147862708175,0.5950724281164921,0.2901299790656239,0.3575407088940361,0.1774961458075073,0.23714300321235668,0.03999403441170543,0.03320871897712407,0.02337348468732938,0.04563076085294794,0.0018869396367555274,0.03967132439955764,0.032218143213145756,0.009144086193546322,0.040403076231345494,0.0016256929947788745
1.4210854715202004e-14,0.15346214618958312,0.06420888831278547,0.028416215658733233,0.08009537308427166,0.005430407714029131,0.36447779592060275,0.35118724954352537,0.15296278355523282,0.5981979448919839,0.28604211203247204,0.3588755116222135,0.17399207568739736,0.23631389505790626,0.03933107472502616,0.03308382982655563,0.023209749398999335,0.04548254810422691,0.0018693789231193302,0.03921421295747068,0.032022947201987215,0.008929597792419945,0.04044617421278306,0.0016180332208500239
0.0,0.15448313028132288,0.0637727727099045,0.028447938232663183,0.07937993902031888,0.005590774958610626,0.36566074850613156,0.35287204022154783,0.15265472989363435,0.6010857952340811,0.2824844662678269,0.36011617410566715,0.17068239881453023,0.23539635778677484,0.03868038999424795,0.0329408059937436,0.023036237602791422,0.04530497267556328,0.001852247584676199,0.03873550036214609,0.03182335759655966,0.00872272557923298,0.04046582225038617,0.0016094801908438565
0.0,0.1553440663904571,0.06331449616606483,0.028508393765507085,0.07867020305600642,0.005731244445702288,0.3668354079887815,0.3545848683325703,0.15233637487265453,0.603790522812979,0.27951997918073657,0.36124311419535793,0.16742035939319905,0.2344082958803048,0.038053377037557165,0.03278183117203597,0.022856320695326195,0.045109182241736406,0.0018352192124486215,0.03823721692614489,0.03162169852475794,0.008527462642739335,0.04047416918601087,0.0016003509323718238
0.0,0.15580712084212117,0.06283005651197963,0.028597315154241153,0.07805563672144797,0.005804384652048198,0.36790833145386925,0.3563782243328695,0.15202826062447758,0.606313247226029,0.2772282279423661,0.3621973476417936,0.16417805206214778,0.23335339413849357,0.037448837936860505,0.03260661893694276,0.022667183880738462,0.044891035118570385,0.0018177010070631085,0.03772320252655254,0.03143011343481839,0.008345759065317803,0.04047232781450802,0.0015909095976493343
1.4210854715202004e-14,0.1563292727069314,0.06231339590368526,0.02870911293956261,0.07739628854196733,0.005890773403669476,0.36900460048644934,0.35821374226417824,0.1517164498852633,0.6086629561202263,0.2755319002412998,0.36302927558736353,0.16104156846080248,0.2322296127199641,0.036868742744109576,0.03241716135073396,0.02247240265018894,0.044654162945286714,0.0018007793670119256,0.03719227588323508,0.031235614085849118,0.008183165167469525,0.0404567213995195,0.001580770325955089
1.4210854715202004e-14,0.15691344213286004,0.06177557225478965,0.02883906700363829,0.07669319748208454,0.005989708182932044,0.37015862792431825,0.36008261932228175,0.15139500516122334,0.6108178652908937,0.27452623480467403,0.3637480038547858,0.1580347624170613,0.23103871133123163,0.03630803545333596,0.03220870140143423,0.022269951259843428,0.04439799523645388,0.0017842469071741485,0.036642236924879265,0.031035115685635273,0.00804114282110896,0.040427450949560774,0.001569953555370776
0.0,0.1575023387808169,0.06121690652078398,0.028985842364879073,0.0759888498502136,0.006085548852412643,0.3713088040852016,0.3620284340416066,0.15107500884906172,0.6127601465778418,0.274234879099262,0.3642892952155539,0.1551607058386434,0.2297589690953994,0.03576837061162216,0.031981709810911134,0.022058857135401212,0.044117604881733656,0.0017677168334156,0.036075306700997234,0.030836274358246277,0.007918599003661772,0.04038293327397559,0.0015587078488009246
0.0,0.15810144676595303,0.06064346023529425,0.029141701769920408,0.0752842619207134,0.006179015162067601,0.3724642856591438,0.36403570714570416,0.15074726163328503,0.6144977306626058,0.2745853897507546,0.3647005124677431,0.1524187507849502,0.22842346797749616,0.03525223706879329,0.03174345658106715,0.02184439060489338,0.04381976020450409,0.001751599814721661,0.035494366451861104,0.030641339516447843,0.007823450045240361,0.04032599151734458,0.0015468326193208576
0.0,0.15848095083945257,0.06006691113366883,0.02930626547781051,0.07471503524789298,0.006223496542878416,0.3735256471404749,0.3660996889387513,0.15040423617600424,0.6159734938790312,0.27566507452769096,0.3649635915353684,0.1498148867382535,0.22701665145683772,0.03475505734617355,0.0314900406231233,0.02162393423945001,0.04350274500695643,0.001736022457550832,0.034898369975333514,0.030458178585945284,0.007756063115110274,0.04025670843507845,0.001534438654891269
1.4210854715202004e-14,0.15892673799179965,0.05947665104494701,0.029476655846811133,0.07411799487995883,0.006275988078571362,0.37460646625770694,0.36824049356587635,0.15005382672036396,0.6172394606825834,0.27745290466922395,0.3650548906324452,0.14736545422804884,0.2255273051359877,0.034278935975458384,0.03122137179759573,0.021398251887265875,0.043165679152025724,0.001720628941621124,0.034289283711865265,0.03027609324286867,0.007716428421825508,0.04017405486688931,0.001521606611802191
1.4210854715202004e-14,0.15952578612571086,0.058874161124616096,0.029648151907026753,0.0734393777650436,0.006354011279764872,0.375766496591198,0.3704394564454312,0.14968676915175727,0.618298707003097,0.2799024378930198,0.36501996455078256,0.14508323912181081,0.22399200046325515,0.03382277193485746,0.03093873226379658,0.021168452493542052,0.0428133206030145,0.0017056067787181483,0.033669474731012033,0.030092136373800947,0.007709511974478755,0.04007991132761952,0.001508243500493585
0.0,0.1601275841237427,0.058274449522052955,0.029817820050185278,0.07276453370014681,0.006425429533014522,0.376916425614279,0.37269768696055533,0.14929349290852248,0.619111459381669,0.2830807958480022,0.36483668025286753,0.14296899501376015,0.22239865056113758,0.033386015254754146,0.030639067809329117,0.020934243368256708,0.042446889554278396,0.001691475405227255,0.03303700026944271,0.029909815954195767,0.0077358357203005535,0.03997426673314453,0.001494456724978502
0.0,0.16043389859469268,0.05766106665604431,0.029981025447791354,0.0721317175820923,0.006481724291017778,0.37787338674916116,0.3750033036151964,0.14887600119721953,0.619750164994596,0.28692353028984674,0.3644986966744903,0.14103667216411964,0.2207120665693128,0.03295610238950478,0.030328953329158533,0.020697273650515064,0.042071422291530484,0.0016778547650155011,0.032399148636593725,0.02973328704833116,0.007794279140719522,0.03986313209622456,0.0014804149033385407
0.0,0.16062469692041687,0.057041469610639856,0.03014036970875587,0.07152032743831815,0.006528525453793597,0.37874778110594026,0.3773588695954369,0.14842681656596743,0.6201648240570902,0.2914009087539937,0.3640247739719355,0.13929190586739099,0.21896603816847685,0.032540832374435676,0.030007579577578537,0.020457570725919888,0.04168559119833652,0.0016647316991935657,0.0317574322904341,0.029562941804145725,0.007884479050719678,0.039744747533014844,0.0014660605157061322
0.0,0.16124249357080456,0.05646172481982952,0.03029316214181244,0.0708733290825872,0.006582403934039632,0.37986669002351964,0.3797928523724263,0.14795071304343224,0.6202184242185822,0.2965675790642083,0.363417912002209,0.13772591180192625,0.2172001082860491,0.03216013633460336,0.02967264981135156,0.020217282861392714,0.041277969315520635,0.0016520385039533914,0.03110424864859798,0.02939605844589446,0.008007206802418813,0.03960862052596661,0.001451165153862874
1.4210854715202004e-14,0.1618933587657272,0.05588654713522377,0.030432636334647878,0.07023694959419781,0.006631397116066713,0.38099709864093506,0.38228186300425243,0.14744155313037627,0.620005637527679,0.3023281155392688,0.36266058479594604,0.1363548750926501,0.21535913283681887,0.031795702960705545,0.029329667917296798,0.01997657797822456,0.04085851447929672,0.0016399268974567846,0.03044776793457521,0.02923791659368646,0.008160688436078044,0.0394634933770283,0.0014359816613518542
0.0,0.1625639386320963,0.05532363392348896,0.03056767532713712,0.06960361236066007,0.006701493532590565,0.3821429825082928,0.38481076858653784,0.14688875056947845,0.6194753286452674,0.30865781723681085,0.36176755795330084,0.13523215833825813,0.21344286211924277,0.03144740419822779,0.028975474609351265,0.019734091895224022,0.04042505524020556,0.0016283935812881679,0.029789620256172173,0.029084805923790164,0.008340381310802914,0.03930575089160948,0.0014204554348363587
0.0,0.1632216238128342,0.05480888725914458,0.0306963289604905,0.06897904723297817,0.006783774178239614,0.38325533746724405,0.38739304557418974,0.1462967997988883,0.618651685214026,0.31558510793578515,0.36076355564899226,0.1343335914416149,0.21148176506143607,0.031112303310972898,0.02861272878989065,0.019493348462785377,0.039979148544476414,0.001617425278406302,0.029127755997081024,0.028935709366905225,0.008548386347822788,0.0391363268869563,0.001404622884331135
0.0,0.1638939066118506,0.05431089550009701,0.03081543755181887,0.06837768699141054,0.006815558646553787,0.3843441278768209,0.3900032663076002,0.14565344343603936,0.6176133482807213,0.32299053624801205,0.35959008631593126,0.13351511411857653,0.20947933864624477,0.03079447950151185,0.02824409492248209,0.019254037953068764,0.03953165783440229,0.001607028179738653,0.0284689753137277,0.028798746055865822,0.008781474447162766,0.038966915320601474,0.001388754229816872
0.0,0.16458898983764514,0.053843395952285614,0.03093007280716028,0.06779266750225502,0.006841988214957015,0.3854265191661259,0.3926147865461722,0.1449531543625776,0.6162852837159046,0.3308681307271618,0.3582815357885183,0.13287569014458736,0.20739817760865556,0.030491699637629453,0.02786721002617272,0.019015085233483896,0.039075976430216715,0.0015970167188634231,0.027814752545376097,0.02866793757098553,0.009034196724259624,0.0387912758670793,0.00137269130481603
0.0,0.16498429744366805,0.053444393099224226,0.03104484803003741,0.06740410186729481,0.006809307386495823,0.38633878978097874,0.39527036699216916,0.14420050523628278,0.6146413365233909,0.339214456165333,0.3568528444135182,0.13240200183208387,0.20528516250607645,0.030203655440909003,0.027489594989607083,0.018781788125745113,0.0386093642995457,0.001587184850819424,0.027166138461764997,0.02856659121045267,0.0093084254534982,0.03860899990489616,0.0013564352476922415
0.0,0.1655152784613367,0.05309158650105565,0.03115688907993505,0.06696541401780698,0.006791742089285743,0.3872910185409449,0.3978929368841365,0.14338133771675404,0.6127367533017354,0.34792437451370156,0.35527061342724664,0.13210246511706283,0.20312051500901018,0.029921271157231456,0.02710533457696352,0.018549321805902,0.03813870679204113,0.0015781276716859583,0.026523835336838646,0.028466684553952726,0.009599624789806327,0.03842145231338191,0.0013402004279322532
0.0,0.16611948647501146,0.05279142677884786,0.03126478146390301,0.06641933667578434,0.006810856929084747,0.3883528147406122,0.4004770490109334,0.1424975106095269,0.6105305053338295,0.3570012598737215,0.353563829586883,0.13199130268411566,0.2009046373297163,0.029644633993286824,0.02671327914591267,0.018317909397084834,0.03766348295137703,0.0015695729658463584,0.025889901856988553,0.02835940020493238,0.009904815373520035,0.038229985647592335,0.0013239118629748232
0.0,0.1666366747025705,0.05256286194462865,0.03137989007410727,0.06590940069584043,0.006864770592519303,0.389275903523345,0.4030808985772043,0.14155669607358537,0.6079966881515816,0.36640348338690254,0.3517638861849213,0.13214086211365045,0.1986040167977164,0.02938005856129665,0.02631724890211416,0.01809189540987628,0.037179912541979145,0.0015614584548077077,0.025264001761057198,0.028256235818081128,0.01022412322679445,0.03802472476404424,0.0013074327227760865
0.0,0.1670473806339635,0.05239128400157607,0.031494439389835704,0.06545652209537087,0.006866118002064191,0.389974236516744,0.4056221065288563,0.14054032266359842,0.6053022011880443,0.37606367967200716,0.3498253066097465,0.13234733881007937,0.1962701815256252,0.029114560221198002,0.025918360665936366,0.017868320288996577,0.03670445002474956,0.0015538959214225394,0.02465556892082641,0.028163912170041418,0.010551851917179488,0.03782659710026677,0.00129130812207684
0.0,0.1670970767727079,0.05228298970148293,0.03160537650755746,0.06506414205404566,0.0068338343211766924,0.3903360844787089,0.40809607138492116,0.13945103420789018,0.6023713236451488,0.3859749112076013,0.347777354163127,0.1326663583196921,0.19387800803250363,0.028844665639812857,0.025515950504564025,0.017648509135621514,0.03624004721837558,0.0015467038236329927,0.024067889353987126,0.028076509937421234,0.01088562371177866,0.03763748484722482,0.0012755196342308336
0.0,0.16777586002973685,0.052280307974892026,0.03173459434847644,0.06463311468707657,0.006820533992506823,0.39097572267459224,0.41056754412933033,0.13830306987408877,0.599045276597599,0.39605354370930607,0.34561320428063086,0.13308273999463682,0.19147832992472905,0.02860787558931015,0.025113814786118557,0.01743617413636042,0.035760472349728345,0.0015393539272991683,0.0234911550529093,0.02799768482143523,0.01122878093798078,0.03743343566670656,0.0012593395686556466
0.0,0.16851098010318893,0.05236330468519722,0.031869239918919004,0.06421692530716107,0.006805291383674812,0.3915754685390073,0.41294615218169023,0.1370751285306511,0.5954352135916307,0.4062927623546125,0.3433238734390595,0.1336229531650858,0.18905038961848716,0.02837434736600603,0.024709349342625746,0.017227552930997172,0.035278307927416624,0.001532432620487698,0.02293351131342258,0.027927042817670878,0.011576161155433065,0.03722544684213559,0.0012433315776686931
1.4210854715202004e-14,0.16925597403114725,0.052525368279949684,0.032010770141874326,0.06381945217167061,0.006785832875077344,0.392056791325816,0.41527020748019255,0.13577617991242644,0.5915127877808194,0.416662658024442,0.3409251047191536,0.1342738504557035,0.18658280850441947,0.02814664013079833,0.024304409700975912,0.017024066389571896,0.03479618564654087,0.001525528166203238,0.022397281302823435,0.027861798029185245,0.011925874701399582,0.037015759158397506,0.001227434315918537
0.0,0.1700103464490622,0.052766613975197336,0.03216397045759057,0.06344324679343934,0.006763567926852835,0.3923900194261181,0.4175586033929144,0.13442194051574474,0.5873632655205104,0.42707233776488945,0.33843007771594136,0.13501787819729297,0.18407658982922984,0.0279259671867378,0.023900776996937215,0.016826445690223065,0.03431834247057423,0.0015188195475491846,0.02188480848126727,0.027802088562407828,0.01227808662729297,0.036805332365360495,0.0012116375371318572
0.0,0.17078482343670848,0.05307947821052742,0.032328397487777494,0.06308443155197022,0.006738899946446167,0.39263202071964476,0.4197411578684453,0.13298865722726144,0.5829159134266637,0.4375500859210628,0.3358279520343763,0.13584241190349364,0.18154914869718672,0.027706937998851836,0.02349783186911773,0.016634004468050946,0.033841003612556396,0.0015124820608640908,0.02139881466077001,0.02774935878239718,0.012630256877620698,0.03659288820439691,0.001196068755638411
0.0,0.17154910083075528,0.0534609214050515,0.03250706305037752,0.06273502569465712,0.006711323878008698,0.392667645297,0.42188033158342625,0.13149189025350347,0.5781337069771305,0.44805544058057795,0.3331303731645318,0.1367459266417033,0.17900369437187533,0.02748975579005904,0.023095916535712524,0.016447213306470507,0.03336465003533906,0.0015060260009589082,0.020940073767952053,0.02770270371655713,0.012980849713224914,0.03637933999275054,0.0011806759402694786
0.0,0.1723117519267958,0.053918005627492764,0.032697004480623924,0.06240825459271374,0.006682948997356821,0.3925670133873879,0.4239293253536062,0.12994800307552648,0.5731031746137569,0.4585226842874462,0.3303411620914216,0.13770770173310626,0.17642745397359424,0.02727756988085178,0.0226945753071351,0.016265016481788908,0.03289586018442552,0.0014996950891983422,0.020511510761773166,0.027661050245980912,0.01332973667705341,0.03616719369683024,0.0011655359327631153
1.4210854715202004e-14,0.1730903160092559,0.05442596869049289,0.03290327735350815,0.06210117108978179,0.006653182663569467,0.3923969150491534,0.425842454998307,0.12833570848121884,0.5677866626754702,0.46898809181818113,0.32746511829507724,0.13871687450750492,0.1738361816384655,0.027066665872601994,0.022296629269977008,0.016088734906988086,0.03242956658094582,0.0014936750423510665,0.020117063697671196,0.02762560607547295,0.013675517626063342,0.03595458658955702,0.0011506449326833237
0.0,0.17390854249836626,0.0549931403467205,0.033127072975241166,0.0618179369784714,0.0066230508141838455,0.39224164152630175,0.4277145797456084,0.1266682282565427,0.5621987688991748,0.4794230884476274,0.3245155808587124,0.13978082677033993,0.17123123887990607,0.026856334928377343,0.021903244042687984,0.015918393349504043,0.03196447624727402,0.0014874534772942876,0.019755213940525155,0.02759667922588247,0.01401758365819748,0.03574131487360872,0.0011359733646889103
0.0,0.1747563931822984,0.05562398978008631,0.03336151951550053,0.061562057745802604,0.006593877363023387,0.3921343519441395,0.4294735671164057,0.12496400646686734,0.5563894790963816,0.48980139579067167,0.3214961252683567,0.14087429296579135,0.1686127714795495,0.0266498822222289,0.021513066774347736,0.015752345432363882,0.03150827060811472,0.0014812530367286716,0.019428706052341316,0.027571692726750727,0.014355148329976797,0.03553075454632559,0.0011216620162092566
1.4210854715202004e-14,0.175636662766206,0.05627500423040145,0.033613862640440924,0.06132374090258286,0.0065641487802088555,0.3920710262293898,0.43108657082556523,0.12320722212142661,0.5503024428028245,0.5001085750932915,0.31841578544452054,0.141987890497805,0.16598346505856118,0.026444489778651544,0.02112900219964881,0.015592448901065648,0.031057797557497685,0.0014752766071160824,0.019142373853259096,0.027551487591016482,0.014686654481758214,0.03532204159982149,0.0011076572679527897
0.0,0.17651087723057016,0.05697250352280847,0.0338781617835312,0.061105721668701415,0.006534975057079581,0.3918859580315265,0.43262942555995326,0.12140526804695599,0.5439732213474399,0.5103239009398103,0.31528447413327376,0.14313017815903417,0.1633513117717844,0.02624069966030173,0.02075149231562117,0.015438560941208823,0.030609816179085553,0.0014690097118059526,0.018893469126335254,0.02753678475784512,0.015012629574886487,0.03511284959677637,0.0010939055194339458
1.4210854715202004e-14,0.17737148502638392,0.05770651029049776,0.034151740382807196,0.06090949639897118,0.006507509420514379,0.3916480750805647,0.4340418078489672,0.11957973188719914,0.5374442603685285,0.5204769175818229,0.3121070260758773,0.14428935468224316,0.16072306451265522,0.026039377953016977,0.020379343556297225,0.015288951776075633,0.03016930025404394,0.0014626958407262687,0.01868386906655913,0.027525505213693183,0.015332279948028854,0.034906471049066634,0.0010805111785592379
0.0,0.17822320882254053,0.05844272733680825,0.034437019089352656,0.06073267795693905,0.006481261279951668,0.39133415461190024,0.4352850959163456,0.11772064682080491,0.5306904976815353,0.5304836661275938,0.30888866064808856,0.14544219495325486,0.15809262868137958,0.02583959715076968,0.02001389583207266,0.015144684823054387,0.029737390480385945,0.0014564513452934105,0.018516428799753036,0.02751860058224121,0.01564278735175996,0.03470308345165561,0.001067508602219515
0.0,0.17873336266167406,0.05919963624195011,0.03472349308760969,0.060598471734244264,0.00644550483435872,0.39079168844155976,0.4363974236310971,0.11582854720317684,0.5237967135875287,0.5403937549113718,0.30565186654242343,0.1466018083375332,0.15547080788797477,0.025639690665945205,0.019657906509474254,0.015006943056204619,0.029316654334051496,0.0014500321218802452,0.01839767107963591,0.027514489898270336,0.01594652712423243,0.034505496076032025,0.0010550335456090054
1.4210854715202004e-14,0.17885885009475147,0.059937357434467535,0.03501465479736667,0.0605124007792633,0.006398892311554133,0.39018195877154827,0.43734436635034957,0.11392276584731278,0.5167882791067636,0.5502534286583132,0.30239987401667184,0.14776314915862382,0.15287678066417643,0.025442475487587667,0.01931042375888199,0.014874679171256915,0.028908449049190182,0.0014435619105420971,0.018332557406386712,0.027511316541290163,0.01624401009347828,0.03431642911159077,0.0010432588448818663
1.4210854715202004e-14,0.1795630484562014,0.06069930828455149,0.035308263519591016,0.06040178347001953,0.006378521393407719,0.3896856909252073,0.4381422000608041,0.11200200386135883,0.5094463622911479,0.5599707628735014,0.2991280428532382,0.14890555973552527,0.15028849327550772,0.025250125221917115,0.01896736030645818,0.014744712265477867,0.02849923212806944,0.0014369224650260285,0.01828827514116335,0.02751458511853935,0.016529425077689557,0.03412245003065551,0.0010314427390651258
1.4210854715202004e-14,0.18027984690231655,0.06148258293945317,0.03559231146843737,0.06031099344151397,0.006363553500395894,0.3891667509044384,0.438793935132084,0.1100671123740118,0.5019200750442486,0.5696054679035224,0.29586806515789427,0.15003986769139,0.14771726838024227,0.025062870108812245,0.018634165344478523,0.01461991751739722,0.02809618804116176,0.0014301076048210274,0.0182821583880173,0.02752093970099781,0.01680672180181005,0.03393048252982714,0.001019846381701202
0.0,0.18097658199477706,0.06225426503850349,0.03587326848452406,0.060240103172843056,0.006352193909329977,0.3886654536804966,0.4393127223412728,0.10813140617047183,0.4942359275808364,0.5791875258018832,0.2926138767025862,0.15117492536852337,0.1451723143910818,0.024877372463762377,0.018309443759009593,0.014499210626301015,0.027698984559136934,0.0014231758711543707,0.018313110904030087,0.027529952715496037,0.017075680223791523,0.03374201525214124,0.0010085839488467088
0.0,0.1816466178223402,0.06300120484182785,0.036143168418070644,0.06018975144285765,0.006344239798372859,0.3881450823079213,0.43967012437820086,0.10619149018294614,0.4863732659086667,0.5886467686829016,0.2893650772361069,0.15229078553454908,0.1426596912019348,0.02469672006749143,0.01799159170025228,0.014380977603101619,0.027311286298135697,0.0014161479663265537,0.01837692680157468,0.027543036884170147,0.017332785352162202,0.033556832059797405,0.0009978633898456227
1.4210854715202004e-14,0.1822841544266454,0.06374683911634221,0.0363967261772692,0.06016288690865902,0.006341210103087582,0.3876447344216593,0.43986604868664314,0.10425756443590461,0.4783732946808658,0.5979917654677609,0.28616286164753457,0.15337979157197884,0.14017329267635398,0.024522039001180006,0.017683803610083558,0.01426674121872497,0.0269329558978707,0.0014089715107166365,0.018475867131586762,0.027557667819516428,0.01758056891682565,0.03337594060948957,0.0009873995043756215
1.4210854715202004e-14,0.18287825614746367,0.06447331993671676,0.036638154741617725,0.06015508740903639,0.006342386703586088,0.38713115204375353,0.4399453276694502,0.10233316948566337,0.4702194219901556,0.6072298496180023,0.28298666042015475,0.1544671141049232,0.1377198627664108,0.02435029699069561,0.017383921028715846,0.014156164853556806,0.02656163337399213,0.0014016402606804022,0.01860537217561493,0.027574892488049337,0.017818770337926414,0.03319878344808954,0.0009772827160649572
1.4210854715202004e-14,0.18343605700915908,0.06517568477810301,0.03685756244987308,0.06016856017743652,0.006347364632348619,0.38659567529327854,0.43989023256101356,0.10041275139534413,0.46193684348706704,0.6163198416705751,0.2798341984576408,0.15553527407460724,0.135303875711116,0.02418520521049224,0.017092628490222632,0.014047285020824812,0.02619868601260427,0.001394222516467401,0.01876158771825539,0.027596396853705168,0.018044879342474632,0.033023985881657274,0.0009676284412038715
0.0,0.18395448398956635,0.06586089600271391,0.03705474486654327,0.060205132538310335,0.00635742635618887,0.38603535771491077,0.4397195167792857,0.098516845451895,0.45358544619188584,0.6251697102345766,0.27673977140757183,0.15657447882420503,0.13292241329237223,0.024026389355533237,0.016812163195639773,0.013941040909834338,0.025846845324313264,0.0013866137276777265,0.01894569104271112,0.02761860475922595,0.01825987383842476,0.03285409569670556,0.0009583253282899953
0.0,0.18442895315077493,0.06652112951431248,0.03722977049305809,0.060263238385047255,0.006371432109980809,0.3854208093749798,0.43947683444474045,0.09664290597021455,0.445164256307639,0.633791049045853,0.2736889095495806,0.15761636236141288,0.1305736700969308,0.02387213213330165,0.016542516872145172,0.013837637250143585,0.025503329246986547,0.001378816218299259,0.019154491975373247,0.027642556132932206,0.01846414955415714,0.03268773059042258,0.0009493611146814291
1.4210854715202004e-14,0.18484661663831087,0.0671535559068127,0.037374686594237566,0.06033190117744047,0.006388673571638777,0.3847408607014452,0.43914198953721195,0.09478164509196119,0.4366226299783943,0.6421965633827185,0.2706797302384881,0.15863795929199181,0.1282670813173078,0.02372589673730801,0.016284165305661066,0.013735668709932909,0.025168066471635307,0.0013709338014254975,0.019384977905355295,0.027669557175000914,0.01865603110792967,0.032523297072713765,0.0009407645272494359
1.4210854715202004e-14,0.1852256173280555,0.06775863945759607,0.037495529131607586,0.060421179354253056,0.006410774752073664,0.38392737160847923,0.4387413090751165,0.09295057819811725,0.4280483846462719,0.6502553259005077,0.26771388953899444,0.1596398095007693,0.12600599361566753,0.023588025307242133,0.016037002505761774,0.013635485682899975,0.024843875364872637,0.0013628494347582894,0.019633612652623113,0.027697235272758275,0.01883571337757313,0.032362654269020956,0.0009325845029180441
1.4210854715202004e-14,0.18557172846879041,0.06833349491535147,0.03758570433559146,0.060540122734827104,0.006436795228441503,0.3830485994605366,0.43830207401624866,0.09115380911163354,0.4194999114881247,0.6579907938281592,0.2648191979037004,0.16064161748478378,0.12377770329166966,0.023456727709711335,0.015803094743966163,0.013537291089065524,0.024529575104307633,0.0013545049830262514,0.019900421114077135,0.027725874200782732,0.019003625667082906,0.032205803279818146,0.0009246700753915449
0.0,0.18586189923130955,0.06888037708641356,0.037641611148413995,0.0606770248134145,0.006466862668242415,0.3820513879346217,0.43780336819642396,0.08937911957127474,0.4109181900594855,0.6654339028278098,0.26197284363112266,0.16162334704812079,0.12159571452237405,0.02333478122417807,0.015580658711894107,0.013439710257664076,0.024222995984226427,0.0013460846579744327,0.02017978496607756,0.027758242265209756,0.019159411555614545,0.03205018139578432,0.0009170198017611804
0.0,0.18608186055307763,0.06940170128872042,0.03767411372219075,0.060833224916965335,0.0065008434256744714,0.3807855535558697,0.43731005570086273,0.08763631293660322,0.4023288364936667,0.672409154573248,0.2591415835480913,0.16260305790653423,0.11947241178902052,0.023224100923189016,0.01537013711173699,0.013343189166401603,0.023927596284766046,0.0013375167595802077,0.020467466484789025,0.027791546031691056,0.019302550169935023,0.03189712388671278,0.0009097756684900899
1.4210854715202004e-14,0.18556431936853107,0.06984776712816337,0.03767134294885757,0.06107216415962254,0.006530184985468137,0.37920474764198137,0.43675948769611667,0.08593769572834725,0.3938694616074172,0.6789246767490201,0.25640121572943625,0.16356745244325377,0.11741290353356001,0.023123463582031666,0.015178582047312313,0.013250158840372114,0.023655782760444853,0.0013287686561259625,0.020782808907790468,0.027819355779788193,0.01943582395777247,0.031758688360938744,0.0009033248341598453
1.4210854715202004e-14,0.18525982052889559,0.07029743255846178,0.037637499495909034,0.06129836518712944,0.006569322717655449,0.3773510165366578,0.43631698234409433,0.08427048179727942,0.3853196762561338,0.6849106159039312,0.2536760712946279,0.16454735827774414,0.11539184708212279,0.023032354138785065,0.014996704555606918,0.013155553107016663,0.023387957842221935,0.0013199060280279923,0.021093694911973895,0.027851847126428412,0.019555149522871032,0.03161572535540337,0.000896791860148943
0.0,0.18457108725770122,0.07068945774851673,0.03758151480340992,0.061576181787428026,0.006612578986071711,0.3750544730472072,0.435895653094926,0.08263700485444685,0.3767947825292629,0.6903191126771012,0.2509450419318913,0.1655353799657993,0.11343625069071166,0.02295497849655116,0.01482687874590036,0.013061502083296317,0.023136819137306402,0.0013110114052814887,0.021416119248260243,0.027881901119208147,0.019663795904412733,0.031480193564229535,0.0008909430678149556
0.0,0.1840940026788409,0.07108948770610898,0.0374924976966629,0.06185674506824364,0.006662242911058541,0.3725809020547431,0.43560657924956714,0.08105506782166777,0.3682588571620229,0.6951432844746306,0.24828845112665276,0.16654688553793634,0.11152439908157476,0.02288423263169367,0.014669092415089364,0.012965857909786216,0.022893426504085577,0.001301723192406397,0.021731899631332905,0.027913575680694774,0.01975707826865006,0.03134288858537023,0.0008848872651988937
0.0,0.18383929837360355,0.07150535443885177,0.03738035198298344,0.06212120221789068,0.006715756423113163,0.3697809735240081,0.4355103936372388,0.07951389472998077,0.3596916700352146,0.6993018603962355,0.24563505227726184,0.16759393936294348,0.109650074900578,0.022826267925862342,0.014524395641623496,0.012868151126707755,0.02265533463878455,0.0012922691825615897,0.022034895907645347,0.027949492676753212,0.0198359542285965,0.03120010788476826,0.0008786337084399686
1.4210854715202004e-14,0.18351225107294997,0.07191230724588148,0.03725289140488818,0.06240827771667911,0.006772548069603236,0.3666468455379549,0.4355017008460305,0.07801042675953045,0.35110312538363236,0.7028649372281467,0.24297835676829016,0.1686545078564678,0.10784521180988266,0.022780905395047856,0.014392343911590737,0.01276943018353758,0.022428925334836383,0.001282731281165772,0.022332956065329,0.02798562341397694,0.019902906573325156,0.031058778630320326,0.0008726097205103581
0.0,0.18311317540314556,0.07231632221483603,0.03709941744192739,0.06271760978593824,0.006832022778102218,0.36325698333974626,0.4356367721878781,0.07655280349074994,0.3425371758267034,0.7058043243707534,0.24036486401207433,0.16974144252590023,0.10611175175707199,0.02274537810076044,0.014274087370489054,0.012669730799097702,0.022214230936780145,0.001272921782872124,0.022627767036562198,0.028020323946814557,0.01995747762509504,0.030919400537020744,0.0008666032225302907
0.0,0.182644120681032,0.07271890776545309,0.03693198409922241,0.06303949328069725,0.0068945712652928575,0.35954577244131575,0.43595581069093897,0.07514392689340418,0.33396434876637227,0.7080887480912761,0.23776859143456905,0.17085551958134942,0.1044301421983768,0.02272277728859793,0.01416961739324484,0.012569186399161356,0.02201155202810041,0.0012629221082536093,0.022912957251015168,0.02805536934401196,0.019999002062809433,0.03078119397467021,0.0008606022360723557
0.0,0.1821339627666727,0.07311803929853077,0.03675608221704305,0.06339372683429845,0.0069601609482634295,0.35574500035445483,0.4363169949734547,0.07377848529338285,0.3254221460006403,0.7099647576083381,0.23521182673754337,0.17195503168747117,0.10281810802484175,0.022712329827272233,0.014078469593200364,0.01246780111068422,0.021820142135514895,0.001252863839939275,0.023190477359648586,0.028090161542920107,0.020029510303966967,0.030645647393297854,0.0008546716709528052
0.0,0.18156248330637487,0.07352850192268345,0.03656347073756558,0.06377243671727659,0.007026945625917011,0.35179870127767005,0.43678927032922216,0.07245524525915287,0.31692604898344423,0.7112910705532016,0.2326771308231838,0.17306788293736064,0.10127959310453104,0.022711989084322436,0.014002162039733819,0.012364777658588517,0.021638981775615906,0.0012425637619388715,0.023459422888561947,0.02812380641494094,0.02004905737325814,0.030512216709125597,0.0008486852946154495
1.4210854715202004e-14,0.18093093699019505,0.07395141597467239,0.036370423403472754,0.06417519256083455,0.007096218575201755,0.3477175333521528,0.43740434578023785,0.07118883119160846,0.3085069228530035,0.712105932174486,0.23020168227282892,0.1741863350578318,0.09979274402306877,0.02272317294236661,0.013939227858461327,0.012261436601930568,0.02147022513246082,0.0012320298824128313,0.023716277162119836,0.02815666784615555,0.020055857910544535,0.030381352375249027,0.0008426049934954305
0.0,0.18027737020824533,0.07437939313908237,0.03618105994169252,0.06461432321504841,0.007167839543899081,0.3437306754415391,0.4380105254084476,0.06997202361815583,0.3001797989899133,0.7126462154041958,0.22780081137714472,0.17525934056359724,0.09837233846081712,0.022745053528469027,0.01389002554356245,0.012157471160879427,0.021311631124560176,0.0012214355624757694,0.023963582718126274,0.028189356649159898,0.02005241349416849,0.030253954083861445,0.0008364622752244373
0.0,0.179579662745557,0.07483204688823875,0.03599634503793742,0.06507843620391784,0.007241394046450601,0.339623885928798,0.43870059252218396,0.06879653714477713,0.29193419372869456,0.7126983834101981,0.2254118988402608,0.17633067826935647,0.09702875743553131,0.0227772505852667,0.013855981153132559,0.012052081488965869,0.021162501175106957,0.0012106227252126564,0.024195939941850972,0.02822090742774169,0.020039212971277382,0.03012908916856974,0.0008301502946938874
0.0,0.17886002817512253,0.07530279944054395,0.035833783519980594,0.06557600740750957,0.007317903280989472,0.3355334285679972,0.43942499521741724,0.06767235038567862,0.2838332406034791,0.7123958754779666,0.22309680009752722,0.17736855236626758,0.09574926232043046,0.022820484572203332,0.0138361855080735,0.011946898807769989,0.02102446560876739,0.0011996234525607837,0.024415154174503625,0.028250989410071377,0.020014578523513342,0.030007716613929834,0.0008236627623650137
0.0,0.17816771304082843,0.07578456452755022,0.03569516692945012,0.06612211438995037,0.007397862069142555,0.3316165727999289,0.44008687728303086,0.0665991293654955,0.2758880740376378,0.711898366893045,0.2208928098706624,0.17833546139288128,0.09453148081697078,0.022872951282683178,0.013830075717301512,0.0118415500916719,0.020895741514838313,0.0011885113302293583,0.024622679367530983,0.028280785115609473,0.01998025036886503,0.029890356947892792,0.0008169516567558829
1.4210854715202004e-14,0.17748349966291382,0.07629053517579992,0.03557940200691366,0.06670794380779595,0.007480316631176758,0.3277970295923597,0.44064431856448855,0.06556459510434108,0.26807085611437304,0.7111245176492502,0.21874222264198245,0.17923313724758383,0.09339703856252043,0.022934371932892873,0.013839355480955275,0.011735283876675232,0.020774531497674616,0.001177180564044509,0.024812365288082002,0.028309808086803903,0.019937639636118085,0.029777372131021412,0.000810014142533231
0.0,0.17683205114356823,0.07681609457678071,0.0355067300789909,0.06734490276683217,0.007565268009734784,0.32424899166555277,0.4410032076190999,0.06457482622547933,0.2604380221165627,0.7102691690410368,0.21672085761269583,0.18002196124749953,0.09233564271818828,0.023005595841027602,0.013864414027299127,0.01162967965334309,0.02066162516568158,0.0011657102729767568,0.024991086341131685,0.02833747145428621,0.019885559459810468,0.0296699657305637,0.0008028074273249506
0.0,0.1762201862486635,0.07735794488360025,0.03548268047589163,0.06803429244778578,0.007652174396873678,0.3209516587697729,0.441177965914836,0.06363002669141901,0.2530063543744463,0.7093270231376989,0.21486108336884513,0.1806870925507174,0.09133405410611205,0.02308371172031229,0.01390229966707338,0.01152494407950461,0.020556610070958343,0.0011540691535962615,0.02515731234297958,0.028365522952329438,0.0198247502587148,0.029568404517298027,0.0007952876466522051
0.0,0.17567584457896923,0.07791689836389937,0.03550414655953432,0.06878386313437275,0.007741436493045703,0.3179637995614949,0.4409973877937131,0.0627189012513999,0.24573025668047763,0.7083731619141753,0.21312876139123466,0.18119657333501363,0.09041871787205788,0.023168314945032163,0.013955744343332884,0.011420295384034806,0.020456374444911208,0.0011422548768241256,0.025305339558427533,0.02839330489449187,0.019757708481036727,0.029473493482798305,0.0007874635794333224
0.0,0.17521097879506276,0.07850388399301504,0.03559361186955145,0.0695967458682864,0.007833241032550599,0.3152649870658202,0.4405180570799979,0.061844249386104194,0.23863431277223077,0.7074318311787099,0.2115518018333408,0.18155891411658018,0.08958513955618122,0.02325972606705127,0.01402512923171508,0.011317039414967525,0.02036212325655225,0.0011303384961877027,0.025443037068247583,0.02842045053790467,0.019683684056536095,0.02938471936290547,0.0007793088585534435
1.4210854715202004e-14,0.17481512574578853,0.07911897721901975,0.03575818773036451,0.07046850044080648,0.00792640127048109,0.31279124413281467,0.4397742335971652,0.061003589134574605,0.23173965053479045,0.706442372327529,0.2101485924647316,0.18177003195826372,0.08881952893332073,0.023355733948172083,0.014108257321143734,0.011215898816699673,0.020274181016568943,0.0011182642564361628,0.025567919428165976,0.028448281390270107,0.019602367213130623,0.02930218779818906,0.0007707308390829746
0.0,0.17493115411583082,0.07962334292539198,0.03595411267595473,0.07143389059615035,0.008023969215486499,0.31063998567851553,0.43860456456631697,0.06018671413162288,0.22509967438348902,0.70619977550278,0.20866400005293936,0.18174590684058814,0.08812758142360785,0.02345454743808609,0.014204679415968601,0.011115775183060506,0.020210398859899583,0.0011062277528747515,0.02564943354404561,0.028473631181253883,0.01951477923664473,0.029245168981127195,0.0007618247297339812
0.0,0.17655547577127195,0.07972979173281318,0.03610248587513112,0.07253563419035738,0.008133306877125756,0.308774980882163,0.4372612826482137,0.059396599925628665,0.2188132762029764,0.7083464717728576,0.2064359333330043,0.18145124533296153,0.08749955660992059,0.023553929129337094,0.014310551952928479,0.011016318491438078,0.020229302745912982,0.0010948562733094401,0.02562692818311425,0.028487177434109792,0.019413622665184427,0.02925954939266691,0.0007525924438778727
0.0,0.1767014625508524,0.08036431039328812,0.03651000804042632,0.07357258750158654,0.008233270293903886,0.3062153709722164,0.43594797607448715,0.058625814481789065,0.21244342605542427,0.7073225461605765,0.20495152593912985,0.18125119807070317,0.08697206176546889,0.02365988582842279,0.014441823153187091,0.010921545057559375,0.02018150576488405,0.0010827054994017758,0.025672932781054668,0.02850734843632534,0.019312920323718372,0.029211519744392574,0.0007428586448902367
1.4210854715202004e-14,0.17630131709462374,0.08124101563712291,0.03707254929012318,0.07463079679990875,0.008330067585671671,0.30358830106659007,0.4342874982669558,0.05786731939544747,0.2061613041424334,0.7050059408174137,0.2039008163679572,0.18094322256168158,0.08653674559747178,0.023768177397136197,0.014590336822900007,0.010830471383671509,0.020103320619810797,0.0010701084754716806,0.025737394634605816,0.028530118940453847,0.019212753632103327,0.02914115486754014,0.0007327622851247517
1.4210854715202004e-14,0.17602883170487962,0.08219025994610071,0.037732697202375313,0.0757592706286118,0.008427794032137148,0.30117549012668465,0.4323754610539868,0.05713085765755181,0.20009063044443084,0.702614808269762,0.20298971992493034,0.18049111579056604,0.08619925625856407,0.023878765408035275,0.014755464824905206,0.010742602022664981,0.020029419949434087,0.0010574534799521974,0.02579184498534768,0.028551326296695857,0.019109231556563917,0.029077803502898063,0.0007222804482540988
0.0,0.17588461577777173,0.0832137705722499,0.03848924781510158,0.07695486752252238,0.008526366588056241,0.29894769538442895,0.4301389420898046,0.05641329220739729,0.1942742221998408,0.700174096816275,0.20223270265491172,0.1798658759245808,0.08593341904392332,0.02399071001556454,0.014938989198455783,0.010659061068232483,0.019959172149632765,0.0010446649193781002,0.025834622818923018,0.028570962300355603,0.019002682825772752,0.029022493766610275,0.0007113970007753138
0.0,0.1758969449136765,0.08430236493323608,0.03933531634989978,0.07823007303956603,0.008626327528036824,0.29693451876130583,0.42749112387074983,0.05569512423021071,0.1887646539034747,0.6977567228885996,0.2016418083378187,0.17904535466591137,0.08574491314237266,0.024101918977613702,0.015135046049254542,0.010579932712768646,0.01989042311343644,0.0010317957605218571,0.025863315521247637,0.028589089871550896,0.01889571559571141,0.028974966656857934,0.0007002391130958636
1.4210854715202004e-14,0.17606119832360106,0.08547660811594526,0.040269806614690845,0.07957564199412202,0.008727071963015387,0.29505002636747374,0.4246170651607851,0.05498487865516977,0.18354809132331792,0.6952488334227525,0.20116902082270896,0.1780739466894252,0.0856556239159406,0.024213851202969195,0.015346913961817045,0.01050555055612223,0.019825939744990088,0.0010188704582341438,0.02588098470051398,0.028604751838815938,0.018786693196350065,0.028935565762109015,0.0006887593717677802
1.4210854715202004e-14,0.17637777574662758,0.08674391054153315,0.04129291323457586,0.08099894494000189,0.008828133445503091,0.2933249874513624,0.42146728645412784,0.054282745643361295,0.17868873393619011,0.692664679755739,0.20083590841683385,0.17693717426235947,0.08563004657684362,0.024326194136738286,0.015578720455729148,0.010436571235178205,0.019764395891177764,0.0010058938795954242,0.025887995926291877,0.028617344030373162,0.01867687845284118,0.02890403767064786,0.0006769543084910509
1.4210854715202004e-14,0.17817046475409742,0.08766467991449488,0.042306660984418945,0.08263714513551622,0.008940875519653084,0.2923834450211424,0.41762968851582954,0.053525075843269765,0.17488756661824167,0.6924259677429291,0.19997390100651244,0.1754117555915754,0.08566578563548376,0.02443217136759634,0.01581628605842599,0.010373111121902544,0.019764490424023982,0.0009935845816285488,0.025824902615422776,0.028614670917696292,0.018559973832083073,0.028940456634955106,0.0006649844021830707
0.0,0.1804780676904697,0.08861003415288568,0.043395115167168305,0.08437820829794719,0.009058072766354635,0.29160527328595914,0.413629471041497,0.052752152318634976,0.1718058245774076,0.6926913454372631,0.19895467353083285,0.17371380796963734,0.08578993623259959,0.02453655856608384,0.016067396496873936,0.010316299702268605,0.01978804585524055,0.000981527873485594,0.02573365544617107,0.02860360509398083,0.018439512896719433,0.029002667046449267,0.0006528577192225986
0.0,0.18081009596669426,0.09031360651138538,0.04467600522817108,0.08593203713689322,0.009154555463846543,0.28912731453046964,0.41065092830055555,0.052050002520669617,0.16727585852032137,0.6880326570659092,0.19854806379736656,0.17246205716535573,0.08598560212519289,0.024647750144493472,0.016349865530950414,0.01026845235455502,0.019734765037990737,0.0009685687908174169,0.025702281055738734,0.028598341874484137,0.0183257674895472,0.028976170125396605,0.0006404085384476477
1.4210854715202004e-14,0.18130053837177765,0.09214185596070841,0.04601164477358816,0.08756981014181274,0.009249011156411564,0.2868036815298876,0.4075786246656441,0.051353100867696976,0.1630078093031587,0.6830560358792432,0.1981942998241659,0.17113354815931142,0.08624284371345577,0.02475716528443156,0.016644815099606393,0.010229043382079828,0.019683790655455096,0.000955658260316109,0.02566245173449983,0.028588327577009773,0.018212935327096592,0.028955576826634216,0.0006277921932575335
1.4210854715202004e-14,0.18268320872496457,0.09400236160318588,0.047380606074045144,0.08938264749776133,0.009350216671309378,0.284794011357746,0.4049746232603063,0.050628056360988744,0.15898430069982397,0.6779718867411169,0.19730946021017245,0.1698861865332716,0.08657159110621905,0.024866395246549666,0.016953972008196493,0.010198885687256963,0.019674906969694997,0.0009432232871387341,0.025578137847593222,0.028562423160135457,0.018093147903723645,0.028966068008377956,0.0006151800987781929
1.4210854715202004e-14,0.18602003671300577,0.09577052961822857,0.048768280296747464,0.09152230502951686,0.009469490277530954,0.28332240363492184,0.4036569825551621,0.049854569375232104,0.15512355455981092,0.6729823398537548,0.19501717518871356,0.16901518726489495,0.08695031525005989,0.02497788592060901,0.017284515832123235,0.010179344517355405,0.019769040142083912,0.0009320007499776857,0.025396506468087762,0.02850041703608678,0.017953876229067935,0.029040746706976445,0.0006026812255882463
0.0,0.18726073107207536,0.09796682729950636,0.050203849345164135,0.09341922230066399,0.009562850712908962,0.2810387997869753,0.4011070188979767,0.04914514507753113,0.150901206243694,0.6663231092092837,0.19421475002026875,0.1677677299260475,0.08737506912004889,0.025087799464821377,0.017627758024103556,0.010168654223739226,0.019759858744333912,0.00091976294837431,0.025308005675450548,0.02845953499078486,0.017833991152115244,0.029049877930301855,0.0005900057414253497
0.0,0.1878374968140008,0.10038005212329339,0.05165498470831366,0.09526817923958908,0.009644474956870005,0.27870466483283907,0.3980526809941119,0.04844574979638813,0.1467673224941405,0.6590159183213546,0.19394705805138984,0.16631153638907553,0.0878491187153548,0.02519657251543768,0.017984529208788787,0.010167637465445252,0.01972030431710092,0.0009072864505409109,0.02524401382491374,0.028421296227001906,0.01772119792264088,0.0290464630706853,0.0005773837791304923
1.4210854715202004e-14,0.18861395800913558,0.10287440643577841,0.053094163251906926,0.09722598809055359,0.009723634117664363,0.27674127437633406,0.3947823855851173,0.047765219234970444,0.14294747644750921,0.6515430046228503,0.19375179913085216,0.16472682041701878,0.0883569384115547,0.025305482110121066,0.018359112503814584,0.010176758947139321,0.019683860012695665,0.0008950524457023446,0.025170393129942147,0.028375431807517365,0.017609396167100107,0.029052613412563842,0.0005648895498779167
1.4210854715202004e-14,0.18955296507493066,0.10546707941217742,0.054518409604001276,0.09927747665585086,0.009802925457439755,0.2750899345091085,0.3913973269243778,0.04710530160949947,0.13940526461828434,0.6439762847988408,0.1936285887192892,0.16304379943629502,0.08888876551948813,0.025412657350074253,0.018744438322700965,0.010195974719505315,0.01964810018870665,0.0008830746969094341,0.025093309406058556,0.028323580070302248,0.01749956469542789,0.02906649181399002,0.000552638026554502
1.4210854715202004e-14,0.1906547572977813,0.10815353678464898,0.05592055136852694,0.10141994464037593,0.009882395487336111,0.27375086972493695,0.3878815953592298,0.046451977696316094,0.13615344873572732,0.6362979628952689,0.1935782255083924,0.1612542295345531,0.08944825115291577,0.025517510542240107,0.019141538944963763,0.010225886837243188,0.01961412781813715,0.0008712947937779277,0.02501318792844983,0.028264875995853776,0.017391374620622537,0.02909032033695274,0.0005407403235736993
0.0,0.19194892291754262,0.11089112313345298,0.05727049001082724,0.10367353632895454,0.00995759696377704,0.27269106892147266,0.3841730011867538,0.045825155733011276,0.1331632973234308,0.6285003802279426,0.19360437477710063,0.1593359026805921,0.0900261039758259,0.025619170969788285,0.019552300570911132,0.010266204024838197,0.019581433580194943,0.0008598670566700974,0.024925898657156633,0.02819740186271383,0.0172841859043878,0.029123407546886186,0.0005291699453724773
0.0,0.19333956067396166,0.11368958373654468,0.05857022041059396,0.10601444819377523,0.010034246852564637,0.2718875444768315,0.380411212948718,0.04523542973108909,0.13040537615101264,0.620602688216528,0.1936875665590271,0.15731893030677863,0.09060794216383056,0.025717998463531972,0.019971257943175388,0.010316222600988901,0.01954921920835151,0.0008488447933694124,0.02483736919180773,0.028122958729282378,0.017179064845089125,0.029162930280789316,0.0005180873722029839
1.4210854715202004e-14,0.1948880115366863,0.11653381802381763,0.05981643283427212,0.10844555602269189,0.01010853888782201,0.27132952708818864,0.3765722547121001,0.04468111751656924,0.12786014756548758,0.6126254960227423,0.19383470438856507,0.15520574603722495,0.09120009491475818,0.025811567119186092,0.02039934092600602,0.010376324356213959,0.0195176329779027,0.000838123863133769,0.024746889677330748,0.028041041850663924,0.017076000058555942,0.02921173241090835,0.000507534634845385
0.0,0.19658972316278833,0.11938381716292903,0.060983826115916684,0.11097590841872212,0.010178896944476002,0.27095608861982096,0.3726082496890284,0.044175648874125326,0.12548013040978281,0.6045425943366274,0.1940342561441164,0.15297474373745878,0.0917871239240767,0.025898975370623665,0.020837164370990265,0.010445745564292832,0.019486518207484115,0.000827868923115655,0.024651516057888623,0.02794907008585742,0.016973152012912184,0.02926860279072117,0.0004975747866160145
1.4210854715202004e-14,0.19840003656568173,0.12225252983209679,0.06206763798181826,0.11358752465728071,0.010247426565947446,0.2707964407481907,0.3686249356840197,0.043732268342397386,0.12323567534021296,0.5963642179827803,0.19426104683693035,0.15064540407161722,0.09235736889851152,0.02598244768333906,0.021279808708744997,0.010523987564440722,0.019455941777557825,0.0008181699821705246,0.024555751636397487,0.02784938847538394,0.016871933925519417,0.029330885578741243,0.0004883004550821331
0.0,0.20023130363675742,0.1251116550087391,0.06307196581820296,0.11627131047806982,0.01031656049497965,0.2706950847670326,0.3646240181596246,0.04335416707689629,0.12106061172751025,0.5881512733625536,0.19452871648887995,0.14823190403980338,0.09292142967899612,0.02605622317382924,0.021729518468562335,0.010610871276602478,0.019424175281804325,0.0008088927579168908,0.02445996866652245,0.027741164111915365,0.016772342256230883,0.029401510920359693,0.00047977149887117466
0.0,0.2021513408040244,0.12794687606580835,0.06397842515504605,0.11903139893449989,0.010380979372819194,0.2706817932079292,0.3605483961625143,0.043044647562533345,0.11888805972577501,0.5798818859789122,0.19480942852029273,0.14571874355762773,0.09345718767316918,0.02612245812852759,0.02218348552718222,0.010705501706528611,0.01939260329673364,0.0008001586269816067,0.024362342805792504,0.02762207781840733,0.016671546765895863,0.029479653463678503,0.00047210056304138363
1.4210854715202004e-14,0.2041227139170412,0.13074488120149427,0.06477167914246343,0.1218483449879389,0.010440841690314335,0.27079282652322845,0.35645568271066536,0.042815308325844466,0.11674295172817359,0.5715566521302774,0.19508065540701297,0.1431233771271451,0.09395189193493618,0.026181374053247174,0.022638944690161214,0.010807254397143445,0.01936123124041195,0.000792101851501967,0.024264941750184548,0.02749381280873859,0.016571845160220852,0.02956291083388773,0.00046528694880532866
0.0,0.20609161185011965,0.1334883875463605,0.06546995829407902,0.12470249273441102,0.010492714301252263,0.2708783776449081,0.35238165201734417,0.04265674701381623,0.11455279294017329,0.5632185904075698,0.1953788368492932,0.14046481382798628,0.09442246231124238,0.026228757367600428,0.02309735095178236,0.010914994674347757,0.019329564880102373,0.0007846017063538834,0.024167177012478266,0.027356297860884515,0.016472450369369375,0.029654841738468427,0.00045937162367515685
0.0,0.20802053652014793,0.13618081204781915,0.06605553410919357,0.1275628481473218,0.010533800550983533,0.2710048608976888,0.3482807921428288,0.04256985070783523,0.11230971533487426,0.5548451412438361,0.19566848492471706,0.137734927453879,0.09484067808812627,0.026268964763746832,0.023553982804495877,0.011027996689995715,0.019298911796333043,0.0007777086430941868,0.024070683611580053,0.027207230809559658,0.01637088295548214,0.02975607793284061,0.00045454003683414
0.0,0.20999420904471425,0.13876852480060461,0.06651165876127577,0.13043954322871937,0.010565721954979068,0.271155132527603,0.34416728010279424,0.04255053017583368,0.11008616762524093,0.5464517379862978,0.19592916830102844,0.13495555619429503,0.09519254380637703,0.026299077659688707,0.024009094301045832,0.011145741242378139,0.01926775387102127,0.0007715531789364621,0.023974464172591962,0.02704802095993874,0.01626996908735635,0.029863889383540745,0.00045066384386365155
0.0,0.2120133732950893,0.14126550571366492,0.06686062306487366,0.13336422873228954,0.010591823243310407,0.2712620813935776,0.3400686758098548,0.042603940309506705,0.10783455893062319,0.5381072723542382,0.19620533744540292,0.13214323077671933,0.09550163566031247,0.02631995277559226,0.024463022684924122,0.011266963332169535,0.019236018662370853,0.0007660703193246277,0.023880048385229766,0.026879435014044318,0.0161681504725867,0.029979380202399042,0.0004478463303521291
1.4210854715202004e-14,0.21407012577705534,0.14366865027286105,0.06709407250909688,0.13633868816666098,0.01061327577973115,0.2713867706509707,0.33596018257219623,0.04268531815846644,0.10561037644503833,0.5297630736260688,0.196462136248713,0.12930661680245087,0.09574180710131316,0.02633351491056849,0.02491190384012446,0.011391822968963376,0.019204121381218405,0.0007612350958825166,0.023788113514359145,0.026699336529616736,0.01606422478331302,0.030101737464739292,0.0004461826502442645
0.0,0.21614190420489707,0.14590038895188925,0.06718778251130614,0.13936713362246184,0.010629739460588702,0.2714793074952625,0.3318003746273291,0.04276409382990361,0.10346587388558451,0.521439593385728,0.1966709379987501,0.12646015810303848,0.09588954900686697,0.026334995679828648,0.025356615050057596,0.011519795423676139,0.01917133123405363,0.0007571600755867389,0.023694167915399356,0.02650938084983191,0.01596105999037422,0.030229318477904648,0.00044551773831950594
0.0,0.21822147815152268,0.14801874450303065,0.06716009150415676,0.1424180383541916,0.01063926910028934,0.2716110477543758,0.32779906120274704,0.04326035105837308,0.10141534673579385,0.5132289024217213,0.19690286553199046,0.12360346379058389,0.0959965351056898,0.02632937997741782,0.025789549242463433,0.011641719838145232,0.01913864018564712,0.0007538086646843595,0.02361244881673161,0.026309866871201047,0.015856290733582,0.03036531119432369,0.0004459741492622196
0.0,0.22031037146321483,0.14996363371147037,0.0670652766934256,0.14549844578963075,0.010642424766409654,0.2718144642264213,0.32313226217059215,0.04186283883403661,0.09953651910854301,0.5049129816240853,0.19713625062958046,0.12079682460030412,0.09594656064311384,0.02634058442885577,0.02625046731876946,0.011802344955362424,0.019109400441097,0.0007513713301544063,0.023491935790127268,0.026103969743402834,0.01575083452954829,0.030508324263140006,0.00044752847226420646
0.0,0.22240584979563252,0.15169317761752976,0.06686799994753174,0.14863096162576436,0.010641944608610563,0.27224231502390345,0.31801611447117456,0.039500224328660544,0.09788800922932994,0.496552408372539,0.19731284318919173,0.11801854072846084,0.09575949251359347,0.026364293340105982,0.026731202840875296,0.01199076732505366,0.019083499339021082,0.0007499267114761107,0.023344160536922634,0.025893587054415718,0.015646613198080465,0.030655768101857682,0.0004500577371337005
0.0,0.22449071387622024,0.15330473124009725,0.06650505589537851,0.15179860332903816,0.010637547448814389,0.2728252646207377,0.3137459277113007,0.0393165358205928,0.09639336652484642,0.48847896153812825,0.19751352168164313,0.11522135843205973,0.0956061646489401,0.026363801566286316,0.027158502647938926,0.012132312351209847,0.019055876709423405,0.000748994483456045,0.023253245470043094,0.025669979435160972,0.01553848030842735,0.030811532123868217,0.00045366016147912834
0.0,0.22657228542637342,0.1547732423496663,0.06603038875043225,0.15502316906317393,0.01062976401315806,0.2739294333129084,0.30997781812125064,0.039835610380761964,0.09540753173009427,0.4805761024993434,0.197758095284408,0.11242477427546584,0.09539951115348287,0.02635661718394115,0.027578513449836486,0.012260357020893651,0.019031730510940734,0.0007485554284122973,0.023187445806868934,0.025435085388451826,0.015434886170798247,0.030977969509059983,0.0004585163024423887
0.0,0.22865674461303614,0.15605249044254974,0.06543466023302895,0.15830542023807873,0.010619140299860155,0.27555929045338934,0.3064581079659583,0.0405714783139653,0.09480411990623655,0.4728100731533816,0.19798064469357637,0.10964181488891954,0.09510484356734768,0.026352552847597972,0.02799686913637866,0.012385740374276146,0.019011002539832855,0.0007487729094099486,0.023131827438993967,0.025193595056917994,0.015335015506796217,0.03115185472470943,0.00046442691988564133
1.4210854715202004e-14,0.2307910936805187,0.15716492500128137,0.06474119978672709,0.1616068752846449,0.010606269590067169,0.27717893162203333,0.3027281082196802,0.04106965027859571,0.09415543002961531,0.4649062035836281,0.1981870609500306,0.10695779487476649,0.0947863290925609,0.026357045273186445,0.028370752652412592,0.012505150908212552,0.01898961460524824,0.0007499949828398631,0.02308109246002502,0.024950125691065143,0.015222848600386096,0.03132549166669526,0.0004708240682594517
0.0,0.23298199207390757,0.15814561165568936,0.06395908138707011,0.16496671984740977,0.010591223803258509,0.2794362802533746,0.2991958884644646,0.041754900619465254,0.09377967638671217,0.4572863484618843,0.19842225728855767,0.10431945531126684,0.09440389834953093,0.026369987011321983,0.02876399987693317,0.012630170870734633,0.01897576409794276,0.0007518071143488838,0.023034178659070186,0.02469844161982104,0.015112716011046409,0.031508524238205125,0.00047827016113917285
0.0,0.235155390881688,0.15889386394057534,0.06310432841313453,0.16839081257994812,0.010575499907108701,0.2824059157890796,0.29671224961421067,0.04245622019052258,0.09360607410525833,0.4500640807926232,0.19858808032219724,0.10157641486652098,0.09393639167587665,0.026395307305045666,0.02917332753288116,0.012753263011474046,0.01896676104424884,0.0007541060034870779,0.02298904115084584,0.024454626723834628,0.015009855721200257,0.03169851610325308,0.0004867183955407969
0.0,0.23736047451709907,0.15938960599840515,0.06221616941004928,0.17184693666022297,0.010558733771831476,0.2863193387928652,0.294595521836726,0.0430250779107751,0.09422205907928659,0.4424652904517844,0.19878431885852335,0.098924826682775,0.09349208461043514,0.026431817467479492,0.029522524221719516,0.012853134215000344,0.01895686713076909,0.0007572427462254592,0.022980547125340468,0.02422001976702228,0.014914366000201755,0.031888922572566425,0.0004959665946410377
0.0,0.23965764474271214,0.1597892516816465,0.061255161179294915,0.17530500950994332,0.01054123807360649,0.29031248521202535,0.29235246152921135,0.043714448760029535,0.09493753221275876,0.434472871337381,0.1989414052957021,0.09642724936355591,0.09305621948706627,0.02648147208882012,0.02982664205292789,0.012946543936236366,0.018952225880508745,0.000761213206672503,0.022973005638990802,0.02398410748426434,0.014808596195161786,0.03208187544656079,0.0005055380217152007
1.4210854715202004e-14,0.2420212915414454,0.1600375669990849,0.060205062906177706,0.1787718009501865,0.010524356036542755,0.29424234349065836,0.2894249002437432,0.04447766853170727,0.0956306958481671,0.4265628310179627,0.19914181874766515,0.09414811291783963,0.09258084918056535,0.0265400076021734,0.030108046704586996,0.01304041372203038,0.018952569477021793,0.0007660045668723009,0.02296665654101884,0.023734194337091,0.014694886953861891,0.03227680800226957,0.0005155186923378215
1.4210854715202004e-14,0.24441209319380702,0.16013239937062754,0.05910404429232542,0.18224042230829032,0.010509940038718503,0.29833581476990734,0.2862840099814952,0.045273438874961235,0.0963387814963384,0.41882752483693053,0.19937262189032892,0.0920072680618185,0.09208418889058932,0.026610828327745042,0.03036620710108367,0.013130113284488376,0.018960448584662764,0.0007714492576803129,0.02296855735090187,0.023476544034524958,0.014577141132392968,0.032473408313436924,0.0005260588894051578
0.0,0.24680670231607246,0.16007717886208622,0.0579957147593295,0.18571712382300212,0.01049760937676841,0.30276282956980005,0.28363341626225946,0.04607439682733007,0.09715323819475319,0.4112355549697475,0.19955446188722975,0.08994794888921367,0.09161442434969955,0.026696055125882075,0.03060487141326089,0.013213176316333482,0.01897481650636337,0.0007774390776275036,0.022975719412542787,0.02322641085787084,0.014460415967748877,0.03267306968924916,0.0005371231219150516
0.0,0.24920474116207736,0.15987663526423584,0.05688113693177687,0.1891840225554967,0.010489806735095699,0.3073786431094382,0.28103095166894493,0.04682379633643779,0.09806046461027451,0.40383909725477696,0.1996885665035525,0.08800671870065387,0.09114415324416184,0.026786348128456476,0.03082441107118723,0.013290981240905322,0.018995210889687038,0.0007840281444375534,0.02298553608201272,0.02297597130176435,0.014341393024579877,0.032873582625607696,0.0005486352604912366
0.0,0.2516562719933167,0.15953059021715849,0.05577169435789205,0.19263217129767288,0.010485505937312468,0.31216180605106386,0.27847209945128254,0.047590182879976975,0.09897773091591204,0.39658304797226096,0.19984159168499402,0.08622680282530062,0.09068914286910754,0.02690791421486138,0.031022671402104973,0.013367018679414831,0.019024061496039257,0.0007911929902901454,0.022995467445720855,0.02272703773684312,0.014221205524306979,0.03307126144882369,0.000560603101378792
1.4210854715202004e-14,0.2541266558092093,0.15909772077113915,0.05469255026248424,0.19606896134159446,0.01048771281908114,0.31712525867246855,0.27632900311949227,0.04833390487390046,0.10005058688600355,0.38939039478140225,0.19986598462583924,0.08447815057886089,0.09027369831472766,0.027008925249877688,0.03118562459216958,0.013425404534485097,0.019058438882098707,0.0007985851070334013,0.02301195102663819,0.022484252349413772,0.01410066121096888,0.03327350958278496,0.0005729248344918128
1.4210854715202004e-14,0.2568068180386007,0.15855481390516618,0.05370399693924245,0.19950208992692894,0.010505420381794939,0.32182040775762377,0.274224711797437,0.0477888648338181,0.10118714408928096,0.3817647660226057,0.19938876322207297,0.08248862324308565,0.08986190021403029,0.02700562810135703,0.031303851420561524,0.013474703768320238,0.019098165811881236,0.0008063273444544851,0.023007692991828893,0.02225121057954464,0.013972848554010566,0.03347991168902825,0.000585574677191256
0.0,0.259571114643445,0.1577342181605541,0.05280465934685146,0.20297185716395238,0.010539508669368198,0.32657285853888307,0.2713492347158675,0.045583975073646636,0.10230446891655902,0.37442619382321496,0.19897965754213526,0.08072464018370584,0.08948998995072785,0.027010934855926982,0.031422700203684546,0.013560941959675837,0.019152900398240868,0.000815200785482137,0.022944908978538566,0.022032131319044006,0.013846373696384456,0.03369114223050416,0.0005985031200761615
0.0,0.26234070243224544,0.15688668723503918,0.05195543363016666,0.20640980530784733,0.010576324747356867,0.3313953716037191,0.2689643890051686,0.04480914592435092,0.10353048374678951,0.36716138040824015,0.19871971437066957,0.07927871323951725,0.08921688445800283,0.027104388016722204,0.03153445311452692,0.013636064931205788,0.01920982575938637,0.000824378094413501,0.022908297720878393,0.02181527847824871,0.013724518068183337,0.03388124079628811,0.0006116339242978381
0.0,0.26504375409030473,0.15602375604731913,0.051184597337908685,0.2097471286915521,0.010619342783972245,0.3358656601204369,0.2667909093209652,0.04451270276861097,0.10483429833814084,0.35960901606581697,0.19831344864182002,0.07798169686093281,0.0889994213745873,0.02719207039506323,0.03161126809966256,0.013689520812456696,0.01926806619053198,0.0008336453486188698,0.02288603520565004,0.021602214793132218,0.013600768044478868,0.03405567673323617,0.0006249528348134806
1.4210854715202004e-14,0.26777188023438453,0.15514859850339183,0.05050234771321667,0.21301468483269098,0.010671850768878187,0.3400714744982506,0.26487823549830253,0.04448546248264435,0.10629468792198857,0.3521186794822082,0.1977846878188608,0.07676705986517415,0.08881009134544222,0.02724183662417251,0.031626786861317605,0.013706147394538654,0.019329982401482086,0.0008426683832935938,0.022874323689153084,0.021392957533893846,0.013474511652732323,0.034229390160481,0.0006383764013156943
1.4210854715202004e-14,0.2707532364224957,0.15416920124842337,0.049974464598235256,0.21627335727722188,0.010733421744496513,0.3439751159144489,0.26281064937503323,0.04458764764734381,0.1075320221880773,0.34425214757740313,0.19702187365224805,0.075815902801307,0.0885601716705837,0.027299287437572376,0.031632489648280596,0.013726450985421468,0.019400974400749945,0.0008521566201864046,0.022770187911958006,0.021227353593366437,0.013358236715728528,0.03439947937591302,0.0006518281520659718
0.0,0.27382649095154965,0.15323003264274965,0.049579233992802715,0.2195513511128945,0.010812574081957968,0.3484241858089806,0.2605345891846685,0.0450094978513284,0.10906170703876669,0.33716118694081365,0.19659312300428147,0.07527660268959258,0.08843879142124687,0.027444988743161054,0.031642906109731826,0.013757147084630869,0.019475039871475818,0.000862096942000168,0.02267335907470271,0.021064629268528774,0.013247932115767351,0.034560132533051645,0.0006653277074025896
0.0,0.2768691411419839,0.15233255593084022,0.04930667365003391,0.22274795194851488,0.010906253183183712,0.35317470681180874,0.2582051813179182,0.04511523154940488,0.11111649043635215,0.3305308917965281,0.1963099089167837,0.07485020830933653,0.08850550677593913,0.027597070586420615,0.03162758697402191,0.013783779522963792,0.01955369009485539,0.0008720724564490646,0.022630326667855694,0.02088539067143213,0.013132001073863944,0.03471159346330369,0.0006788044402639083
0.0,0.2799457061840556,0.15146899592127872,0.049186854155969434,0.22586523312507348,0.011016548675295453,0.3578719509134045,0.25576328123281256,0.045032741059482746,0.11325780940556264,0.3238835548537467,0.19591152704494647,0.07458772767889177,0.08866797142402888,0.02773680753039499,0.0315909912185846,0.01380478264659935,0.01963690932886121,0.0008821074437422681,0.022576451244449437,0.020720867952834288,0.013017648041794722,0.0348590222681649,0.0006922660774388476
0.0,0.2830649425918109,0.15068552243288405,0.04921038692336309,0.22892438293619358,0.0111449549474442,0.362567637972577,0.2531997565793982,0.044945703506214435,0.11543537765734617,0.3173949280216376,0.19550471450261436,0.0744972291304601,0.08893986546483325,0.02788551087173292,0.03153211909546345,0.013821308939420067,0.0197228583195209,0.0008921824459312618,0.022517622450836817,0.020569610379826925,0.012906368680380835,0.03499881570277119,0.0007057031221239934
1.4210854715202004e-14,0.2863998792803369,0.14997693695296246,0.04937022090341909,0.23195177971355554,0.011289126235989586,0.3672712401276488,0.25061079663111613,0.04493994273677143,0.11765432230369495,0.31103911793533034,0.19507819278956892,0.07454154676138616,0.08929268428354344,0.028036350386897727,0.03144655971335354,0.013827711774548527,0.01981220213265518,0.0009021266963507574,0.022453197184213878,0.02043190353456197,0.012797415270665588,0.03513194272859003,0.0007190382680377597
0.0,0.29248469109316977,0.14886978366874554,0.049644053899422086,0.2352495705632208,0.011435139156116627,0.3722207092389236,0.245056401334654,0.04397788014018295,0.119491138188049,0.3046021563455828,0.19474306703713007,0.07520920105747236,0.08941628413739429,0.02817320612448251,0.03135524280084262,0.013844174582219893,0.019815574039990465,0.0009123762149489795,0.022482819527155914,0.02025100055962205,0.012680423741719286,0.035250469385649755,0.0007350253939654261
0.0,0.3014243296186744,0.14785352692975368,0.05004185788363674,0.2389588090425405,0.011593561474538439,0.38110962846968777,0.23987325725285152,0.04287344495132795,0.12406804754249921,0.29916313972841463,0.19446074531088453,0.07611336649042125,0.08987206583656196,0.028415704627960312,0.03124829334209116,0.013865770006854449,0.019791317997766626,0.0009226457093507878,0.02265502922102933,0.020066185307072985,0.012562636651518213,0.03535057968798026,0.0007528321898607445
0.0,0.30710544298322207,0.14723775453103385,0.05060751093824119,0.2420776992932276,0.011799245628850234,0.386407233918871,0.23730373863187895,0.04193198977372089,0.1259339796623349,0.2929719875414114,0.19398373306057956,0.07700247891725373,0.09025882325396746,0.028504402337512155,0.03112552900113159,0.013882902237202243,0.019827250535503695,0.0009329136368661152,0.022639925883246582,0.019935906880622314,0.012453569606157174,0.03544415711758396,0.0007672826549079748
0.0,0.3126510001589108,0.14670299530581665,0.051265051515440044,0.24507538162929066,0.012037923099403488,0.38895275449325856,0.23567443388190454,0.04184748261594913,0.1254623536813453,0.2861272345233863,0.1932502896791325,0.07858202644134483,0.09018909246488332,0.02849979481818815,0.030949529893855056,0.013844497385106465,0.019828437299187082,0.000942023177751415,0.022582324832888755,0.019829081006198828,0.012350120920212404,0.03553852682112709,0.0007818936784845398
0.0,0.3153780682681752,0.14625581643263402,0.05199494122068899,0.24771865318557854,0.012321926833706457,0.39152198819001083,0.23475872387598573,0.041702481670603274,0.12599160280631763,0.27963577565953746,0.19189912393553843,0.07952591375867822,0.09084575910972233,0.028602630028073235,0.03075077046185327,0.01380639528152295,0.01992803499381758,0.0009508224968395082,0.02239218416130605,0.019840409556910955,0.012266515485438216,0.03562649492765202,0.0007937291961527082
0.0,0.3179068739224609,0.14617465955478082,0.05277721482778476,0.25028031067877093,0.012631026832063083,0.39450068400867283,0.2341462530856794,0.041299888850158506,0.12724851664590323,0.273506974315615,0.19090663240749867,0.08034753031443903,0.09182769259230915,0.028707075827800674,0.030559185182301205,0.013793791148809836,0.02004161276845279,0.0009596751270359342,0.022230300257866546,0.01983501774543005,0.012180555575504246,0.03568976045683575,0.0008048431117450903
0.0,0.3203847366965864,0.14634841639207927,0.05364724430384397,0.2527077108976734,0.01295391322987346,0.39793633532982137,0.23336703132449482,0.04077435634187476,0.12952503921600825,0.2684361022746976,0.19025831347922625,0.08104451436862606,0.09304685054442786,0.028832358480193228,0.03036923368619926,0.013796105790669132,0.02016083841920016,0.0009687972661556729,0.022102505164304707,0.019831447106100686,0.012097919477937435,0.035754133863546395,0.0008162870895244555
0.0,0.32270388178029347,0.14666898928756406,0.05453664701563574,0.25498151139529796,0.013291737033097958,0.40126557805394514,0.2327348421302845,0.04012808559484517,0.13191623752111342,0.26369320070789465,0.18949345781567448,0.08180832986607585,0.09438200154448144,0.028969551142683916,0.030157264263274537,0.013793291179382302,0.020283024882752448,0.000977515829233368,0.021975800780815145,0.019859082455015328,0.012023934588778632,0.035803624574020816,0.0008275218819412101
0.0,0.3246903991712876,0.14727101661515107,0.055374481981528154,0.2571344848846141,0.013641665130764414,0.404280788402656,0.23191408840408975,0.03965442726562971,0.1338103082536746,0.258718621848273,0.18870849642627607,0.08269901803075276,0.09580337652175541,0.029164732462408166,0.029944749525689526,0.013791359738678007,0.02041653011103533,0.0009859458234413039,0.021837269167562113,0.019904275256936388,0.011952960365699126,0.035828573293749146,0.0008378779845318626
0.0,0.32664539192317865,0.14803377956732483,0.05619984704920848,0.2591646730072888,0.014009496120202133,0.40698477941726424,0.23148186265625773,0.039162000426010875,0.1358710185579616,0.2541533917679621,0.1879943145489686,0.08361489513049586,0.09738740223813701,0.029357898670312303,0.02971847554412323,0.013790009851144997,0.0205483721048887,0.0009938743482608347,0.0216997369857677,0.019965843270127837,0.011886501434846519,0.035844964040629784,0.0008484473575477942
0.0,0.32856773885788426,0.1488667446737792,0.057002067923127356,0.26105879950968963,0.014394683856050337,0.40904408815310034,0.23136747993891094,0.038438484864913726,0.13765304710846152,0.24971359586745173,0.18709534241360085,0.08460666396942672,0.09909178634673531,0.02953385720134806,0.02946762584270369,0.013784683825767483,0.02068000774470851,0.001001200135306732,0.02155840468235289,0.02006473583469633,0.011830781229717929,0.03584667148498337,0.0008589059967505295
0.0,0.3303825619284419,0.1497910570743447,0.05777916872428559,0.26284526637982036,0.014792188733284958,0.4105515790302052,0.23134536717797208,0.03756643625957123,0.1391349102341697,0.24537312815351012,0.18606181541083527,0.08572257884181865,0.10089856706205656,0.029714418582265107,0.029206896707733965,0.013778848417742937,0.020814935461562736,0.0010080935159311054,0.021421814896368775,0.020196847803068258,0.011782377624091324,0.03583658394762695,0.0008692271114985682
1.4210854715202004e-14,0.3319738289297359,0.15071238945264254,0.05848533253917338,0.26446100339205914,0.01519999126164395,0.41147166681424485,0.23134714752272104,0.03655368420458725,0.14027031480471594,0.24107863742434155,0.184799184047638,0.08700533759315221,0.10276376891628317,0.02989667378788927,0.02893468758732773,0.013770625999680718,0.020951488469254233,0.0010144541754967516,0.02129323017667864,0.020368718810322803,0.011741488037270223,0.035813332769914184,0.0008793858026854878
0.0,0.33303913197783214,0.1518537012805642,0.059139784159247345,0.26582577111425193,0.015608729565406572,0.4113204574692141,0.2315513797591597,0.03590518882802683,0.14127711509956295,0.2371092597848555,0.18418257395372778,0.0879465490625202,0.10474557010370762,0.030103870038302873,0.028663415341995162,0.013773571383230267,0.021104574760532246,0.0010208056730094104,0.02118777950570131,0.0205071261358158,0.011700250070741009,0.03576412886440694,0.0008884181978195963
0.0,0.33403917888666496,0.153047316179612,0.059740324894711656,0.2670587366762859,0.01602720740037218,0.41100144841791364,0.23195829393906423,0.03528492905101265,0.14202519201263997,0.23299767752997902,0.18369875392550455,0.08883670182051154,0.10680974544558072,0.030314991474909903,0.02838696690094087,0.013779263282326143,0.021257390394429053,0.001026588250492461,0.02109222611499929,0.02065772723245017,0.011663490067511927,0.03570509151370232,0.0008975016412334512
0.0,0.33506858596267497,0.15422297058742346,0.06024277387243696,0.2681686157973841,0.01645849255967884,0.41085310752433135,0.2324999305367675,0.03459188177706786,0.14254180729837568,0.228555540058075,0.18316629530938922,0.08971254689807417,0.10892851157364951,0.03051873853225351,0.02810133205240303,0.013785501205535261,0.021403661784815255,0.001031577266161836,0.021004519501828738,0.020832898275293357,0.0116330195094786,0.03563869862544927,0.0009068955503253545
0.0,0.33582656749143974,0.15542345101189245,0.060672976377289405,0.26908937254865584,0.016895292722224883,0.4099447114821958,0.23308646421452253,0.03393467902610282,0.14253613367239618,0.22379693614472038,0.18268403747896053,0.0905201617026143,0.11108297700317421,0.03071918712019644,0.02780621844220202,0.013793214798164154,0.021551578417548907,0.001035942106748565,0.02092715617906457,0.02101941291557015,0.0116089448926931,0.03555233545025969,0.0009157518310734349
1.4210854715202004e-14,0.3362850957961894,0.1565882115847641,0.06102220095222402,0.26981290108044137,0.017336103770072286,0.40835927583641657,0.23372936503665223,0.03332828658159887,0.14192327436288857,0.2186250341598601,0.182222058217622,0.09132621874078176,0.11324803609771825,0.030921883551538718,0.027503610884044596,0.013800941104484194,0.02170014071989133,0.0010397699923674407,0.02086276299566442,0.021219047144372467,0.011589657046980204,0.035453505706363284,0.0009245205349812753
0.0,0.33626986396035036,0.15769047214008464,0.06126466678006122,0.270290517951538,0.017774748660808137,0.406211967552879,0.23434876811297414,0.03266718934500089,0.1409393894763536,0.21313542529699384,0.1817514100821907,0.09210213477959812,0.11540796778998545,0.031132226321214616,0.027193330774164904,0.013809091226146823,0.021848365709727386,0.0010429747089226531,0.020813281611211387,0.021432493168605165,0.011574748924814837,0.03534197011108958,0.0009332651968723411
0.0,0.3359349113736459,0.15875108822272824,0.06142465920674644,0.2705957785571447,0.018217659705099847,0.4035123201589071,0.2350277135835761,0.03215602258706581,0.1395383413546928,0.20728429559591036,0.18133859450634737,0.09285241590649174,0.11756340910915557,0.0313347361265181,0.026876678269282278,0.013818617875311651,0.021996569500447,0.0010455217668126472,0.020776989080908033,0.021658545423506696,0.011566833865741036,0.03520653699208696,0.0009413792140556779
1.4210854715202004e-14,0.3352552861591357,0.159722841294063,0.06149689982780642,0.27069189768313373,0.018666176075685978,0.4003939738052883,0.23593772098298776,0.032334291735676736,0.13766360800170951,0.2010804853772445,0.18098110599387324,0.09364647481375706,0.11970228687966829,0.03151027967263448,0.02655863491544268,0.013832238035015338,0.02214462175776425,0.0010475761127938046,0.02075885342995507,0.021901973434972057,0.011568840764014657,0.035052227690432425,0.0009488657283066048
0.0,0.3343359867998979,0.1605682364472682,0.06146750716576929,0.27061111759224393,0.01911691429428344,0.3971045461402146,0.23672047784127498,0.03251960610977663,0.1357801994496263,0.19463256589006633,0.1806387480509256,0.09440189592930649,0.12180313127106689,0.0316954829834545,0.026232798736665463,0.013845390188443937,0.022291717699080723,0.0010489936010876126,0.020753742818973842,0.02215415716816819,0.011575041732930228,0.03488638988765822,0.0009564116020894435
1.4210854715202004e-14,0.3332115226396542,0.16132804713143337,0.061345825976886634,0.27035866327150376,0.019566448884573436,0.3934690908785473,0.2373273898128866,0.03265884014546595,0.1338701102735694,0.18800584930131753,0.18032817110608287,0.09510777458008889,0.12383561787542811,0.03188232950748015,0.025903785250857445,0.013859325458736619,0.022437187193311153,0.0010496401935579604,0.02075653441705465,0.02241221142500039,0.011584625101229455,0.034699462398574916,0.0009636331126713627
0.0,0.3319253121213978,0.1620104250110657,0.06114301427228518,0.2699620404107176,0.020016882362601532,0.3910135470290586,0.23787838364602865,0.032691063229865355,0.13243956833171405,0.18111072888962595,0.17998699087790046,0.09553642264953233,0.1256712725749614,0.03211551070428588,0.025598625527802378,0.013877560315442204,0.022609672671515823,0.0010500809723741065,0.0207959414792519,0.022674583975728937,0.011590645797266302,0.034499874893731915,0.0009708426716680764
0.0,0.3305205916806367,0.16253755439523662,0.06084910614805539,0.26939567556333294,0.02046684957952226,0.38779471631781015,0.2385141193498182,0.03264055104691968,0.13104763270253533,0.1745148811881423,0.17966802772285065,0.09600029313994109,0.12750802033560443,0.032341826299128636,0.025269305894703113,0.013889363929826204,0.022768084129687855,0.0010496725670140611,0.020840575477445215,0.022940878605539384,0.011603315902497822,0.03428135202291525,0.0009779486923577072
1.4210854715202004e-14,0.32886807777542293,0.16291717242429843,0.06046956810850708,0.2686685666790587,0.020920196117744583,0.38266083138960083,0.23867142931851787,0.032557222350732176,0.12908849902187933,0.1679081393788194,0.17945898298715274,0.09663009564985972,0.12927954441990597,0.03251601854530399,0.024930803948166158,0.013904613052753223,0.02290351029268813,0.0010482334708621624,0.02088042273177259,0.023207174866162056,0.011622644682664725,0.03404139923309261,0.0009849710207492969
1.4210854715202004e-14,0.32698942869620296,0.1630355909344584,0.060026680397161865,0.26792256483227506,0.02137826407858009,0.37560477004684084,0.237959730411361,0.03309983053967165,0.12628332491517125,0.16033236549914748,0.17944639221353378,0.09727841095181096,0.13082116638266855,0.03260592483491465,0.024626727097322734,0.01394186977093586,0.023037871923132388,0.0010462227075458156,0.020928948916478694,0.02346610327842949,0.011648156656739095,0.03379097141521772,0.0009921321840932005
1.4210854715202004e-14,0.3250462060905597,0.163039736080485,0.05950630872314089,0.266884874760736,0.0218418440669561,0.3700464658887736,0.23787852334934087,0.032865089406639826,0.12523694656507747,0.15455529650432703,0.17927900190410775,0.09793935965596173,0.13242392485755386,0.032781115823631406,0.02426924698189519,0.013950496883002908,0.023163675196265967,0.0010433568981344258,0.02099810536541096,0.02373397157012494,0.011673605996144466,0.033516843934018166,0.00099915735515878
0.0,0.32286031831352147,0.1629192928344686,0.058918869801327094,0.26560884414066166,0.02230941666717135,0.3646288416597817,0.23799071363365398,0.0323180100970591,0.12467275634112197,0.14946804309174702,0.17907282939211167,0.09862725351107336,0.13399096970565458,0.032983787731328054,0.023888339669487144,0.013947105384525255,0.02328333154720686,0.0010398101793875297,0.021084989352945782,0.024006008280384985,0.0117006131292056,0.033222904475204054,0.0010060513625806808
0.0,0.3204846648927145,0.1627553373415841,0.05829447262309195,0.26414861195438655,0.0227808173344055,0.35883451539184935,0.23763389331805845,0.03224176907305006,0.12427977850657097,0.14468463725695044,0.17888375979367538,0.09938408568575044,0.13532389778772436,0.03314450747879565,0.023544399503068265,0.013962039059748375,0.023402707704309775,0.0010357010708356325,0.021182126629167297,0.024282075631403534,0.011729593030674527,0.03291607143243584,0.001013138424838584
1.4210854715202004e-14,0.31773107691837793,0.16246385925554452,0.05761328856718173,0.26238776273797504,0.023245162063343715,0.3527769590355825,0.23716788168046943,0.03223130696279486,0.12407634313649661,0.14039573592934693,0.17870834075099695,0.10017053171312891,0.13651795998670396,0.03329677916596775,0.023203816645580293,0.013978552589607264,0.023518841281985656,0.001030959604681082,0.021292361391494787,0.024554679522021915,0.011762402020581634,0.03259236969925155,0.0010202053674656728
1.4210854715202004e-14,0.31471923563354576,0.16204482465439352,0.056885679063268337,0.2604346168128577,0.023709301666710952,0.3464669549972334,0.23651731525701508,0.0322791270940974,0.12396740334634933,0.13636780822087155,0.17854114056618714,0.10101504200050826,0.1375693021855576,0.03344266486176031,0.022866777891000226,0.013995576407328464,0.02362958293401776,0.0010256126174447043,0.02141839792515719,0.024825191722658315,0.01179725676554967,0.03225191193976296,0.0010273126472526138
1.4210854715202004e-14,0.3113181186679381,0.16153105945252152,0.05614645854332763,0.25827272507734933,0.024173234206588966,0.3397230965612594,0.23575208770912776,0.032371567310396705,0.12384472757212645,0.13251272235839867,0.17839267827812114,0.10193309675955295,0.13845891963939022,0.03357382566625793,0.02253416402739101,0.01401309015479586,0.02373202999410972,0.001019574068912507,0.02155640166998315,0.025093129091136084,0.01183397078653712,0.031898867608443605,0.0010346820566180335
0.0,0.30759728915319995,0.16083799189292583,0.05536800959780528,0.25589849833649714,0.02463651758359081,0.3326609829710632,0.23485441907642693,0.03250670501527137,0.12360808968113601,0.128766937549642,0.17824053379379814,0.10291032533174996,0.13918183854654512,0.03369006101792961,0.022206029898485767,0.014031049138173074,0.02382804131126378,0.0010129661026486883,0.021710962414881907,0.025357429636862452,0.01187385366400276,0.03152802952996971,0.001042095375311417
0.0,0.303336776434651,0.16005745115169928,0.054574514851262156,0.2532451621815991,0.02509453652440709,0.32542469601934043,0.23374814984251427,0.032675737251647956,0.12322475794391113,0.12493627151356379,0.17812260343152705,0.10396361512769695,0.13973537614583784,0.033807518549623806,0.021882811359151436,0.014048606169437096,0.023916727446600592,0.00100567761809798,0.021880965037302417,0.0256158668171449,0.011915236888167226,0.031141253867855948,0.0010495839413038827
1.4210854715202004e-14,0.2989516907693175,0.15924507132728594,0.05379388120622826,0.25044284158489866,0.025555915488509464,0.3178819968854224,0.23248424979663165,0.032879391298453145,0.1226398362821125,0.12101614803805878,0.17805167078091672,0.10510998678477035,0.14011136282618805,0.03391387169972646,0.021564701701496516,0.014065467061048179,0.023998559418435966,0.0009977909566392551,0.022062163430190778,0.02587009038325229,0.011958481799224705,0.030742609886280546,0.0010572385263115619
0.0,0.29455619960452,0.15827653880248155,0.05299586691942349,0.2475030508600354,0.026019167044898206,0.31007645173911647,0.23103870133262305,0.03311165010680702,0.12179721752723652,0.11698744440762242,0.17798041492349034,0.10634257643656467,0.14030959095013543,0.0340059752160918,0.021251748067156264,0.014081093596797071,0.02407325514965945,0.0009893592657634189,0.022259588791480746,0.026119821920995746,0.012005240920445161,0.030328212500127523,0.001064973809577214
1.4210854715202004e-14,0.29003875358719466,0.15729418433729525,0.052220268101373764,0.24442010642826473,0.02648022413540779,0.30195468978231926,0.22937833725104528,0.033373546467045684,0.120577057726063,0.11267040565517758,0.1779498212097201,0.10768207424197782,0.14033502933132766,0.03409083438077916,0.020944346142887326,0.014095233138525265,0.02414184522865087,0.000980455229744041,0.02246946473435593,0.026362980422995678,0.012054217532695805,0.02990120074271832,0.00107278122541799
0.0,0.2852169853380163,0.1563259333647089,0.05147672602789144,0.24114138967928964,0.0269387742536077,0.29350972093332744,0.22750481764694616,0.033668479758191705,0.11906542992319569,0.1081373942770114,0.17800226939683148,0.10913109197082474,0.14018244961832538,0.03416649919782232,0.020641775957330046,0.014107338807500272,0.0242023675591861,0.0009710465616864781,0.022692202065842576,0.02659925881607687,0.012105221278788346,0.029463630237069223,0.0010806914594932205
0.0,0.279381221424484,0.15521601850315164,0.050733609008896424,0.23741767374487197,0.027385860161978953,0.2846050200802874,0.22537286527340453,0.03399310275929858,0.11725310961160608,0.10343818179267028,0.17815080144087206,0.1106783709987818,0.13984592192202536,0.034224461039234925,0.020345016072140832,0.014116642381962802,0.02424997508387849,0.0009611239263493598,0.02293689519082933,0.026828454181537474,0.012159690860499301,0.029013121794647365,0.0010886989781696027
1.4210854715202004e-14,0.2734780763316298,0.1541201359906527,0.05003787130238792,0.23356395219239,0.02782966824490658,0.27544882421280215,0.2230105206200366,0.034362984895860156,0.11510652956654321,0.09844488860026089,0.1784094608550347,0.11233344912024365,0.13934827623462046,0.03427531214355623,0.02005435311566234,0.014123994933989229,0.024290581730319293,0.0009508191233601991,0.023193095174301116,0.027049394741362663,0.012216610607623673,0.02855402357261133,0.0010967294878950322
0.0,0.26778457458219596,0.1530611125550099,0.04938637461737762,0.22967247753229336,0.02827500846540091,0.2661413387237123,0.22041697305507846,0.03477508742400891,0.11269651416561999,0.09321041201747896,0.17875136453485513,0.11409376088244078,0.1386714319365172,0.034317568559542974,0.019768216118897546,0.014128118645530742,0.024324058202455052,0.0009401099212111981,0.023461695139066166,0.02726112241094626,0.012275592134721725,0.028086311629941334,0.00110471763014165
0.0,0.2624062124490955,0.1518524693384633,0.04875808095049385,0.22579945688334174,0.028724704982280365,0.2568680999031553,0.21740324233762925,0.035326478555402795,0.11022304851862062,0.08773876486968693,0.17917856640887062,0.11594318171833994,0.1377904508351953,0.03433184515267215,0.01949570997078152,0.014130815979307132,0.024346624305257455,0.0009289940554515676,0.02374604835858934,0.02746207741808991,0.012339080661885358,0.027609990386286157,0.0011127790399661022
0.0,0.257242667056777,0.1505187996347515,0.04819752928584378,0.22207751557401323,0.029177874785741027,0.24791626690388097,0.2134286247935409,0.036550062342026554,0.10820608535260944,0.0815514074740535,0.17983650811703242,0.1178768068886279,0.13664847945147715,0.03429552235307665,0.019258384994434916,0.014143737893848218,0.024363592670029677,0.0009176648615420078,0.02405211035606584,0.027643411205801542,0.012409459208636738,0.027129853141039127,0.0011208533614277011
0.0,0.25230269091093505,0.1493354417339827,0.047692049048615445,0.21818784995172236,0.02962682321272695,0.23884015322880253,0.2096728525465796,0.03738161740854331,0.10565140302457571,0.07593749977662118,0.18048908636384406,0.11990667031213639,0.13543939964322965,0.03429206140455425,0.01900252911948712,0.014141808294807615,0.024371457806721678,0.0009059735419407694,0.0243644440320235,0.02782354126352136,0.012477159686277878,0.02664345667861009,0.0011286777568692906
1.4210854715202004e-14,0.24746394685879272,0.14814063262208987,0.047224217562682094,0.21415743948913823,0.0300694757243801,0.22962876456052586,0.20586644570487012,0.03802965671956091,0.10292435682996082,0.07064781484743718,0.18120472993075581,0.1219928759787843,0.13410692424518483,0.03429310732694919,0.0187470140944814,0.014130694418514314,0.02436798043374772,0.0008939636771353986,0.024682707477695257,0.02799448297393736,0.012545760123649422,0.026153811361533347,0.0011364989098134209
0.0,0.24274259652761274,0.14702809154082397,0.04682886711076448,0.21001927009711985,0.030503825329883473,0.22036641934543363,0.20193094927784302,0.03875562825898448,0.10015985875733074,0.06552237967751422,0.18205216640155938,0.1241500738618513,0.1326442673486026,0.034285060961746,0.01849881278045956,0.014116424481087358,0.024356802227563895,0.0008817309190733584,0.025014418982450184,0.028154231320042414,0.01261689462184301,0.025664390789805154,0.001144192857554765
0.0,0.23823668444203322,0.14586337458133705,0.04649828801571901,0.20593342447725094,0.03093511256176887,0.2115874461062917,0.19754231126538677,0.03991623999949416,0.09764371850071873,0.06043009979383004,0.1830254219624929,0.1263991450328235,0.13101568108891434,0.034241160031473546,0.018271031853886403,0.014103905977244983,0.024338653900339145,0.0008694380286316456,0.025369379916606732,0.028299115933840314,0.012692589752947705,0.025174107752691986,0.0011516242089244114
0.0,0.23456882296873663,0.14468241444165994,0.04619010676469174,0.20225235219781068,0.03136955189132549,0.20537735979512203,0.19260554257614748,0.041861821576013696,0.09832755043041094,0.05640301201940016,0.18407113076270384,0.1282602169503924,0.129074737250704,0.034240732883108284,0.01807632958075786,0.014095728689077004,0.02430112195547829,0.0008570058461638242,0.02570126895082788,0.02838952781715579,0.012763000590674764,0.024689983319688517,0.0011586922282872051
0.0,0.2312672627215078,0.14377084472645843,0.04595546624764904,0.19847289468232304,0.031802596924162894,0.1986599854271035,0.1882830926184183,0.042943124008525374,0.09821718559788221,0.05366759936196571,0.1850607454633801,0.13016079226670918,0.12713399991326169,0.034268134954278114,0.017856230140550305,0.014067160562524252,0.024247627613591886,0.000844284817249863,0.026031101592583362,0.028479080354971056,0.012828793753021863,0.024207206421281074,0.0011654295848989385
1.4210854715202004e-14,0.2280203304191778,0.14290218669259852,0.0457892668673583,0.19461166125016158,0.032228520991100254,0.1918055497831244,0.1840305772140324,0.04391461006269733,0.09778448926127614,0.051606421573699,0.18609034037396585,0.13215628402698953,0.12513545046348273,0.03427097884372881,0.017642921572731996,0.014031145547616803,0.02418564399765451,0.0008316308782631968,0.026375136331732364,0.02856193116336586,0.012896101902228296,0.023726816129307358,0.0011717342609847687
0.0,0.2243985457900739,0.1419814646756449,0.0456846122878202,0.19054056812998132,0.03264568466064827,0.18429769262005422,0.17953014147996782,0.04482288886892408,0.0958444295924518,0.04862480950628083,0.18732130609917605,0.13439888563528413,0.1230993002795727,0.03421477460522125,0.017443288588093082,0.013989990166695804,0.02412032778019884,0.0008190331802350238,0.02675671893619668,0.02865285254103893,0.012973117471498917,0.02324697148046227,0.0011777807398555518
0.0,0.22115542665887364,0.1412400599211928,0.045638804714319095,0.18662304580898548,0.03305772177183397,0.17786101701312831,0.17518728786381038,0.04574614775531269,0.0949317188968118,0.04661973245681367,0.18855387885181152,0.13649162195469805,0.12094375835476245,0.03418204674808422,0.017249267220683186,0.013943369449706412,0.02403819288616683,0.0008062961504885789,0.027133041769634814,0.02871687058227236,0.013047613811219057,0.02277540360820376,0.0011833502132941028
0.0,0.21870298155733284,0.14077071218593906,0.04564422945759838,0.18306740333491067,0.03346308268146649,0.1740093218766386,0.17143826204796794,0.046875824002064435,0.0973176968075238,0.047584454757313564,0.1895692552897558,0.13812313919814587,0.11865801701978083,0.03425187740909713,0.017063977574508424,0.013888362667260522,0.023935773748427952,0.0007935056875719132,0.02747172763607312,0.02873101167280353,0.013107106601199216,0.022316576354732012,0.0011881640922480263
0.0,0.21587080358666447,0.14033370547850335,0.04569289213925171,0.17937741719121464,0.033859626078439654,0.16926354368989732,0.16749186234137836,0.04786508582100714,0.09752754115977816,0.046876344222963995,0.19082521963356006,0.14001051171324058,0.11634684264200527,0.03423970881849299,0.016891595977224907,0.013825568426365115,0.02383309994610891,0.0007809902422183429,0.02784602983020874,0.02875773308516551,0.013178531249003327,0.02186037255894454,0.001192519441705978
1.4210854715202004e-14,0.2129714554363515,0.14001372861425038,0.045786171886954025,0.17565607200378436,0.03424543932525756,0.16442976230606335,0.1635564420514219,0.04874262088719016,0.09689863175547284,0.04555501488116974,0.19221757966048317,0.14195227876699373,0.11398802864922467,0.03419113380185894,0.016726425083984194,0.013757205381682161,0.023720145974311182,0.0007686243363482443,0.02823842171204058,0.02877863595221678,0.013255954629930221,0.021409254311028254,0.0011963358666903603
0.0,0.20986536134190162,0.13981064188233622,0.04591766835040335,0.17184558322313206,0.03461556221544435,0.15982371904915216,0.15973658972082908,0.04953876832630157,0.09591246683657002,0.04398665612074086,0.1937165337660759,0.1438659605761988,0.1115939939918944,0.034129727435393886,0.016574652724778677,0.013679759779841396,0.023598281761682854,0.0007565107132301307,0.02863737358057491,0.02878911875941008,0.013334035612071131,0.02096467162154517,0.0011994147427265478
0.0,0.20666233468920311,0.13978583127543606,0.046078141796858,0.16799322483375548,0.034967526655466374,0.15581591033095515,0.15617666991988483,0.0503020369910011,0.09508739388883625,0.04266165910573053,0.19523128918941512,0.14567755888581982,0.10914637046371689,0.0340670841559965,0.01643400896947686,0.01359403153011533,0.023465714896879587,0.0007446378040371366,0.029034788361615,0.028782853591849053,0.01341129348724561,0.020529845754377482,0.0012017087630672339
0.0,0.20343787061727642,0.13993653862806407,0.04627609702071563,0.16413778734979081,0.03530353937036687,0.15230501464766097,0.15285546860208618,0.05101863106667424,0.09428199723577846,0.04138657671887112,0.1967952729604124,0.14739165524480238,0.1066732250668376,0.034008874882696785,0.016298060959452392,0.013502239654588348,0.023321394267063512,0.0007329383850381118,0.02943506389762189,0.028761498513781396,0.013489466353556025,0.020103271862916144,0.0012032907120982103
0.0,0.20022486703151907,0.14024874383815794,0.046504676050721505,0.16024688407120155,0.035622900254755084,0.14931650217585463,0.14978975561637703,0.051669564129723435,0.09347717425227633,0.040136041207015374,0.19840421850350842,0.1489996478231143,0.1041885770547419,0.03395204054121213,0.01617446913579792,0.013400795526579277,0.023166216538723642,0.0007215301476361996,0.02983471627206933,0.028725474046008625,0.01356523134771558,0.01968534000356941,0.0012039572009375594
1.4210854715202004e-14,0.19682948161816624,0.14072577886678797,0.04675695247433292,0.15623233934021927,0.03591545142001515,0.1469516997942384,0.1470447795265586,0.052260136469051865,0.09270939482159125,0.038993646613571624,0.1999679089841114,0.15049605504501784,0.10167992339459819,0.03389477295095559,0.01605920269678657,0.013291080954066054,0.023002647447131732,0.0007104579968879461,0.03022867748039327,0.02867482730278168,0.013639609820709,0.01928123317218243,0.0012036621353232106
0.0,0.19335591043357203,0.14138778829535223,0.047028507946052976,0.15216826820144344,0.036193609677240265,0.14517979698482042,0.14461993089583416,0.05280173348470166,0.09199623070993507,0.03790104501466617,0.2015268364512755,0.1518891689664465,0.09919060856538768,0.03383645815977378,0.01595108531620003,0.013175453760527337,0.02283097607769602,0.0006998459580670047,0.03062604902748931,0.02861154079809873,0.0137140603262195,0.018892146670366,0.0012027505131556445
0.0,0.19002172079937385,0.14220002012774896,0.04731207258438814,0.14803580695125357,0.0364522237316157,0.14402082893110818,0.14254122427098742,0.053264671419314104,0.0913442997816581,0.03686535174290574,0.2030431393299137,0.15312713679967138,0.09672413757523757,0.03377351406260089,0.015855407135462716,0.01304944639149766,0.022648901624154935,0.0006897354660745586,0.031020664967979124,0.02853326780434502,0.013784573710987675,0.018517863669713384,0.0012008110065561783
0.0,0.18700393298915244,0.14322348935057694,0.04761260652641701,0.14387646069715548,0.03668595127641147,0.143360100636182,0.14084274907805594,0.05367143950464801,0.09076424234842888,0.035917451944539366,0.20457885268415044,0.1542280473274712,0.09428021135916029,0.03370957996863924,0.015769287740366802,0.012916260593346166,0.02245859441331958,0.0006801311085721696,0.03141297306569838,0.02844367502677274,0.013855367263489876,0.018155785539418334,0.0011978746194108753
0.0,0.18452489654979798,0.14445559303456051,0.04792020708769242,0.1398131415682884,0.036900769883132595,0.1431991925311951,0.13949433213233578,0.0540263823462383,0.0902502382960208,0.03501804691574429,0.20615796450632812,0.15520478959078826,0.09189469101079917,0.03364581558071905,0.015692530883764117,0.012778264214609309,0.02226051122576359,0.0006710449372199973,0.03180430871479574,0.02834320979733289,0.013926086705379023,0.017803193647683725,0.0011941706925807816
1.4210854715202004e-14,0.18284772974285732,0.1458139845390135,0.048226430955087184,0.13591768058078454,0.03709426672662985,0.14352612332793216,0.13853906069110608,0.05429677267053971,0.08981493722111325,0.03417157273105975,0.20774948299010745,0.15598393409506933,0.0895627401021342,0.033581702308804626,0.015632103320233928,0.012629451744124606,0.022051148850936977,0.0006624093359715473,0.03218848448535783,0.028228864556776416,0.013991421303893312,0.017459958919271098,0.0011892609581061618
0.0,0.18193999352144488,0.14736441366192546,0.04854436724458175,0.1321637922696241,0.03726463440443422,0.14431955782617586,0.13793925542422758,0.05450921641591751,0.08944885227501549,0.033399653288526114,0.20934614143976618,0.15661379138804865,0.08729180752048851,0.033515631158879934,0.015582808082888932,0.012474401854640542,0.021834459156365754,0.000654290808246303,0.03256558693968849,0.02810433221806189,0.014056828050034829,0.017123966423028457,0.001183209998657104
0.0,0.18183194188309285,0.14911219443113088,0.04885947632114198,0.12859576699969602,0.0374125281640435,0.14553947329405573,0.13770388428122748,0.054659091191430205,0.0891416496270054,0.03266514378440606,0.2109537094381363,0.1571136861683876,0.08511256400864625,0.03344588499812596,0.015545367218002573,0.01231513713313316,0.021611115912618908,0.0006467416898323087,0.03293591351610173,0.02797000124128878,0.01412028638254284,0.016796544634931274,0.0011762620718558298
1.4210854715202004e-14,0.18244592557931982,0.15096471109580104,0.04916918457310712,0.12528926119071207,0.037537221526821804,0.14700854889496906,0.13788018846188202,0.05472935207771466,0.08890995650332148,0.031972593595488596,0.21260096698246206,0.1574136161165816,0.08302355743863285,0.03336963031276942,0.015528264738188238,0.01214554172529006,0.02137718355125295,0.0006397770662428371,0.03329463294793273,0.027823392260535006,0.014177860827083746,0.016475960777813044,0.0011679128108392934
0.0,0.18366165704723286,0.15298525696846188,0.049485541829717934,0.12227628301132915,0.037641531361018055,0.1486573704915046,0.13837564487525394,0.05474436611002312,0.0887551078271366,0.031341882848555026,0.21428146883516125,0.157552330045233,0.08102984487759106,0.03329068557898666,0.015524232469208086,0.011970483354050617,0.021138349422592594,0.0006334191313088791,0.033645121678675775,0.02766852548750067,0.014235727884711181,0.016162575402370552,0.0011585463252740305
1.4210854715202004e-14,0.18544371767425,0.15515420871675809,0.04979446789002766,0.1195822728905775,0.037723844978509086,0.15044311299403246,0.13922454479025986,0.05468689750465996,0.08866261338302846,0.03073618845286601,0.21598447808241283,0.15755378449817015,0.07914621367944233,0.03320469811048348,0.015534881153697935,0.011791379551990222,0.02089418790624329,0.0006276637290574903,0.033984350955946964,0.02750570623351414,0.01429084613990518,0.015857725013766824,0.0011482879782575388
0.0,0.18768599592694135,0.1573866031016679,0.05009857148876797,0.11718889360652433,0.037779598850451665,0.15224641722467652,0.1404273046187726,0.054562561188079166,0.08863634362291724,0.030158355962014233,0.21773069122021815,0.157372617147352,0.07737580517212195,0.03311236871028732,0.015567255691331884,0.011604031973151841,0.020643532945494168,0.0006224875288431038,0.03430986293915905,0.02733399516657566,0.014340008936165478,0.015561406140959305,0.0011367097123115904
0.0,0.19051285781641955,0.15973749276412658,0.050401703492831296,0.11506292274160689,0.037811512780904416,0.15409793291573365,0.14191639893236296,0.054375648707058404,0.08866121749341034,0.02961178731721427,0.21952963859964358,0.1570379895700364,0.07572271004842629,0.03301397528483964,0.01561471629047119,0.01141297599555788,0.020387036263114437,0.0006179096373011847,0.03462620455312198,0.027154039172913914,0.014388783811031118,0.015270719368256597,0.0011241887142628
1.4210854715202004e-14,0.19390899685314467,0.1621929535837219,0.050697378689101645,0.11322975057257162,0.037818028830801355,0.1559920595547495,0.14367315673710715,0.054120455526914225,0.08871873537455277,0.029073082750523793,0.22137742007341554,0.15657526290281673,0.07419783706540772,0.03290509089558109,0.015681482745892126,0.011218880470851761,0.020125985159471185,0.0006139407691464527,0.03492887054729432,0.026967317102082434,0.01443347935977696,0.014986183083141508,0.0011106912013769867
1.4210854715202004e-14,0.19786675589562971,0.1647084299847206,0.050984273019528785,0.11168869418129924,0.03779267782716078,0.15784557395998813,0.145712365604503,0.053805437079673335,0.08881263722747848,0.028544132281300948,0.22329785788438317,0.15595959641782955,0.07279960506770466,0.03278374240941292,0.01577084025151966,0.01101974433697052,0.019861113509817167,0.0006105547194067804,0.0352155739813795,0.026774491379923066,0.014471734890276715,0.014709026599880043,0.0010959790003479142
1.4210854715202004e-14,0.20217169630927811,0.1673175271059374,0.051266053161574676,0.11044487905424856,0.03773979809413157,0.15962921945775063,0.14797828126495227,0.05342612140516197,0.08894684446553788,0.02802572942828256,0.2252716319907539,0.15521014027414895,0.0715227923732606,0.0326559542564248,0.015876650553055423,0.010818932275150642,0.019593023158200152,0.0006077352051184555,0.03548834926172088,0.026574802009755365,0.014508656967829672,0.014438424748508582,0.0010804343340991226
0.0,0.2068197580255711,0.16994802623187374,0.05154227135252725,0.10945833250535912,0.037661591114563006,0.16136641857261244,0.15038706148457398,0.05299494220103876,0.08909107695545586,0.027503665518249055,0.22732219347980243,0.15433756118814992,0.07038297048996672,0.032520552024560424,0.016004440110623144,0.010616795700757105,0.019321969381570606,0.0006054135282547829,0.03574726847487111,0.02636871809246768,0.014540131447134539,0.014172257712462019,0.0010638810303595203
0.0,0.21164874882478146,0.17257725259926257,0.05180733229517735,0.10878485602851289,0.03755405631846577,0.16300262041600705,0.15297840349546163,0.052515878252595294,0.08926419366619279,0.02697899819654648,0.22944364235518247,0.1533379300991992,0.069366427141447,0.032374251388575165,0.01615401331363701,0.01041367359670642,0.01904990924505364,0.0006035427827563551,0.03598910130038712,0.026157842377339965,0.01456558696640728,0.013913983213448685,0.0010463599645901117
0.0,0.216613547404266,0.1752637955141814,0.052066192975921806,0.10841206296898147,0.03741881637750138,0.16453460609718668,0.15567157356900815,0.051983501386987006,0.08946373750806096,0.02645273564110858,0.2316260438595478,0.1522269621222658,0.06846492907767375,0.032221332628746095,0.016320694062185892,0.010211992410159425,0.01877702189380907,0.0006021637672676609,0.03621444134718955,0.025941165342313364,0.014589352410080043,0.013662374226433415,0.0010281439867386366
1.4210854715202004e-14,0.2217678790521209,0.17793378371982163,0.05231768369215815,0.10833763817674565,0.037256421108607995,0.16616704837788163,0.15824049040079063,0.05141998073267056,0.08954665049869037,0.025914204220072637,0.23388535453227183,0.15098994217036127,0.06768303288605483,0.03205965464783881,0.01651014646640332,0.010011523543363394,0.01850660312948749,0.0006012257612632184,0.03642131399158755,0.025718974196515774,0.014606627454505678,0.013418418326801735,0.0010089980409362556
1.4210854715202004e-14,0.22705767175173205,0.18059956577533848,0.05255550370561396,0.10857828810899563,0.037061607687164426,0.16771256620304575,0.16088096167498483,0.050823842298014905,0.0896249924836553,0.025369792597256732,0.23621554104333425,0.14966217429034387,0.06700567076667446,0.03188584724531901,0.01671922531698097,0.009814818604769883,0.018238889454327847,0.0006006590371154296,0.03660792050043176,0.025494468838079678,0.014618244937153723,0.013182639150728776,0.000989100511764103
0.0,0.23247976603699194,0.18330979372094722,0.05278660447081412,0.10910965499001879,0.036837236703290664,0.1693000923766129,0.163432483319627,0.0502031568156846,0.08963880090742339,0.024820384106204903,0.2386424906777671,0.14823784120817712,0.0664233037816768,0.03170821003606113,0.016944950948982407,0.009623495983953045,0.01797394231023299,0.0006004952046901416,0.03677628679627914,0.02526506310465554,0.014627549026534554,0.012954077117916482,0.0009686330677204959
0.0,0.23781644609793098,0.1859341580531718,0.05300495942526492,0.10992174479323745,0.03658791112734605,0.17083048497677725,0.1659773399327645,0.049566407090663,0.08965313957818918,0.024269391544563607,0.2411463475612815,0.14674044416849244,0.0659437381336105,0.031519007058491526,0.01719304522258907,0.009437823845878091,0.017712859052872718,0.0006006447489504249,0.03692571061118318,0.025032905063987056,0.014629190035230917,0.012733077077903738,0.0009473701732150827
0.0,0.24305237128756155,0.1884981880981624,0.05321083764272885,0.11098956631126547,0.03630959776409146,0.17230231599397272,0.1685101417159586,0.04891716877347944,0.0896557097453,0.023720135622236984,0.24370926772174606,0.14519088385126452,0.06553930943761051,0.03132041038300099,0.017458505921533456,0.00926097950726782,0.017457199562085555,0.0006010861576498812,0.03705443488828835,0.024799786516756323,0.014625696394328792,0.012520155515129368,0.0009255553608092462
0.0,0.24818390819052752,0.19105644682138065,0.05341011908501817,0.11230534096787041,0.03600700500506426,0.17372974479570144,0.17098061488652713,0.04827674293109236,0.08967008093014929,0.023203662862011563,0.24638404054611604,0.14359552570124126,0.06521771058837927,0.031116771624464357,0.017740155839731316,0.009093660495603144,0.017207108616817686,0.0006018114133316061,0.037168372984305156,0.024564187662318493,0.014619265058594554,0.012315011646714056,0.0009033643729131541
1.4210854715202004e-14,0.25313851370678914,0.19350536947903274,0.05359547727159552,0.11382332821047565,0.03567782587259378,0.175109534892894,0.17339926415375864,0.047639557889253434,0.0896857860325693,0.02270647109416004,0.24914121866674463,0.14196216884763707,0.06497035290401916,0.030904087865595748,0.018040293192958093,0.008937040540639167,0.016963266546810577,0.0006027279583869904,0.037260856630462004,0.024327483992036672,0.014604678466434885,0.012117475419257102,0.000880563033676498
0.0,0.2578733263168302,0.19585570017822493,0.05377130520423935,0.11552416655967299,0.03532285059953114,0.176445881245908,0.17572564370486315,0.04702107170237336,0.08967646461747138,0.022232797798129016,0.25195785085343037,0.1403085839870474,0.06477043462464419,0.03068417818297856,0.018354306128957512,0.008793004965314575,0.016727950694516144,0.0006038702557498067,0.037333165538648044,0.024090611283131523,0.01458543801763854,0.011928185638227826,0.0008574165887911592
0.0,0.26241221730648356,0.19819751238947028,0.05394031571103156,0.11739673545243867,0.03494632755827404,0.17776138903214925,0.177955427457121,0.046441921038259344,0.08967465473154522,0.02181854443574076,0.2548802435094708,0.13863958664211493,0.06462494753177557,0.030458947642213817,0.018681414824452507,0.008662030379145307,0.0165011640511133,0.0006051717507316045,0.03738997648119649,0.023852733220270372,0.014562780300541383,0.01174679518855059,0.0008340840030166793
0.0,0.2666984646564604,0.2004234873237481,0.05409602295381692,0.11939271382376612,0.0345416788424412,0.17902987581161936,0.18007155729637123,0.04589663643564899,0.08966508812231208,0.0214361908997549,0.25789323301809214,0.136957448632766,0.06452375348080629,0.03022771010944551,0.019022795112796254,0.008546702208066763,0.016283721524440575,0.0006065618769346658,0.037424149348475606,0.023615380721198436,0.014532101374057917,0.011573192275138023,0.0008103690955534863
0.0,0.2707264137168084,0.2025789828670663,0.05424293603541395,0.12152198745165184,0.03411631101795047,0.18029702701783373,0.18210246654040693,0.04540489997374634,0.08964088921225616,0.021089651460787874,0.2609735918578952,0.13529241177377163,0.06445328783158741,0.029989289477340208,0.01937471270094376,0.008447139179942364,0.016076530443949615,0.0006080901666484505,0.037442165752121136,0.023378879301285828,0.01449719533695366,0.01140802477389159,0.0007865484105258918
0.0,0.2745129777967653,0.20474466558830337,0.054381125982219565,0.12375026033608125,0.03367359913791362,0.181650051112773,0.18403029019968312,0.04498152311028182,0.08960745783084852,0.020814042750372255,0.26413279665942124,0.13364790927308143,0.06440730269496812,0.029744353930408172,0.01973615750869024,0.008363661760944708,0.0158806679748437,0.0006097040343625454,0.03744300426162302,0.023143035691951013,0.014458406987789241,0.011250179947471002,0.000762704203720317
0.0,0.27796660925905187,0.20680239516118362,0.0545063143614266,0.126041161962719,0.033203088979286886,0.18299691449714872,0.18578706313192433,0.04462543368206683,0.08954356889542307,0.020572862102789555,0.2673799144623143,0.1320147802462312,0.06438017527728739,0.029495607141360382,0.020106544929327782,0.00829928406761805,0.01569718028131354,0.0006113544262240366,0.03742113070188674,0.022909119368852485,0.01441212966798105,0.011099845945041953,0.0007387198946740182
0.0,0.28118752086787235,0.20882300645441781,0.054626090923652955,0.1284213242571242,0.03271809903601965,0.1844029220440756,0.18745669011254704,0.044359069125143806,0.08946820026290152,0.020372937201680354,0.2707038192785472,0.13043189614092804,0.06437286665773724,0.0292469398840047,0.020482766052776304,0.008252576003269785,0.015525687246823704,0.0006130862171011906,0.037386466234847704,0.022676777079044714,0.01436221079041835,0.010958833138299583,0.0007149434422210526
0.0,0.2840929139990975,0.2108389986867993,0.054742236258872735,0.13081510009219982,0.03221928584899324,0.18582791873577453,0.1890300869154522,0.044188867592334556,0.08938424968945238,0.020249324523272223,0.27406795562252423,0.12890040087052976,0.06437110157494676,0.028996526018460755,0.020863994492469416,0.008224213326938097,0.015367307555500663,0.0006148322140122079,0.03733180764752981,0.022445991245259683,0.014308187713834143,0.01082484400448426,0.0006913693132348237
0.0,0.2865669169909091,0.212758011627007,0.054846729742529146,0.13320057249199158,0.031696450186607765,0.18678083241347296,0.1903765211657388,0.044115238412065085,0.0891690703005278,0.020153971080938474,0.27751878331106583,0.12739283548110164,0.06437111553953785,0.02874682420267596,0.021244111467698626,0.008215779666034057,0.015222761601881964,0.0006164652435776984,0.03725510217417497,0.02221773420241811,0.014247875160254417,0.01069727172723241,0.0006680624664419297
0.0,0.28876400775482236,0.2146568076299614,0.05494993285298637,0.1356088959875184,0.03116612811512302,0.18757814717126414,0.1916424630369293,0.04415787975357891,0.08890971125408136,0.020097781466566253,0.28104836371014097,0.12594686325180526,0.06438487483348469,0.028504785959207333,0.02162468745319412,0.008225229131143649,0.015089533597844648,0.000618108048684918,0.03716485508563927,0.02199204316018863,0.014183987635063927,0.01057779970650026,0.0006452244301892938
1.4210854715202004e-14,0.2905875001086102,0.21652150906959278,0.05505117785652269,0.13798568353239363,0.030625444743266773,0.1881638512747883,0.1927797196602555,0.04432313331252522,0.08854472445498755,0.02006712341295446,0.2846037684589903,0.12456267483151108,0.06439505485148002,0.02826326430464754,0.022005037178567402,0.008252998083327929,0.0149697100568379,0.0006197092785425665,0.03705303109836848,0.02176916607406787,0.014116029609671005,0.010463957404258687,0.0006228594818076617
0.0,0.29199220865260167,0.21839799804899404,0.055143481580099366,0.1403091041375709,0.030070782168757648,0.1888483784595921,0.19362476151053892,0.0445985242456572,0.08800442315029487,0.020030237139546336,0.28819961198730115,0.12320331627983169,0.06439103837293068,0.028028505091624602,0.02237949470989194,0.008299554316765111,0.014864472798024187,0.0006212060962684326,0.03692524134255715,0.021549004717128492,0.014043350343695249,0.010358413357356908,0.0006011856432605044
0.0,0.2930330149011262,0.22028501056942934,0.05523447041983713,0.1425898880073342,0.029517030252839943,0.18959596276289709,0.19434880822882258,0.045008678151945626,0.08742214259721871,0.019996483385005665,0.29186289004040733,0.12189523221333218,0.06438320697188307,0.027802970513234625,0.022750139137692006,0.008362053860814291,0.014773643060378157,0.0006227469905109692,0.036782895923060784,0.021332962271134646,0.013966799060048952,0.010263071453536615,0.0005803094680213097
0.0,0.29365220457294383,0.2221735228960525,0.05532437774865325,0.14478753713232373,0.028960643420581918,0.19040269533147874,0.19494230781494654,0.045556804100196524,0.08680520732939277,0.019940375631646176,0.29557863810457913,0.12065198976347336,0.06437222115039484,0.027580759194097686,0.023116650869539374,0.008441299478646382,0.014698057437547587,0.0006242957148047361,0.03662287915571811,0.021122278346603438,0.013886806307124466,0.010178068843973702,0.0005602988049892122
0.0,0.2938261629045047,0.22414412833454683,0.055403130191565446,0.14689205841484085,0.028406694339831336,0.1913376640323784,0.19541988940311675,0.04621200807094137,0.08613886643077077,0.01985845727844133,0.29927443027078593,0.11946255902091016,0.06435462288662235,0.027363154833981673,0.02347306098501821,0.008535269788423653,0.014636791010928138,0.000625708565089395,0.036453332259480116,0.02091639094694268,0.013803293095480205,0.010102188267976285,0.0005414504144050934
1.4210854715202004e-14,0.293444039188656,0.22609806527348245,0.055480882401579966,0.1488612804095698,0.027858625612719623,0.19230303320131517,0.19577365050479428,0.04699450940858102,0.08544435382090028,0.01975601270026602,0.3029533721006578,0.11830950796113239,0.0643393222276384,0.027158532071502487,0.023823547945847744,0.00864260843730128,0.014590153149844203,0.000627125204189898,0.03626855850228602,0.02071578684714447,0.01371527658384987,0.01003445600191754,0.0005237954340503271
0.0,0.2925894728719178,0.22808956175445672,0.055557226700932744,0.1507315464993888,0.02731313787816457,0.19331041146557032,0.1960113772814377,0.04789993784517232,0.08471110449154029,0.01960101237005668,0.30660311734856616,0.11720877989352352,0.06432901855601933,0.026966178413823257,0.024165724484382346,0.00876332311577412,0.014556976278407215,0.0006284548973482526,0.03607154983627051,0.020521050819773474,0.013624979340341471,0.00997422979008639,0.0005075056528049333
0.0,0.29144693172052694,0.23019402983584208,0.05562659012392806,0.1525713195613254,0.02677961522659505,0.19442601102070092,0.19619072553154207,0.04889260572637993,0.083932861424086,0.019410329918381035,0.31016636474704345,0.11615359936808774,0.0643215089111489,0.026782651090170136,0.024494300612357526,0.008895018459269603,0.014535800929186013,0.0006296100087784187,0.03586350338595347,0.02033215517279702,0.01353160143180397,0.009918686293398152,0.0004927624057879241
0.0,0.289885977606311,0.23229178091714245,0.05569631795931548,0.15431929344231274,0.02626045158466558,0.195598921879045,0.19623958637991049,0.04997399107627451,0.08313259165558654,0.019187998077191706,0.31366949043286774,0.1151039318845914,0.0643177370056635,0.026610805110223807,0.024814996743882423,0.009037347173877193,0.014529204555477909,0.0006308088133736855,0.03564047691413048,0.02015061457047573,0.01343425332848114,0.009868916893305974,0.0004796460178307801
0.0,0.2880821902765686,0.23448343209818792,0.055762948978418346,0.15604011464727835,0.02575731761093432,0.1968909586350427,0.1962290452192496,0.051152380440963235,0.08230606752136112,0.01888847644365492,0.31713007516694425,0.11408467734698297,0.064318071514852,0.026455185848879823,0.025122154444765295,0.009188728146552453,0.014534453031531884,0.0006318840824235068,0.03540841513969529,0.019976311495560145,0.013335822498378834,0.00982580361800711,0.00046839356879843614
0.0,0.28607657657858765,0.2367840651582028,0.05582786889428312,0.15774050668318576,0.025281728430273712,0.19828313533760453,0.196183834125336,0.05238738795564415,0.0814864846502977,0.018562056286155423,0.3204971525836175,0.11309924307360021,0.06433838863967417,0.026309309900825074,0.025414803375051413,0.009347612364109588,0.014549346188115549,0.0006328120012735008,0.035167047002968445,0.01980952391067636,0.013235166433394934,0.009786479464928154,0.00045910706650098467
0.0,0.28371541751078694,0.2391157438109353,0.055894637652643096,0.15934812818568675,0.02483713451522919,0.19972685814332786,0.19603031790635939,0.05365410404732161,0.08066176424560124,0.018209953395993426,0.3237222716736888,0.11209840501507265,0.06436544309210951,0.026170744154298205,0.025697668662180644,0.009513834971855643,0.014577197055825246,0.0006337994017138708,0.03491404515190892,0.01965164599361653,0.013131628439125102,0.009751010863183788,0.00045184328967056846
0.0,0.2812422417913695,0.24155253438918362,0.05595662613722682,0.1609584878066687,0.024422575603021725,0.20130229412446246,0.1958833569254919,0.055025930570385614,0.07983214164608855,0.01772193632523378,0.3268308812800694,0.11111215359944882,0.06440888534633106,0.02605956570064406,0.025960591422322415,0.009684275100776588,0.0146140983363282,0.0006346273137287482,0.034653576285041864,0.01950132078387036,0.013028212779789583,0.009719500441924288,0.0004468346694531965
0.0,0.27861691146919243,0.24403064645500974,0.056013076968009105,0.16257279084417012,0.024047726525023017,0.2029658349316821,0.1956084781189328,0.05635739405883519,0.0790155195377635,0.017324003811352684,0.32984472212693217,0.11012195903675676,0.06447853960462999,0.025945088375857905,0.02620926319675003,0.009859964235314739,0.014659043623182655,0.0006353542728768271,0.03438511675623521,0.019360371642226367,0.012922937302126474,0.009688805287451406,0.00044402580163875507
0.0,0.2758184020014373,0.2465454546062307,0.056065748709305745,0.16413049596552903,0.023723552156823206,0.20472512232536602,0.19520981887408828,0.05763414666431456,0.07823063997473492,0.017014934489415007,0.3325940555785418,0.1090954445835719,0.06455172579825331,0.025823087511133297,0.026447753076063042,0.010040250941445904,0.014714795022916723,0.0006361066427075491,0.03410892160453495,0.019230157153540598,0.012816724145398289,0.009656884500900388,0.0004433625522963549
0.0,0.2729735556232795,0.24935179506683003,0.05616091254861374,0.1656164492221503,0.023445660940767256,0.20594932950881872,0.19548705622881932,0.059491907129877904,0.07770827971783527,0.016166424459150248,0.3349020598721644,0.10824113921726478,0.06475446583241164,0.025854933020288698,0.026659442563052173,0.010218439367148384,0.014780271632149322,0.0006367811770694678,0.033815263550821394,0.019103559657881537,0.012709637031818087,0.009638075479973359,0.00044502523355725084
0.0,0.26998490345293163,0.25218758066159713,0.056248876010716355,0.16705672650705056,0.02322234653132275,0.20699563092526985,0.19572356309611635,0.061308865492906095,0.07736202189705461,0.015673576354627617,0.33702798263690903,0.10741246822322639,0.0650017328935081,0.025886698313222028,0.026858162431759078,0.010399691082786508,0.01485374780055419,0.0006374515194570071,0.03351343684560888,0.01898697945446042,0.012601211541202164,0.009620855991481065,0.0004487831721825494
0.0,0.26704588570671095,0.25510302148871034,0.05633012423597735,0.16844812762527467,0.023055451441833626,0.20788436193520668,0.1959857376930973,0.063065819337638,0.07719190222842602,0.015501596737062836,0.3388453396122778,0.10659246077423899,0.06527938181818778,0.025916625607528936,0.02704717558255665,0.010583321445683377,0.014933876274237446,0.000638171581370805,0.033207071762979073,0.01887992630774585,0.012493446465808404,0.009600130957210537,0.0004544960158824019
0.0,0.26425827052644674,0.25776851854800104,0.056363767195464806,0.16991169153566132,0.022988052633699078,0.20947866679117733,0.19551818518805655,0.06423385636278577,0.07675912355946962,0.015531607684195734,0.3407396438314236,0.1055409115172178,0.06547070997056786,0.02582621493741407,0.02721595909825929,0.010768410561081201,0.015017533484173088,0.0006386837779873854,0.032905691793579994,0.018786842122342714,0.012389275444557807,0.009572527605811015,0.0004620774468856558
0.0,0.2614589644291584,0.2605016614477878,0.05635026365987684,0.1712939939010226,0.022946210352196947,0.21093291660061006,0.19507701765400506,0.06544077393484064,0.0764424999086753,0.01557970401877915,0.3424337596808008,0.104515432147806,0.06571343914834706,0.025756650457385868,0.027373483898290526,0.010953848310373875,0.015107765411832072,0.0006392114777519942,0.032597656818895766,0.018703157838197905,0.012285273884730013,0.009547621187696058,0.00047140776656796614
0.0,0.25880820209847194,0.26333919579278503,0.05626383966861454,0.17255627745251723,0.022837892937610016,0.21225209821849997,0.19472189197673437,0.06669119801281931,0.07624467676530293,0.01564216061563666,0.3438275984679612,0.10353257520313612,0.0660022702777413,0.025712074278234506,0.02752256635361418,0.011139694000920478,0.015204501496875794,0.00063979771605214,0.032285143206802064,0.01862845552510622,0.012183246914891989,0.009522436325337622,0.0004823255485919375
0.0,0.25704046794118174,0.2660351681264096,0.056589526317541626,0.1744948495543722,0.02337637781142532,0.21354538006060872,0.19435928488176654,0.06785343475204582,0.0761154559400271,0.015656755418327832,0.3450108576414561,0.102443098760705,0.06638038896802617,0.025636516715041992,0.027639873026434805,0.011321154299873981,0.01529359072939224,0.0006402499432681622,0.03197493409939868,0.018562664696913908,0.012085548337786708,0.009498703655635512,0.0004945355006709055
0.0,0.2544450102460423,0.26878813599722945,0.05618072607162925,0.17526205221147723,0.023119983598484536,0.21468467235134406,0.1938898411976976,0.06896823200411006,0.07605545879262689,0.015678277127478487,0.3458717316846126,0.10145303489628539,0.06668283257458021,0.025600798575745133,0.027762533382812593,0.01150482967959666,0.015406504692294466,0.0006407277429304008,0.031649753646271254,0.018510076234146897,0.01198622500553486,0.00947178930465361,0.0005080477947016912
0.0,0.25111282118429956,0.2716391027365105,0.05494405536424089,0.17479183725571282,0.022190852094301185,0.2157019839194904,0.19331016970844359,0.07004833001777219,0.07605000093450069,0.01570559800388075,0.34634791174709195,0.10062045012909046,0.06688477799196195,0.025613563130473888,0.02789352918605524,0.011691268537321556,0.015546846732955734,0.0006412569352889599,0.0313106572308537,0.018470797577042498,0.011887248549578813,0.009439410853162728,0.0005227608876304815
