time,pelvis_tilt,pelvis_list,pelvis_rotation,pelvis_tx,pelvis_ty,pelvis_tz,hip_flexion_r,hip_adduction_r,hip_rotation_r,knee_angle_r,ankle_angle_r,subtalar_angle_r,mtp_angle_r,hip_flexion_l,hip_adduction_l,hip_rotation_l,knee_angle_l,ankle_angle_l,subtalar_angle_l,mtp_angle_l,lumbar_extension,lumbar_bending,lumbar_rotation,arm_flex_r,arm_add_r,arm_rot_r,elbow_flex_r,pro_sup_r,wrist_flex_r,wrist_dev_r,arm_flex_l,arm_add_l,arm_rot_l,elbow_flex_l,pro_sup_l,wrist_flex_l,wrist_dev_l
0.0,4.39713063757393,2.4699285312668704,3.4908295399129816,0.1396485801254651,0.024989151416345307,0.021029089071118074,4.121824683809898,3.815019172975752,6.198454127291836,4.080636718225064,8.458579716046211,0.0,0.0,6.943106114048515,2.5832224416786502,4.469723570302781,10.518045416999689,7.274096506908081,0.0,0.0,6.293963032299561,3.6865265297886114,4.196927487073732,6.626349567226128,7.958474790569549,5.643787431541282,17.19809659849267,18.272887377803706,0.0,0.0,11.065907001687206,7.032397670366967,6.7213474667963595,6.215044982670379,11.3940437899054,0.0,0.0
1.3877787807814457e-17,4.408826989653215,2.4631263632995632,3.4785292710525226,0.13966371229701666,0.02501976784124676,0.02101512605718773,4.11447501107239,3.812282384111726,6.200217763259601,4.086237286255655,8.334337186862,0.0,0.0,6.963101544490584,2.568118535524368,4.4497913868161865,10.500758366050231,7.275191158304226,0.0,0.0,6.31429069892891,3.679336765424816,4.182516639870191,6.631370560254221,7.962023129096697,5.634233937139262,17.18050702295373,18.262062002816602,0.0,0.0,11.063391403831917,7.018183941160732,6.730822368016336,6.2279741275879115,11.381039376517325,0.0,0.0
2.7755575615628914e-17,4.4206287585474096,2.4563667251311823,3.466327514279553,0.13967889111429085,0.025050693744739165,0.021001232725687873,4.107510590002988,3.8097350929413576,6.202647889237272,4.092600399225238,8.211564639431383,0.0,0.0,6.983311692121663,2.5531780589456856,4.430391254582636,10.483609392519025,7.276694430056352,0.0,0.0,6.334708159962925,3.672172119422636,4.168123295776873,6.6365511152181496,7.965682613402459,5.624721377937484,17.162972598047197,18.251280612960713,0.0,0.0,11.06105322045934,7.004065873849618,6.740498851407526,6.241259587351293,11.368144093978394,0.0,0.0
0.0,4.432534930334616,2.449649355934253,3.454225424135331,0.13969411515182212,0.02508192595994487,0.020987410296765832,4.100933422133851,3.807378091033425,6.205746021275231,4.099721203401515,8.090330362245858,0.0,0.0,7.003733556921731,2.538402949552314,4.411529643917902,10.466598843868574,7.278607084710975,0.0,0.0,6.355214541417327,3.6650323137773597,4.153746168677714,6.6418900391235685,7.969453241638597,5.615250617465606,17.145492905437692,18.240542743357004,0.0,0.0,11.058891806974584,6.990043816472087,6.7503758585330464,6.254899366503656,11.355358812449097,0.0,0.0
5.551115123125783e-17,4.4446490638648255,2.4428761509031203,3.441850132053936,0.13970822282158074,0.025113850665091798,0.020973909551201188,4.096222514000857,3.805131263729714,6.209565965291405,4.1036373749603845,7.970872648579949,0.0,0.0,7.024355240089496,2.5237456965472167,4.392985297572092,10.449958739492184,7.280705353493155,0.0,0.0,6.375635909223792,3.657696116109322,4.13913792207647,6.646911956517377,7.9733271454275005,5.60584719658655,17.127732434532415,18.229406873759956,0.0,0.0,11.056804484597475,6.976051909880881,6.760309132946713,6.268681953424899,11.342631508531225,0.0,0.0
0.0,4.456866574693059,2.4360535526254976,3.429307343795598,0.13972130724109305,0.025146255987424048,0.020960551059782194,4.092716516801535,3.8030963566482425,6.214146995082629,4.105497574102295,7.853235520660097,0.0,0.0,7.044829722522896,2.509017068471644,4.374843313952848,10.433796936168841,7.283177409352305,0.0,0.0,6.395997312389375,3.65022187330812,4.1242709093488035,6.6517354376867255,7.977333617691813,5.596483047183747,17.109806101914366,18.218074016292707,0.0,0.0,11.05489771195421,6.962124752577822,6.770364175868893,6.282675713470102,11.33006176177693,0.0,0.0
0.0,4.467666656623178,2.428855984259039,3.416158652064011,0.1397340213974339,0.02517984637357375,0.02094794823120457,4.088851153072452,3.8008800074740434,6.2196023175871185,4.105334159260919,7.737168702703505,0.0,0.0,7.064448930018987,2.49395330488437,4.3568983526803615,10.41844916388652,7.283995414752786,0.0,0.0,6.414664487548539,3.64240072474645,4.10914010391398,6.6566628763069655,7.981363300891913,5.587145327065097,17.09167020337825,18.206755870381723,0.0,0.0,11.052735826053466,6.948208671174249,6.780238574364029,6.2979823620429505,11.317525510923858,0.0,0.0
1.1102230246251565e-16,4.478156547035406,2.4214251773181723,3.402992925605768,0.13974652883288313,0.02521247368824778,0.020935651962548308,4.08552555683364,3.7987573743721192,6.225611999845882,4.105399834151508,7.618396514191257,0.0,0.0,7.084755310873086,2.4791034400729637,4.339256889257432,10.403129776243695,7.285002794365256,0.0,0.0,6.432883988350549,3.6344709070296335,4.094104053315108,6.6618648081829726,7.985450610481142,5.577698240633648,17.073494380061906,18.195340662098143,0.0,0.0,11.050468149504415,6.934318947639977,6.790190819479735,6.313831518769738,11.304959659793791,0.0,0.0
1.1102230246251565e-16,4.488376901239645,2.4138278245301064,3.389714095558018,0.13975916358791934,0.025245203703612516,0.02092359919109205,4.08260395913941,3.7966890601449084,6.232132458053428,4.105378749423447,7.497792027520754,0.0,0.0,7.105574781910631,2.4646028058115355,4.321769075277377,10.387878393797568,7.286124842569612,0.0,0.0,6.450696191740592,3.62638172904572,4.079006141363324,6.6672760164751335,7.989602926741995,5.568207101669294,17.05524285476873,18.183835936677657,0.0,0.0,11.048244102408505,6.9204657139445755,6.800374272667745,6.330235445430834,11.292337939294207,0.0,0.0
0.0,4.498401821252966,2.40595172783302,3.3763601356261845,0.1397718954681266,0.025277369117003366,0.02091181791841191,4.080432145387861,3.794595189546841,6.23904885850345,4.105075805406745,7.375374010536668,0.0,0.0,7.127367320142856,2.450329559026737,4.304461897357139,10.372363126063377,7.28730136572031,0.0,0.0,6.46820370347053,3.6180792278844476,4.063834968351037,6.672971902047005,7.993932263825958,5.558534160804166,17.036662828952327,18.171596635604732,0.0,0.0,11.045868989308984,6.906465649523028,6.810893224932177,6.34687759501621,11.279798281310438,0.0,0.0
0.0,4.508250288828979,2.397821276971105,3.362576093991232,0.13978282870018574,0.025310395660469255,0.0209002967730644,4.078961483321755,3.7926070995352825,6.246569015451782,4.100914759734464,7.254855617699115,0.0,0.0,7.1488795307236135,2.43616118374892,4.287278902776137,10.357313617141516,7.288434356085218,0.0,0.0,6.4853522389427205,3.609349166340495,4.048098536356208,6.678204227173486,7.998449946211968,5.548928703306636,17.017576902377755,18.159129401591446,0.0,0.0,11.043565284780277,6.892398234865153,6.821499577966291,6.363493524726884,11.2674907403918,0.0,0.0
2.220446049250313e-16,4.518013499358859,2.3894043039475337,3.3484247975816537,0.13979392226758652,0.025344317020517763,0.020888589072661827,4.077992968039283,3.7905833037161996,6.254355050674068,4.096740304714856,7.13522323287449,0.0,0.0,7.171057511718788,2.4220607476542697,4.270387652265447,10.341987353319446,7.288975270968555,0.0,0.0,6.502154094995266,3.6002970649684696,4.032254175561357,6.683932552463602,8.003302331756547,5.539286521367141,16.99827106298089,18.146486752322396,0.0,0.0,11.041376899142724,6.878409961923005,6.832324309280806,6.380326758439278,11.2550867182355,0.0,0.0
0.0,4.527729540568095,2.3809136407145663,3.3339635375330023,0.13980452820849215,0.025379028508342692,0.020876889500224254,4.077769172078286,3.788602386694296,6.262336316851612,4.091318945706599,7.017798185076228,0.0,0.0,7.193215535576563,2.408080727270789,4.253718636160176,10.327016368881425,7.289458499693902,0.0,0.0,6.518819393624674,3.5910822889750946,4.016186153757865,6.6895944845511535,8.00828735403954,5.529646338497862,16.978841146407838,18.13385600945482,0.0,0.0,11.039405196038956,6.86448907629918,6.84331719445267,6.397398412430872,11.242801361275884,0.0,0.0
0.0,4.535863045234113,2.3720247169291806,3.3191007749481902,0.13981546859209742,0.02541307198856903,0.020866322818354724,4.077033032291057,3.786286631522363,6.270589862537378,4.086075831074641,6.9035604148366305,0.0,0.0,7.21482323842704,2.3938062699341534,4.2375581234429385,10.312414781333546,7.2878753414923745,0.0,0.0,6.533691124743153,3.5814433709912015,4.000088985375542,6.695629709585278,8.013288683817267,5.520083619845959,16.959496697478293,18.121352892220507,0.0,0.0,11.037082929075792,6.850588004940469,6.8541348531529,6.415870503458656,11.230487291235127,0.0,0.0
2.220446049250313e-16,4.543655470807004,2.363010634334569,3.3043387266132798,0.13982685912174664,0.025446503577326994,0.0208561916232661,4.07675073354231,3.7841105654643776,6.279621650759199,4.079814334957837,6.78962655840393,0.0,0.0,7.236357709582488,2.379518451928309,4.2216859717661634,10.298025986333078,7.286490365192997,0.0,0.0,6.547953848978778,3.5717177482518667,3.9838524523680907,6.702010714414893,8.018432641302454,5.510652802515159,16.939936869612538,18.10825081193568,0.0,0.0,11.034944901463266,6.836845489744234,6.865327083688237,6.434980655076228,11.217646127108475,0.0,0.0
2.220446049250313e-16,4.55094215696913,2.3537635274356967,3.2894434718495216,0.1398375906785263,0.025479810623640027,0.020846472071688302,4.076751934075313,3.781998898923737,6.28899522594116,4.072770336686756,6.675816105548526,0.0,0.0,7.258121989777494,2.365292388524164,4.205992107851401,10.283808561599683,7.285025863554407,0.0,0.0,6.561630168342201,3.561787608220191,3.967482819738599,6.708308044177258,8.023672587263412,5.501184939369304,16.920366637491362,18.095137876101536,0.0,0.0,11.032735625858047,6.823130241416429,6.876606111725257,6.454624701532694,11.205019469229173,0.0,0.0
2.220446049250313e-16,4.557772680839115,2.3443805982450483,3.2736784181948426,0.13984530481397564,0.025513031734567263,0.02083696915605368,4.078353471410473,3.7798148018839632,6.296932013605138,4.060681042581162,6.563018141008865,0.0,0.0,7.2801624732392565,2.3514744497128515,4.189968384013487,10.2704278765679,7.283644437352903,0.0,0.0,6.574695672246249,3.551438796787648,3.9507984887387138,6.713565725908036,8.029038763677125,5.491663469112913,16.900374582935044,18.08194160972416,0.0,0.0,11.03073082929478,6.8094469309014904,6.887879619671571,6.4742928735486025,11.192836750984979,0.0,0.0
2.220446049250313e-16,4.5642249054566735,2.334324958890342,3.2577615601134307,0.13985178286489527,0.02554553525972637,0.020827500390540012,4.080494366473325,3.777264369829809,6.304568307627296,4.0484062417336695,6.446162516897964,0.0,0.0,7.302977968974852,2.337621479680294,4.174014519153834,10.256772062180968,7.282325385657951,0.0,0.0,6.587577528921408,3.540609226448977,3.9339020641667273,6.719024175603628,8.034471488219586,5.481763541680417,16.879999867688355,18.06831118642051,0.0,0.0,11.028274303280579,6.795679515978131,6.899182461355586,6.4939525547918,11.181611306928856,0.0,0.0
0.0,4.568976362565414,2.3234782139664487,3.2416684860673035,0.1398592875140861,0.025578014186588546,0.02081907465368297,4.081857583861987,3.774143802714629,6.3123889923316625,4.036179446964504,6.329432842178837,0.0,0.0,7.325403998010532,2.3233116009199466,4.158555365940545,10.24292411185832,7.278402711283067,0.0,0.0,6.598648515322191,3.5289946017905898,3.916889366978898,6.725275911542759,8.039620281237559,5.471681249631396,16.8594871912835,18.05491303356989,0.0,0.0,11.024915200695062,6.7815591632558725,6.9103286821198635,6.51466500793046,11.170697572259735,0.0,0.0
0.0,4.573293164560087,2.312360227900758,3.2255322118701595,0.13986678277302153,0.025611116628239748,0.020810731416495407,4.083367563292166,3.7709728094998676,6.320625760812676,4.021304123411775,6.213108697688407,0.0,0.0,7.347931324658736,2.308859707242298,4.143210396008696,10.229066434028363,7.273452970258804,0.0,0.0,6.608975676356691,3.5169974947193636,3.899868747916541,6.73186668446515,8.044880848186436,5.461748979673338,16.8385728868933,18.041307074486536,0.0,0.0,11.021615947534322,6.767623878961228,6.9216902742840904,6.536028026200987,11.159575656825426,0.0,0.0
0.0,4.577193692062308,2.30112401219306,3.208926052704334,0.1398742872495931,0.025644823550160217,0.020802703490698873,4.085928775390484,3.7676300021032048,6.32814655147738,4.004389168138693,6.098556432191831,0.0,0.0,7.370695322759374,2.2945137304176555,4.128027977970973,10.215234809104018,7.267726345448785,0.0,0.0,6.61846593154293,3.5047122210141044,3.8828923833282896,6.738377331111875,8.050278551984091,5.451862690513352,16.81750699379006,18.02757488301401,0.0,0.0,11.01843690341942,6.7538408812399675,6.9331979984511065,6.5578522581770615,11.148592983941056,0.0,0.0
0.0,4.5811283551916615,2.2897766593702498,3.1916079566479465,0.1398808920295671,0.025679050418778337,0.020794969326157715,4.090029381460589,3.7641722694719633,6.334015049282338,3.9846590832685154,5.98587847395297,0.0,0.0,7.393857612265123,2.2803970752263925,4.112656248303019,10.201462998667399,7.261436145526286,0.0,0.0,6.627708289494678,3.4921144982759373,3.8655819635334727,6.74452903374104,8.055868228340263,5.441969605124642,16.796373552765306,18.01379792430947,0.0,0.0,11.015576095636774,6.740192564690932,6.944919814402328,6.580019732370924,11.138101460041337,0.0,0.0
4.440892098500626e-16,4.5849652614898435,2.278346618631752,3.174130972112169,0.13988626310336383,0.025711874579478572,0.02078791051355692,4.095150778462714,3.7607327831804382,6.339376968698827,3.9644304584416754,5.8757397449981195,0.0,0.0,7.416936863819485,2.26618371071419,4.097736006094945,10.187820086210117,7.255594892763512,0.0,0.0,6.636804927443214,3.4793369016239777,3.84814149988699,6.750733074423369,8.061648527007303,5.431958863546495,16.775224635252044,17.999859394655086,0.0,0.0,11.012965322009077,6.726562013250446,6.956842859197605,6.602334207983117,11.127969156283456,0.0,0.0
0.0,4.588725967338791,2.2668273734626996,3.156728367432199,0.139890943160981,0.02574432192228977,0.020781237981670083,4.100648468321053,3.757402054842859,6.344869420056234,3.9439041042146052,5.768150798072971,0.0,0.0,7.439986723719782,2.252049609420139,4.083280695453708,10.174344410931303,7.249842475047393,0.0,0.0,6.645828863413439,3.4664369922007827,3.8306698845920377,6.757108248877582,8.067562714973105,5.421928708447915,16.754025919456158,17.98588018541207,0.0,0.0,11.010484187349045,6.7129951964256565,6.968945644832631,6.624931289769652,11.118167584245462,0.0,0.0
0.0,4.591822593229953,2.255098675342401,3.138989604460815,0.13989547430892213,0.02577672558439686,0.020775007749856897,4.106797768402591,3.753791969376623,6.349522546981452,3.9212875856792944,5.66243092511551,0.0,0.0,7.462983906096823,2.238172661666872,4.068987252794106,10.160959558476009,7.244138878096993,0.0,0.0,6.6538064698864074,3.4533834873509086,3.8129942718275123,6.763073114059177,8.073516661753787,5.411908902275197,16.73245841804097,17.97218665782634,0.0,0.0,11.007846167245697,6.699501117357524,6.981064061331934,6.6475774760974025,11.10884442361366,0.0,0.0
4.440892098500626e-16,4.5940851814320345,2.243078435945782,3.121398021459793,0.13989978194610025,0.02580954056593296,0.020768963729912642,4.112552006402785,3.750112982929884,6.354659784675712,3.896646961816609,5.560280711489899,0.0,0.0,7.485699965163411,2.2243746454689926,4.055018425623113,10.147994561958674,7.237116032282395,0.0,0.0,6.660769751331176,3.4399855307775273,3.795428852313919,6.769247088618647,8.079486407812832,5.402035626725301,16.710508424628593,17.958378853548933,0.0,0.0,11.005043479106492,6.686177370412924,6.9932241784022935,6.671191796473717,11.09963167739846,0.0,0.0
0.0,4.595743552502321,2.230747511184171,3.1038736868479964,0.1399037517508717,0.02584217653399758,0.020763321582828002,4.118282258784601,3.7464397351175185,6.35982646085096,3.871603298337815,5.461366249502423,0.0,0.0,7.5083275959451745,2.2105781678135226,4.04124789431465,10.135017441415766,7.229624456597992,0.0,0.0,6.667045054518816,3.4262247474199152,3.7777344134434268,6.775596784857134,8.085546199060326,5.392143412413595,16.688471549862193,17.944284732020655,0.0,0.0,11.002028861406432,6.6728779052183995,7.005500815593277,6.695661561667803,11.090968392995844,0.0,0.0
0.0,4.596601653275987,2.217888877570393,3.0865426057116223,0.13990733526776658,0.02587482470230639,0.020758027894252427,4.123541270594436,3.742532139023443,6.3652576887547845,3.8458328959930417,5.366189596856863,0.0,0.0,7.530354301458125,2.1969797576194265,4.027871324030401,10.122359934353135,7.221235246760741,0.0,0.0,6.672524818299725,3.4119844815264093,3.75985326494595,6.782376781047539,8.091533073875866,5.3823126830178385,16.66630110202151,17.92971962082064,0.0,0.0,10.99858675654929,6.659692969265366,7.017735572611174,6.7206007124883,11.082350313747881,0.0,0.0
4.440892098500626e-16,4.597117106252986,2.204902560332676,3.0688099949317773,0.13991053413758764,0.025906726301788786,0.02075330137470015,4.129491137060868,3.7382770362004254,6.369504345526412,3.8191995416753093,5.274899314187611,0.0,0.0,7.552277181067093,2.1835389780987438,4.0148873943190235,10.109995783925921,7.212579426112836,0.0,0.0,6.677576738139276,3.3974354113350183,3.741724638174083,6.789044571286467,8.097553420494547,5.372541956296966,16.644061614683572,17.91512934652164,0.0,0.0,10.995264161532837,6.646598757856737,7.030058576926296,6.745739573451246,11.073968722563652,0.0,0.0
0.0,4.597443868522264,2.191948538677723,3.05092362703444,0.13991279098206125,0.02593861724353648,0.02074897761082589,4.13624973287819,3.7338710237200963,6.3727519305871345,3.7909871824561807,5.186354755735311,0.0,0.0,7.574571922500952,2.1704390943958773,4.0023922109633,10.097795392898261,7.203413624057116,0.0,0.0,6.682165312452717,3.3828168891917767,3.723829720646542,6.795376038488981,8.103707992592495,5.362814298276983,16.62157442896928,17.90045743445595,0.0,0.0,10.992110436757395,6.63371812514257,7.0425323292627455,6.770988480512859,11.06585739108347,0.0,0.0
4.440892098500626e-16,4.597463941986927,2.178918236621443,3.0325395270156545,0.13991380540471623,0.02596956796809607,0.02074538663415711,4.144182636970071,3.7294324801354275,6.373885786681197,3.760591679461893,5.102312668512861,0.0,0.0,7.596986103943253,2.1576246704834507,3.990086823543805,10.085599202794201,7.194139829890549,0.0,0.0,6.686091033422584,3.3680039707121616,3.7055217874552477,6.800742004446928,8.110069099798809,5.3531089479022675,16.5988425554848,17.885907368688827,0.0,0.0,10.988923230976798,6.62083771176066,7.05511796518524,6.796654138944561,11.058700106013637,0.0,0.0
0.0,4.597392335514365,2.165904367709064,3.0142952822410645,0.13991209992574627,0.02599953725151029,0.02074209816804093,4.152584923720368,3.725302675002026,6.374366634385285,3.7283808752469105,5.0235261397372275,0.0,0.0,7.619577981223103,2.1449908889563245,3.9777509831062745,10.073649365286485,7.185334783431848,0.0,0.0,6.6900773735412,3.3531438816970387,3.6873313138720936,6.805561571599522,8.11659854829944,5.343347594972504,16.5755341351653,17.871637327556087,0.0,0.0,10.985510736111072,6.60797517136556,7.067734796159864,6.822476908871453,11.052021591911746,0.0,0.0
4.440892098500626e-16,4.596262226111613,2.1525362662228424,2.9956614059875557,0.13991081814085457,0.02602971246506865,0.020739360858797486,4.161079560128218,3.7206333607964504,6.3736403839624565,3.6949552958500487,4.946974210273452,0.0,0.0,7.642640830433805,2.132790203731528,3.965527876496915,10.061457149215295,7.175628478961764,0.0,0.0,6.692352232010103,3.3379618124052843,3.669114302036217,6.810365831116837,8.12300430774889,5.333436384254615,16.551740185449187,17.857631270466282,0.0,0.0,10.981638540572314,6.595130824733076,7.080422978427699,6.84892242132869,11.04634490360021,0.0,0.0
4.440892098500626e-16,4.594747636344183,2.138655398574576,2.9766717922244954,0.13990817603774364,0.026059206278906552,0.02073758368588456,4.170238813622482,3.71513482783774,6.3711909848758905,3.659356122773629,4.872626782535943,0.0,0.0,7.665810453212875,2.120630114648185,3.953536981419496,10.048534237238215,7.166442279324684,0.0,0.0,6.6941327697535975,3.3220725642590723,3.650911002862894,6.815050480977117,8.129297682367236,5.323331345200697,16.527723724824376,17.84364017401675,0.0,0.0,10.977374424600779,6.582057193461301,7.0931578102757875,6.875317864571718,11.04155198798952,0.0,0.0
4.440892098500626e-16,4.592553999051105,2.123939579163437,2.957760454240107,0.1399062000025562,0.026089207745848324,0.020736235229777293,4.179285427771016,3.7086900658862287,6.36904905742521,3.621137425143406,4.798455329927966,0.0,0.0,7.689538611151442,2.1079918430958413,3.942221081902887,10.034469819852026,7.15751571874453,0.0,0.0,6.695220495566977,3.3054332692704276,3.6324102447182347,6.820523553030794,8.13541744966514,5.313145368109807,16.503604850502143,17.82952429603461,0.0,0.0,10.972454825180568,6.569046676649558,7.105715049993678,6.902049252507215,11.03710156608191,0.0,0.0
0.0,4.589229464443079,2.1089499715667457,2.938950390528367,0.13990485732309696,0.0261188765880309,0.020735993893534307,4.187885505972923,3.7020201600390696,6.36692125474755,3.5817567322234147,4.727711471974502,0.0,0.0,7.713140395216386,2.095175885084741,3.9314519425073757,10.02039294190447,7.148297168515219,0.0,0.0,6.695262099850466,3.28856866072143,3.6137981290661654,6.82642893090102,8.141343660484377,5.303008374559652,16.479505266487028,17.81573659125779,0.0,0.0,10.967251285747725,6.555941550913701,7.118276194683432,6.929815572173505,11.032960144739674,0.0,0.0
0.0,4.585559708930449,2.0940409910151647,2.919901155476216,0.1399031901615067,0.02614742968569643,0.020736002906559983,4.196827514526762,3.6951909409375268,6.36322246008398,3.5417703464173376,4.660818810128776,0.0,0.0,7.736825414310653,2.0826863250137926,3.921111596253884,10.006959170494916,7.138965445695861,0.0,0.0,6.6949157561477834,3.271653974219626,3.5954001791908645,6.831889837241239,8.14741285654434,5.292981055319317,16.455266574285595,17.80210335382537,0.0,0.0,10.962362049527412,6.542985753110884,7.131031850898974,6.957931334663951,11.029339430304425,0.0,0.0
0.0,4.581455760736188,2.079300362401076,2.900687808516346,0.1399011468574088,0.026174417815800825,0.020736348057603483,4.205944841988471,3.6882777996005656,6.357762220858091,3.501161641236587,4.598560526028334,0.0,0.0,7.760744387172291,2.07060348762724,3.9108336736126303,9.994086696090433,7.129129092863716,0.0,0.0,6.694016116945791,3.254794209845816,3.5770864489595446,6.836610127486089,8.153611861559625,5.28301504458624,16.430474633020918,17.788389858298295,0.0,0.0,10.957691364495592,6.530210235142618,7.144009084393647,6.986399265377853,11.026426104823656,0.0,0.0
0.0,4.576779062546141,2.0645847483074578,2.8815110746702493,0.13989885342982358,0.026201165559196195,0.020737092358600946,4.214902026901474,3.681274139717689,6.351374920966196,3.460581972586332,4.5405863006009115,0.0,0.0,7.784824514785467,2.0588114379226434,3.9009124045515016,9.981220801976553,7.119309021085269,0.0,0.0,6.69250045124518,3.2378766370222087,3.559001246815123,6.841179208222414,8.159682869784517,5.272912115536319,16.405196189557973,17.774874139186615,0.0,0.0,10.952660666871735,6.517542560668459,7.156883705518996,7.014618601760841,11.02507675341107,0.0,0.0
0.0,4.571012891391648,2.049829330939854,2.862136251718086,0.13989631164088545,0.026227221206897786,0.02073879943300089,4.223433446533799,3.673888660105187,6.343240471085201,3.419283797194801,4.486607629984369,0.0,0.0,7.808963506116341,2.047057701114145,3.8913647522251034,9.968334396906155,7.109341338603727,0.0,0.0,6.6898344290149705,3.220754130605352,3.5406799226771812,6.845305152878403,8.165480556960544,5.262628994841144,16.379580421355655,17.761535337415722,0.0,0.0,10.94702350088565,6.504947369892629,7.16952490256933,7.043079538251522,11.025191302554795,0.0,0.0
0.0,4.564861410495628,2.035035081149517,2.8429727143246017,0.13989316731829976,0.026253167280543513,0.020740867358091313,4.231757404499033,3.666540339707543,6.334849658260475,3.377620140824797,4.435513213098405,0.0,0.0,7.833308927053019,2.0354326099285167,3.882085976291445,9.955107644397614,7.099598702989104,0.0,0.0,6.686799165088946,3.203541766269644,3.522231622971134,6.849356123439986,8.17113705963604,5.252272343746251,16.353728001427157,17.748801317342114,0.0,0.0,10.940935318954129,6.492398604380682,7.182152318620983,7.071513982579756,11.025674842984595,0.0,0.0
0.0,4.558396724582084,2.0202233110547976,2.823828087030516,0.13988974338729973,0.026278515268981464,0.02074327777641118,4.240237793944727,3.659107851471695,6.325483904793947,3.3355186228676783,4.386957381396034,0.0,0.0,7.857721747703087,2.0240667332864586,3.873222637897106,9.941784595265883,7.090110878562675,0.0,0.0,6.683389685636658,3.1862366682650025,3.5037219529293404,6.8531388834475155,8.176759717675516,5.241938293140484,16.327844286754736,17.736099871736666,0.0,0.0,10.934652802475062,6.4799285828935655,7.194836762066291,7.1002727119725755,11.026658787872147,0.0,0.0
0.0,4.551371315998677,2.005457490183341,2.804655777202001,0.13988639511949832,0.026303386593231882,0.02074607786592424,4.248901843122306,3.651645319189534,6.315307097619286,3.2932499952129537,4.340767345058588,0.0,0.0,7.881940640373373,2.0129948722692785,3.8650695088801887,9.929039047268486,7.080783186181699,0.0,0.0,6.679323747306421,3.168872195669967,3.4853460879626708,6.856867584432519,8.182507023503339,5.231717691570461,16.30198170534936,17.723272176892756,0.0,0.0,10.92847008111444,6.467586704396331,7.2076026569648475,7.129840267516607,11.027954009957122,0.0,0.0
0.0,4.544124053066856,1.9906012910077997,2.7855333157860653,0.13988414764829174,0.026327620831808528,0.020749358377756807,4.258124214611835,3.6438677373805057,6.30364834892312,3.250441885096042,4.297707365354592,0.0,0.0,7.906101382289082,2.0020009605528535,3.8572129341685364,9.91581148133863,7.071269438721458,0.0,0.0,6.674854735134171,3.1512684017059387,3.46684043748877,6.8605017181546195,8.18809439362705,5.221646125308128,16.27603032323203,17.71039427627709,0.0,0.0,10.922322661174075,6.455109811140972,7.220643166754365,7.159622674815116,11.029655035884792,0.0,0.0
8.881784197001252e-16,4.536383202595458,1.9756773774104512,2.7665638068126412,0.13988146193797754,0.026351672420185927,0.020753046708054276,4.267666279886568,3.6357504919607364,6.291373003389418,3.206439958056188,4.256804616904091,0.0,0.0,7.929818431299907,1.991273196924566,3.8499918500595864,9.902888080822548,7.061413722533493,0.0,0.0,6.669793052138425,3.133478679499032,3.4485251988996537,6.864155921230503,8.193730993671222,5.211642696680092,16.250039614704185,17.697851000053802,0.0,0.0,10.916200348556105,6.442714529673159,7.233846592148992,7.189976052913775,11.031832004397485,0.0,0.0
0.0,4.5283195048503515,1.9603561781859993,2.747747745656679,0.13987778987186208,0.026375756546047277,0.02075738215734373,4.277664160196754,3.626963063180403,6.278208033775241,3.1603164166327713,4.217279055965041,0.0,0.0,7.953457967253787,1.9804183784295275,3.8431013058777466,9.889206375958583,7.051633357972657,0.0,0.0,6.664397763660502,3.115152325035903,3.4303921503093697,6.8677885356865715,8.199180799492304,5.201536017372813,16.22375526440729,17.685581885698554,0.0,0.0,10.909591595885164,6.430235360105636,7.247101925987197,7.220169807640037,11.03480835193924,0.0,0.0
0.0,4.520047589643478,1.9449553157389832,2.7292132632093913,0.13987243338213468,0.026398768512565892,0.020762236190504272,4.2880563516226475,3.6179903471785533,6.263840470982018,3.11382100433593,4.179823494802959,0.0,0.0,7.975989588217572,1.9703442460361555,3.836552779256248,9.875970768969262,7.041952884156222,0.0,0.0,6.658679321715377,3.09677203003219,3.412508416780162,6.870800279472003,8.204730818944746,5.191483360563138,16.196966987040334,17.673265238915473,0.0,0.0,10.902854867217863,6.418013500077328,7.260284148269918,7.250608161494667,11.039058235174522,0.0,0.0
0.0,4.511542345668081,1.9296211223116522,2.7109934388026273,0.13986504661898363,0.026419955225103396,0.020767389987182177,4.298694053612519,3.6087444438134173,6.247382285856917,3.066736543978407,4.143858420196275,0.0,0.0,7.997635739783959,1.9610003675210996,3.8300566279878403,9.862807713210138,7.032608460424029,0.0,0.0,6.652645287128878,3.078356161632182,3.3949948111475314,6.872771917361573,8.210316312339186,5.181456809504686,16.169420453153936,17.661629541899202,0.0,0.0,10.895840482476,6.405933426599665,7.273402459751354,7.280840261181093,11.044895404650696,0.0,0.0
0.0,4.502504767599068,1.9142326755160368,2.6930443307067615,0.13985603839501404,0.026441940155285976,0.020772834096957873,4.3084927440003336,3.5991375269680694,6.23024503026935,3.0188882127631875,4.10852435007281,0.0,0.0,8.020091620519791,1.9517224100928114,3.824287797728986,9.848917697786307,7.023154178613783,0.0,0.0,6.645955256408218,3.0596357471499416,3.3783067659559896,6.874259160619163,8.216037553689402,5.171236302091714,16.14134132585986,17.650745241698232,0.0,0.0,10.888362544115255,6.394002023364983,7.286494658460604,7.311482441815431,11.052062360460978,0.0,0.0
0.0,4.493307193641846,1.8989931176386623,2.6754301304530568,0.1398462739729566,0.026464761459990622,0.020778574464277198,4.317429187274673,3.589528216073564,6.21274313186074,2.971728857654071,4.073948253229171,0.0,0.0,8.043289411332802,1.9425604031879773,3.8189818264572555,9.834453948861306,7.0137390046874115,0.0,0.0,6.639103392060071,3.0408338187253516,3.362102495721037,6.875519322215212,8.22175137449605,5.160853185422111,16.112965075985272,17.640486251825006,0.0,0.0,10.880673312152616,6.382176936994984,7.299661335847382,7.342277609948699,11.05985754024635,0.0,0.0
8.881784197001252e-16,4.482860167772084,1.883731771187224,2.658144010788014,0.1398388615088679,0.026487484007233535,0.020784866075947615,4.326385632475701,3.579757954133778,6.194527293024266,2.925627878359514,4.040367911550355,0.0,0.0,8.065585262089689,1.9330335863813506,3.814176419988681,9.819675911995974,7.003756095535364,0.0,0.0,6.631034878006305,3.0217107661017044,3.345512609284095,6.87718150157842,8.226456176153713,5.150433066312102,16.084319761695454,17.630333172287546,0.0,0.0,10.872231972209667,6.370424787221543,7.312539351777354,7.3731234241658585,11.06870538270222,0.0,0.0
8.881784197001252e-16,4.471956693052107,1.8685262146986477,2.641075255868923,0.13983105867097156,0.026508832411758883,0.02079106946246982,4.335639232564736,3.56974009275431,6.175324380668909,2.8795513396467065,4.008064015590137,0.0,0.0,8.087674237962014,1.9238789116283554,3.810182506769414,9.805105392143012,6.993518015108444,0.0,0.0,6.622376573863107,3.0024160293185975,3.3291151913298567,6.878369350595957,8.23116024223191,5.140075812035831,16.05545901190916,17.620564868940676,0.0,0.0,10.86353375921675,6.358775319756588,7.325445062082214,7.404503213554025,11.078328428981417,0.0,0.0
0.0,4.460950607909252,1.8531554039557474,2.6243798966863534,0.13982258415895074,0.026529805146034067,0.020797136401343758,4.34535742395929,3.55893980275374,6.155698857352347,2.8315362146487373,3.9751859363551354,0.0,0.0,8.109957267905935,1.9147192915976399,3.8067018453745955,9.78935812673381,6.983164561464441,0.0,0.0,6.613564372802417,2.9827844648425987,3.31291481905936,6.879212437080403,8.236048318278536,5.129662867282274,16.026431285807366,17.61148228481987,0.0,0.0,10.854711808439562,6.347259534219929,7.33835617066266,7.436244765891572,11.088314661977234,0.0,0.0
0.0,4.449316370556739,1.8375789686103,2.6081031157175714,0.13981392795916106,0.02655006826096101,0.02080375082667102,4.355949767193241,3.5474397394618804,6.135751160079311,2.7817949069369834,3.9426626656170307,0.0,0.0,8.131653309265095,1.9057495791276728,3.804039099172482,9.773492357973218,6.9723934220781585,0.0,0.0,6.604227970024239,2.9626979944193272,3.297143440654742,6.8800358600609055,8.240514155368754,5.119340628001285,15.997338867431967,17.602314442673308,0.0,0.0,10.84559139583585,6.335760268791128,7.35095123017281,7.468460975609632,11.099343329696055,0.0,0.0
0.0,4.437480390814221,1.8221638014955193,2.5921205767009865,0.13980482925834292,0.026569497176746858,0.02081092298766164,4.366285325444045,3.5358221042207747,6.114732021438866,2.733377149400922,3.9113689714040527,0.0,0.0,8.152835888942928,1.8973188180260752,3.8016613716107615,9.758443207823793,6.961624381598076,0.0,0.0,6.594845374350007,2.9426641766838797,3.281734275431954,6.880428504421791,8.244849929046918,5.109015701491844,15.967978766549344,17.593370834984473,0.0,0.0,10.836541423910019,6.324378394675516,7.363603321819508,7.500507433341157,11.1112872166701,0.0,0.0
8.881784197001252e-16,4.4253458400205075,1.8068314738068014,2.5763371653647242,0.13979525929499065,0.026588754328844166,0.02081842076560668,4.376644786144297,3.5239401911405213,6.093464689984822,2.6861618198316477,3.881285925008289,0.0,0.0,8.173336864020053,1.8894198636945088,3.799381318211965,9.744319970151567,6.950741274449775,0.0,0.0,6.585391007616736,2.9225328594470774,3.266659876801114,6.880754830679212,8.248985918587453,5.098663919923301,15.938474455253747,17.584914328613714,0.0,0.0,10.82743880279925,6.313190707283451,7.376115750311515,7.532664151303134,11.12428830340436,0.0,0.0
8.881784197001252e-16,4.4129670608869676,1.7917755229677117,2.5608058005338523,0.13978579178959047,0.02660633216040179,0.020825945646868745,4.386796874590318,3.511822457313687,6.070470388354734,2.640628427525876,3.853634928660939,0.0,0.0,8.19402168282359,1.8817595126192748,3.797706637915882,9.729968082424513,6.939679635724632,0.0,0.0,6.57560666172069,2.902383525088299,3.2518006386243856,6.880026986986975,8.253027642826916,5.0884153885481735,15.908853652085211,17.5765971738153,0.0,0.0,10.818087556821324,6.302056764126374,7.388667732749339,7.565297112014676,11.138019059197205,0.0,0.0
0.0,4.400216865564598,1.7768702679996307,2.5456700537674837,0.1397763836453649,0.02662330120852133,0.02083343382675532,4.397508408786363,3.4996935905175857,6.047083270123587,2.59599152844047,3.8274835455001437,0.0,0.0,8.21468603323602,1.8743555581243487,3.796648022391694,9.715426431390059,6.92843558955374,0.0,0.0,6.565483323842298,2.8821500248433707,3.237127378435747,6.87919079848272,8.25677811716521,5.078249982666089,15.879262793594139,17.568223998014957,0.0,0.0,10.808371754387682,6.291078747152375,7.401118933063508,7.59837805582718,11.15201469471391,0.0,0.0
0.0,4.386644162578889,1.762408899625667,2.5309872329199834,0.13976693533380813,0.02663885977265481,0.020840923424267046,4.407925873349466,3.4875417969668874,6.022843651951526,2.5526620816781938,3.8042436512854447,0.0,0.0,8.234731641499144,1.8674209172934553,3.79568955978439,9.700239976286337,6.917008325683751,0.0,0.0,6.554410369739037,2.8619395072132963,3.222813172065003,6.877962275360523,8.259832983619724,5.068034559693451,15.849190879003768,17.56050011725039,0.0,0.0,10.797965649604256,6.280220204864562,7.413318988675303,7.631104537682625,11.166601543456506,0.0,0.0
8.881784197001252e-16,4.372817748177739,1.748300578716317,2.516575002146336,0.1397572297277256,0.026654727268840845,0.02084832653221168,4.416939339446323,3.4754580304928018,5.997793861352149,2.512301595647318,3.7829968814039154,0.0,0.0,8.254748185100214,1.8610564903424789,3.7950089950335326,9.685484035396588,6.905545160586042,0.0,0.0,6.543046818720118,2.8417334868621937,3.2088732219041916,6.8763541817448965,8.262961919436613,5.057661644842177,15.818637630560621,17.55355980233736,0.0,0.0,10.787587832247068,6.269536156031477,7.425802905468318,7.6635880209874285,11.182393423672883,0.0,0.0
8.881784197001252e-16,4.358890315132204,1.7346034570935538,2.5025888465395543,0.13974676888990115,0.026670328443716158,0.02085558780602439,4.424778805008042,3.463442328723054,5.971872903600043,2.4748075811044457,3.7651241627191845,0.0,0.0,8.275191537496248,1.8549615013010703,3.794591977699665,9.67019679526894,6.8942340384007235,0.0,0.0,6.531714205989075,2.821543831359456,3.195583293193322,6.874171577488127,8.26623895032453,5.047231350581553,15.78734096092646,17.547407924699737,0.0,0.0,10.777022759637973,6.258929689731929,7.438492609059729,7.695936348502654,11.1992708107922,0.0,0.0
0.0,4.344943151011101,1.721364614780334,2.488870121304024,0.13973622244243747,0.02668373385895335,0.02086320337857668,4.431647785017562,3.4513977595314658,5.944680588167637,2.44020552713132,3.748541233585828,0.0,0.0,8.29585890630565,1.8493221871767918,3.794354374204915,9.655553294051419,6.882714213550934,0.0,0.0,6.52059916223853,2.8016418953939395,3.1827749957982605,6.871233508903845,8.26952661784275,5.036718568576197,15.75591422693675,17.54163811869725,0.0,0.0,10.766449771280126,6.248557936220602,7.451303490301101,7.728429426752185,11.217122030740663,0.0,0.0
0.0,4.330862090955477,1.7084896329580639,2.47527992401949,0.1397254444498652,0.02669456571737707,0.02087103818466554,4.43761811382237,3.439156341591327,5.916300329431533,2.408053901408033,3.7340823470125133,0.0,0.0,8.315917285450283,1.8443945350778466,3.7936476129133077,9.642268997260299,6.8711012213394635,0.0,0.0,6.509522059107156,2.782005607353172,3.1704113505999323,6.867507752433623,8.272589698729645,5.026173229192123,15.724449242397839,17.53684595868267,0.0,0.0,10.755771868557527,6.238406182764632,7.46419457010915,7.760767568482577,11.236125944085446,0.0,0.0
0.0,4.316703092791209,1.6956429134747875,2.462084289829967,0.13971467358425005,0.026705695081714654,0.020878555651117136,4.444010312421197,3.42622066653938,5.887523579447364,2.376287234447611,3.72028118165748,0.0,0.0,8.335466415536368,1.8398062328963536,3.793387557043934,9.630071975772044,6.859947457363304,0.0,0.0,6.498631630472807,2.7621313998569406,3.158413579085335,6.863621783618668,8.27564946258283,5.01556704397858,15.693169403455656,17.53219328780982,0.0,0.0,10.74505333140937,6.228514867700914,7.476658299781816,7.793453727992917,11.256761973951962,0.0,0.0
8.881784197001252e-16,4.302691396572175,1.6830608385667685,2.449354572743173,0.13970234768457687,0.02671667417515796,0.020885860463562757,4.450324157575629,3.4131282838674823,5.857822685587842,2.3450363167124912,3.708631898214379,0.0,0.0,8.355650633491386,1.8354538422071818,3.793582599761408,9.616986934871546,6.849631911266653,0.0,0.0,6.488030556671324,2.7421896299170476,3.147226246279753,6.859321981570434,8.278833933219236,5.005101433759332,15.661141940550726,17.528139473447364,0.0,0.0,10.73376854903548,6.218626433542094,7.489045476101444,7.826355845850947,11.277472735994223,0.0,0.0
8.881784197001252e-16,4.288690503521958,1.6708457411302797,2.4371380499054576,0.13968920726012257,0.026728290915206475,0.020892588962084437,4.456197790271092,3.3995421168107183,5.827507042623618,2.314951269948766,3.698227764692233,0.0,0.0,8.37632820888266,1.8314334436959934,3.7946771200509124,9.603381055643233,6.840162517403496,0.0,0.0,6.47745217651061,2.7221099040871786,3.1365388079200267,6.854542210706498,8.282171879193182,4.994558900754741,15.62875177809681,17.524726225297684,0.0,0.0,10.72240842275852,6.208854504626967,7.501460058868806,7.860054907640606,11.298688792333568,0.0,0.0
8.881784197001252e-16,4.274055184713553,1.6591009163086456,2.4254461760719748,0.1396763307008533,0.026740983140009604,0.02089939742254198,4.462354106083519,3.385502191746559,5.796445114296293,2.28604914276829,3.6885971818431242,0.0,0.0,8.396502111207118,1.8275659767716619,3.796189599071371,9.588176876144285,6.831048268667682,0.0,0.0,6.466301425590846,2.701823875001185,3.1264531479125526,6.849313424677192,8.284367850915446,4.984059265917279,15.59571484923585,17.52184243430049,0.0,0.0,10.710243831777035,6.199218830128135,7.513450427499909,7.893545602263577,11.320865966957273,0.0,0.0
8.881784197001252e-16,4.258780152461528,1.6480181798293954,2.4140228974152764,0.13966419411245604,0.026751842521633422,0.020906288801369754,4.468924072177918,3.371426554783819,5.765232251931784,2.260921579538535,3.6789812543311937,0.0,0.0,8.416108242174403,1.823551308713247,3.7973247469530618,9.571452051792525,6.821414988824763,0.0,0.0,6.45457406845845,2.681714501584803,3.1169988411188387,6.844112950267153,8.28519887397072,4.973370569124406,15.562182903221288,17.51935110683942,0.0,0.0,10.697691593735541,6.189646340971833,7.5253294886626865,7.9265754119323955,11.343545898148285,0.0,0.0
8.881784197001252e-16,4.243525318556254,1.637370433963432,2.4028319617110077,0.13965243752138634,0.026763111501946317,0.02091248639859495,4.47528150471474,3.357107624895222,5.733979718995471,2.240371710801006,3.669816732067253,0.0,0.0,8.435539376788752,1.8194235773736795,3.7982115775721077,9.554453887615319,6.811822313644315,0.0,0.0,6.443110543795241,2.6616451798599905,3.107959524323435,6.838795952678027,8.286065115541213,4.962459349799856,15.528385066005615,17.517545915045677,0.0,0.0,10.68515627760806,6.18035031221281,7.537073768310116,7.959302122103901,11.36746800859472,0.0,0.0
0.0,4.228249402721275,1.6270693213676286,2.3920860625141027,0.13964071067569514,0.02677427313745431,0.02091817682020149,4.480791607449341,3.3428026929690593,5.702426156648233,2.222826484338454,3.660458642771332,0.0,0.0,8.454905429074735,1.815766427834315,3.799315706938081,9.538107707616119,6.802154226761157,0.0,0.0,6.431732819795458,2.6417263765016923,3.0992603089146975,6.833169041350699,8.287024995214296,4.951565403987425,15.49438215663649,17.51603787637542,0.0,0.0,10.672663075703163,6.171250636993478,7.548929409434185,7.991970006178588,11.392063355687489,0.0,0.0
0.0,4.213084250731757,1.6169804262394836,2.3821503954624066,0.13962886775993769,0.026783398920990076,0.020923547011988047,4.4860293596049665,3.328688548705851,5.669524260428235,2.206328330614741,3.6492549516871295,0.0,0.0,8.47420760516275,1.8132663036416643,3.8015316524079483,9.524150141259815,6.793200736814546,0.0,0.0,6.4205705956677805,2.6220147074682774,3.090795184898737,6.8267881532795895,8.288074659918896,4.940709346763092,15.460576745231052,17.514619580212887,0.0,0.0,10.659889772740343,6.162295175758187,7.560834881319752,8.025211573568813,11.417490631541414,0.0,0.0
0.0,4.198035708849255,1.6072536945558404,2.3727259090398514,0.13961683476203895,0.026791501404356353,0.020928829399850923,4.49070197936207,3.3148040525552713,5.636087939878791,2.1915934760770863,3.6369651029352092,0.0,0.0,8.493557599936631,1.8116494168510946,3.8044006883606696,9.511406256943937,6.784776380449144,0.0,0.0,6.409633214030041,2.60251100531506,3.0826235749875592,6.81996016627281,8.28922519071953,4.92988718822346,15.426836739558162,17.51349139941185,0.0,0.0,10.647035090964478,6.153478248212468,7.572929077169923,8.058836040207218,11.443574103915351,0.0,0.0
0.0,4.183156024539829,1.5979176648236897,2.3638774533101627,0.1396034188774051,0.026799365352484845,0.02093341452692839,4.497039080922174,3.3004795144372716,5.602754933238809,2.1761715933498875,3.6236904631841766,0.0,0.0,8.513136280965604,1.8105008379097332,3.8078793331814818,9.498437462123634,6.778180074842194,0.0,0.0,6.399033060521511,2.583098006590752,3.0751186383990365,6.812780153420127,8.290509213068585,4.919322195647306,15.392629787214311,17.512747554314057,0.0,0.0,10.633895267149077,6.144735573242651,7.584838059401079,8.092929406846594,11.46895299613984,0.0,0.0
8.881784197001252e-16,4.16820377956804,1.5889302934177603,2.3554627480843426,0.1395898222797175,0.026807021193044504,0.020938002694712646,4.503885673920014,3.285729772198038,5.569575502744407,2.1613467204400423,3.6096739044140214,0.0,0.0,8.532380287046792,1.8099100115861015,3.8114764541506716,9.485381226830432,6.771671756659072,0.0,0.0,6.388594146134622,2.5636821008883897,3.06807160499608,6.805165261345643,8.29130009243621,4.908807900731581,15.35837352264931,17.51238708306891,0.0,0.0,10.620510584049189,6.1361535094589374,7.596529390836637,8.12729503901561,11.494132377870962,0.0,0.0
0.0,4.1529368136354,1.5804878510571716,2.3474808796718367,0.13957611562107192,0.026814345112832136,0.020942316431285846,4.510366820703267,3.27069820702226,5.53652996628708,2.1485712503392356,3.594391732040308,0.0,0.0,8.551431795089735,1.8093656581345257,3.814945323204358,9.471055566559613,6.764944415362335,0.0,0.0,6.378008269572642,2.5443769664122216,3.0616959741740555,6.7969439473447215,8.29146155924309,4.898424730176487,15.323560960085896,17.512771955996225,0.0,0.0,10.606798467358045,6.127787083324389,7.608026355067615,8.161257261672809,11.519522671222013,0.0,0.0
8.881784197001252e-16,4.137476090842056,1.5728347770954128,2.339750905336598,0.13956275445984084,0.02682027033491529,0.02094665947914778,4.5155698425298905,3.2556916086296592,5.503240748910513,2.1402791338925606,3.5772533246805467,0.0,0.0,8.570351035188043,1.8088102520387186,3.8181484384701045,9.455852051420482,6.757706377266741,0.0,0.0,6.367366400549938,2.5254515946002583,3.055951175780939,6.788156729597367,8.290790169156184,4.887918047488676,15.288499864515323,17.513605405555587,0.0,0.0,10.593057711174005,6.1195788654166625,7.619556993968603,8.195245664198417,11.545617593983827,0.0,0.0
0.0,4.121835082651961,1.565796892692304,2.332361595570195,0.1395504825100517,0.026823967668092998,0.02095166760604868,4.518373085489498,3.2409863236111542,5.469257021346291,2.1360910981665344,3.558195008141219,0.0,0.0,8.589015806900123,1.8088701828270612,3.821215629651594,9.441180469576231,6.749895181454717,0.0,0.0,6.3566514668587,2.506648600758453,3.050422281402668,6.778815268399587,8.289621287951695,4.877106225641995,15.253696114256572,17.51484497885566,0.0,0.0,10.579073815824746,6.111526442827704,7.630754874183094,8.22917608591579,11.573102240401703,0.0,0.0
0.0,4.106334992152572,1.5593855706428752,2.3247853098953177,0.13953862331839628,0.026827457757515223,0.02095586521171214,4.518733743735511,3.2259640569459114,5.43536487465902,2.134646266985002,3.5360351457944703,0.0,0.0,8.607468823475378,1.8094146875641046,3.8233549890803173,9.427622642074482,6.7417575689173015,0.0,0.0,6.346141040376619,2.4880594759621353,3.0454733554387086,6.769254394002827,8.288565464011297,4.866150596719427,15.218753261068068,17.51687626823159,0.0,0.0,10.565495813332836,6.103545967096246,7.64226839148391,8.263137027056093,11.600761628804477,0.0,0.0
0.0,4.090994947808939,1.553172738219186,2.317411565723498,0.13952691180646698,0.026830925420604765,0.020959725535476332,4.517504951166026,3.210920285701336,5.401538178601522,2.132637802239303,3.5129371963761606,0.0,0.0,8.625393402215893,1.810916474387749,3.8250951129286883,9.415701548226966,6.733625445636401,0.0,0.0,6.33577480147611,2.4696223430598176,3.040766555316351,6.759529018994303,8.287639479330291,4.8552918114923385,15.183770965280079,17.51958040619586,0.0,0.0,10.55184508535369,6.095585148738552,7.654036435695939,8.296979105606372,11.629054106360323,0.0,0.0
0.0,4.0757323187424825,1.5473489883168674,2.3102952495533886,0.13951536543325052,0.026833718678531227,0.02096318118783786,4.514851700777952,3.1956839439904905,5.367748120286903,2.1316466755030072,3.488830800819544,0.0,0.0,8.642849358044344,1.8129316050281699,3.826625592450196,9.404273662291727,6.72540516174332,0.0,0.0,6.32563667869869,2.4513163705270693,3.036468166621907,6.749369962429368,8.28669371575786,4.844389904435928,15.148357788215357,17.52286113841998,0.0,0.0,10.538100362865885,6.087682221170973,7.666024220452379,8.330721902078336,11.658286713939031,0.0,0.0
0.0,4.060868550086036,1.5420861287454948,2.3036078611008066,0.1395029994033551,0.02683612044872672,0.020965825949052073,4.513907464778559,3.1802704186606525,5.334219742653034,2.1310219880596186,3.464285815359287,0.0,0.0,8.66035319582679,1.8151793279950652,3.8281641833772575,9.391328480974199,6.717590101998453,0.0,0.0,6.315944631776108,2.4333020305385746,3.0327904174334708,6.739226628463003,8.285203662249897,4.833615215003594,15.111980008818383,17.526541168185307,0.0,0.0,10.523972592255946,6.07998191921093,7.677932104288643,8.364199496655171,11.687082613305392,0.0,0.0
0.0,4.046410494579076,1.5373894427103585,2.297348184141652,0.1394904219409849,0.026839177509744683,0.020968096827573973,4.513160583165132,3.16456548109047,5.30096755424108,2.1345948034406916,3.439888175911078,0.0,0.0,8.678102238985451,1.8176923525949793,3.8302143541458955,9.377715213604228,6.709799524130005,0.0,0.0,6.3070306824786435,2.415353558423488,3.0293412727955196,6.728829715200237,8.283754366280917,4.822672497055077,15.07548708232696,17.530749168852324,0.0,0.0,10.509945876268953,6.072481606790234,7.689866846121163,8.397839920739413,11.716789255330509,0.0,0.0
0.0,4.032464297005631,1.5335171631930051,2.2920530008440334,0.13947771331376224,0.026842824499401497,0.020969888128232285,4.514897833208671,3.149516798012513,5.267732284043764,2.1435723298674567,3.415917093275613,0.0,0.0,8.695936612071765,1.8204676582658117,3.833247003331539,9.364402310226868,6.702784388703352,0.0,0.0,6.2988174370833825,2.397635315725799,3.0261579909386955,6.718382373795483,8.281901540675142,4.811532762953008,15.038870449213917,17.534573025162587,0.0,0.0,10.495562760557359,6.065297759778899,7.7011560623363415,8.43130572835255,11.746629123061478,0.0,0.0
1.7763568394002505e-15,4.019074935396361,1.5306827552070987,2.287222156078265,0.13946485479603685,0.026848039997074316,0.02097103789701079,4.515931162837652,3.1350615855110386,5.23463069576998,2.1563556782345628,3.3923943559871184,0.0,0.0,8.713924626619212,1.8240432469358758,3.836343283428802,9.351009331626503,6.6958498086905225,0.0,0.0,6.291292568716085,2.3801439194108394,3.02328820511457,6.707840804274015,8.27950295261797,4.80060751630155,15.00160860967843,17.53884327017232,0.0,0.0,10.481253810026983,6.058290767112684,7.712380680797099,8.464295001991475,11.775865429978069,0.0,0.0
0.0,4.0059358341592715,1.5283312432425356,2.2829916556575824,0.13945175964689893,0.026853687877599466,0.02097214899222861,4.5173392035721776,3.1207889788304355,5.201849622671736,2.1705142859655377,3.3694704042553,0.0,0.0,8.731544240161512,1.828481183102022,3.8397470077266664,9.337498873566782,6.688718199321544,0.0,0.0,6.2840366775831304,2.3629002048030094,3.020661738108793,6.696976805708784,8.276376475913429,4.789716962903378,14.964362596812752,17.543217280238412,0.0,0.0,10.466937470650764,6.051436001081918,7.723737743280829,8.497810264784913,11.805336220883103,0.0,0.0
0.0,3.9930420538903957,1.5263925104638718,2.27917607116621,0.1394386807974628,0.026858461814683498,0.020973444545004494,4.519024967207524,3.1066344181831536,5.169208022345137,2.1850573717028614,3.347822369427583,0.0,0.0,8.748747073105763,1.8336124333254187,3.843180283221302,9.323841358881287,6.68153232650807,0.0,0.0,6.2770361555644065,2.3459669860483188,3.0183745602255407,6.6856818519363115,8.272606776097792,4.778987438624125,14.927333505045135,17.54789308985827,0.0,0.0,10.452489964998762,6.044708688889466,7.7352100250495,8.53178265101591,11.835107405524377,0.0,0.0
0.0,3.98038266275127,1.5248431736002643,2.2753228319057976,0.13942571852722355,0.026861900976119197,0.02097431084976349,4.520327100457832,3.0921225763888707,5.137021675018747,2.2005852508854007,3.3271061184188278,0.0,0.0,8.765670433138235,1.8387232365853903,3.8461504607027295,9.309642937205947,6.674142044022052,0.0,0.0,6.270299343737737,2.3293603447883546,3.016547695315824,6.674064919468329,8.268866374672593,4.768338125333835,14.88999896008429,17.552812683541557,0.0,0.0,10.438177225566864,6.038041501165071,7.746816960950201,8.565909416396412,11.864949138991756,0.0,0.0
0.0,3.9682761746835653,1.5237741970989103,2.271764592479489,0.13941283622048758,0.02686306149422002,0.020974137195130294,4.521467509420915,3.077707940799823,5.1055975613714315,2.2170451879591204,3.3080300837363303,0.0,0.0,8.782141499134175,1.8437718723317744,3.848977855670249,9.295928482151284,6.6665499953763,0.0,0.0,6.264005631763048,2.3132229917180736,3.014968070024641,6.661946290680189,8.26522692240962,4.757556660480451,14.852446597796147,17.55785892632099,0.0,0.0,10.423685133885822,6.031413963512083,7.758467609495302,8.599560188389718,11.89522771384196,0.0,0.0
1.7763568394002505e-15,3.956462022494211,1.5229009411677137,2.2681356648290674,0.1394006706664216,0.026862748750026956,0.020973858103503887,4.52198069770694,3.0632610467273755,5.074681299147406,2.232048631272176,3.2897006051742737,0.0,0.0,8.798264380461065,1.8494721444991113,3.8511080843758028,9.282562656870072,6.658747212562366,0.0,0.0,6.257868481855303,2.297034697391731,3.013573198947258,6.649949830887677,8.261736963036597,4.746822143174653,14.814786460913238,17.563267234626366,0.0,0.0,10.40924508958068,6.024739791619701,7.77021722768674,8.632852892802816,11.925328578823166,0.0,0.0
0.0,3.945446053575039,1.5226316929187302,2.2651799431602413,0.1393883579225821,0.026862898956122663,0.020973163332636574,4.522880320058506,3.049702745978816,5.044016090065079,2.2506197076404324,3.2734416396608332,0.0,0.0,8.814474922541178,1.8557953545012464,3.8537968483456924,9.27030937588929,6.651133998238704,0.0,0.0,6.252645789907453,2.28128312621913,3.012145960427397,6.637718565486005,8.258321421866022,4.735828190326604,14.776805722489865,17.568975399558248,0.0,0.0,10.394575134804926,6.018402416923439,7.782051274344961,8.665390690173728,11.956436789852686,0.0,0.0
0.0,3.9347116140468086,1.5228072092291816,2.2622938862909465,0.13937631064827907,0.02686449782886334,0.020972328024330092,4.523770236505595,3.036256817111526,5.01342166446728,2.2693640454924178,3.2572054943241806,0.0,0.0,8.830295079155535,1.8631964731629387,3.85603260573488,9.259403284864597,6.643390946423929,0.0,0.0,6.247574397288773,2.265738113831224,3.0107714785708266,6.625486106395273,8.254599417929363,4.724899959001284,14.739289771351412,17.574954730532802,0.0,0.0,10.380035768148494,6.012209657045093,7.793951012280296,8.69822483424009,11.987787114751434,0.0,0.0
0.0,3.924526458227573,1.5236061726075905,2.2597416410036506,0.13936428286687658,0.02686695991035773,0.02097121053615738,4.526348933796934,3.0228472271967703,4.982873138506219,2.288092372690475,3.2410629203039254,0.0,0.0,8.845622097024497,1.8718191057461593,3.8579807667376866,9.24999537213459,6.635487849460674,0.0,0.0,6.242939767295189,2.2507451546492585,3.0096150233187378,6.612755286500445,8.249798973356361,4.713974242189256,14.702756314357842,17.581136406143926,0.0,0.0,10.365466982363559,6.0062104615486005,7.80567415870388,8.731930097535335,12.01943778016319,0.0,0.0
0.0,3.914767271212431,1.5252624207745882,2.2569684828212484,0.13935247117410396,0.026867977526584753,0.02096927806949622,4.528284000549441,3.008983698419211,4.9530044339289505,2.3082450065858553,3.2263015945111344,0.0,0.0,8.860882247712746,1.8800131503915782,3.8590467899716745,9.23930722161155,6.627141390721613,0.0,0.0,6.239120036774099,2.236216463402084,3.0092016221520415,6.599713868540027,8.244590596362936,4.702915343497075,14.665591247491017,17.58751994540617,0.0,0.0,10.351177472892289,6.00018659199334,7.817319177329634,8.765537421342476,12.050745156099397,0.0,0.0
0.0,3.9053610003246377,1.5275324618562227,2.2544101137732686,0.13934057801422026,0.026866221663232995,0.020967276154583398,4.52971905914775,2.9953405894608314,4.923588526743433,2.3288385037584396,3.2135557521703073,0.0,0.0,8.876238277360638,1.8879270303475402,3.8601021973352365,9.226506473839537,6.6182306609184165,0.0,0.0,6.235780408833561,2.222233745351535,3.009322517758978,6.586375979194018,8.239096382868876,4.69218334032036,14.62726052912457,17.593981050773635,0.0,0.0,10.336974534820593,5.9941955666553755,7.829214076231992,8.798705388457496,12.08151923176592,0.0,0.0
0.0,3.8965993074315923,1.5305089109905166,2.252427836112024,0.1393283518980542,0.026864036148892628,0.02096500922863825,4.532417312818875,2.98245615918647,4.8944993990679775,2.351484407114721,3.201575384370239,0.0,0.0,8.891768861418496,1.8964709165537164,3.861473439059167,9.212779727648565,6.609073110845833,0.0,0.0,6.233131088324056,2.208840994022429,3.0097151844261787,6.573245532170407,8.233083293369043,4.681796887310143,14.58803658058092,17.600193631700023,0.0,0.0,10.322932173904894,5.9883640598628505,7.841254362912377,8.831262352043456,12.111781242024566,0.0,0.0
0.0,3.8880045073013108,1.534107007188632,2.25075015003176,0.13931636893077837,0.026862283016100608,0.020962701489648954,4.533584185540878,2.9703179514363605,4.865827365157199,2.376268317154456,3.190562322482107,0.0,0.0,8.907364520372152,1.9055729843504687,3.8630659698437495,9.19920846372096,6.599656737767438,0.0,0.0,6.230816331592619,2.195702334163946,3.010125598463883,6.560349895312557,8.227191932374915,4.671590428142158,14.548620136841121,17.606574784129652,0.0,0.0,10.309112730408092,5.982745452576021,7.853467199797831,8.863580823536347,12.141446180530549,0.0,0.0
0.0,3.8796445763366387,1.5379819200955986,2.2488364527779483,0.13930521997876152,0.02686033344711445,0.02095987367222985,4.533430641704896,2.958316530168373,4.8378068697038366,2.3990440167123603,3.180280127189705,0.0,0.0,8.922005019880515,1.9151617829069072,3.8636733064199373,9.187974989098723,6.590108261393096,0.0,0.0,6.228323712726387,2.1829889671935687,3.0104709369717835,6.547595009627169,8.221377953149936,4.661355791138023,14.51035869152893,17.612893404495743,0.0,0.0,10.295446659226709,5.976934508291056,7.865787012985934,8.896172101797998,12.171364981745414,0.0,0.0
1.7763568394002505e-15,3.8715844531835013,1.5421258451283246,2.2466984968408026,0.13929467822524041,0.02685940642236555,0.020956274602680326,4.532023925022798,2.9459828604721885,4.8104472280560495,2.420209358317284,3.170413436864103,0.0,0.0,8.93577786643701,1.9251471419744255,3.8632532529625077,9.178235238480498,6.580220179914591,0.0,0.0,6.225908883427239,2.170602757691115,3.010819325799836,6.534716818767581,8.215564929257413,4.651040921650931,14.47276046437366,17.61892672414022,0.0,0.0,10.281962549448476,5.970990186115563,7.878181266227467,8.929287329837175,12.201561123328915,0.0,0.0
0.0,3.8639435820045693,1.546440337863056,2.2444584429950796,0.13928475410534702,0.026856521293088756,0.020952120755485096,4.530225741206447,2.9337629508754324,4.784104847736238,2.4393339849115767,3.162060102731163,0.0,0.0,8.948613703710738,1.9353782660663532,3.8619827972696927,9.169575195777162,6.569870227128523,0.0,0.0,6.2237142876059774,2.158481757900298,3.0113277492601496,6.5218601232831945,8.209667706950025,4.640588725249453,14.435630053552488,17.624902657344734,0.0,0.0,10.268409393272432,5.964756003429633,7.8905719305952,8.962149917857879,12.23238189472905,0.0,0.0
1.7763568394002505e-15,3.856744885887498,1.5511699008407707,2.2426092531164925,0.139274942369371,0.026852531896771534,0.020948595768126223,4.530354845571189,2.922103346623426,4.758140158148346,2.4595685183200273,3.1555312626483043,0.0,0.0,8.960723319453487,1.9463907782808578,3.860240070408367,9.158749611006654,6.558818874400734,0.0,0.0,6.221992082819731,2.146375132677075,3.0123127049019884,6.508818898376479,8.20295117687484,4.630411874273989,14.397841399493698,17.63042289711812,0.0,0.0,10.254786802401561,5.958823148675594,7.902845856625132,8.993657511452552,12.263347149512544,0.0,0.0
1.7763568394002505e-15,3.8501501711493877,1.5565323598012888,2.241313662677221,0.13926487139921703,0.026848882242229942,0.02094492768591165,4.5318761103275405,2.910972773715281,4.732355873263866,2.48193694356789,3.1495873854533163,0.0,0.0,8.972997665464469,1.9580189064135933,3.8587309768469207,9.147315651576019,6.547633046136275,0.0,0.0,6.221052551490026,2.134813001105777,3.0136833452181575,6.495888284113411,8.19580892243601,4.620503476919651,14.359677936571394,17.6359141621276,0.0,0.0,10.241314606417337,5.953184578380837,7.915268960248508,9.024854928707185,12.29331268769889,0.0,0.0
0.0,3.8440753473271654,1.5623857717381564,2.240220064422039,0.1392547475177688,0.026845707047877577,0.020940747700513025,4.5342856053377725,2.8998956164568854,4.706806250338699,2.5056172029510937,3.1439173034580024,0.0,0.0,8.985346310685225,1.9696321421118261,3.8570140064103606,9.135981301489284,6.536602947294214,0.0,0.0,6.2205424533163445,2.123906993390619,3.0153595799741155,6.48329992108603,8.188772865408037,4.6106899597110145,14.321109072157098,17.64098287206102,0.0,0.0,10.22802952068615,5.947674739774874,7.927769942353474,9.055589168020667,12.322777254370715,0.0,0.0
1.7763568394002505e-15,3.838641161744716,1.5688559375298667,2.239253103639095,0.1392445111418331,0.026842206173976285,0.020936581957469273,4.536889797332959,2.88936320852961,4.68165644236824,2.5312331335405336,3.139541324201093,0.0,0.0,8.997618141831612,1.981570062164186,3.855223255649727,9.12465442084773,6.525390513584706,0.0,0.0,6.220770142858214,2.1136146520315973,3.0170653482159713,6.470630193975156,8.181225493629118,4.600902484317072,14.28309838622943,17.64595315355049,0.0,0.0,10.215186294474238,5.942349779402107,7.940484675216846,9.08683485881422,12.350784268568606,0.0,0.0
0.0,3.833596060400331,1.5756380770959555,2.2385608586247896,0.13923426541611195,0.026838119730791175,0.02093225344841648,4.540085540078059,2.8791137166614535,4.656937881455327,2.557221720224389,3.1354749386077385,0.0,0.0,9.009828963536798,1.9938672377664262,3.853418510606062,9.114206939162832,6.514566048725445,0.0,0.0,6.221288802727123,2.1039906787631413,3.01888520449991,6.458189752508697,8.173598124409356,4.591238696075346,14.245252416414488,17.650729839628273,0.0,0.0,10.20246784752129,5.937026890031725,7.953254825489388,9.118092506610205,12.37885420241293,0.0,0.0
0.0,3.829041871609794,1.5826712384327668,2.238228731859163,0.1392242794900618,0.026832839721636075,0.020927696899717168,4.543456236691511,2.8692511892669432,4.632934248100459,2.5829959593521017,3.1317292511069668,0.0,0.0,9.021905200153315,2.006473446694759,3.851696714414419,9.104638601970272,6.503798336129131,0.0,0.0,6.2223030517863425,2.0950344492167052,3.0208260422360866,6.445916906310611,8.165860663835785,4.581662192299454,14.20768709003729,17.655233642472968,0.0,0.0,10.189885610821404,5.931611534667908,7.966166180373432,9.149469254941838,12.406905979951933,0.0,0.0
0.0,3.825066474890655,1.5901382479106605,2.2379498372818882,0.1392145233399001,0.026826206728784784,0.020923305792540457,4.5469781389274155,2.8600149697385433,4.609647478589265,2.6083391612672884,3.1287906464928814,0.0,0.0,9.033647722648082,2.019289696110738,3.849604737699165,9.094518683141668,6.492851310880305,0.0,0.0,6.223696609522846,2.0866223291149253,3.02310278828982,6.433895386345397,8.15759684409928,4.572430800289228,14.170305773902594,17.659050787411267,0.0,0.0,10.177732493640496,5.92611797293263,7.979300020327482,9.180837266950416,12.435080391823185,0.0,0.0
0.0,3.82158413610247,1.5980517186959284,2.237606698333367,0.1392046981192388,0.026821147422261882,0.020918903366217607,4.550503180954765,2.8512508813701527,4.586879720154124,2.632919409295892,3.1257572754593483,0.0,0.0,9.04498515835877,2.0324354598318135,3.8466733739431067,9.08529372939428,6.481686292447709,0.0,0.0,6.225297767562896,2.078934464560773,3.0257561952296537,6.42187387458798,8.14877118727511,4.5633296743150815,14.133730124478394,17.662460572221008,0.0,0.0,10.165681673225341,5.920661434400077,7.9926295171995445,9.212789382957927,12.463704961567023,0.0,0.0
1.7763568394002505e-15,3.818510090133587,1.606130166265666,2.2373607491193592,0.13919501645601315,0.02681588757611333,0.02091329778303958,4.553399410659065,2.842801946720189,4.565897980170727,2.6561396365463974,3.123718116471625,0.0,0.0,9.055406461799219,2.0453417618714025,3.8430488557772544,9.07587675389417,6.470644942285734,0.0,0.0,6.227164307917412,2.0719355407691977,3.0285656148199847,6.409931880090336,8.139938978814289,4.554404375624964,14.096606576470439,17.66587037562718,0.0,0.0,10.153639384772209,5.9155399948426854,8.006082327407462,9.243559501956208,12.493212335908414,0.0,0.0
0.0,3.815922173354189,1.6145468315415719,2.237155723971655,0.13918607777378753,0.026809730267784933,0.020907526819596706,4.556333988146113,2.834460406268067,4.545488232937236,2.679323667584524,3.121279018797253,0.0,0.0,9.065579203069502,2.058106283915573,3.839204484651969,9.066792987012452,6.459869432491754,0.0,0.0,6.229428400347771,2.065519751982711,3.031485362632898,6.398554077961049,8.131230972178145,4.545735193377527,14.059415263745588,17.668779971861373,0.0,0.0,10.142006563659749,5.910237844375039,8.019654439657458,9.27363585694477,12.521685670562135,0.0,0.0
1.7763568394002505e-15,3.813669661838235,1.6232363692546654,2.237123737691694,0.13917735239599727,0.0268025073305014,0.020901870130128546,4.560394374946636,2.8262190025211082,4.525457620230724,2.702673168385862,3.1193153271402814,0.0,0.0,9.075337314191014,2.071101335186074,3.8351740371337204,9.05638876491316,6.448625071683197,0.0,0.0,6.231899079187685,2.059515184060603,3.0343604270876168,6.387188024069,8.122119215731004,4.537532537426183,14.022294946497226,17.67127464451727,0.0,0.0,10.130839255912827,5.9049891437506155,8.03331148550088,9.303802834431123,12.54968862567593,0.0,0.0
1.7763568394002505e-15,3.81188731777071,1.631925466737255,2.237643440257265,0.13916878232790952,0.02679609723168922,0.020895961100635064,4.5649257420521385,2.81897164346509,4.507103809723459,2.7259194176835675,3.118118024299979,0.0,0.0,9.083772404004753,2.0846314614090833,3.831021072604874,9.047009358257545,6.436450536922081,0.0,0.0,6.234914551282147,2.05358742165674,3.0369470059650983,6.376005566028975,8.113137097587853,4.529174827806225,13.985998567630844,17.67292141459595,0.0,0.0,10.119469778889247,5.899756799110988,8.047052109220362,9.33341567917193,12.57659993002217,0.0,0.0
0.0,3.8108515610624494,1.6406442779293597,2.238395223607527,0.13916064637200515,0.026789907048997367,0.020889913186261867,4.569337793329179,2.812575123466941,4.489457179211764,2.7489064627670534,3.116789397310483,0.0,0.0,9.091293603577624,2.0993021436006,3.826521023872314,9.040280011066224,6.4243317072371635,0.0,0.0,6.238493241200781,2.0481168324997094,3.0393762658113745,6.365427282099233,8.10398542122333,4.521300762181318,13.951555703531543,17.674234060904606,0.0,0.0,10.108279046239838,5.893972719646893,8.060870518668356,9.36326354553925,12.603009169718327,0.0,0.0
1.7763568394002505e-15,3.810195614254966,1.649664623069843,2.239216316291414,0.13915304737740347,0.026784094453513606,0.020883642965694758,4.573697086063973,2.806572818375158,4.472793969405025,2.771410198933192,3.115772403155867,0.0,0.0,9.098350262436073,2.1138420789252153,3.8216415091604308,9.033255762930128,6.412062361877588,0.0,0.0,6.2424611313899145,2.043086702594533,3.0420593199207193,6.355554619821126,8.094845339073592,4.513831635921813,13.916779995859518,17.67501514314742,0.0,0.0,10.097414607836976,5.888139762036331,8.074879652299703,9.392472534707483,12.629407754832744,0.0,0.0
0.0,3.8098133133022927,1.6590889026668054,2.23996583206127,0.1391462333352323,0.026777312176227745,0.020877392731399408,4.578391577577952,2.8005760545051794,4.457448977022474,2.7928945365389164,3.1145799559418745,0.0,0.0,9.104766601048603,2.127241954733807,3.816383527075223,9.02349545762491,6.399083912338479,0.0,0.0,6.246573169430066,2.0388051307908928,3.0451609552911747,6.346400437284454,8.085400220276526,4.506862645930891,13.88090096553737,17.674131005932516,0.0,0.0,10.087399125389563,5.882378647654862,8.089163255264138,9.421040198124423,12.655648022978127,0.0,0.0
0.0,3.809587157287767,1.6687359733468259,2.240885507701999,0.13913963228950665,0.026770180786848535,0.02087114914834525,4.583533708884594,2.7948367488220294,4.442481114272009,2.8143420809846917,3.1135134943126648,0.0,0.0,9.111036880838986,2.140769088387088,3.8110314719201925,9.013673175344003,6.386058270963142,0.0,0.0,6.250693887159314,2.0348829247997973,3.048429884988062,6.337783068310759,8.076042579812414,4.500230399028959,13.844926840786245,17.672717276171937,0.0,0.0,10.077620162353522,5.876725217950334,8.103623107586408,9.449292417098436,12.681830376414899,0.0,0.0
0.0,3.80979011069786,1.6789588762602727,2.24222330345117,0.13913168970866688,0.026764298457163035,0.02086501495767296,4.590611253067701,2.7900798594019616,4.427646396709483,2.8392937877967794,3.1116897979945155,0.0,0.0,9.117001224208678,2.1548238883398207,3.8055445361580755,9.003644219976133,6.373031124708577,0.0,0.0,6.255332810346415,2.031506831063452,3.0520153560012457,6.328808766839821,8.066234482343008,4.493139255666826,13.809148066810296,17.67081542070922,0.0,0.0,10.067597809620922,5.871949396768376,8.118318091075489,9.476850123345285,12.706441966618216,0.0,0.0
0.0,3.810339751430573,1.6894129761064018,2.2436669382701764,0.13912405627552005,0.026757167463065088,0.020859179743628456,4.59846411678053,2.786035396733881,4.413016875847573,2.863951184076462,3.1098950696288417,0.0,0.0,9.122098729312365,2.1696699181212997,3.7997009565734876,8.99446167407173,6.359282319331624,0.0,0.0,6.2599571034668,2.0285804598918458,3.055830952792673,6.319885165677873,8.055652721527041,4.486498760037824,13.775262170629306,17.668616800330618,0.0,0.0,10.05799838102834,5.866975323785959,8.133207835956627,9.50549644168252,12.730789365093617,0.0,0.0
0.0,3.811317494850201,1.699927593372572,2.2453034910605103,0.13911670306913337,0.026751290740264572,0.020853238977196743,4.606810038074752,2.7822492693051757,4.398818647595672,2.8890259898902273,3.1080185925782664,0.0,0.0,9.126858668685303,2.1845516057248884,3.793651031018935,8.986089586722976,6.345515872217098,0.0,0.0,6.264897768714706,2.026313595137658,3.059738326988866,6.3116189052374585,8.045122013296446,4.4802832654519245,13.741551259818966,17.665424200318675,0.0,0.0,10.04860737053507,5.86180426529152,8.14821929970299,9.53362537653216,12.754929813792447,0.0,0.0
1.7763568394002505e-15,3.8126971500610267,1.7104961349285093,2.246962127647655,0.1391098032399161,0.026746282285236914,0.020847021494504243,4.6160065373701995,2.7785819806143333,4.38523375781315,2.9144640392388865,3.106628050815265,0.0,0.0,9.130244625946709,2.1993137989879634,3.786771107641722,8.978378115953149,6.331679732686668,0.0,0.0,6.26996200321099,2.024592548989326,3.0637062266729562,6.303887198492383,8.03473805145062,4.474288885860262,13.708290119969744,17.66116892682804,0.0,0.0,10.039286816295224,5.856385542851176,8.163336772251231,9.560681997230038,12.779394572659113,0.0,0.0
1.7763568394002505e-15,3.814874889611296,1.7211685569034194,2.248775136549212,0.13910305653543326,0.026741714955412447,0.020840817524423325,4.625210906906392,2.7755655643604955,4.372509813402638,2.939945094069823,3.1053945215548646,0.0,0.0,9.133435646854156,2.2142206751269424,3.779631270460612,8.971179710599353,6.317611441001298,0.0,0.0,6.275827459542163,2.0234212420069797,3.067797031229255,6.296760111976883,8.024296865439693,4.468857873356626,13.675337274611948,17.656239172739635,0.0,0.0,10.030295030686771,5.850911019305649,8.178528321516866,9.587505411372081,12.803379037701182,0.0,0.0
1.7763568394002505e-15,3.817436311688367,1.731830075132393,2.2510075231008004,0.1390958335354506,0.02673714037278452,0.02083459371583229,4.635450264796886,2.7729958551009264,4.360714808575351,2.966461072903396,3.104090897554567,0.0,0.0,9.136270815394454,2.2293656940865616,3.7724918330510864,8.964331881853878,6.303674613914253,0.0,0.0,6.282146150611203,2.0229139840835484,3.0719581505874545,6.2898446145693185,8.013770337588328,4.463565428153138,13.642569164663474,17.650805579034625,0.0,0.0,10.02130572757746,5.8457303543032,8.193690333051563,9.613776345296024,12.827726914961037,0.0,0.0
1.7763568394002505e-15,3.8203959790883455,1.7424335063616467,2.2536730139081436,0.13908867962481453,0.026730824795078902,0.020828401046153987,4.646382069131651,2.771172342216101,4.350780154727152,2.9924572308318647,3.1031223400152155,0.0,0.0,9.138573339505394,2.2444259764864936,3.7656084425469714,8.955935174157586,6.289371519600959,0.0,0.0,6.288922282645035,2.023001876747802,3.0762126686358515,6.283262328710929,8.002822722648126,4.458887587311195,13.60977955529481,17.644412673219765,0.0,0.0,10.013068275985523,5.840829604429737,8.209089730076805,9.640126356705224,12.852112723179882,0.0,0.0
0.0,3.8235557657874013,1.7528541981676513,2.256382672261504,0.1390824896491541,0.02672378884099808,0.02082207481182438,4.6580780888195505,2.769513365509934,4.341821772296954,3.016988443735229,3.1020620263567675,0.0,0.0,9.139691385421887,2.259385807115519,3.7580656401201433,8.948445820001671,6.274574529247616,0.0,0.0,6.295383434442935,2.0236806971387953,3.0806491435833756,6.277511783500411,7.991779245032393,4.4544950438950695,13.578191989671907,17.636565391930613,0.0,0.0,10.005049372430257,5.835332296013203,8.224483302914749,9.66584156721503,12.876933262533559,0.0,0.0
0.0,3.8268706293886376,1.763137557258397,2.2593193465401984,0.13907676868453434,0.026716915436253107,0.020815585512868006,4.670381030749436,2.76805763298444,4.333406469238036,3.0413996967175363,3.100587003331676,0.0,0.0,9.140109989994109,2.2745610843760242,3.7502297055267375,8.942276753986873,6.2598156657436546,0.0,0.0,6.3018137541366634,2.0249282798742407,3.0851007038127123,6.272535046617126,7.980838555929801,4.450585454731179,13.54746018275365,17.628176808606337,0.0,0.0,9.997104058215564,5.829467933896703,8.23991700679992,9.691068155538192,12.901989290361604,0.0,0.0
0.0,3.830404180081524,1.7734656302556626,2.2624748965282673,0.13907110088433425,0.02671080805453377,0.02080908791898274,4.682865918375859,2.7670180967189304,4.32535638053314,3.066031390775628,3.09946708147967,0.0,0.0,9.140415628999548,2.290018983144773,3.742281830253426,8.937251017949098,6.244989342267035,0.0,0.0,6.308466304018739,2.026642294666151,3.089700245073991,6.268289139050373,7.970050343042689,4.4470366916368205,13.517083741092563,17.619444480698863,0.0,0.0,9.98919223493034,5.8235427121749535,8.255469406602124,9.715937798391009,12.926957007147708,0.0,0.0
0.0,3.8340143698087497,1.783726580546186,2.2658899064319553,0.1390662565176205,0.026704830499723817,0.020802538752480646,4.695199699590941,2.766366925185345,4.318425899868896,3.0899387925828323,3.0990464833403526,0.0,0.0,9.139863601562833,2.3056212842377275,3.734159533443997,8.932826273067594,6.229908521212529,0.0,0.0,6.314979970749444,2.028576565600191,3.094208005262829,6.264944213010293,7.9593665709515715,4.4441329513576315,13.487365781359511,17.6095027629549,0.0,0.0,9.981610522186756,5.817517487986188,8.271198801008316,9.740559284662314,12.950890254410695,0.0,0.0
0.0,3.837958415410333,1.7943435121139988,2.2694243324016194,0.13906139031055204,0.026698738315820023,0.02079619015845826,4.708004288781626,2.766466080029563,4.312658676692613,3.115306241392415,3.1003185957909523,0.0,0.0,9.13862647203583,2.3212175343472756,3.7257930477118104,8.92677515309361,6.214321712348099,0.0,0.0,6.322084622689179,2.0307045772283687,3.098955915845209,6.261831647563302,7.948409413292649,4.4415167757590135,13.457759598171666,17.59815974971105,0.0,0.0,9.974672195969621,5.81192661700563,8.287508414787334,9.764820009819227,12.972721189622748,0.0,0.0
0.0,3.842155306851899,1.8052013380637697,2.273060433679524,0.13905682099971592,0.026691650814939922,0.020789938492646477,4.7209168493712745,2.767123220007077,4.308516417722033,3.140892216905987,3.1021625669991844,0.0,0.0,9.136705779970354,2.336708688326877,3.717324058120333,8.920120972410432,6.198190700917521,0.0,0.0,6.329537797132512,2.033080400406382,3.1038528772198437,6.2593620868733675,7.937342704134052,4.438918734769025,13.428851709810296,17.58554799564033,0.0,0.0,9.968274619351504,5.806379503451414,8.303972200751836,9.789232423001078,12.99359122381557,0.0,0.0
1.7763568394002505e-15,3.8466898465631645,1.8161931258856583,2.276795466942992,0.1390516836797056,0.02668474120621414,0.02078379600608872,4.7349238239567635,2.768079397946589,4.304671572171421,3.168008800630392,3.1044863256628656,0.0,0.0,9.134361318497103,2.3524371267901403,3.7084676741481584,8.912875337456358,6.181935455261883,0.0,0.0,6.337445145934939,2.0360237563304198,3.1088398341991224,6.256742134962622,7.925998405468767,4.4366365873561096,13.400212406509686,17.5725162635421,0.0,0.0,9.96192307625936,5.801223805015408,8.320550986277551,9.813095732609462,13.01521466954102,0.0,0.0
0.0,3.8511919638076697,1.827054519955018,2.2806433967993134,0.13904722585386609,0.02667820839310995,0.02077783519370537,4.749254513616229,2.7691382831660554,4.301114097922,3.1947845569572704,3.1069105909998442,0.0,0.0,9.131205877162888,2.3684085659204657,3.699263536122011,8.906311844437964,6.16552942788825,0.0,0.0,6.34502429879278,2.03907379231998,3.1138037241046055,6.254929336936515,7.914869243793003,4.43501026225239,13.372396122077825,17.55869331739059,0.0,0.0,9.9557587610598,5.795828508701525,8.337242885315444,9.836769439574928,13.03723336009455,0.0,0.0
1.7763568394002505e-15,3.855868550441286,1.8377704807962725,2.2845440145885685,0.1390430313766583,0.02667278691141783,0.020772216596688958,4.764096381864095,2.7704863406607516,4.297878746920007,3.2211548400375096,3.1092955413495704,0.0,0.0,9.127605486809635,2.3845738063343367,3.6895272293239407,8.90097810014566,6.149172277207954,0.0,0.0,6.3525405956428695,2.042684213631944,3.1189627618039997,6.253682918540879,7.9037789869414246,4.433955493591958,13.345120141574574,17.543876266803597,0.0,0.0,9.949503349064178,5.790244391382107,8.353941583949016,9.85987063358502,13.059402623059034,0.0,0.0
0.0,3.8610633692118594,1.848628311155727,2.2882062087018906,0.1390389315766451,0.026665842149481655,0.02076694669022019,4.779312846235234,2.7723403207410273,4.29577532318584,3.248025497267009,3.112427166449024,0.0,0.0,9.123222075599145,2.400298177056591,3.6792968656095306,8.89466333890903,6.13230304405998,0.0,0.0,6.360776532588472,2.0468548276018046,3.124661251557224,6.253519475622984,7.892446112380004,4.433155172433399,13.318302845037946,17.52716026911615,0.0,0.0,9.944024298873948,5.784538430226536,8.370674820642572,9.8828691699785,13.080909358574806,0.0,0.0
1.7763568394002505e-15,3.866529030082874,1.859354703344481,2.2920726953256545,0.13903449609862936,0.026659127729723973,0.020761410744748687,4.795634297484648,2.774459594087655,4.294641616845628,3.275900233414566,3.1145736270054325,0.0,0.0,9.118345579502009,2.4162277749112184,3.6686656606833425,8.889599354095955,6.115846723604735,0.0,0.0,6.369429734179678,2.051742261433021,3.1305012687438603,6.253922835514312,7.881127407202718,4.432510373877993,13.292007021614621,17.50980173303871,0.0,0.0,9.938402186669991,5.778874680524262,8.387437402215973,9.904889963331712,13.102436472414652,0.0,0.0
0.0,3.872054726319614,1.8699532991289665,2.2963015684795893,0.13903049819111013,0.02665334631714216,0.02075554480493452,4.812265252941819,2.7771018715517233,4.294798124949816,3.304248288361807,3.1166644140946236,0.0,0.0,9.112398463054728,2.4325484887781212,3.6578464853239687,8.88508736428548,6.099404411319297,0.0,0.0,6.378196374345444,2.0565613536209364,3.136277603253003,6.2549949716578865,7.869953622992317,4.4322968187466705,13.266316005418721,17.49155177698496,0.0,0.0,9.932850217740869,5.773408880826991,8.404657066221555,9.925552217428422,13.12320318473806,0.0,0.0
1.7763568394002505e-15,3.8777456401071015,1.8805844211175105,2.3006671221111032,0.13902612085270968,0.026647010102135233,0.020750062011047295,4.829289810978412,2.780177455805338,4.29545640970973,3.333031989552727,3.1192773425212073,0.0,0.0,9.106221095319048,2.448927266660003,3.647033117518401,8.880238346361494,6.082531817061449,0.0,0.0,6.386981116700045,2.0618040633154795,3.1423064672421517,6.256015621887903,7.8585386386893274,4.432577033936832,13.24115601130892,17.472093579238223,0.0,0.0,9.927549013541254,5.7680530509704235,8.422017163069944,9.946441941848724,13.144003257470926,0.0,0.0
0.0,3.8835545487711487,1.8913402439368037,2.30513794609837,0.13902177082631179,0.026640940902140132,0.020744894163638745,4.84643208135663,2.783532327768239,4.296570770018698,3.3617987274351986,3.1224078899756944,0.0,0.0,9.099949816104084,2.465337956088354,3.6362076167416544,8.875124466943753,6.065462706619938,0.0,0.0,6.39578594425853,2.0673338936139896,3.148478647107379,6.2572738176370635,7.847146488678333,4.433196349421502,13.216400363158971,17.451811571019547,0.0,0.0,9.922486658904221,5.762757643482449,8.439508341953069,9.96736721358465,13.164836378912582,0.0,0.0
1.7763568394002505e-15,3.889374577663241,1.9019968545414536,2.3095823800791018,0.13901792746089614,0.0266346521033865,0.02073980769878866,4.864206697550116,2.786802488276403,4.298079130142742,3.3905363453851676,3.12556302178582,0.0,0.0,9.09298053388689,2.4818090864581728,3.624860087448574,8.870602454990058,6.048411750145054,0.0,0.0,6.404334486189036,2.0729841339657273,3.1547483049326526,6.259241846717305,7.835946169612414,4.434314567481118,13.19267574750239,17.4307656242312,0.0,0.0,9.917579762159036,5.757225150597508,8.45713082938642,9.987784971233719,13.186175797922948,0.0,0.0
0.0,3.895587694189036,1.912247038631883,2.3140860003346844,0.13901387359044778,0.02662785926802264,0.020734688980393663,4.883060470195073,2.7902517542309075,4.300722073796204,3.419735258609709,3.1276599287750875,0.0,0.0,9.08537548857017,2.4982157546952592,3.6128386392497367,8.867311848552509,6.03198188411989,0.0,0.0,6.4132294013315425,2.079198891098012,3.1612375014477947,6.26219989990398,7.824772980826465,4.435708576374748,13.169418389306767,17.408749470071463,0.0,0.0,9.912647274142223,5.7516200021065265,8.474492368637804,10.007442764812753,13.207029334382122,0.0,0.0
0.0,3.902012870371447,1.9223076206682048,2.3186421398184884,0.13901021661550994,0.026620758655315404,0.02072966656180233,4.901966742789199,2.7939178964101665,4.304455198330248,3.4491146962668537,3.1302756586100493,0.0,0.0,9.077096229353943,2.5145635078419106,3.6006041447935857,8.863901406630603,6.015707349851601,0.0,0.0,6.422448634574334,2.0856461660380563,3.1677282438129875,6.265987157252396,7.81366523077343,4.437548260420919,13.146558989096446,17.385701901332272,0.0,0.0,9.908071733833404,5.746031669631522,8.491732461463489,10.02640371831447,13.227363187696652,0.0,0.0
0.0,3.9087136412056367,1.9320967154307558,2.323157597336316,0.13900679016810782,0.026613463317995658,0.020724921362356326,4.921108581993311,2.798008466351406,4.3091249775898515,3.478395702339339,3.1333181255107845,0.0,0.0,9.068458472613122,2.5311502854683727,3.5879807046205734,8.862359203001846,5.999507530431171,0.0,0.0,6.431874131005811,2.0925301331565858,3.174544722606787,6.270071608629349,7.802417021886167,4.439860705221576,13.124746622189363,17.361220748642914,0.0,0.0,9.903441508087584,5.740233376487255,8.509027330822027,10.044700477782012,13.247476485544313,0.0,0.0
0.0,3.9154804061910276,1.9420054215194498,2.327730771948656,0.13900390521808598,0.026606108815143647,0.02072034197097311,4.9403903300574195,2.8021498122346142,4.314074834937236,3.507730287353045,3.13761513247643,0.0,0.0,9.05974963191739,2.547749791634166,3.5754088744613814,8.860262901396473,5.983336593111327,0.0,0.0,6.441406638296802,2.0994925714331027,3.1814379226811607,6.2747152588854425,7.791342499473139,4.442541735620867,13.103097922559986,17.336212572269673,0.0,0.0,9.899098808893703,5.734525293723744,8.526546310467586,10.062517311405367,13.268237808267074,0.0,0.0
0.0,3.9224899952579007,1.9518328794281743,2.332548746413602,0.13900055454255544,0.026598524760235245,0.020715518210609112,4.960902583851001,2.8062812437312887,4.319562598265195,3.5381481322591766,3.142728367742723,0.0,0.0,9.050832902403203,2.5644433168572465,3.5625691212892923,8.858202168296021,5.967517039125013,0.0,0.0,6.451165659400483,2.106997656143786,3.188373374302875,6.279505967391937,7.780261962890916,4.445589475417784,13.081775286038217,17.31058982491645,0.0,0.0,9.894726909332684,5.728975267767022,8.544257696595503,10.079129221293442,13.289363156993309,0.0,0.0
0.0,3.9296151153192103,1.9616348847132532,2.337314438886494,0.13899725855934494,0.02659077297187608,0.020711061589481123,4.98116423629218,2.810799032393507,4.325929239958897,3.569626906786031,3.1481314947914725,0.0,0.0,9.040818214981819,2.5811554791552718,3.5494179555861414,8.856935871529227,5.951553656197532,0.0,0.0,6.461131482046943,2.114772929638191,3.195556253447339,6.285071177149517,7.769168319532366,4.449099089496759,13.061515777344155,17.283603054620993,0.0,0.0,9.89066071999806,5.7232896043805574,8.562099651191213,10.095847726724148,13.309760908698165,0.0,0.0
0.0,3.936922960906129,1.9711268069756551,2.3423481611171826,0.13899375076142353,0.02658307537369792,0.020707148638938255,5.001515808793266,2.8156930545844827,4.333445950874303,3.601272884274533,3.15370571447856,0.0,0.0,9.03027608383893,2.597732103810113,3.5362958555601183,8.855170244210635,5.93604601538162,0.0,0.0,6.47123340523508,2.1225613257557763,3.2027863427118857,6.290826403135583,7.758020726822308,4.452659365625902,13.041518963159309,17.255299575674936,0.0,0.0,9.88673470649678,5.718024930158298,8.579873008126826,10.112418341558993,13.32889666638136,0.0,0.0
0.0,3.9444096026338933,1.9805209740756187,2.3475436541873065,0.13899087395039583,0.026575138505242353,0.0207034004671184,5.021912573869749,2.8207982888169827,4.342096226517976,3.6328675648686457,3.1594767771700663,0.0,0.0,9.019290584564503,2.6144123669054418,3.523180930176397,8.853381566204444,5.920776866325549,0.0,0.0,6.481683638355263,2.130393501959208,3.2101345515147672,6.297548145396716,7.746996974547029,4.456671476045185,13.021726724534563,17.22624304283544,0.0,0.0,9.88327774597469,5.712890490845209,8.597670694784462,10.129130427454065,13.347612208630371,0.0,0.0
1.7763568394002505e-15,3.951884482941016,1.989859046058961,2.352818730765206,0.1389895826301539,0.02656609280798318,0.02069957070610464,5.042291410352161,2.8259408307239258,4.35099404941867,3.663698852536121,3.166592763172061,0.0,0.0,9.008316904630632,2.6314459810170234,3.5103353513733326,8.852001164050709,5.905563137778487,0.0,0.0,6.492145712605864,2.137874001694059,3.2176179863689742,6.3052638911521095,7.736186916702579,4.461149370349331,13.002976725495232,17.196742259351215,0.0,0.0,9.880150863818022,5.707494738872629,8.615653127871314,10.145504860044188,13.367052575614263,0.0,0.0
1.7763568394002505e-15,3.9594993344182097,1.9992594256137757,2.3581846376532414,0.1389880597980224,0.026557918271184554,0.020696098783673202,5.06299143206754,2.8311690721535894,4.360252087508591,3.695179589386466,3.174429432928508,0.0,0.0,8.997121894299323,2.64862995043559,3.4973256927956466,8.850582928537808,5.890176544742272,0.0,0.0,6.502773812881685,2.1453050809208953,3.225184532735765,6.312943534621585,7.725493418228259,4.465791574336517,12.984921663982538,17.166829966906302,0.0,0.0,9.877192617061429,5.7022901629788905,8.633859021656658,10.162303849897189,13.387181141241507,0.0,0.0
1.7763568394002505e-15,3.9671172019347503,2.008603978243535,2.3636591490980643,0.1389865281972305,0.02655122973739294,0.020693311917814337,5.0840644905073304,2.836483484789034,4.3700746484177495,3.7275194908356672,3.183221906168626,0.0,0.0,8.985316596877492,2.665794997043776,3.484132685713879,8.849439338655909,5.874515429857901,0.0,0.0,6.513308719156425,2.152483909322271,3.2328708329324995,6.3204041926834815,7.714883994389125,4.470498437906855,12.96786065172033,17.135994783272533,0.0,0.0,9.87431762041387,5.6971817333110195,8.652388955814958,10.179766344287856,13.407509371141266,0.0,0.0
0.0,3.9748560761829324,2.01798150633937,2.3691001593923553,0.1389851218682939,0.026543541639088637,0.020690903036381374,5.105443742992494,2.841853419588301,4.380957131448091,3.7602325720540355,3.1935687966464275,0.0,0.0,8.973277154978218,2.6824595051088327,3.471069640858665,8.84661641403817,5.85922263123198,0.0,0.0,6.524062843126134,2.1598189235091723,3.240635580424946,6.328702011798942,7.704351008281933,4.475100527826634,12.950751024217826,17.104091401844954,0.0,0.0,9.871752059493282,5.692213967788294,8.670991818200989,10.195984439775243,13.427479721563532,0.0,0.0
1.7763568394002505e-15,3.9827564891539327,2.027469089055192,2.3745773933006156,0.13898350225325393,0.026535307778896188,0.020688557706199515,5.127256363642665,2.84735109130808,4.392272767989167,3.793668902971596,3.204672307841709,0.0,0.0,8.961180615252555,2.6991603716346164,3.458090869092174,8.843199637394124,5.8442687756076,0.0,0.0,6.535144973138339,2.167488167526306,3.24833296283692,6.337329657572672,7.693940523878322,4.480027577411823,12.933672975338764,17.071743773956943,0.0,0.0,9.869288026440067,5.687511318264556,8.689656681374379,10.211285354918164,13.448468861477805,0.0,0.0
1.7763568394002505e-15,3.990693058632855,2.03690505321714,2.3801782656926425,0.13898176091983142,0.026527502405530118,0.020686455054523302,5.148295291449232,2.853222703735275,4.404536709723749,3.8277018166130587,3.2156688343825635,0.0,0.0,8.948132911105484,2.715989351638843,3.445059766496638,8.841360755850692,5.82960892004661,0.0,0.0,6.546524858702686,2.175624294710662,3.2561469450111837,6.346443145831031,7.683458393362882,4.485625863016688,12.917010420853885,17.038002050898474,0.0,0.0,9.866924192264813,5.682800096463863,8.707996518991283,10.226259054385396,13.468474330662861,0.0,0.0
0.0,3.998570206145189,2.045913466661544,2.3856893161779382,0.1389798372656676,0.02651917427358164,0.020684949316583847,5.169899309579446,2.8591691415826683,4.41740290184093,3.8613890228788974,3.225114772270739,0.0,0.0,8.93484278570491,2.73310178674733,3.4314352559894705,8.841801567525154,5.815110406972354,0.0,0.0,6.55749757508788,2.1838760129869357,3.2641839274041478,6.355546280446502,7.6730429835286005,4.491398480679795,12.90184140776099,17.003760607655437,0.0,0.0,9.864231353021182,5.6778712664112865,8.72618914855644,10.241184770018645,13.488010802681151,0.0,0.0
0.0,4.006452202626572,2.0549047697296627,2.3912762867979036,0.13897849421881409,0.026511580084417907,0.02068360192069291,5.191677439072442,2.865129012340474,4.430765520185007,3.895350625232468,3.2351340429618283,0.0,0.0,8.921254678013998,2.750443491500676,3.4177288070279452,8.84301057975157,5.800816587253567,0.0,0.0,6.568565050409465,2.1919674476679214,3.272211062066658,6.365202058432813,7.662885436267746,4.49737545455902,12.887237047121538,16.969250292239842,0.0,0.0,9.861708603855138,5.67292784764244,8.74455979853204,10.25599141284283,13.507533454722616,0.0,0.0
1.7763568394002505e-15,4.014350623822838,2.0639000339434146,2.396894905796811,0.1389777505197337,0.02650334009364459,0.020682355311182864,5.213466156782428,2.871173389337994,4.44453660783138,3.929415996111457,3.246901248788695,0.0,0.0,8.907575190586039,2.767873728185825,3.40425090584012,8.844095515426341,5.786668645913764,0.0,0.0,6.579807698752137,2.200039027525182,3.2802596940685453,6.375627204261565,7.652948718351406,4.503674997605081,12.872973977542635,16.93435853868281,0.0,0.0,9.85948688255031,5.667990612705544,8.763059399214264,10.269990520883235,13.527237135622551,0.0,0.0
0.0,4.022350175406716,2.0730917745073834,2.4024638081953182,0.13897625329765353,0.026494167577778265,0.020681653627012228,5.2355659948295665,2.8775307532941254,4.458852147829477,3.9641978930149793,3.2603366711467414,0.0,0.0,8.893845287233503,2.784910391513111,3.3911451488248794,8.843150421228552,5.772282927171387,0.0,0.0,6.591147880286916,2.2082160961439787,3.2883428771335406,6.385995888062875,7.6431238681941105,4.509784753779639,12.858514384620864,16.898796950494994,0.0,0.0,9.85742081573905,5.66352934854405,8.781586630722874,10.283500561109706,13.548081304417847,0.0,0.0
0.0,4.030404484081399,2.0820717944197495,2.4081237488475797,0.13897466102080563,0.026484783752475146,0.020681110137554793,5.258301121303451,2.88368251973257,4.473676286386782,3.999510949487456,3.2735883022324246,0.0,0.0,8.880095547011527,2.8017395355452264,3.3779984000630816,8.842416353254906,5.758367254970693,0.0,0.0,6.602607007393317,2.21676467702631,3.2963048671251287,6.396598759082807,7.633403657592716,4.5161249061763575,12.844028303347644,16.862747748558416,0.0,0.0,9.85506115392269,5.65912607361983,8.799977962969072,10.295365458345907,13.569200600090268,0.0,0.0
0.0,4.03825425837071,2.0908295574684015,2.413972145266664,0.13897429148333826,0.0264764136203656,0.02068073487667346,5.28028960165507,2.8898284830005014,4.4888030756366035,4.0347438132695705,3.286412462598165,0.0,0.0,8.865639057241212,2.818839166971857,3.3648883061616037,8.843907393620475,5.744555116095388,0.0,0.0,6.61395785674344,2.224817493207067,3.30433729099981,6.4075818534278115,7.62379762514753,4.5228201211485075,12.83062765680821,16.826012587263367,0.0,0.0,9.852866339511879,5.654584619124318,8.81846594734528,10.307756329171529,13.589610250418113,0.0,0.0
1.7763568394002505e-15,4.045858827874194,2.099167397410661,2.41982322968998,0.13897372776449538,0.026467658507012673,0.02068088643052304,5.302044540809914,2.895878508967775,4.504340689217801,4.069865041994372,3.2992698027676166,0.0,0.0,8.850765473400486,2.8360254129354283,3.3514611006769783,8.847126195403982,5.73128802422364,0.0,0.0,6.624926956763039,2.2327735601840857,3.3124565301050928,6.418500676859207,7.614196561268617,4.529428127833448,12.81804016905447,16.788803406107178,0.0,0.0,9.850410632552023,5.650118584215943,8.836833977557902,10.32009499623315,13.608623182441722,0.0,0.0
0.0,4.053148123097819,2.1074873081810304,2.4255528566477635,0.13897373240729852,0.026458577921248404,0.020680685474152426,5.323457235798909,2.9016404425375053,4.520069930304806,4.105641009699248,3.313923273571554,0.0,0.0,8.834841113432896,2.8528512520112526,3.337936459955191,8.850684906701572,5.718354824813768,0.0,0.0,6.6358331982051695,2.2408646325347927,3.3206401201779996,6.430094109088504,7.604794317795706,4.536342204558345,12.805760797109565,16.751004922966555,0.0,0.0,9.848258304171692,5.645641927483487,8.855340044376169,10.331764034743287,13.627705337927459,0.0,0.0
0.0,4.060421814375169,2.1158069013663243,2.431113817797335,0.13897349737662315,0.02644760023021493,0.020680919161095244,5.344947675530232,2.9075242609250904,4.536197904909422,4.1417907578437,3.3297579168224454,0.0,0.0,8.8187657328944,2.8694752871966154,3.3244161980721105,8.853202703838447,5.705901090414255,0.0,0.0,6.646870804068842,2.249322677591789,3.328913750485595,6.442425181240691,7.595539070022135,4.5434328001017645,12.793277099274192,16.71282471049547,0.0,0.0,9.846339323120572,5.641303194047054,8.873794332133976,10.342356506816214,13.64710693607422,0.0,0.0
0.0,4.067697560993396,2.1240267971772173,2.4366651654796785,0.13897338252261698,0.026437968093614487,0.020681595120818252,5.366402633195927,2.9133994954777407,4.552570068286594,4.17816691184953,3.3461988435825187,0.0,0.0,8.802707874443614,2.886116471500401,3.310885996201199,8.856323943399,5.693692949388383,0.0,0.0,6.657951443315333,2.2576466070465955,3.3372358650120013,6.45488269741302,7.586413698335954,4.550589688586692,12.781041484398761,16.674544572469976,0.0,0.0,9.84435500020771,5.637102135920644,8.892369280621157,10.352514962041985,13.666840031545469,0.0,0.0
3.552713678800501e-15,4.075009764355036,2.1318983297035037,2.442516724535931,0.13897381325715136,0.026430846196796254,0.02068308121560138,5.387512041202904,2.9191231391337173,4.56914646666874,4.214849848353821,3.3625862270675304,0.0,0.0,8.786302661363631,2.9025657922382244,3.2976761334958793,8.860391797118222,5.681440860284409,0.0,0.0,6.669009700734196,2.2652967117547305,3.3456105300618613,6.467247977528858,7.577396625852429,4.55778624058589,12.769246944104706,16.635843225130184,0.0,0.0,9.842346265109786,5.6329496970246336,8.911127674664261,10.363018112479079,13.686769187052919,0.0,0.0
0.0,4.082250335235143,2.1394619800524377,2.4482376433539446,0.1389746821023914,0.026423095756064736,0.020685033265877107,5.40902705395108,2.9248079635978956,4.585679852731184,4.251547732835637,3.3799253961767084,0.0,0.0,8.7704145282988,2.9192212959677795,3.284529726978641,8.86625858842144,5.669521605681473,0.0,0.0,6.6798473126849665,2.2726114873543954,3.35417002316761,6.479540736988286,7.568495533483947,4.564833132424651,12.758350164164662,16.596864042871214,0.0,0.0,9.839998839634829,5.628663859727713,8.92998801861276,10.372877683881796,13.706826364498612,0.0,0.0
0.0,4.0895999699634595,2.1470981615467766,2.453975426030013,0.1389754738032069,0.02641355949469755,0.02068672138230728,5.430719629984123,2.930738009446018,4.602417559230034,4.28851573062849,3.399616820707991,0.0,0.0,8.754594834244886,2.9360319945029256,3.271665953108795,8.871104271804448,5.657898761461718,0.0,0.0,6.690899783064693,2.2798838990832233,3.362549907446929,6.491932593045982,7.5598631606855164,4.571908118987358,12.747766955169398,16.557922421148152,0.0,0.0,9.837910120253156,5.624746078227068,8.948736799656322,10.38276842756878,13.727266772472714,0.0,0.0
0.0,4.096987454892898,2.154834106375772,2.4597289365322,0.13897604330385513,0.026402013963921885,0.02068851787796503,5.452308996930067,2.93689308362796,4.619585023956634,4.32589591930352,3.423349461588029,0.0,0.0,8.73842551323247,2.952961524914418,3.258944787024007,8.87422477537855,5.6468500068424845,0.0,0.0,6.7022037385151645,2.28704304742939,3.370722080970123,6.504595956282865,7.551493367358179,4.579032187001581,12.737407757881245,16.519117354058345,0.0,0.0,9.836280844588583,5.621315875862938,8.96735768542748,10.392462871539674,13.748689224345377,0.0,0.0
0.0,4.1043952260562735,2.162097293320848,2.465548189512264,0.138975941025677,0.026391613887542693,0.02069132066845273,5.473794505920612,2.942728460959985,4.636893447026258,4.3633376872137,3.4471938703047735,0.0,0.0,8.722386103536564,2.9693182142566927,3.246611855834104,8.877011120286129,5.636252526310968,0.0,0.0,6.713289357639974,2.2938276596368987,3.3790893107691766,6.516477001970719,7.543112458897654,4.585839650570756,12.727284572842581,16.480307347372776,0.0,0.0,9.834380387389404,5.618053003967268,8.98577462344298,10.402265959639157,13.769376005610331,0.0,0.0
3.552713678800501e-15,4.111579480246463,2.1690773982496157,2.4712096133913577,0.13897593374360956,0.02638143061807621,0.02069488540546231,5.495330991655029,2.9483859710561537,4.654313773402526,4.400807723015026,3.470526051559008,0.0,0.0,8.706386826485137,2.9856899947878848,3.233979233047753,8.881315687152847,5.626130818728335,0.0,0.0,6.7240917941674745,2.300583211052496,3.3875114194021663,6.528518636701172,7.534834794932922,4.592587747552863,12.717422974982657,16.441365431205075,0.0,0.0,9.832096107419254,5.614723489278298,9.004295726753513,10.41106513454789,13.789564406392316,0.0,0.0
0.0,4.118747832571105,2.1761873204847295,2.4768053978500446,0.1389766953751675,0.026371219229331673,0.020698717579182093,5.516668701685194,2.954156668896045,4.671896235506565,4.438702156026129,3.4943838418155035,0.0,0.0,8.689838926767617,3.002300439333248,3.221197710352372,8.886467487281658,5.616415380835804,0.0,0.0,6.735150243811941,2.3074769215692106,3.395859326421514,6.54143942345174,7.526764345332127,4.5995988716516685,12.707617013148727,16.40224414307144,0.0,0.0,9.830093209738862,5.611372303800981,9.023086772040326,10.419147080501023,13.809901487031311,0.0,0.0
0.0,4.125982999209282,2.1830738654356026,2.4825918746524396,0.13897792381371493,0.02636113697497349,0.020703005244186078,5.537881609270811,2.959799231863913,4.689580464010359,4.476597655092214,3.5193373631050684,0.0,0.0,8.673285696772153,3.018923350264171,3.2086411880215264,8.891970925829133,5.606816722560463,0.0,0.0,6.746295849007037,2.313975176762739,3.4042242166969117,6.554597567947334,7.518877223072169,4.606728308148591,12.69801220119263,16.363300191106266,0.0,0.0,9.828256609314515,5.608095868501264,9.041945106256852,10.427321800933198,13.830182967542811,0.0,0.0
0.0,4.133118523401111,2.189638329156486,2.488424211908266,0.138978824663595,0.026349498212014186,0.020707895213352624,5.558719662900429,2.965440597278255,4.707362265727056,4.514067045820329,3.5447575959284054,0.0,0.0,8.657043603748452,3.035626505834097,3.196186868886749,8.898342465224921,5.597863071447678,0.0,0.0,6.757227230607567,2.320238323352295,3.4127674465102427,6.567528668002967,7.51113377456309,4.613795680709767,12.688719789709715,16.324577172023837,0.0,0.0,9.826153460057991,5.6049661619025875,9.06068021073183,10.435433479354309,13.848807875556279,0.0,0.0
0.0,4.140316687429712,2.19615691094087,2.494019804296481,0.13897984714677802,0.026337743149099545,0.02071275944362682,5.5794656882851585,2.971342915324493,4.725025279548352,4.551676645115628,3.574662706618179,0.0,0.0,8.641060046046238,3.052267099311555,3.184436307469663,8.903883094126282,5.589157703549392,0.0,0.0,6.768194803701844,2.325825635527562,3.4211647570604753,6.57979949880922,7.503496217852286,4.620392582400007,12.679931693176052,16.285885063329353,0.0,0.0,9.824108183072244,5.602221219317396,9.079029977521394,10.443035870933961,13.868804547893419,0.0,0.0
0.0,4.147413446134068,2.202843418305758,2.499451559637509,0.13898080314797356,0.0263256906900584,0.020717700909606014,5.599988327789781,2.977509722223904,4.742709252775395,4.589518620235206,3.6052843305711435,0.0,0.0,8.624933175081944,3.0690679976005995,3.172780440986146,8.910619521972555,5.58073047606423,0.0,0.0,6.779178528926233,2.331595655962404,3.429699580701112,6.592423648484523,7.495966323331941,4.627092615125763,12.671376429853298,16.247349305841496,0.0,0.0,9.822130911993513,5.599620933459298,9.097443523851137,10.4500552439747,13.889204401190083,0.0,0.0
0.0,4.154434112811406,2.2094187404942613,2.5049760639686114,0.13898267786345148,0.026313879293725608,0.02072301783027836,5.6202675806534,2.9835876273760698,4.760370582073495,4.627353284829823,3.6368029039009295,0.0,0.0,8.60851029093522,3.0857891499083676,3.1614225393632376,8.917401787614525,5.572689302683598,0.0,0.0,6.790166776815493,2.3371130543032006,3.438205215028168,6.605485527135454,7.488614284542973,4.633946716066271,12.66295347139139,16.208876764385654,0.0,0.0,9.820414604456204,5.597109964012992,9.116072458933242,10.456732750703821,13.909530117608433,0.0,0.0
0.0,4.161264915111121,2.2156495267422316,2.5105733832896244,0.1389849404219365,0.02630304958908155,0.02072909195932633,5.640556351509562,2.9892049013754205,4.778124849909759,4.665668693457102,3.6689653252352907,0.0,0.0,8.591473735563541,3.1023620986193854,3.1499740582756055,8.92461163994741,5.564960468380535,0.0,0.0,6.8009311017840695,2.3423246974137806,3.446429548953069,6.618470027237892,7.481437355834254,4.640740880426859,12.654671555089964,16.170702505291565,0.0,0.0,9.81867916245557,5.594604366938018,9.134869833532953,10.46338372124038,13.929418308629732,0.0,0.0
0.0,4.16794600637169,2.221528906862797,2.516102106032874,0.13898737104055695,0.026291089309093598,0.02073592852513216,5.66034508395557,2.994726186958007,4.7955950453524,4.703345129075654,3.7008867436209445,0.0,0.0,8.574877167986305,3.1188954752790177,3.138467365731032,8.93268600544979,5.557568133903798,0.0,0.0,6.811464152730025,2.347325552451281,3.4546966904348935,6.631214386123634,7.474336176760968,4.647451352824318,12.646569362102529,16.132569698703378,0.0,0.0,9.816705622721397,5.592167359750062,9.153689055052952,10.469899585818592,13.948014547306913,0.0,0.0
0.0,4.1744436983361775,2.227367514721047,2.5216013298754287,0.13898940486373268,0.026278144014103645,0.020742786482869563,5.679882741451576,3.000255593277611,4.813184563528954,4.741424248809281,3.7352940756338464,0.0,0.0,8.558224134470944,3.135427084895219,3.1273296049665946,8.939943033272998,5.550662138634016,0.0,0.0,6.821854146653391,2.352137146666163,3.4628322449266125,6.64373181567827,7.467519061123819,4.6539781135272555,12.63849400637211,16.095150547262733,0.0,0.0,9.814865378493227,5.590212096323397,9.172275383134997,10.476149330655414,13.967143568298695,0.0,0.0
3.552713678800501e-15,4.180458250026316,2.2330370491137845,2.5268075433954156,0.13899150437558613,0.026265392922089226,0.020749860978410695,5.698981919186914,3.0057444681807692,4.830518535361149,4.779681931269397,3.7697517734884243,0.0,0.0,8.54145187912045,3.1518068747755983,3.1164695090691916,8.948500826092403,5.5441298051346894,0.0,0.0,6.8317411046336165,2.356762170251882,3.4712085789702765,6.65625302955047,7.46077953141918,4.6603234391263575,12.630715835107308,16.058415117652057,0.0,0.0,9.81302076517934,5.588353737635666,9.190854211054392,10.48200820668635,13.986566723955363,0.0,0.0
0.0,4.186105910150525,2.2385895634647826,2.5318093605691994,0.13899371827253074,0.026252781231020778,0.02075742745703677,5.717659304073981,3.0113390229385466,4.847543332910075,4.817747970801228,3.805802267782206,0.0,0.0,8.524584055165901,3.1682092349066333,3.1056374523071626,8.957519670386828,5.538288297351382,0.0,0.0,6.841321332152393,2.361226055369383,3.4794590508963466,6.66866573349599,7.454148780242837,4.666573229815824,12.623083160455085,16.021860281067248,0.0,0.0,9.811105298461342,5.5867478354470625,9.2094273953746,10.487255650217579,14.00580470405505,0.0,0.0
0.0,4.191435887955056,2.243996861478129,2.536937025364208,0.1389965898246796,0.0262405441067484,0.020765519067561508,5.736240463132311,3.0168682318366704,4.864615841034071,4.8557918525295385,3.842450416091243,0.0,0.0,8.50711234439806,3.184738021180423,3.0950146433637173,8.96724739710036,5.532486337178094,0.0,0.0,6.850429888517394,2.3654347795369524,3.4879567069755515,6.680971392892501,7.447667384094157,4.672852569115672,12.615739532924065,15.985416582399205,0.0,0.0,9.809165833839906,5.58515170474434,9.228143661735782,10.49266867553113,14.024875501363736,0.0,0.0
0.0,4.196463849143141,2.249085807889898,2.54214466165666,0.13900038283390415,0.026227983051679542,0.020774206898208344,5.754571206895144,3.02190437506848,4.881780668066916,4.893520166686907,3.8787965300086356,0.0,0.0,8.4885490294892,3.201021523595543,3.084416563474544,8.976612718798613,5.527188834091235,0.0,0.0,6.859089252652509,2.3693117426080232,3.496453766731138,6.693363246780397,7.441343707818127,4.679023971664272,12.608487356308148,15.949376213061887,0.0,0.0,9.807218740993596,5.583597086996492,9.246870098604369,10.497953205041426,14.043425616769882,0.0,0.0
0.0,4.2012591259038885,2.253774560652345,2.5474927040185813,0.1390034037697633,0.0262169638003291,0.020783477917318643,5.772535346235595,3.0264352933582224,4.8988007753515435,4.931780576755786,3.9180977809361326,0.0,0.0,8.46946420907944,3.216536132555051,3.074583147068742,8.984372310268123,5.5226078446157265,0.0,0.0,6.867458365386916,2.3725105035331695,3.504926609843326,6.705567847301617,7.435121965962912,4.684915177756754,12.601125540910836,15.914650230987421,0.0,0.0,9.805340094823068,5.582563962972283,9.265131504682474,10.502475104690667,14.06278690182062,0.0,0.0
3.552713678800501e-15,4.205678106995002,2.2583050531331184,2.5528307085075466,0.13900666137382364,0.026205952508878475,0.02079267534612903,5.789853995896108,3.0309585358420503,4.915480660744387,4.970048580204922,3.957785264767226,0.0,0.0,8.45039347609144,3.232009872117962,3.065018500263539,8.993612464231333,5.518262880226127,0.0,0.0,6.875550169991425,2.37559695111871,3.5135973086252728,6.717596660933491,7.428982122583697,4.69076106962005,12.594091078258115,15.88038658200665,0.0,0.0,9.80355377330956,5.581693913312739,9.283601649421072,10.507029413168553,14.082057499561204,0.0,0.0
0.0,4.209755947538276,2.2627747130429277,2.558029208123909,0.1390098535817345,0.026193090132344273,0.020802100828809976,5.806894978066629,3.0356016161180976,4.931878571630345,5.0081509734731675,3.997235957233154,0.0,0.0,8.431516682887537,3.2476325381901314,3.055465770247657,9.003549530268517,5.514205011936314,0.0,0.0,6.883251874949114,2.3787572770346936,3.522232194186984,6.729271766807463,7.422966439701082,4.696572338379368,12.587251422903257,15.846421370184382,0.0,0.0,9.801709849177577,5.58102242774263,9.302134233423526,10.511622928677188,14.100842601910195,0.0,0.0
0.0,4.213581309056716,2.26685949310995,2.5634265424267513,0.1390142831367264,0.026179417535006095,0.02081209481994409,5.823751993154967,3.039990793696292,4.9479649193507305,5.04582484300066,4.037094310098482,0.0,0.0,8.41238838137633,3.2632108799853388,3.0462656699047446,9.01340981598321,5.510546676293004,0.0,0.0,6.890538237660992,2.3814645943252546,3.530853295137744,6.741115337389303,7.417054727958579,4.702186777130414,12.58058656845076,15.81291956559446,0.0,0.0,9.799888667898946,5.580407649324619,9.320795503092247,10.515982957723176,14.118772841522214,0.0,0.0
0.0,4.217252333568592,2.270362013465848,2.5690179668893163,0.13901909441422414,0.02616649156869858,0.020822641468847887,5.840402169362863,3.0438763237626603,4.963718858909213,5.083086747274645,4.077445379570195,0.0,0.0,8.393268736069432,3.278428363777086,3.0373810570225315,9.023029051232422,5.507229070577021,0.0,0.0,6.897419959353936,2.3835934857649894,3.539617946741307,6.752919902075962,7.411224160061198,4.707729027349413,12.574077544385245,15.780329647324951,0.0,0.0,9.798055104686783,5.579862737891451,9.339372960262631,10.520209612200768,14.136001081015332,0.0,0.0
3.552713678800501e-15,4.220662333953942,2.2732535913161627,2.574754821221257,0.1390235715159094,0.026154815839902708,0.020833837560218133,5.856554865343072,3.0471651735679415,4.978661778133611,5.120168684881921,4.119913854789431,0.0,0.0,8.37404084603361,3.2931805596165695,3.0290056318356466,9.031765324653604,5.504451636478626,0.0,0.0,6.903777874246589,2.38489917894562,3.5486062760738246,6.764303009828531,7.405492554333242,4.71297984208765,12.567474383543194,15.749162549797509,0.0,0.0,9.796191636749716,5.579627669810511,9.357571715174888,10.524010687087358,14.15312664914582,0.0,0.0
0.0,4.223778377636796,2.275710358600447,2.5808772126780126,0.13902780953729338,0.02614469894486305,0.02084560068796719,5.872295839779144,3.0502680988870883,4.993474034812683,5.1574205122263965,4.1643901035030515,0.0,0.0,8.354668818738887,3.3077215027688167,3.0212253545834873,9.041180084751469,5.501981835135204,0.0,0.0,6.909740493821553,2.3856311986298007,3.55764505795343,6.775311488387886,7.399836351781894,4.718207846593819,12.56101304986619,15.718317181323814,0.0,0.0,9.794259212823048,5.579586356475445,9.375673337195815,10.527540855870262,14.17064191780045,0.0,0.0
0.0,4.226872143252826,2.278307743973143,2.586987833087002,0.13903209392233923,0.026133527214816144,0.020857414665001777,5.88772107090775,3.053651451895041,5.007781367572875,5.194917084178364,4.211142919663832,0.0,0.0,8.33500324100994,3.322508415305253,3.0135875485025316,9.051312043352095,5.499949373565566,0.0,0.0,6.915830308555811,2.3865643377868535,3.5664910159563665,6.786416904129847,7.3943065171370925,4.723546327930804,12.554577636414132,15.688281668553934,0.0,0.0,9.792442798457865,5.579858502531956,9.39390224763844,10.530639039836485,14.187984950068817,0.0,0.0
0.0,4.229893909929245,2.280955912206908,2.5931109817752316,0.1390368072769951,0.026121757662875715,0.0208692217457811,5.9031846596909245,3.0571099237190142,5.021690501170747,5.232680655140017,4.259116115058842,0.0,0.0,8.315652386221212,3.337453496428204,3.0061517306460575,9.0620740571192,5.498402682419074,0.0,0.0,6.92192487218339,2.3875231058793687,3.575253652744549,6.797694206598444,7.388989349289526,4.7289610188291515,12.548216338258532,15.658796037470387,0.0,0.0,9.790804753529697,5.580227219850089,9.412284604835497,10.533456421131087,14.20525601668436,0.0,0.0
0.0,4.2324872321342095,2.283256831510244,2.599232344365226,0.139042712270372,0.02610942900939811,0.020881104537921337,5.91784526589002,3.0603273256138346,5.034383564497803,5.269788666211765,4.30733022046958,0.0,0.0,8.296113442304318,3.352072125738875,2.99856865224486,9.073649688770837,5.497289989302238,0.0,0.0,6.92751881206525,2.38813049510559,3.584265992408895,6.809034927328202,7.383695973684495,4.733930718546695,12.541931156500775,15.630237290173136,0.0,0.0,9.78934331458715,5.580713982961469,9.430868014836923,10.536360896636976,14.221193477114937,0.0,0.0
0.0,4.234612697746784,2.285592873129806,2.605293252456911,0.13904803985395603,0.02609735996761429,0.020893175584028586,5.931927788535507,3.0636216861281222,5.046252161374371,5.3071980980215265,4.359649369897915,0.0,0.0,8.276184368312377,3.3667249985066237,2.9909614656743906,9.085145142725096,5.496736089697289,0.0,0.0,6.932782115552172,2.3886825571105508,3.5929256621036596,6.820330028317563,7.378580723039079,4.738742096154839,12.535613666921392,15.602299778089327,0.0,0.0,9.787937874437208,5.58161685381492,9.449325040100895,10.53860968039224,14.237289378224954,0.0,0.0
0.0,4.2363666418407755,2.2878602289230985,2.6113694497548967,0.13905330891906184,0.026085395487689584,0.020905417809056987,5.94574885899309,3.066839232956916,5.05771083893606,5.344816063953106,4.415371421662516,0.0,0.0,8.255763221700137,3.3811766482622287,2.983617549226065,9.096499025985548,5.496468574877515,0.0,0.0,6.937663343536477,2.3892362078642915,3.6016504831940184,6.831698103233283,7.373619383073356,4.743747884168375,12.529476070521035,15.575098110860726,0.0,0.0,9.786578264027998,5.582679888757223,9.467671750140605,10.540452148349695,14.253615430165024,0.0,0.0
0.0,4.2378878869425245,2.289969146477195,2.617711075309579,0.13905845374993292,0.02607295264656256,0.02091787432042897,5.959395017890389,3.0699882164249717,5.069074252666116,5.38237558383373,4.473379829493459,0.0,0.0,8.234973547712906,3.395664640957508,2.9767405169969976,9.107050487610053,5.496722706224697,0.0,0.0,6.942154105589459,2.389659840185464,3.610633191991177,6.8429984027321975,7.368907526687697,4.74902009280242,12.523468721269175,15.54860554388796,0.0,0.0,9.785248053284759,5.5839601404623105,9.485916651385986,10.54232467620773,14.269319215678781,0.0,0.0
3.552713678800501e-15,4.23909483079913,2.2916471786048,2.6242451226738264,0.13906326979085726,0.0260615316395747,0.0209307941476164,5.972877018465199,3.0726674441228297,5.080083172500778,5.419809425567648,4.534577717671403,0.0,0.0,8.214248872752808,3.409933274693511,2.970331388355038,9.11723840996727,5.497686729112291,0.0,0.0,6.945887637660294,2.3896596435548756,3.61969258226103,6.853693421692244,7.364342944270794,4.754306744205363,12.517562763214544,15.52306263364925,0.0,0.0,9.783805986793942,5.585402873395502,9.503861674083579,10.544095341880936,14.285022158291808,0.0,0.0
3.552713678800501e-15,4.23986241693426,2.292498577858626,2.6310513384478185,0.13906920488543437,0.026051698712600296,0.020944063018554296,5.9858414198327194,3.074414613134383,5.0905659340682545,5.456670686523252,4.595625613059603,0.0,0.0,8.193482349609065,3.4237828222022317,2.9643417112439283,9.12865491708202,5.4992212102265645,0.0,0.0,6.948664190827291,2.388833720295806,3.628975112250013,6.863978550658617,7.359643773375972,4.759041198414815,12.511656587010442,15.499174884479615,0.0,0.0,9.782305854068271,5.586935071232984,9.521810905798075,10.545946272137556,14.300717903873707,0.0,0.0
3.552713678800501e-15,4.240429616171645,2.2933658249361097,2.6377733452394194,0.13907572576099286,0.026040360141450114,0.02095746780770269,5.998470644861446,3.0762284288019877,5.099875917654459,5.49298168647716,4.65627392934198,0.0,0.0,8.172703214864928,3.437563533900436,2.958070192148943,9.139829159212951,5.500731322186721,0.0,0.0,6.9513098013186205,2.387976730743484,3.6382086655160633,6.874569302227769,7.3549958515628,4.763575910395973,12.505824914201424,15.475776839860005,0.0,0.0,9.78085777638475,5.588816336475183,9.539788943265568,10.547484915300235,14.315001947331996,0.0,0.0
0.0,4.24063702155458,2.2943678479455816,2.644388795329381,0.13908228690140964,0.02602790855578325,0.020970960399121382,6.010813070228497,3.07817904683178,5.108742268731223,5.52925432152013,4.719512942689118,0.0,0.0,8.15192673130156,3.451201185506705,2.952106602406358,9.151029569292676,5.502496291045117,0.0,0.0,6.953611040982055,2.3871442616521596,3.6474910726627847,6.885160089373689,7.3505123862287585,4.768235217623591,12.500104827379465,15.453009823653213,0.0,0.0,9.77950488442706,5.5908996737070265,9.55760860697499,10.548775085469703,14.329085259808156,0.0,0.0
0.0,4.240438966070495,2.295298542876443,2.6511145526213262,0.13908833764201167,0.026015813633357168,0.020984595285661396,6.022689521339425,3.080081375248855,5.117208974899792,5.565775917400883,4.783991139661774,0.0,0.0,8.13100977969985,3.4648248997228754,2.946356093991532,9.162956001263503,5.504721113024867,0.0,0.0,6.955487410466426,2.386201715919785,3.6567840025630325,6.895445998247933,7.346301688798205,4.773017480111213,12.494316503417256,15.431024987486895,0.0,0.0,9.778286501221228,5.593251716269797,9.57546167206568,10.550052794239766,14.342931804204577,0.0,0.0
3.552713678800501e-15,4.239902958459097,2.2952620401630512,2.6583076648783224,0.13909477318459698,0.026006568268939094,0.020999040315781512,6.033759217114755,3.0808702589416423,5.125374506367753,5.601658363609237,4.8511281953285215,0.0,0.0,8.109693867997848,3.47781644550655,2.941256928004502,9.174833114208809,5.50751661242554,0.0,0.0,6.95659832154966,2.3843213055647228,3.6660507773474094,6.905153552854912,7.342056841130188,4.7776136704871135,12.48863660964571,15.410645992739724,0.0,0.0,9.77705784699038,5.595702783463041,9.59298568036422,10.551215369046249,14.357104419379565,0.0,0.0
3.552713678800501e-15,4.239112257215444,2.2948998621641032,2.665625189437975,0.13910136441219514,0.02599636197695203,0.02101385230344286,6.044138616139357,3.081324640301857,5.13268276286237,5.63706067994194,4.918055136097068,0.0,0.0,8.088074645406097,3.490498502588315,2.9360818103715958,9.18617397459584,5.510468925225172,0.0,0.0,6.957433205865572,2.3823590443409266,3.6754271527764915,6.915037727991257,7.337894720159697,4.782245043227484,12.4830672307539,15.39139513840419,0.0,0.0,9.77589674577315,5.5983111289864755,9.610521441179813,10.552097714582027,14.370220564446674,0.0,0.0
3.552713678800501e-15,4.237962762434739,2.294470932185556,2.67295524622834,0.1391080569199274,0.02598551453823673,0.021028903617837397,6.054147509981377,3.0817504627895915,5.138925670060447,5.672318591688453,4.98491151597477,0.0,0.0,8.066293464188265,3.503082865892379,2.930863517540083,9.197613059685846,5.513607456068168,0.0,0.0,6.957830302250512,2.3802853759695393,3.6848810677706276,6.924840078723025,7.333886067176555,4.786852703097826,12.477498542274116,15.37291693284371,0.0,0.0,9.774870573900877,5.601210226149055,9.628114413627001,10.552649062591442,14.382453428148857,0.0,0.0
0.0,4.236628769453312,2.294084730841896,2.6802229276131184,0.13911615942381508,0.025973988667531655,0.021043857272842567,6.064140405078706,3.0821435697606745,5.144698854063483,5.707504383893991,5.0512570583379945,0.0,0.0,8.044661404138454,3.515450974188264,2.9258726134339508,9.209646896366117,5.516654294912298,0.0,0.0,6.958066596678387,2.3781028834940336,3.6944715862240685,6.934883456125034,7.329896516287122,4.791340563848986,12.472024289310587,15.354956662781976,0.0,0.0,9.774063992765054,5.604250668006697,9.645888043857612,10.55296644440322,14.394791806754446,0.0,0.0
0.0,4.234982199364784,2.293571139326791,2.68761016329359,0.13912416328768107,0.025962151292222166,0.02105898145217791,6.0737298890293845,3.0824116667055543,5.149822103585515,5.742607984523205,5.118150516134087,0.0,0.0,8.02265914913545,3.527782595005609,2.9207631376648613,9.222236448982537,5.52007957659815,0.0,0.0,6.957867371067395,2.3759254135064745,3.704230277547716,6.944883244717815,7.326011822398192,4.795938933514455,12.466470165030389,15.33771699850589,0.0,0.0,9.77329300000276,5.607507737682057,9.663734941466545,10.553169586049489,14.406514215072384,0.0,0.0
0.0,4.232933371424631,2.292769805958357,2.6950923571382916,0.13913202794643614,0.025951137248396185,0.021074184645691784,6.083133416093282,3.082287349609857,5.154625333379742,5.777523790574921,5.186674537688982,0.0,0.0,8.000101123050406,3.5397305937223154,2.9162715761779254,9.234515633532327,5.523682888679267,0.0,0.0,6.956849463838505,2.3734965872849196,3.7139322003781925,6.954392464256672,7.322244163206423,4.800529490159009,12.461001615164884,15.321604295434708,0.0,0.0,9.772536750222852,5.610973491738271,9.681073710343439,10.553010339405176,14.418678904251893,0.0,0.0
3.552713678800501e-15,4.230651525658981,2.291368351879374,2.7027255792988436,0.13914043452014324,0.02594050775380261,0.021089764722038065,6.091989628715562,3.0814307773519856,5.158857687243193,5.81147950230792,5.253979737765958,0.0,0.0,7.977540030212252,3.5511481664237885,2.912108024561276,9.246501273158193,5.527596882320293,0.0,0.0,6.955191220893679,2.370619390361095,3.723632952144816,6.963623883946732,7.318528538238213,4.8050993772921045,12.455541919529297,15.3067407517336,0.0,0.0,9.771735140339617,5.614593949158373,9.698261956381492,10.552726462632783,14.430016605707086,0.0,0.0
3.552713678800501e-15,4.228214408692362,2.2898548490316983,2.710464249884069,0.13914901400898627,0.025930624006335473,0.02110584529679727,6.100724563264757,3.080312039948656,5.1622081806712705,5.845447444599747,5.321747209629905,0.0,0.0,7.95472285545423,3.5625446803593643,2.9078671967197405,9.259384573336503,5.531342322093592,0.0,0.0,6.953290095296633,2.3677444246808363,3.7329778262985136,6.972896727132087,7.314981847712513,4.8097212441565,12.44993253037178,15.292887100106212,0.0,0.0,9.771004182963287,5.618340467872695,9.715524452774126,10.552095865734632,14.441005907722204,0.0,0.0
0.0,4.225561024920083,2.288295268709663,2.7182788267387132,0.13915747787231508,0.025920706914019865,0.021122005399389004,6.1091331192341976,3.0790718729471322,5.164849272335407,5.879448187559905,5.38909384442136,0.0,0.0,7.931590082470739,3.5738337632935475,2.9035149694631874,9.272817563594495,5.535148966981679,0.0,0.0,6.951148578967175,2.365115300441386,3.742735528337272,6.982318935434845,7.311484422111013,4.814714575083102,12.444445575939802,15.280015747396265,0.0,0.0,9.770456741753357,5.622224377729038,9.733002680063056,10.551320199441339,14.451462264453884,0.0,0.0
0.0,4.222586998680963,2.2868667256679753,2.7262296449641172,0.13916643443524632,0.02591060592459295,0.021138279199871823,6.117592052730569,3.077978709232775,5.167303882136013,5.913910573476936,5.4612359623495585,0.0,0.0,7.907648186572004,3.585122859658754,2.899503416642463,9.28598012335623,5.539542005537361,0.0,0.0,6.948644577083684,2.3626011857441447,3.752495146282433,6.9918408023454255,7.3082093367455725,4.819924128744156,12.439232377497975,15.268001246154675,0.0,0.0,9.770152542150708,5.626284668976795,9.75047395629324,10.55036661929094,14.462365588398313,0.0,0.0
0.0,4.219048113719362,2.2848829050537858,2.7341250920384983,0.13917542802584287,0.025900713293324617,0.021154870573761114,6.125569820524994,3.0762023304796546,5.168801757791262,5.94754323198291,5.536917947929875,0.0,0.0,7.883148088761384,3.5956312108308746,2.8957437582264425,9.298059658393784,5.544246116461394,0.0,0.0,6.94500241332344,2.3596601434970896,3.761793310344078,7.001093346333401,7.304973915355545,4.8250254416630485,12.43413256197563,15.25721144903969,0.0,0.0,9.769700551184327,5.630819624644771,9.767419480651665,10.549126051698853,14.472658472639317,0.0,0.0
0.0,4.215318044827392,2.282884516418866,2.74205754662174,0.1391844920801771,0.025890818199295,0.02117149773300621,6.1334102402030615,3.074493238987,5.17015400878847,5.9809587294245175,5.612383326134405,0.0,0.0,7.859132021671979,3.6062172318689893,2.8920380605671414,9.311294169208507,5.548921008478152,0.0,0.0,6.94112362853233,2.3567003871701275,3.77112456891629,7.010387808670299,7.301704753498178,4.8300664352144675,12.428921814182695,15.24693976548908,0.0,0.0,9.769283133240132,5.635578512261656,9.784217813315404,10.547621059166863,14.482974694717141,0.0,0.0
0.0,4.211377507190586,2.28052122073127,2.750080219091118,0.13919435596529484,0.025881364126907176,0.02118816472454212,6.140686178874057,3.072214149443683,5.170241115019684,6.013342207068074,5.689232676059843,0.0,0.0,7.8355094535998955,3.616745881449189,2.888178949430713,9.324928086109454,5.553594984732994,0.0,0.0,6.936736780593879,2.353486880828147,3.7806388221376523,7.019753392662912,7.298336832622766,4.835003959341128,12.423544661139987,15.237769984393488,0.0,0.0,9.768790147252394,5.640560993332413,9.800993189106768,10.54609479435291,14.491936796873121,0.0,0.0
0.0,4.207237482598668,2.278107311212185,2.7583041324436315,0.13920361800227737,0.025871218556152216,0.021204917301443256,6.147544645090875,3.069928877981834,5.16971241118543,6.045552993076532,5.76730391667106,0.0,0.0,7.811948948918615,3.6271960076096343,2.884327073742145,9.337848283932695,5.55824459115716,0.0,0.0,6.932026746200451,2.3503523312561376,3.7907664882038135,7.029138196592373,7.295163338165326,4.840525352928149,12.41831977972068,15.2291139532753,0.0,0.0,9.768382574058887,5.645744155313352,9.817658389772404,10.544589360203899,14.500038815139902,0.0,0.0
0.0,4.2027854382507615,2.2754359681932717,2.766701892293855,0.1392130706693333,0.025860952165105883,0.021222148603261912,6.154224203263446,3.0673562282046714,5.168969079087631,6.077451074492422,5.847667148630926,0.0,0.0,7.788174473500112,3.6373657868140294,2.880777182072492,9.349958793780017,5.563475116897217,0.0,0.0,6.9266872660134196,2.347090179010053,3.8008604701258344,7.0383802923654875,7.292162924122684,4.846241161927184,12.413337632243765,15.221235147805213,0.0,0.0,9.768074276799991,5.651064242561414,9.83407366664338,10.542981589680535,14.507911334305582,0.0,0.0
0.0,4.197932621687562,2.272548669741794,2.775230370978646,0.13922284729052584,0.025851229471031363,0.021239690357064574,6.1604189787851045,3.0644433960171105,5.166802754893932,6.108930417761704,5.929414869056942,0.0,0.0,7.764030628619048,3.64726289925175,2.8772464432084006,9.36311276774107,5.568894170599365,0.0,0.0,6.9207542603541015,2.343752901922565,3.81067656775741,7.04753734229107,7.289231502544019,4.851834379784413,12.408204169606531,15.214325288990802,0.0,0.0,9.767857629463156,5.656650977242368,9.850467104933175,10.540990625510426,14.515247733421514,0.0,0.0
3.552713678800501e-15,4.192857974358212,2.2695974951054176,2.7839810258080737,0.13923258260838886,0.025842061531824143,0.021257279909803053,6.166355165497339,3.061416592599415,5.164319412155686,6.140295772706533,6.013200191796235,0.0,0.0,7.739661829808249,3.6570710139156843,2.873960166462716,9.376333888225531,5.574400782571847,0.0,0.0,6.914496550420787,2.3404290570568946,3.820720567331064,7.056672029006632,7.2864395597512575,4.857764219796225,12.403152303291366,15.208354765225828,0.0,0.0,9.767836414608707,5.662371570422265,9.866699743668669,10.5389865742306,14.522594529437232,0.0,0.0
3.552713678800501e-15,4.187626395992172,2.2666664329306383,2.7929839737391537,0.13924276240491396,0.025833296474703452,0.021274867535872474,6.172164680294318,3.0582755810774165,5.161829886167699,6.171595267057012,6.0985574942503336,0.0,0.0,7.714970467406841,3.66683469844238,2.8709617155097376,9.389655269010008,5.580161781886852,0.0,0.0,6.908028661154048,2.3372314550450795,3.830834051032923,7.065873317072114,7.283730866038885,4.863857034752493,12.398240291783267,15.203169056490736,0.0,0.0,9.768016575775984,5.668253150215407,9.882985646684752,10.53695015254818,14.529958258639056,0.0,0.0
0.0,4.1821694202529915,2.263318768728698,2.8021511722185086,0.13925319652664583,0.025825019129748508,0.021292339949283316,6.177431487717383,3.054554064410977,5.158639486328433,6.201961228013968,6.184584489326115,0.0,0.0,7.690460800933812,3.6763579332602947,2.8680739667581294,9.40360672890182,5.5861027925069004,0.0,0.0,6.901072886221249,2.3339491687562455,3.841003891360697,7.0750759349589885,7.280951082475386,4.869991267521966,12.393136867636603,15.198827935820963,0.0,0.0,9.768126023467808,5.674320721137675,9.89919439646447,10.5346945044677,14.536329170993469,0.0,0.0
0.0,4.1764885820759154,2.2597989570288823,2.8115325160837936,0.13926357240452816,0.02581719725359813,0.02131008903603779,6.182477701227064,3.0505900229680925,5.154957010888742,6.232160333211006,6.27155508599064,0.0,0.0,7.666080252721188,3.6856894443061305,2.8654075569135404,9.417606208856048,5.592108724990576,0.0,0.0,6.893678798798472,2.3306348119198974,3.8512077853305917,7.084336848720165,7.278255005898095,4.876439649982584,12.38811148058663,15.194965698148525,0.0,0.0,9.768301858525769,5.68050695144113,9.91509830406978,10.532204719571034,14.542609697338598,0.0,0.0
3.552713678800501e-15,4.170483239528988,2.255741553687791,2.8211666250983654,0.13927394814051405,0.02581017314358673,0.021328104433271298,6.18705016014224,3.0458196507676294,5.150554361937209,6.261760383178222,6.358328295131455,0.0,0.0,7.641230663996951,3.6943757882778714,2.8629843685423473,9.430892976109035,5.598146353781854,0.0,0.0,6.8855628186095785,2.327080100939718,3.8614371867965493,7.093482567920227,7.2756084756303965,4.883089213452804,12.38333307558143,15.191902369372613,0.0,0.0,9.768514402368039,5.686880732734574,9.930588807648466,10.529376574707696,14.548568506791023,0.0,0.0
3.552713678800501e-15,4.164281432771369,2.251651431951853,2.8309758942009875,0.13928540612096163,0.02580336509025248,0.021346100915039825,6.191362024498547,3.0408837253720997,5.1458232942243365,6.290897708620794,6.444894635679925,0.0,0.0,7.61662210973632,3.7029500171679124,2.8610254227533845,9.44440059208217,5.6047951327928045,0.0,0.0,6.877157781597004,2.323439612422597,3.8716036352521614,7.102701374840614,7.272958066500382,4.889678286377972,12.378455573745766,15.18981645441155,0.0,0.0,9.768934796971113,5.693458247906393,9.945853197502402,10.526426765690694,14.55443215675204,0.0,0.0
3.552713678800501e-15,4.157956254311659,2.2474327204943343,2.8410753820916126,0.13929715241729795,0.025795762582091635,0.021364192036160485,6.195295850361799,3.0357797222460827,5.140706174187477,6.319493598466063,6.529602464853747,0.0,0.0,7.591999103110129,3.711513759080682,2.858908431714221,9.458341448785246,5.61111838627801,0.0,0.0,6.86856284658663,2.3200150259203407,3.8819517811864594,7.11195526883455,7.27031281140148,4.89636077017459,12.373540736516993,15.18837453178624,0.0,0.0,9.76941221675907,5.7002392111297455,9.961313035885926,10.523330211883943,14.559530699337397,0.0,0.0
0.0,4.151391795616595,2.242480613830603,2.851418127538808,0.1393085556139497,0.025788229845578353,0.02138264742216583,6.198592502337202,3.0295926878494073,5.1345009468493075,6.346954780608713,6.612524085064295,0.0,0.0,7.56725438831644,3.719599797248364,2.8566698850092176,9.472450340514934,5.616959894562365,0.0,0.0,6.859211432225564,2.3164903675569137,3.8923685710839506,7.121073239125806,7.267674560482871,4.903376904466134,12.36843857446572,15.187742651125895,0.0,0.0,9.7696655005411,5.707126571061387,9.976651258595945,10.51998904193734,14.563600397204667,0.0,0.0
0.0,4.144622399729124,2.237443710484458,2.862042524283727,0.1393202318159462,0.025781103459966582,0.021401479816724668,6.20166435277996,3.0232129229389897,5.12798490022565,6.3743288543249905,6.695411032918239,0.0,0.0,7.542317753206329,3.7276514111554464,2.854696926210163,9.486222971622317,5.622948471260512,0.0,0.0,6.849457379765863,2.312993944133419,3.9028395465470824,7.130266012251016,7.265278288138117,4.910803849512904,12.36348316837312,15.18774883488959,0.0,0.0,9.770070470627134,5.714200484940342,9.992096789571871,10.516570128601924,14.567675654135405,0.0,0.0
0.0,4.13779770945908,2.232503322011838,2.8729879600316743,0.1393322417496911,0.025773818921236792,0.02142035022321418,6.204674201540935,3.016818880623534,5.1212058514711645,6.401699762256233,6.778633550644226,0.0,0.0,7.51750337372589,3.7357742530652116,2.8530775822178103,9.50003289088252,5.629212199092141,0.0,0.0,6.839559309445388,2.309714747280205,3.9135247976207586,7.139526530998868,7.262959209226564,4.918551314388637,12.358752356801176,15.18829840776895,0.0,0.0,9.770617222711651,5.721457753232937,10.007564470770877,10.513023900307887,14.571788524820917,0.0,0.0
3.552713678800501e-15,4.130903048275388,2.2277232391487476,2.884240422475265,0.13934423300494556,0.025766681788458576,0.021439319453923807,6.207607546345635,3.01047462989475,5.113839067027382,6.429001342520367,6.862899595073918,0.0,0.0,7.492691407312888,3.7440707899352144,2.851876698011534,9.514338546759237,5.635721892692439,0.0,0.0,6.829588819459002,2.3066651220015912,3.9244517005994,7.148918031170264,7.2607008470758885,4.926655721282504,12.353995580901506,15.189375275735255,0.0,0.0,9.771175664426893,5.728777444437795,10.02235734539491,10.509262649043544,14.575724057204475,0.0,0.0
0.0,4.123902105293832,2.2227410061743815,2.895735919348555,0.1393572454094325,0.025758455554222407,0.02145841757609522,6.2104503764570005,3.003894361534729,5.105654194913894,6.455311413940245,6.945043354662217,0.0,0.0,7.4682271087915115,3.75238715385739,2.850419340731387,9.529063680370989,5.642046341776247,0.0,0.0,6.819361662279478,2.3036016089539793,3.9353463988468538,7.158402246824644,7.258286194326818,4.934461514267849,12.349013572495185,15.190973080629663,0.0,0.0,9.771619403132217,5.736399910732578,10.037170985965416,10.505401427907016,14.578336763771802,0.0,0.0
0.0,4.116704743807903,2.217552946370739,2.907536104927771,0.13936942936270716,0.02575092801193913,0.021477505683789762,6.21318411468707,2.9968924001332486,5.097004693666708,6.481308419348042,7.027075197655691,0.0,0.0,7.443623415692956,3.7606141911221727,2.8492736353827075,9.54362603015546,5.648516075849194,0.0,0.0,6.808613350048754,2.3006143468652533,3.9466074873634884,7.167797649016197,7.255900880328248,4.942989492184834,12.344144711320341,15.192891338705014,0.0,0.0,9.771812373528244,5.744161363110046,10.051246087599267,10.501317190921586,14.580706288341712,0.0,0.0
0.0,4.109160093142132,2.211847720340181,2.9196016219081953,0.13938224161937293,0.0257442275746822,0.021496928373676033,6.2156335932404705,2.9889753412904416,5.0879427766177825,6.5066705877094835,7.11166207745152,0.0,0.0,7.418235779732543,3.7684398032523263,2.848435962101496,9.557646226639834,5.655096673605131,0.0,0.0,6.797012397096581,2.2974638939531435,3.9577998381503474,7.177122829495553,7.25366478170377,4.95178027823467,12.339591379695126,15.19582564165655,0.0,0.0,9.772083691946438,5.752193832133731,10.065454923434238,10.497202239472681,14.582718393625145,0.0,0.0
0.0,4.10153745527366,2.2061127248650276,2.932006755202158,0.13939588916003015,0.025736958409345118,0.021516652959541457,6.218064117674079,2.9810475276772843,5.078629364411611,6.531669348216317,7.198353245618885,0.0,0.0,7.393110278161835,3.7764258642126176,2.847663945957421,9.572233227345507,5.661911277036698,0.0,0.0,6.785265727100829,2.2943616028439013,3.9690397610163886,7.186570371728184,7.251429889107077,4.960528101129382,12.334985826204655,15.199280268619894,0.0,0.0,9.772508417986257,5.760481714521833,10.079706930409618,10.49306544120405,14.584608982790284,0.0,0.0
0.0,4.0939009033528215,2.20041244537786,2.9447524122271087,0.13940938525159796,0.02572981989667485,0.021536610352315248,6.220493635988581,2.9731372838503796,5.068711787672449,6.556407586210266,7.286519745033634,0.0,0.0,7.367823514397004,3.7846021187126695,2.8473020092807997,9.587102340341314,5.668935525560853,0.0,0.0,6.773452013095785,2.2913959788690828,3.9804214008452408,7.195998811056084,7.249312370226007,4.969719557533448,12.330345704597674,15.203154321920959,0.0,0.0,9.772906682769664,5.768780394659414,10.093337241842073,10.488886175074182,14.585987383378471,0.0,0.0
0.0,4.0862559439945025,2.1946886457230934,2.957753080749313,0.13942277157398286,0.0257227351243831,0.021556689118203753,6.223013743825869,2.9650938632361026,5.058435506307494,6.580745200041156,7.374327780866991,0.0,0.0,7.3430518880434095,3.7929671572570967,2.847072756971038,9.602640547797936,5.67600862043821,0.0,0.0,6.761424598023023,2.288639162745297,3.9920416256415883,7.205478331785474,7.247152956253181,4.97927138621126,12.325736027826103,15.207137461991998,0.0,0.0,9.77321127646944,5.77721164073729,10.106833504638876,10.484571786929896,14.587254168417333,0.0,0.0
0.0,4.078569749422098,2.1888312521691455,2.970948152301305,0.13943631153054428,0.025716135048100046,0.021576700693549604,6.225606826417506,2.9566754206520924,5.048065473003954,6.604415033740115,7.46266035836283,0.0,0.0,7.318482499029523,3.8014025696744254,2.8471734402661295,9.617589468302528,5.683360400611944,0.0,0.0,6.748998125251618,2.2860198751015735,4.003766237612026,7.214833326020964,7.24488262148262,4.989183509393692,12.321308080266427,15.21142536580202,0.0,0.0,9.773316929055179,5.785801129051078,10.11974618304092,10.48014630335117,14.588054017106378,0.0,0.0
0.0,4.070773537700957,2.1824356952945174,2.9843628176495796,0.13945057510543235,0.025709963662912668,0.021596970324029068,6.228029524348611,2.94744268128902,5.037017040624999,6.627316251508513,7.554217739510257,0.0,0.0,7.294035165869185,3.8095043570048044,2.8477354911861217,9.632048118161261,5.69102164117099,0.0,0.0,6.736008893703108,2.2832722939655405,4.015151916320594,7.224296671794912,7.242645888698274,4.999356521357159,12.316911061191012,15.216182154011582,0.0,0.0,9.773381672760989,5.794550010950999,10.132524163318969,10.475604221613105,14.588575612088198,0.0,0.0
3.552713678800501e-15,4.062879418369645,2.1760442477208306,2.9981367385269224,0.13946524070785912,0.025703680230059173,0.02161760203745727,6.230093765713486,2.9382238287927107,5.025434535312319,6.649871702064322,7.6471781517595065,0.0,0.0,7.269624851100482,3.817763312303679,2.848634052235299,9.647729829884797,5.698924201084687,0.0,0.0,6.722852990963854,2.2807107184440385,4.0264744989276124,7.233933212564251,7.240447426008045,5.009707712565525,12.312347349939758,15.221176212500218,0.0,0.0,9.773567960663334,5.80355716696588,10.145495995024346,10.47092422291428,14.588958468941332,0.0,0.0
0.0,4.055123100036539,2.1695004812741665,3.012182767662588,0.13948024478212584,0.025696988966765966,0.021638262578374378,6.2324105136532975,2.9287150693806487,5.014088123803581,6.671870991992612,7.740171543055158,0.0,0.0,7.245090471388116,3.8261314328789306,2.849596937041858,9.66321735921083,5.707074697707007,0.0,0.0,6.709627784667589,2.278360005521197,4.037830994141446,7.243587571865867,7.23825146298478,5.020321328296108,12.307851681488613,15.226598555757324,0.0,0.0,9.773748105157795,5.812779369984676,10.158603628405086,10.46618884152025,14.588841819927117,0.0,0.0
3.552713678800501e-15,4.047443143999807,2.162951708557345,3.0265141377771942,0.13949516968553183,0.02569045576109795,0.021659195587646195,6.23495663129059,2.919131435722086,5.003125446932479,6.693663053098422,7.833173614188128,0.0,0.0,7.22067394559851,3.8346422290547912,2.850721517290944,9.678760147888616,5.715512348048407,0.0,0.0,6.696390897625329,2.276271347067267,4.0493034831589565,7.253253344173004,7.236033494685002,5.03120479309216,12.303540517035481,15.232422991020751,0.0,0.0,9.77386215753271,5.821973645428996,10.171129713664337,10.461352613510977,14.588028272742989,0.0,0.0
3.552713678800501e-15,4.039758888738135,2.156043075535799,3.04097938297287,0.13951052264801403,0.025684680725623316,0.021680361783100715,6.2371134621604645,2.9088562817695767,4.991747555478942,6.714502598866835,7.926288242768847,0.0,0.0,7.196808250136641,3.843013111354169,2.8523353610777473,9.694345290180175,5.72383649560859,0.0,0.0,6.682822261344255,2.274153980383834,4.060539202550833,7.262826161293778,7.233744052983392,5.042273504754687,12.299149166481298,15.238453950544994,0.0,0.0,9.773899472357684,5.831340039312172,10.18333007334903,10.456413476648235,14.586800784488046,0.0,0.0
3.552713678800501e-15,4.032096183257527,2.14915078820756,3.0557399106156886,0.13952559775993909,0.025678267981598037,0.02170180768991679,6.239068872018847,2.8986601382196753,4.980042155215322,6.735040175788394,8.021654231626552,0.0,0.0,7.173234813068701,3.851570977147452,2.8542360825851674,9.710247208726381,5.732295442679288,0.0,0.0,6.669246792990479,2.272354681132292,4.071946607826626,7.272615343104882,7.231614802644946,5.053990516428674,12.294834365211504,15.244479677299232,0.0,0.0,9.77388066162784,5.840683390098954,10.195178863036656,10.451322026977472,14.585369015706998,0.0,0.0
3.552713678800501e-15,4.024494928710451,2.1420583835558946,3.0708100484675365,0.1395413045889842,0.025672278496142648,0.021723358895924978,6.2410675434094856,2.8880824000242966,4.968356718145366,6.7550915418593425,8.116356360497434,0.0,0.0,7.149963985862488,3.8601771665976763,2.8565017954080587,9.726308558338035,5.741115890150018,0.0,0.0,6.655470070819424,2.270621260177012,4.083247073542822,7.2825291082693475,7.229460787220579,5.065892834388041,12.290527734128975,15.250789891612179,0.0,0.0,9.773812880920401,5.850312759941615,10.20694509059418,10.446100750078822,14.583932413754061,0.0,0.0
3.552713678800501e-15,4.01706756064655,2.134735518202745,3.086321973048366,0.13955704108014272,0.025665748786383644,0.021744939046920053,6.243105156339853,2.8772397495171163,4.956524188358017,6.7743677998699265,8.210272418209241,0.0,0.0,7.12681116480126,3.8688229294772163,2.8593266323956397,9.742119339492083,5.750113058628588,0.0,0.0,6.641592769198756,2.2690869791217056,4.094437255662818,7.2924396429243155,7.2273149929091565,5.078065615632868,12.28622760613763,15.2572207527381,0.0,0.0,9.773578179709245,5.86017349126925,10.218536214122791,10.440666943613437,14.582199186493899,0.0,0.0
3.552713678800501e-15,4.010008866199944,2.127156992200087,3.10199722542072,0.1395731132708866,0.02565921420631214,0.021766491181567427,6.245410602741851,2.8658147762997577,4.944756520480458,6.793033661283413,8.302710976041869,0.0,0.0,7.10390646220015,3.87752242072741,2.8623604554528286,9.758326957143245,5.759164421752821,0.0,0.0,6.627886220410934,2.2678001831028163,4.105483926020094,7.302506905314348,7.225076222203677,5.0904745734459995,12.28209815046713,15.263994102605352,0.0,0.0,9.773159042459474,5.870048293836795,10.229642219438533,10.435164203138022,14.579676457715959,0.0,0.0
0.0,4.003090525833114,2.1194356995727794,3.118008345283928,0.1395897487144165,0.02565274866850678,0.021788285183655495,6.2476709461980775,2.8541265620814724,4.933037296701406,6.811274372812681,8.39386764373468,0.0,0.0,7.081600983830616,3.8863088148258256,2.865724942675005,9.774623246571515,5.768204793299686,0.0,0.0,6.614238760109182,2.2665663779983913,4.1165014623431215,7.312675895418753,7.22281809080781,5.103066877136063,12.278005301695426,15.270924204868415,0.0,0.0,9.772775419166567,5.880126177957969,10.240664028137777,10.429661501445189,14.576907264127625,0.0,0.0
3.552713678800501e-15,3.996183526627574,2.1117489003093546,3.1343463369257702,0.13960608999991828,0.025645939103175704,0.02181031137161679,6.249612498895301,2.842551906551022,4.921209029972105,6.829149168924056,8.48466315647107,0.0,0.0,7.060011824979364,3.89531550047686,2.869549531443211,9.791177124538265,5.777085098926151,0.0,0.0,6.600545273074165,2.2655225629239255,4.127733470900678,7.322900676450297,7.220734877063527,5.116123794256268,12.273895521212276,15.277776691280767,0.0,0.0,9.772427586631297,5.890331509109534,10.251498456110635,10.424056121658635,14.573870452526402,0.0,0.0
0.0,3.9893241329976474,2.103763594875761,3.1505515719474912,0.13962265015935815,0.025639767317785767,0.021831726991489147,6.251490835237974,2.8301546728958944,4.908897485265846,6.8460530492632605,8.57251275838196,0.0,0.0,7.039020144278886,3.904294364720165,2.8736735749868143,9.807038289380099,5.785848446514764,0.0,0.0,6.586436271039986,2.26471794551572,4.138614222864892,7.3331485443163515,7.218579426687189,5.129605236523952,12.269858526112479,15.28459428993796,0.0,0.0,9.771790233151679,5.9007462093558765,10.262138953057669,10.418416975058834,14.570646444872322,0.0,0.0
0.0,3.9825152447309873,2.0956688035015674,3.1670375900687455,0.13963940702101468,0.025633375069825617,0.021853191337447633,6.253235580283592,2.8174828966850525,4.896589384712325,6.86235156948004,8.659780823416565,0.0,0.0,7.018165758617692,3.9134034269559392,2.8782508933586106,9.823620576851258,5.794405640548887,0.0,0.0,6.572178456228118,2.2641046249466896,4.149558497945054,7.343453551520649,7.216337690598385,5.1433716022074885,12.265772996789076,15.291452700105836,0.0,0.0,9.7710641517417,5.911396043786042,10.272695528148587,10.41274090184766,14.56713199543002,0.0,0.0
0.0,3.9758690772953966,2.087466286335325,3.1838775350653687,0.13965620997322725,0.02562642880953791,0.021875091865025165,6.255177119035228,2.804787389883631,4.884901635305674,6.8781923585465385,8.747043840495596,0.0,0.0,6.997717107379306,3.9227486383524863,2.883133957164962,9.840562508892434,5.802818851002843,0.0,0.0,6.558069998246515,2.2635344922680605,4.1607363724299224,7.353828163651946,7.214049191092691,5.157382302986691,12.26177056659406,15.298487107389363,0.0,0.0,9.770189047959633,5.921962080309804,10.282291316254527,10.406977102423701,14.562795213638138,0.0,0.0
0.0,3.969360274714701,2.0792243787049958,3.2010350951101416,0.13967326214004472,0.025619330449361575,0.021897315253844953,6.257210985818696,2.7919353283055988,4.8734015999607285,6.893565748895097,8.834461618431517,0.0,0.0,6.977091967783865,3.9321593980123453,2.8883661825614713,9.857368962614894,5.811152173484808,0.0,0.0,6.544012315445081,2.2631570258879896,4.171906680994283,7.364317695834155,7.211840528731435,5.17165600102251,12.258048753455933,15.305630672939866,0.0,0.0,9.76930290185097,5.932724784316118,10.291657594581924,10.401153093306645,14.55834431532685,0.0,0.0
0.0,3.9629027200401823,2.0709626356763375,3.218243306856773,0.13969039246275328,0.025611958132539102,0.021919458448052802,6.259002785930063,2.7788440431106576,4.861749881238049,6.908289406354727,8.921172868912834,0.0,0.0,6.956785690180256,3.9417502392627317,2.893910696080832,9.874365159460767,5.81936419588388,0.0,0.0,6.529890612123982,2.2630678999138945,4.183048129736468,7.374845473302289,7.209613744650883,5.186371766057453,12.254355008891576,15.312638223534284,0.0,0.0,9.768312501336183,5.943628234939223,10.300959139016587,10.395339353087772,14.553689955457616,0.0,0.0
0.0,3.956445383417672,2.062387324050607,3.2353539407831935,0.13970817358887433,0.025605414566124706,0.021941433483907515,6.260509854810546,2.7650058507009474,4.849714200669552,6.922072485773985,9.007817624182426,0.0,0.0,6.937386436974055,3.9513512299425977,2.8998449363437104,9.891172700567331,5.8270540995290485,0.0,0.0,6.515474924254552,2.2629714491122677,4.193800049357172,7.385395444397647,7.207231503850792,5.201298416076448,12.250556251015059,15.319477871734643,0.0,0.0,9.767123775025173,5.954823290118545,10.310026798797654,10.389436634837216,14.549036621279138,0.0,0.0
0.0,3.9501008322134012,2.053835796073171,3.252800268744767,0.13972590873778526,0.02559874006590719,0.021963800112548965,6.26216470004802,2.7511290529031602,4.838402703868922,6.935688718496974,9.093474131695645,0.0,0.0,6.91845101606921,3.961246415064459,2.906009752265047,9.908679055837666,5.834576459885961,0.0,0.0,6.501101745076957,2.26301838720573,4.204857990556908,7.395978567754383,7.204844684914422,5.216433826394674,12.24684216001143,15.326214111967195,0.0,0.0,9.765866219528153,5.966136311919497,10.318800841234408,10.383454839931579,14.544424928516154,0.0,0.0
0.0,3.9439075704293423,2.045270494547708,3.27040628309474,0.13974361084558334,0.025591863231934603,0.021986218931407342,6.263823208016799,2.7371303732398435,4.827279981073817,6.948653988907383,9.179333820682617,0.0,0.0,6.899489427545328,3.9712050945363164,2.9126848626222084,9.926319879058225,5.842177444741579,0.0,0.0,6.486778267467786,2.263333683102999,4.215967425216178,7.4066338414188815,7.202451212278166,5.23203493443762,12.24326134220413,15.333008095038814,0.0,0.0,9.764345986783194,5.977392172510672,10.326911299552444,10.377463722910539,14.539433746131566,0.0,0.0
0.0,3.9377969801924255,2.036482226633204,3.287997170979936,0.1397615082636187,0.025584537877035508,0.022008669621231845,6.265160229068914,2.722738515780378,4.816353454362214,6.96054115070461,9.265857350353958,0.0,0.0,6.880548556451236,3.9810242902119763,2.9198341662986644,9.943384557684583,5.8496169594585234,0.0,0.0,6.4724207483177,2.2638253820975516,4.226782389485668,7.4172406195209035,7.199955598275371,5.247930063211682,12.239766909360394,15.339562343049451,0.0,0.0,9.762634149306415,5.988786282846877,10.334737147277608,10.371415110619688,14.534135750013654,0.0,0.0
0.0,3.931763200546812,2.0276462280822742,3.30565981992959,0.13977966899290853,0.025577483016071934,0.022031483578222412,6.266361128741906,2.7080199280931576,4.805760864301482,6.971905742936771,9.353781757072696,0.0,0.0,6.862436474261609,3.9910420444855155,2.927151529081365,9.961206957604318,5.856944130661894,0.0,0.0,6.458082401246916,2.264499716953631,4.237510035282581,7.427886840247594,7.197451032974473,5.263879719057079,12.236313077389797,15.346128829412345,0.0,0.0,9.760853250853234,6.00034057342363,10.342312596969368,10.365333942958012,14.528416967543963,0.0,0.0
0.0,3.925761656989812,2.0188999765053737,3.3235700006137674,0.1397981385132165,0.025570397374571896,0.022054501930764445,6.267554616210959,2.6932872147760425,4.795502545674063,6.982982384581905,9.441999056627006,0.0,0.0,6.844697933055316,4.001375726066319,2.9348493984431907,9.979475358289822,5.864079283633912,0.0,0.0,6.443622874573837,2.2653690593417823,4.248288005133984,7.4386946003374055,7.194958281410424,5.280175909727847,12.232845692948477,15.352647550480597,0.0,0.0,9.759023688413606,6.012149971122621,10.349979396046916,10.359246279079262,14.522666484926928,0.0,0.0
0.0,3.919882511230428,2.009908642790358,3.34144780269921,0.1398165941668621,0.025563164552931127,0.022077389933785527,6.268416798410919,2.6780840786403624,4.785568974211597,6.992881683057683,9.528606190442082,0.0,0.0,6.827361995874122,4.011491068787282,2.9431168622393433,9.99754459957572,5.8711531312820835,0.0,0.0,6.429084187668448,2.2664439970452688,4.25889205972463,7.449400595170505,7.192427411469603,5.296830316124711,12.22922810506185,15.358736077511738,0.0,0.0,9.75696588702575,6.0241962095708415,10.357623619084992,10.353053093916817,14.516707514994495,0.0,0.0
3.552713678800501e-15,3.9143002235746995,2.000872747797948,3.3591426590946187,0.13983541083282744,0.025555983550564286,0.022100219653793246,6.269194686033891,2.66254780527684,4.775673567860038,7.0018752511083395,9.616442366681063,0.0,0.0,6.810506601179137,4.02153593158445,2.9516863722060735,10.015473685910907,5.8783853591176305,0.0,0.0,6.414772681593667,2.2678160021869758,4.269038457341156,7.460151425288467,7.189831985459648,5.313601484213058,12.225833038013127,15.364641800338546,0.0,0.0,9.754617956761765,6.036299525273226,10.364784830512129,10.346826183259262,14.510478204031637,0.0,0.0
3.552713678800501e-15,3.9090530958817986,1.9919063893590339,3.3770294975626736,0.13985426923890293,0.02554810114449947,0.022123605940137174,6.270189087253431,2.6469976393272097,4.766604031294261,7.010290076719089,9.704900476513238,0.0,0.0,6.793872526056323,4.031818575460933,2.9605822090915352,10.0338758745706,5.885547451288841,0.0,0.0,6.400668440221172,2.2694966555916207,4.279082601946644,7.471060086031116,7.187252932911779,5.330633941197359,12.222669575952068,15.370516217284138,0.0,0.0,9.752103050092588,6.0484596376439335,10.371563476204125,10.340568735559774,14.503872601871262,0.0,0.0
0.0,3.903957903469717,1.9828828993043497,3.394911461451835,0.1398731040738236,0.025540493242278556,0.022146873418909356,6.271354638249787,2.6311233822329534,4.75823598253181,7.018033683140964,9.793526310556892,0.0,0.0,6.777860671571244,4.042154323883606,2.969852172148211,10.052509672162161,5.892769345514949,0.0,0.0,6.386576668733365,2.2714705920133644,4.289068087097913,7.481969240730885,7.184579009228698,5.34797843129051,12.219578095648263,15.376306651434716,0.0,0.0,9.749234124806184,6.060521468051172,10.377342913665638,10.334279060354874,14.497082104479698,0.0,0.0
0.0,3.898967815865166,1.9739590388984392,3.412465846900417,0.13989223063760822,0.02553296738078541,0.022169625677025392,6.272362029378729,2.6151089898817808,4.749960201910677,7.024888522155546,9.880022078079932,0.0,0.0,6.7626623527128995,4.052483455568437,2.9795221565743835,10.07089583465844,5.900027073196896,0.0,0.0,6.372470723742875,2.2737313633815623,4.298573768869859,7.492846274830392,7.18181884984754,5.365486798968732,12.216434769473606,15.381779044468411,0.0,0.0,9.746119174752529,6.072905759108355,10.383115116838935,10.327932066963804,14.490447009596107,0.0,0.0
3.552713678800501e-15,3.8941022495115005,1.9650937835284394,3.430051508451483,0.13991125177476893,0.025524622962338255,0.022192511407983978,6.272842573858431,2.5990900255439953,4.742314662258438,7.030785681155585,9.964525822237155,0.0,0.0,6.747982247881576,4.062869466276192,2.9897331739807376,10.089351021935185,5.907486686605259,0.0,0.0,6.358467603037188,2.276257408929996,4.307996737238817,7.503673868552525,7.179133279293746,5.383365511266052,12.213289372434444,15.386740955266761,0.0,0.0,9.742976416694418,6.085508966157621,10.389001527903844,10.321575192789096,14.483761939819336,0.0,0.0
3.552713678800501e-15,3.889522776974009,1.9562897407356086,3.4477289965752242,0.13993051776563023,0.02551626489055788,0.02221561019835164,6.273308131773267,2.582991497043264,4.735186308431977,7.0361338487056,10.048561031011745,0.0,0.0,6.733742062706222,4.073380803999838,3.0002846243468957,10.108297270161575,5.9151177283556455,0.0,0.0,6.344752216737883,2.279103571372521,4.31722677723683,7.5147685497290295,7.176427013086851,5.401453745668876,12.21034444740967,15.391560123940868,0.0,0.0,9.73975489532724,6.0983012982359535,10.394823314631195,10.315230875473382,14.476803442482444,0.0,0.0
0.0,3.8851884170251068,1.9475469639310743,3.4653341812727274,0.13994967934002803,0.025508365308320985,0.02223868635314961,6.27334049140849,2.566767303670273,4.728679771101839,7.040587771811331,10.132457729059103,0.0,0.0,6.72027455399423,4.08399024150186,3.011202004220164,10.127332251304127,5.922944001085819,0.0,0.0,6.331459493048346,2.282254205208467,4.3261367483798825,7.525985968856589,7.173667372916051,5.419662263387753,12.207640027479181,15.396183948539598,0.0,0.0,9.736284718835147,6.111030700521641,10.399969897417247,10.308972961928685,14.469463397874147,0.0,0.0
0.0,3.8810492469310884,1.9387585731623995,3.482852183504402,0.13996879350954688,0.02550018190400587,0.022261745193380887,6.273275714948048,2.5503665186436137,4.723021271101058,7.04389819347234,10.215120331493484,0.0,0.0,6.707630597325999,4.09454719651313,3.022693330161988,10.146363425495293,5.930723118723507,0.0,0.0,6.31827340404696,2.2856757321877046,4.334962437086884,7.537005920843112,7.170824554547894,5.438194771333886,12.20488832343956,15.400439723088722,0.0,0.0,9.732507868638045,6.123659211058258,10.40421913150538,10.302641692853111,14.462052969796549,0.0,0.0
3.552713678800501e-15,3.877151610311611,1.9300451865150974,3.5003900346612915,0.13998806359680244,0.02549232645447625,0.022284890497670535,6.273194542845904,2.533740208389978,4.718260572767342,7.046616586090911,10.29529353860492,0.0,0.0,6.695586363409389,4.105375743315898,3.034488788786947,10.165358063686764,5.938515923064163,0.0,0.0,6.305469467796642,2.2894105662227267,4.3435335960727555,7.548123781434882,7.167889068780617,5.456965379913473,12.202273680726163,15.404556717048075,0.0,0.0,9.728588604633844,6.1364104995371145,10.408269292427454,10.296350925238784,14.454751841060974,0.0,0.0
3.552713678800501e-15,3.8734451428059447,1.9214309492987243,3.517918488849907,0.1400073053307775,0.025484952827357698,0.022308233944998,6.2723590826048845,2.517007720685043,4.713961114541203,7.048208407956697,10.373320442458358,0.0,0.0,6.683964306628835,4.116359590299493,3.04680266810186,10.184522576741537,5.946587873633962,0.0,0.0,6.293024633801859,2.2933418524250304,4.351774582740691,7.559400966086849,7.165015428291982,5.475922886091642,12.199806847911182,15.408176384743793,0.0,0.0,9.72446429722669,6.149395365145236,10.412268720232273,10.290078150869187,14.44742798682519,0.0,0.0
0.0,3.8700278390920237,1.9129793019534285,3.5355530708617757,0.14002661033507388,0.02547763986719507,0.022332201327539315,6.271520725253061,2.5002536921519685,4.7107388548094935,7.0491681229280925,10.449711656122721,0.0,0.0,6.67280703505524,4.12771626586859,3.0593867942217092,10.20391918623345,5.954737606983156,0.0,0.0,6.28096247206176,2.2975322004882317,4.359921969849838,7.570738926245767,7.162156198562453,5.495015853487616,12.197503482174374,15.411560350962084,0.0,0.0,9.720217962964414,6.162578415001325,10.416244547034827,10.283772663905372,14.439989547725956,0.0,0.0
0.0,3.8667201486000526,1.9046344590705033,3.55328037876733,0.14004605568318568,0.025470471032706034,0.022356366147937706,6.270352264369036,2.483571722995967,4.708447794280603,7.049535982785454,10.524242097597801,0.0,0.0,6.662652134744876,4.1392994473762625,3.0724332797839,10.223637981623535,5.96281114531195,0.0,0.0,6.269173381285138,2.301924384407216,4.367876289543435,7.582109461640196,7.159179668647722,5.514262190366487,12.195155928978998,15.414794511626978,0.0,0.0,9.715900334820757,6.175925382648615,10.419869306579711,10.277578845600122,14.43224864009821,0.0,0.0
3.552713678800501e-15,3.8635112189754937,1.896170275152641,3.57091948389669,0.14006560610951468,0.025463393504791276,0.02238047913435394,6.268330152992654,2.466734991285332,4.706313648020218,7.048252421444835,10.594976539226113,0.0,0.0,6.653155808963505,4.150590398411008,3.086333357119175,10.243788110773625,5.970841979590827,0.0,0.0,6.257489586135571,2.3065241006735686,4.375481836176638,7.593458273000703,7.156160404769229,5.533698277426592,12.192642980732158,15.417621834478211,0.0,0.0,9.71130667706929,6.189537149541194,10.423298878569659,10.271281001922395,14.424531837731074,0.0,0.0
3.552713678800501e-15,3.8604944899873495,1.8877769520036998,3.5883582394966203,0.14008500449380312,0.025455850718590994,0.022404390878476337,6.266422876256454,2.4498337549796196,4.705384635727046,7.04631857237973,10.663268513458737,0.0,0.0,6.643664225087035,4.161984014525836,3.100412457526416,10.263468591597729,5.978832444475672,0.0,0.0,6.246075030679816,2.311521995328309,4.3827501631555545,7.604750933292603,7.1530702531347865,5.553317521747845,12.190547982091367,15.42021936562267,0.0,0.0,9.706359354806944,6.203004471915083,10.426094221181051,10.26502068589352,14.416999580524697,0.0,0.0
0.0,3.8577174773833707,1.8794928911254738,3.605641578396599,0.1401045477458358,0.025448535883625167,0.022428323833445986,6.2646902076988145,2.4328811611248,4.705111696798813,7.043821605780959,10.728301605788165,0.0,0.0,6.634765092584171,4.173479193329024,3.114805475876496,10.283346997038407,5.9866656882309295,0.0,0.0,6.234853088623301,2.31673432005957,4.389616235729467,7.616112722742939,7.1499437206153065,5.573069245132237,12.188521680047703,15.42245721034268,0.0,0.0,9.701127644310839,6.216635546590713,10.428612989819982,10.258779150831396,14.409284690101883,0.0,0.0
0.0,3.855029901575405,1.8712685779394118,3.6227784535953305,0.14012432744365352,0.025441081877664383,0.02245229847747552,6.262502914425397,2.4160580218577947,4.705105413975882,7.040402246494902,10.791864156427591,0.0,0.0,6.626612609394797,4.185006030507948,3.12956782411287,10.303589901102123,5.993971278864033,0.0,0.0,6.223737651651684,2.322106759301711,4.396110357771298,7.627495920879883,7.146796250439628,5.592871171463595,12.186545795159482,15.424262033420684,0.0,0.0,9.695662378841572,6.230385871415594,10.43076050854683,10.252565304675848,14.401817626407224,0.0,0.0
0.0,3.852515863307201,1.863186570180938,3.6395175895650773,0.1401437920669366,0.02543266214856726,0.022475915751453687,6.260139917935751,2.3995322714883662,4.705637992660281,7.035842602436682,10.853024845876075,0.0,0.0,6.61865006217938,4.196323875446125,3.1446872344110806,10.32382581530874,6.0008715469433085,0.0,0.0,6.212665526014954,2.3279258183446356,4.402151786282287,7.638833629272354,7.143597660650336,5.612863828490117,12.184755036793623,15.425806780626392,0.0,0.0,9.689848509985053,6.244309979707515,10.432480621211505,10.246333753667429,14.394109452349168,0.0,0.0
3.552713678800501e-15,3.8500973764965334,1.8552131392286733,3.6559258987205325,0.14016331954362587,0.025424119596736093,0.02249899747015439,6.257475072205418,2.3831314380914086,4.706219771543173,7.030119345300883,10.910229630717776,0.0,0.0,6.611274746484487,4.207346306969209,3.160353432598446,10.344286111817711,6.007447176256335,0.0,0.0,6.20157436068678,2.3340808856769457,4.407797725877472,7.650121701311843,7.140379064630456,5.633068807195167,12.18287933665608,15.42701994797281,0.0,0.0,9.683779823519297,6.2584382234995255,10.433992579003256,10.24005152753004,14.386403044063925,0.0,0.0
0.0,3.847793952156998,1.8474073088268181,3.6722139947513286,0.1401830270892143,0.025415686562113026,0.02252214618875697,6.254454822415068,2.3669576626834945,4.707382751176649,7.02373370531405,10.964991760929713,0.0,0.0,6.604570700468148,4.218587783654555,3.1763365548071003,10.36483021017227,6.013688631517119,0.0,0.0,6.190686487321111,2.340424134183799,4.4130979313419445,7.661381656705748,7.137113974629587,5.653321916247989,12.181077961727606,15.427812024588704,0.0,0.0,9.67754922644511,6.272770824445057,10.435378796371264,10.233854997915778,14.37861035480418,0.0,0.0
0.0,3.845594451766446,1.8397472696542474,3.6878942447176355,0.1402026452984887,0.025407113216155904,0.02254435554144212,6.251169338238343,2.3510052096313285,4.708502089271425,7.016568506440212,11.014324860426738,0.0,0.0,6.59822757216978,4.229570323537663,3.1926531744962277,10.385171663463204,6.019495103843671,0.0,0.0,6.179933122213871,2.3470475348220945,4.417522865808529,7.672601164472765,7.133720784522743,5.673644653674671,12.179387297564642,15.428273212520084,0.0,0.0,9.670970848472022,6.287263270639307,10.436522615888762,10.227768005606283,14.371103482103296,0.0,0.0
0.0,3.8437015703373554,1.8323736648043334,3.7033700774021887,0.14022217205755375,0.025398648653550484,0.022566469065664486,6.248203884939072,2.335307501732174,4.709889689709673,7.0087411218319975,11.060663801660962,0.0,0.0,6.592176405424074,4.24059776407663,3.209192378244112,10.406156257004545,6.025017638573421,0.0,0.0,6.169384478467785,2.354084232706091,4.421719130913565,7.683878740552935,7.130349006885461,5.6941309111719,12.177794464094426,15.428583866475845,0.0,0.0,9.664093303123487,6.30195807090242,10.437420271899118,10.22161878685769,14.363541562265015,0.0,0.0
0.0,3.8419199757866833,1.825252260027587,3.71855671053808,0.14024173016893104,0.025390091185399553,0.02258841973622195,6.245271251342046,2.3199154090588507,4.711758914120972,7.000266441935958,11.1049070757883,0.0,0.0,6.586450763001108,4.2517714392856325,3.225841918317641,10.42703649618639,6.03029087469971,0.0,0.0,6.158894604305183,2.361370123536777,4.4256331508410245,7.695144927616915,7.1270172187299385,5.714769200269794,12.176417051274566,15.42843049132059,0.0,0.0,9.656876386812366,6.316724492842056,10.437775499179935,10.215474374108426,14.35581306904616,0.0,0.0
0.0,3.840217112162808,1.8181590669016068,3.733510796556702,0.14026120024977712,0.025381082579727925,0.022610273297409774,6.242094644634539,2.3048087498174277,4.714578965105119,6.990847955895304,11.143992347478914,0.0,0.0,6.5810655466524715,4.262858254020478,3.2427402240200713,10.448148176831598,6.035145427247183,0.0,0.0,6.1484963922268445,2.368818875418152,4.429107851770373,7.706426109347045,7.123584140951634,5.735448747301168,12.175226139248593,15.427950775667268,0.0,0.0,9.64941492004588,6.33143919802209,10.437639633206322,10.209422464190466,14.348254589185656,0.0,0.0
0.0,3.8386023291434253,1.8110979989286973,3.7481010094037743,0.14028057548834494,0.02537152463655482,0.022631460095347607,6.238494775690725,2.290023688232844,4.717747538645972,6.98021236737261,11.178568707931205,0.0,0.0,6.576024952338191,4.2733310040956285,3.2599491577671853,10.469403678632585,6.039720501681108,0.0,0.0,6.138261090943777,2.376715945457952,4.432159786297828,7.717644682048129,7.120023644136463,5.7562602555631806,12.174092076133967,15.427215719456203,0.0,0.0,9.641766447349552,6.346141543630082,10.437090333725788,10.203439712958598,14.34079096406265,0.0,0.0
0.0,3.837065173112364,1.804194266985584,3.7621841454689067,0.14030000378864177,0.025362284562902078,0.022651952210815722,6.234697849544717,2.2753646926880045,4.720440066135617,6.968917685176081,11.21028487622466,0.0,0.0,6.571498987441861,4.283450361624149,3.2774574521244193,10.490741296160389,6.043887948890807,0.0,0.0,6.128154149855837,2.384876462185146,4.434583226937938,7.728822516252683,7.1164591816665785,5.777218609059894,12.17293873820831,15.426175580564951,0.0,0.0,9.633763576111287,6.361047979789651,10.43637654533426,10.197493074885175,14.333509016749408,0.0,0.0
0.0,3.8356776982482073,1.797343312005027,3.7760123400707695,0.14031926957470792,0.025353147216818948,0.02267223330921571,6.230218503614502,2.261043098324953,4.723219566916321,6.9564684952816425,11.239319932459107,0.0,0.0,6.567631443716396,4.293442770893154,3.2953895056424307,10.512591130662532,6.047377588583476,0.0,0.0,6.118272162615139,2.3931283666219167,4.436628092300391,7.740021245789506,7.112835877544909,5.798078558668889,12.171921793282882,15.424562546000159,0.0,0.0,9.625483679362004,6.376308990502918,10.435567380641213,10.191599897011935,14.326373318342041,0.0,0.0
0.0,3.8342929846262797,1.7906583060427064,3.789667441301653,0.14033840737295966,0.02534393356549819,0.022692305010351323,6.225592135623881,2.2471128955639896,4.726905600474925,6.943705713751043,11.267041523136823,0.0,0.0,6.563920594335756,4.303471734136193,3.3135335782196784,10.534109506241935,6.05071488638977,0.0,0.0,6.108478934235787,2.4015897609249754,4.438438809061907,7.751229145715114,7.1091858178739695,5.8191277333507285,12.171153562779443,15.422665729240046,0.0,0.0,9.617084351006191,6.391514849885361,10.434298777676721,10.185816760804626,14.319007375736097,0.0,0.0
0.0,3.8329281046938894,1.7840161077865366,3.8030277196546853,0.14035741874881824,0.025334019661643094,0.022712021093006497,6.219924149778252,2.233706214959244,4.7308099850879515,6.929454387783537,11.291932769690904,0.0,0.0,6.560515203825888,4.312854645831319,3.332495136644322,10.55597298541036,6.053955930195381,0.0,0.0,6.098775943232547,2.4102879648748656,4.439803985182915,7.762363064449109,7.105535232673068,5.840298867032039,12.17034303570717,15.420413612918905,0.0,0.0,9.608538910717895,6.40688287841077,10.432816741219678,10.180064586797148,14.31194083810652,0.0,0.0
0.0,3.8316431120139036,1.7772594928436287,3.8159441321231453,0.14037649352426884,0.02532400888864456,0.022731076742904827,6.2142081218292065,2.220400093449291,4.734695998479967,6.914283179617049,11.316531795030457,0.0,0.0,6.557593905611102,4.321506324324784,3.351740445651068,10.57795330034736,6.056324596357273,0.0,0.0,6.089236224451188,2.4190947907785008,4.440554290033575,7.773475357674882,7.101735150157031,5.86141832972182,12.16947293811324,15.41795886789155,0.0,0.0,9.599510347134618,6.422402532224005,10.43065872399999,10.17428379218357,14.305207003008436,0.0,0.0
0.0,3.8304229723685803,1.7707338702452267,3.828628452433033,0.1403955955216781,0.025314154308311014,0.022750007267869365,6.208591857725735,2.2074654631500015,4.738766385358937,6.898506752747761,11.340278336494496,0.0,0.0,6.5550669194805256,4.329975562132441,3.3712453690342143,10.600256913930536,6.058176365382274,0.0,0.0,6.0797967723905915,2.428170003861848,4.440928623514318,7.784653497819112,7.097920447563044,5.882689461320175,12.168515815890924,15.415321235314627,0.0,0.0,9.590194999175186,6.438217393852149,10.428420410889611,10.168475793812911,14.29846762178645,0.0,0.0
3.552713678800501e-15,3.8293104580592163,1.764265012390907,3.8407343081213723,0.14041421747391558,0.025304510494968336,0.022768253242368783,6.202262090577111,2.194871986829907,4.74263377421763,6.881719590088334,11.360972217607825,0.0,0.0,6.552717938991088,4.338052526121249,3.3909320394811773,10.622321383464946,6.059865836159513,0.0,0.0,6.070682901605728,2.4373776899698605,4.440663734863954,7.795789244515567,7.094149181515598,5.90398805989937,12.167911248412706,15.412343253840849,0.0,0.0,9.580482790308004,6.454267395776973,10.426060456682011,10.162782609679638,14.292018987928392,0.0,0.0
0.0,3.8283704899377935,1.757707763381968,3.8525636077628604,0.14043218837749408,0.025295269877592206,0.022786500792970336,6.195980800184934,2.1826050013685796,4.747096775986205,6.8648770955916705,11.382045791772086,0.0,0.0,6.550766115676875,4.34615235134876,3.410772155881444,10.644602548404517,6.060793621974892,0.0,0.0,6.061821582985395,2.4465641063403707,4.439916528249157,7.806978786560742,7.090287428213851,5.9252478687786505,12.16751350388304,15.40904197996412,0.0,0.0,9.570323771881139,6.470686949188339,10.423583000672066,10.157182862213247,14.28563676063536,0.0,0.0
7.105427357601002e-15,3.827504681143532,1.7513783364681277,3.8643171373799614,0.14044993904938533,0.025286236483279514,0.022804469806688005,6.189849627821546,2.1707767980013646,4.751864763830978,6.848502760455844,11.402794784116818,0.0,0.0,6.549304837840337,4.354466378399836,3.430582773132698,10.666769277411861,6.061272746428939,0.0,0.0,6.053160503791474,2.4561270178765593,4.439142248804886,7.818137547812176,7.086378695090139,5.94664130927296,12.167469141234822,15.40562963155817,0.0,0.0,9.560118346689423,6.4870275071347665,10.420919968680895,10.151795143533073,14.279146820195944,0.0,0.0
0.0,3.8266677326065492,1.745183809228351,3.875579572488197,0.1404677730662378,0.025277173805177047,0.02282181149447781,6.1829386536952,2.159234115690762,4.756274056021433,6.830983530397316,11.423159616815905,0.0,0.0,6.548138362292818,4.362349030716334,3.4506646678510604,10.688550086064836,6.061457232090334,0.0,0.0,6.0446732448797595,2.4659041996673445,4.437841799155505,7.829047726520082,7.082580012668779,5.967941815933186,12.1675971032009,15.401739906192866,0.0,0.0,9.549695938424057,6.503367644362013,10.418093486906233,10.146553071639039,14.27288673988232,0.0,0.0
3.552713678800501e-15,3.825848981840468,1.7389785498852013,3.8862637080656137,0.14048565697910373,0.025268200408293435,0.0228380287521194,6.175557512138529,2.1481195682293572,4.760276573261591,6.812818498256654,11.43884120577922,0.0,0.0,6.547349519426554,4.369414926145978,3.471081047112461,10.710271122245889,6.061145528274584,0.0,0.0,6.036445981547813,2.4758095223390577,4.435771823757852,7.839921165906053,7.0787117177073595,5.989277452524918,12.167699747292835,15.397555482061499,0.0,0.0,9.539158574183801,6.519651734797411,10.414964968326265,10.141470969742226,14.266864710911994,0.0,0.0
3.552713678800501e-15,3.825097548664011,1.7330998729980531,3.8967162491694656,0.14050328627305989,0.025259168766123642,0.022853664927412743,6.167909498608904,2.1379535792257944,4.764361201186054,6.794370616243276,11.45029314297012,0.0,0.0,6.547050735217978,4.376416408427839,3.491897054782825,10.732218621059786,6.060499278553184,0.0,0.0,6.02842711278173,2.4859963308179935,4.433505171485218,7.8508355331957125,7.074816645146705,6.010770113658082,12.167878176558018,15.39310569598289,0.0,0.0,9.528518854649317,6.536156671690316,10.411702552146096,10.136453620986734,14.260991023196294,0.0,0.0
0.0,3.8244188514038844,1.7273298385368048,3.906491848909818,0.14052051065921206,0.02524962738344928,0.022868196571268654,6.160077706430405,2.1286663746737244,4.768014431712586,6.774104898121938,11.451857402165517,0.0,0.0,6.546762312593573,4.382567316446193,3.5129061691887666,10.754232406316678,6.059223754225779,0.0,0.0,6.02049391812216,2.4965609118552208,4.430693010975271,7.861694056205308,7.070840056426625,6.032201449928156,12.168168468482255,15.388382252751569,0.0,0.0,9.517272377094441,6.552698662591001,10.407746384059642,10.131303294185987,14.255410317323525,0.0,0.0
3.552713678800501e-15,3.8237302269794493,1.7216848091574177,3.9158275466777077,0.14053755062286583,0.02524029002572026,0.02288254594763441,6.152135374227005,2.119994190222648,4.771853305182924,6.753116542274969,11.449302181301672,0.0,0.0,6.546841884256352,4.388269984187851,3.534047912655826,10.776801514088945,6.057454218491203,0.0,0.0,6.012559840122001,2.5072622855558504,4.427395815992405,7.872549909942528,7.066869292646749,6.053640393015297,12.168520617153629,15.383457700592627,0.0,0.0,9.505778684883053,6.569339634544803,10.403446244966075,10.12626051504428,14.249606032265135,0.0,0.0
3.552713678800501e-15,3.822889338279714,1.7164141541760989,3.9248517263457443,0.1405544291549815,0.025231010703244468,0.022897016982930292,6.144175904318912,2.112073641738348,4.775653072226336,6.731299492226645,11.444771731877221,0.0,0.0,6.547157779514834,4.39379650678654,3.5552655441934773,10.799748609566487,6.055118514753293,0.0,0.0,6.004503960472971,2.518361927313082,4.423812751781153,7.883400648991853,7.062918903329938,6.075138071360237,12.168787155813659,15.378266797032463,0.0,0.0,9.493911636662052,6.586196327435485,10.398936258598578,10.121217069728898,14.244082590802796,0.0,0.0
3.552713678800501e-15,3.821930641422025,1.7111494541099852,3.9334750505563263,0.1405712743424479,0.025221904077724004,0.02291085883478486,6.135466182211782,2.10468288690738,4.779581556252952,6.708557017108802,11.437311566724444,0.0,0.0,6.54751066185653,4.39890108778222,3.5767464607432267,10.822612385323257,6.052524663986889,0.0,0.0,5.996461626275246,2.5291841233349355,4.41960070442402,7.894127722731151,7.059018769254277,6.096565742110669,12.169028392666165,15.372898536160408,0.0,0.0,9.481906405843175,6.603218126882054,10.394357432400273,10.116281411699019,14.239362700055642,0.0,0.0
0.0,3.8210042195647915,1.7063023820587806,3.9417331360695287,0.14058788416652435,0.025213082050524048,0.022924098233176184,6.126802105715558,2.098095256924752,4.78323735417437,6.686106894080598,11.425145473570588,0.0,0.0,6.548086172528734,4.403934897599358,3.5982305897306386,10.845185145722352,6.049553139677924,0.0,0.0,5.988512262555731,2.540367045772254,4.415169047622472,7.904667461459012,7.055204181821214,6.118119130655014,12.169624432178955,15.367290485454872,0.0,0.0,9.469872883910012,6.620253941769436,10.389779945811322,10.111460074144087,14.234610180662402,0.0,0.0
0.0,3.8201013707622438,1.70137193284703,3.949512319454495,0.14060388928507278,0.025204008789136003,0.022936363543517715,6.118085685245954,2.092364772498569,4.786700402034216,6.663897643551775,11.408136115855523,0.0,0.0,6.548791158391582,4.408358313469887,3.6197430713257988,10.867434317164498,6.045522724610691,0.0,0.0,5.980590621439437,2.551730383279204,4.410519339896395,7.915123762529756,7.051341613560751,6.1397587511644165,12.170880943609395,15.361332355002418,0.0,0.0,9.457510117759272,6.637109308924613,10.384755193977007,10.106775539528593,14.229707401776807,0.0,0.0
3.552713678800501e-15,3.819105027738626,1.6959018610352994,3.9567109700248255,0.14061949226960696,0.02519461622929207,0.02294811479895921,6.108446508433329,2.0873260899186707,4.790536301096472,6.640211020663015,11.387565847681945,0.0,0.0,6.54961941538424,4.41165877229042,3.641452400792398,10.889924499968526,6.04045956717608,0.0,0.0,5.972603327961477,2.562922608034894,4.405274349706321,7.9255129563855045,7.047371406916689,6.161264308152495,12.172395713466377,15.354892664852484,0.0,0.0,9.444753042678641,6.653875022082473,10.37938691397675,10.102343484540166,14.22501941454069,0.0,0.0
3.552713678800501e-15,3.8180559009447594,1.6908240552889249,3.963568754150637,0.14063505188285894,0.02518502580053713,0.022959451313214505,6.0987213419200605,2.0833040927268685,4.794490191125817,6.6162597428122965,11.366805151819504,0.0,0.0,6.550470722972357,4.414650542292934,3.663120375645028,10.912256831596357,6.035249405123247,0.0,0.0,5.964569911455856,2.5744985825776046,4.39987635690569,7.935758317777871,7.043414799604652,6.182739332151702,12.174080882096426,15.348312335950192,0.0,0.0,9.43177588959227,6.670590931755881,10.373671294852516,10.097940039649165,14.220433072870282,0.0,0.0
0.0,3.816996407186744,1.6862292277606212,3.970101620289432,0.1406503496922239,0.025175135047800504,0.02297049208978215,6.089553851252296,2.0804266532392828,4.79874004594258,6.592102032966925,11.346074770202312,0.0,0.0,6.551124749713361,4.417425910253139,3.684813072501364,10.935039327320412,6.030129866933196,0.0,0.0,5.9564642646749135,2.5864638861527074,4.3941728441660075,7.946033185481362,7.039445242568425,6.204347453977232,12.175802637878842,15.34162777398414,0.0,0.0,9.418552302691246,6.687473338688456,10.36779431133626,10.093573220500138,14.216068917447435,0.0,0.0
3.552713678800501e-15,3.815865505110958,1.682026417727172,3.9762968631853965,0.14066561078935078,0.0251658787439567,0.022980793073469282,6.080200595050013,2.0783996350545317,4.802107759290628,6.568167880128994,11.326246179553783,0.0,0.0,6.552593459637211,4.419814262721395,3.7067736287346538,10.957939302410082,6.024210797891167,0.0,0.0,5.948394068210178,2.5986059201228575,4.3879651502046055,7.95626328222728,7.0355076658340145,6.226022769360776,12.17725520768761,15.334665693083522,0.0,0.0,9.405119845766146,6.704626792400269,10.361779451920505,10.089265392197792,14.21203264109921,0.0,0.0
3.552713678800501e-15,3.814542098371913,1.6780863561604058,3.982233273855176,0.14068097648894456,0.02515718963093592,0.02299115920200444,6.070516394102748,2.0770856349174136,4.805006501103959,6.54304572490905,11.307616386242394,0.0,0.0,6.554304861187803,4.421899871141597,3.729027568451484,10.98110037340332,6.0179769076469585,0.0,0.0,5.940311344804116,2.610978243212777,4.381473811610019,7.9663781317078755,7.0316934993493065,6.247656622887074,12.178693218011643,15.327467787729079,0.0,0.0,9.391295916151188,6.721988119688221,10.355570845680658,10.085017444982723,14.208433030315065,0.0,0.0
0.0,3.8132049750615704,1.674600706135084,3.9878371848584937,0.1406961292700858,0.02514873818015251,0.023001293398920736,6.060596162444233,2.076705597760083,4.808327327803593,6.5179896767624355,11.288504184639743,0.0,0.0,6.555890656092823,4.423962741362705,3.7514345912756224,11.00393860228413,6.011897761073988,0.0,0.0,5.9322976863511165,2.623464915004453,4.3746482133792775,7.976272260758588,7.028006000827688,6.269351139667218,12.180276572360354,15.320111019064393,0.0,0.0,9.377352742479882,6.739506734663926,10.349341924722331,10.080879358134496,14.205181665879097,0.0,0.0
0.0,3.811900461217864,1.671460894415278,3.99304604188375,0.14071022803229905,0.02514075467378378,0.02301048812074321,6.050592648364304,2.0776916346510297,4.811925322436545,6.494115400825216,11.266600953084993,0.0,0.0,6.558069222085093,4.4261587100916415,3.7740479694849167,11.026851847367784,6.005254742258188,0.0,0.0,5.9243678400898645,2.6361049838203043,4.367544632107455,7.986033633769418,7.024226380311347,6.291084641397921,12.18212826324871,15.312423155082262,0.0,0.0,9.362957993294142,6.7573856367662275,10.34301101244807,10.076919105698499,14.201971126062048,0.0,0.0
0.0,3.8106660364813303,1.6683302150712949,3.99763492171816,0.14072367645723985,0.025132947842891197,0.023018408339619673,6.039876541278897,2.079980875820136,4.815021348650143,6.469778558598827,11.2416346691233,0.0,0.0,6.560651124439441,4.427480783415714,3.7968045676778903,11.049949487286957,5.99874829412841,0.0,0.0,5.91661580172715,2.6486269733983723,4.359809956302587,7.995761641246055,7.02039567276596,6.312820853998913,12.184187838387372,15.304375562686106,0.0,0.0,9.348282348317829,6.775517509753745,10.336467312950083,10.073167098165248,14.199111764722478,0.0,0.0
3.552713678800501e-15,3.8094705955927455,1.66546544026672,4.00165668306341,0.14073644850912076,0.025124567924107995,0.023025999385032664,6.028703235162156,2.0835448278945488,4.819153876749517,6.444737230002923,11.213781210506257,0.0,0.0,6.562780597934852,4.428310895172687,3.8194560731206093,11.072692157050463,5.991881458176214,0.0,0.0,5.908976911520066,2.6614257931102245,4.351736088592467,8.005233806994907,7.016706721471658,6.334555564120401,12.186615626752149,15.296193238383418,0.0,0.0,9.333317108942799,6.79365569816407,10.329767574468972,10.069387667469874,14.196520962412661,0.0,0.0
3.552713678800501e-15,3.808274814823874,1.6634059690660346,4.005458965299417,0.14074923950103768,0.025115890680492085,0.023033264614597582,6.017347171642083,2.088512447329912,4.823538697432535,6.419633177987625,11.18451067541118,0.0,0.0,6.565675100367564,4.42893933051832,3.8418454192575178,11.095911190556325,5.984300688667257,0.0,0.0,5.901352434786432,2.674755495818023,4.34348564852145,8.01452086188981,7.013059183389437,6.356127369164908,12.188839535815124,15.287828634551728,0.0,0.0,9.318321406203559,6.811973324312684,10.322990362668243,10.065642492374486,14.19412026128384,0.0,0.0
0.0,3.8070656322445946,1.661003084990913,4.009074432287524,0.1407619200939629,0.025108290320901127,0.02303967697629962,6.005340423854666,2.09429955639954,4.82705739674002,6.393963597181284,11.151821436018702,0.0,0.0,6.569121309650392,4.428805447427533,3.864787881106087,11.119228098926012,5.9763598091459,0.0,0.0,5.893899986612246,2.6875779286517787,4.334825290867091,8.023941461490153,7.009485671137982,6.377775996307994,12.191180604074015,15.279438401172158,0.0,0.0,9.303149416976272,6.830423695431369,10.316129683627677,10.062112840641872,14.192228986074902,0.0,0.0
0.0,3.8058368944235026,1.6587821794953046,4.012370534488507,0.14077473022212567,0.025101745647032336,0.02304602181504478,5.992566241468972,2.100654963566054,4.830539559805502,6.367662299558819,11.1180212358168,0.0,0.0,6.572942150517946,4.428263173011339,3.888054511619558,11.142492611073159,5.9679474665415855,0.0,0.0,5.886672448912175,2.7002009410546655,4.325728585567342,8.033218584836007,7.006143674481544,6.399450959230051,12.19357071075644,15.27081063017619,0.0,0.0,9.287876639149381,6.849021844822074,10.309249437011221,10.058728752035014,14.190871197204245,0.0,0.0
3.552713678800501e-15,3.804631755745907,1.6566406182598072,4.015409938785,0.14078756299390185,0.02509606309090063,0.023052038093083045,5.97923347059778,2.107832699176024,4.833977601614206,6.340452272804984,11.081135834338578,0.0,0.0,6.577476070539379,4.427101291885448,3.9115733445561776,11.16607638150628,5.958816922029772,0.0,0.0,5.879542576667033,2.7127005713026717,4.316220358505194,8.042364018580699,7.002926302137441,6.420999396746465,12.195785331109459,15.262186426519978,0.0,0.0,9.272443574425257,6.867790228659982,10.302316929197863,10.055355950077974,14.18991286176707,0.0,0.0
0.0,3.803094261659249,1.655453277279944,4.018136492887831,0.140800664279034,0.025089712428870186,0.023057844623616316,5.968087640508546,2.1164931832524383,4.836944932245584,6.314917820643634,11.039129764334959,0.0,0.0,6.581269693426033,4.425847607018029,3.9345674463266453,11.189552912286484,5.950289791701598,0.0,0.0,5.8719112010198256,2.726161258114874,4.306664565235062,8.051555788765455,6.999682920957336,6.442716408357639,12.198390708350301,15.253195942840101,0.0,0.0,9.256945220328904,6.886146822108778,10.295267267171141,10.052045511700717,14.188792401295942,0.0,0.0
3.552713678800501e-15,3.8014074312978883,1.6549700164426564,4.020496025982251,0.14081402201487556,0.025082471930431303,0.02306330772511363,5.957521628978267,2.1268180379752826,4.840506665186362,6.290080124236794,10.991889718343256,0.0,0.0,6.584643992010121,4.424223602568447,3.9569916045537314,11.212812684874876,5.9420203946838415,0.0,0.0,5.864014640569315,2.7401153282498782,4.297104138297047,8.060614851917153,6.996478156628703,6.464407520567148,12.201430469905805,15.244136203013943,0.0,0.0,9.241411704389764,6.904054603733715,10.287736190893968,10.048799693664506,14.187531853538426,0.0,0.0
0.0,3.7996416192364313,1.6553399725278666,4.022677042530924,0.14082696700728217,0.025075675715044116,0.023068218882712547,5.947275873214846,2.13846541900758,4.844105198513562,6.266918827071015,10.940956260866772,0.0,0.0,6.5885357354906455,4.422421949272434,3.9794087714635675,11.235713149164932,5.932661927094197,0.0,0.0,5.8561211221238505,2.754740819656396,4.287392988954787,8.069553089376427,6.993328733558161,6.486200500995251,12.204456323230092,15.234859011940008,0.0,0.0,9.225666899944212,6.921913588714464,10.280083914957798,10.045542717256788,14.186217431091928,0.0,0.0
0.0,3.7978139499124217,1.6558065596138658,4.024532975413114,0.14083906767261656,0.02506990377077522,0.02307274052362506,5.936451569517332,2.1511116362153175,4.8489363235942164,6.2447356835979795,10.886483352800852,0.0,0.0,6.592624365175182,4.420556157913329,4.002109352140706,11.258813960782101,5.923070474048832,0.0,0.0,5.8482254408603564,2.768943576737917,4.2774935516177575,8.078329911720875,6.990228586282728,6.508017701590118,12.208051600316555,15.225307459379803,0.0,0.0,9.209648886540107,6.940015668393184,10.272339098965032,10.042722857258118,14.185301817729483,0.0,0.0
3.552713678800501e-15,3.796064984791566,1.6568417501484327,4.026136498621079,0.1408503174419344,0.025064738438803823,0.02307663441755059,5.925647291326566,2.1650146543392057,4.855187404195989,6.224035509779301,10.830886456151044,0.0,0.0,6.5967825788038805,4.419176430980931,4.02496712357742,11.281492326128236,5.913514499877737,0.0,0.0,5.840557143604896,2.783242768294222,4.267520476335929,8.086701043850136,6.987138304253458,6.529689485055892,12.212108002776517,15.215639678769803,0.0,0.0,9.193207524150596,6.958326590473397,10.26448576789285,10.040127377492773,14.184719777226604,0.0,0.0
3.552713678800501e-15,3.7943012787429686,1.6567159996378948,4.027485342132522,0.14086139268063486,0.02506112626934029,0.02308042205466286,5.9135907898452365,2.179264643004666,4.861655840655939,6.201201086046974,10.772796488599774,0.0,0.0,6.601098303734853,4.416427166684247,4.048554120932351,11.304146797353436,5.903626445451954,0.0,0.0,5.833111595448716,2.796474439077443,4.257071893039459,8.095158933891703,6.98420961222336,6.551454828274075,12.216420781234808,15.206111297054635,0.0,0.0,9.176466665153812,6.976772052612303,10.256593862348996,10.037740943751107,14.18477099078651,0.0,0.0
0.0,3.792340285147771,1.657202896039827,4.028455347483494,0.14087217425350584,0.025057789071073033,0.023084001471711562,5.902091403094799,2.194718051746882,4.868297009757944,6.1783412778280935,10.712273415372039,0.0,0.0,6.605309954491078,4.413523014702107,4.072328685826722,11.327006462757948,5.893107537283651,0.0,0.0,5.825562813633029,2.810015947631066,4.24627246195418,8.103589959305896,6.9813799502470495,6.573333550761696,12.22058604067971,15.196048800020062,0.0,0.0,9.159396648813432,6.995398526828947,10.248536608141578,10.035333141866916,14.185218378149822,0.0,0.0
0.0,3.7903221282782273,1.6584824874008466,4.029145790061349,0.1408828196034827,0.025054021226207982,0.02308713552670873,5.890556749112806,2.211647069413653,4.875558976074582,6.155541383447615,10.649008528481104,0.0,0.0,6.610371224505896,4.410065021864461,4.0956108303672805,11.350021783832723,5.882183124073306,0.0,0.0,5.817938511261821,2.824094155554212,4.235251349568152,8.112031379666378,6.978715216680226,6.595136754633046,12.224208578694732,15.185637125044527,0.0,0.0,9.142176151228623,7.014073158727523,10.240297070169163,10.032732403241464,14.185885804803647,0.0,0.0
0.0,3.7880051587528483,1.6602606226916787,4.029709525816583,0.1408933378586044,0.02505072643414055,0.023090199274445163,5.879073899855459,2.229632329080949,4.883242838558686,6.134967208248607,10.585028132631447,0.0,0.0,6.6158376905902,4.4064215484345794,4.1189616776568325,11.373403816351994,5.871161871151141,0.0,0.0,5.809988167345231,2.8382306291515804,4.224118735093835,8.120492339509651,6.976107221247983,6.616982797085419,12.228059359905824,15.174763110085934,0.0,0.0,9.125181187940917,7.032794733083494,10.232231657882174,10.030511599017148,14.186681929921603,0.0,0.0
3.552713678800501e-15,3.7855603155857867,1.662209954721326,4.030030922915599,0.14090371612962108,0.02504807916832295,0.023093007041962054,5.867944322279667,2.2484292497048184,4.892059302843243,6.115529381142246,10.518850459788613,0.0,0.0,6.620696841350095,4.402520297341579,4.142420355224765,11.396422535284122,5.860159649053746,0.0,0.0,5.801847962381779,2.852129744190069,4.212834084134731,8.128848484610824,6.973616461927843,6.638972657670838,12.232292971042996,15.163781562006916,0.0,0.0,9.1081954816591,7.0514435925332295,10.224153154521897,10.028504774575145,14.187960959049164,0.0,0.0
0.0,3.783035478180593,1.664626516493894,4.0299179915448375,0.14091376694580218,0.025045636686320906,0.0230953334186379,5.856637364604583,2.268469228511511,4.902124080577304,6.096209295494664,10.449042859132513,0.0,0.0,6.625765745352836,4.398395197871993,4.165920270410948,11.41906172794095,5.848676912573938,0.0,0.0,5.793569611583919,2.8662487387526494,4.201463559454498,8.136851968932348,6.97128283145861,6.660819938316318,12.236936184062483,15.15252518219345,0.0,0.0,9.090617175574152,7.069982620316038,10.21582758861964,10.026616018032103,14.189182364130227,0.0,0.0
0.0,3.7805346647063574,1.6672667266247787,4.0297186730194765,0.14092377472261422,0.025044194374862484,0.0230974603263524,5.845248587609507,2.289255490974391,4.9131102143553225,6.077884090854385,10.380948327126262,0.0,0.0,6.631198285640086,4.393992275422345,4.18971514926517,11.441494144007278,5.8371160486558376,0.0,0.0,5.785410931402745,2.880265924738966,4.189921742691524,8.144726767542508,6.969035983209636,6.68262167087564,12.24180192998656,15.141467392961644,0.0,0.0,9.072995696370052,7.088491505165448,10.207445014014978,10.024838681645843,14.190578399334603,0.0,0.0
7.105427357601002e-15,3.77823200570635,1.6706727265945336,4.029220193573669,0.14093250764481918,0.02504261948573667,0.023098871214717022,5.834603944300339,2.3118944071025416,4.926273343952161,6.062745003933291,10.311815331592312,0.0,0.0,6.637122926084365,4.389999314358399,4.213124428420285,11.463643104285579,5.825940685179757,0.0,0.0,5.777427777110275,2.894593130430102,4.178326453029935,8.152602663407528,6.966848510236163,6.704483217763127,12.24699153220105,15.130338927990552,0.0,0.0,9.055151963929227,7.107140725678584,10.198930426022153,10.023058203983245,14.192215603019294,0.0,0.0
0.0,3.776060174674033,1.674510065357927,4.0287143679076,0.14094099810666888,0.025042085095977235,0.02310012904807252,5.824022332813937,2.334908370343525,4.940541973691232,6.049652608721892,10.244982207381323,0.0,0.0,6.644412676991581,4.385623306727818,4.2368825414972,11.486197972953091,5.814636377355573,0.0,0.0,5.769665438846508,2.908914819094405,4.16658888327307,8.16037576995021,6.964770985754435,6.726337938188527,12.25204461097874,15.119079107977841,0.0,0.0,9.037307459301697,7.1258965718957175,10.190327582880741,10.02144945494312,14.19413513576473,0.0,0.0
0.0,3.7737614891051714,1.678694286954766,4.027837233133151,0.14094956624658278,0.02504251523647662,0.0231012726000673,5.813833128849501,2.358478297874105,4.954760617405037,6.035939812805224,10.179242970665376,0.0,0.0,6.651657216378623,4.380807209703228,4.260870140103454,11.508589087838493,5.803470293666385,0.0,0.0,5.761878922880621,2.9233713052415506,4.154431454147092,8.167966250535748,6.962831667573804,6.7481802458481654,12.257086012476018,15.107723074164817,0.0,0.0,9.019242213907027,7.144700465915939,10.181708457158825,10.01985903738388,14.196509706638185,0.0,0.0
0.0,3.7714014027351834,1.6829378107056778,4.026828659236944,0.14095904717501273,0.025043992289537655,0.02310235809269736,5.802506752641698,2.3825806386688804,4.969546924062195,6.018833179010482,10.109921780578956,0.0,0.0,6.658943894422158,4.375439834225142,4.284883065008512,11.530177663093903,5.7921363636513465,0.0,0.0,5.754246103887741,2.9376638168969555,4.142179420112395,8.175276031378559,6.961217556303107,6.769897299922965,12.262446725828433,15.096530479362308,0.0,0.0,9.000943127445785,7.163246627909498,10.173174189344612,10.018290243649778,14.199281586276843,0.0,0.0
0.0,3.7687185201436275,1.6871622491904346,4.025363835847322,0.14096830537586666,0.02504568572847885,0.02310327966322294,5.791467714203548,2.407666226708267,4.984623568294424,6.0017235554758,10.037911793755866,0.0,0.0,6.666180819228957,4.369264306180527,4.308993053230461,11.55207861373592,5.7802613531831115,0.0,0.0,5.7460943071150545,2.9518640221779227,4.129678107825425,8.182657025148874,6.959691205989677,6.791658090041726,12.268048053288062,15.084740735106115,0.0,0.0,8.982625347618482,7.181838246542133,10.16481980448565,10.016885076935704,14.202414197239724,0.0,0.0
7.105427357601002e-15,3.766006363194021,1.6922272265473077,4.023739258354258,0.14097709779503417,0.02504690119096501,0.023103651889243838,5.781827253710158,2.4339230037866875,5.001174074553265,5.989625978074432,9.964124644861627,0.0,0.0,6.674078216771895,4.363088834624109,4.3323605424049525,11.573657144015721,5.767911290221739,0.0,0.0,5.737665048207792,2.9665100674146023,4.117429066898193,8.190155001934428,6.958228777893759,6.813477175494273,12.27410225975453,15.072654735030586,0.0,0.0,8.964427562247204,7.200020669788348,10.15655325521832,10.015651053666188,14.204930255737285,0.0,0.0
0.0,3.763457632031359,1.6978169058339903,4.022112327394844,0.14098545078866945,0.025049306973890424,0.023103536739516446,5.77290313803224,2.460411536450929,5.019173614211957,5.980850906864796,9.89072803566034,0.0,0.0,6.682935646960614,4.3567501564639475,4.355871461358889,11.595153180307262,5.755504547847422,0.0,0.0,5.729433641674657,2.9810816911351927,4.105107290805507,8.197509100069615,6.956878806173152,6.835354644183047,12.279978222010545,15.060392044778874,0.0,0.0,8.946151341403306,7.21820864544073,10.14817245065291,10.01450895398203,14.20778829167207,0.0,0.0
0.0,3.760925308008702,1.7039252135980087,4.020271267048752,0.1409934104709025,0.02505225977912633,0.023103166403583723,5.764284239130069,2.487830134160618,5.03839111258313,5.972897385016947,9.81504764839914,0.0,0.0,6.691827113133942,4.350475673637376,4.379522354427625,11.616429685637348,5.743537114302353,0.0,0.0,5.721192865332351,2.9957074394514502,4.0925881668462125,8.204721087708617,6.955651465653531,6.857314058250155,12.286077773092952,15.047982706637587,0.0,0.0,8.927655036147486,7.236440821381228,10.139736780939142,10.013520935907065,14.210765355823836,0.0,0.0
0.0,3.7582996400594464,1.7100957469042164,4.018101563521917,0.14100150023901595,0.025055966152448393,0.02310246560193387,5.754860792002693,2.5158844702176593,5.058358677375319,5.961963254001631,9.73534826486002,0.0,0.0,6.700759247050902,4.343645201692607,4.403469541014796,11.637534765534456,5.732113437932501,0.0,0.0,5.712969514494823,3.010152818066593,4.079617062944916,8.211693952410085,6.954626365154587,6.87915090770627,12.292335828875887,15.035506947815392,0.0,0.0,8.908783664512656,7.254692967390006,10.13123750654193,10.012584233178657,14.214151868168734,0.0,0.0
0.0,3.755579712721771,1.7167762873592365,4.015675473461694,0.14100914969642678,0.025059444879270434,0.02310140240476294,5.746517196840138,2.545063013851357,5.079180942420118,5.953254737217286,9.653656835048043,0.0,0.0,6.709538893186042,4.336839771099819,4.427228964399958,11.658100493816551,5.720880103160347,0.0,0.0,5.704655896701586,3.0247783937847923,4.066590589547816,8.218649370817632,6.953691715143871,6.901021471992007,12.298844906914027,15.022815813148842,0.0,0.0,8.889797035568234,7.272841830996129,10.12282709146474,10.011689774515915,14.21790309667018,0.0,0.0
7.105427357601002e-15,3.7529324667345803,1.7235000388108674,4.012955008222121,0.14101640290108863,0.02506322783527944,0.023100142183677775,5.738643539409028,2.5745843189227418,5.101421892425551,5.946075984818326,9.56993050788553,0.0,0.0,6.719010697091355,4.329521453963289,4.450767654312225,11.678793138705974,5.709843211694683,0.0,0.0,5.696232337337633,3.0391720122972656,4.053533578057062,8.225607947816341,6.952889007986235,6.922929715378998,12.305316058575531,15.009835170673467,0.0,0.0,8.870738436571424,7.290927942656286,10.114370389170805,10.010858807106299,14.222037625678047,0.0,0.0
7.105427357601002e-15,3.7504275574469306,1.7305367082553862,4.009919907790909,0.14102327527630937,0.025067815763971275,0.023098622269962732,5.731437534499208,2.604145972783027,5.1255259770956885,5.941966351635829,9.484107911052396,0.0,0.0,6.728933067051994,4.322050242208803,4.474189171044094,11.699342513398125,5.699236827740613,0.0,0.0,5.687895241685117,3.053245749760252,4.040395232725356,8.232438571522758,6.952276717630904,6.944866597748274,12.311839498569217,14.996795908959339,0.0,0.0,8.851651146924503,7.309037872048311,10.10581027294854,10.010143783614012,14.226669280303012,0.0,0.0
0.0,3.7480451094850014,1.7376311060058656,4.0064493303501,0.14102934920509247,0.025072678327779572,0.02309706488768881,5.723766028489024,2.6343377636226175,5.151605783293477,5.937939636358024,9.396772490675465,0.0,0.0,6.739759572669787,4.31371564728184,4.497789275510766,11.71969963133106,5.689746146856303,0.0,0.0,5.679598139158844,3.0670651703729908,4.026964191320259,8.239157539261363,6.9519106362340795,6.966919548971197,12.31883201732663,14.983371400050144,0.0,0.0,8.83204675607335,7.3271660194654,10.09720753577412,10.009695092284549,14.231086668916628,0.0,0.0
0.0,3.7455995572291214,1.7444659136395764,4.002716934249919,0.14103541720198748,0.02507857996611934,0.02309555980187164,5.715315897445397,2.664742882500645,5.1791302076696475,5.932528461274013,9.308329305039486,0.0,0.0,6.750435083996979,4.304428532132921,4.5217524986642115,11.739580454346834,5.680792152886977,0.0,0.0,5.67124180133233,3.080525596463593,4.013177699937372,8.245820502753851,6.9517993105161615,6.9890806897465705,12.326243856912347,14.969910116758253,0.0,0.0,8.812325812892796,7.3452795163504785,10.088792969725203,10.009350546116702,14.235892240320954,0.0,0.0
0.0,3.7431542996854485,1.751751844164766,3.998894950411582,0.14104159497579571,0.02508496647743498,0.02309396050280958,5.707930626765219,2.6953964586234926,5.207680021977406,5.929728673115246,9.220299567949887,0.0,0.0,6.760683433039789,4.295450551955545,4.545493612825491,11.758688401008708,5.672357348735326,0.0,0.0,5.66282276455151,3.093872435297279,3.999341991520266,8.25237276791903,6.951850117928924,7.0112487197667415,12.333748927085068,14.956383367847256,0.0,0.0,8.792913583771444,7.363305764235973,10.080566825265263,10.009039693404144,14.241038510702044,0.0,0.0
7.105427357601002e-15,3.7408607441324637,1.759381978391829,3.994782152049732,0.14104783880461058,0.02509136555692775,0.023092479761037368,5.701254911089128,2.726172530217006,5.23722850785257,5.929341699007773,9.134015609225232,0.0,0.0,6.771287931600528,4.286643303693591,4.5687896211095165,11.777114268500139,5.664566090892929,0.0,0.0,5.654511096098045,3.10689553190182,3.985497901413323,8.258733790262422,6.952074698648779,7.033261829692925,12.341333547789066,14.942820071956257,0.0,0.0,8.773821520112614,7.381129465242881,10.072472022776042,10.00885910704423,14.246215376948019,0.0,0.0
0.0,3.7384774496312607,1.7672810387101061,3.990171753028856,0.14105314043450853,0.025097759198813102,0.02309041852167477,5.69576344981932,2.7572033925426283,5.267859389397016,5.9313330054977405,9.048447387535244,0.0,0.0,6.782568342525701,4.277033746508542,4.591890027897748,11.795469310401764,5.657594141265383,0.0,0.0,5.646051364113052,3.1200999531430176,3.971616156916676,8.26509043742494,6.9523828345950385,7.055154494519122,12.348675178463541,14.928739566682927,0.0,0.0,8.754124998216641,7.398772827569229,10.064163630679543,10.008539273473877,14.251395096738207,0.0,0.0
0.0,3.736040925274983,1.7752308522475737,3.9852018631317554,0.14105794178435987,0.025104824636829375,0.023088213123026318,5.690625420993293,2.7882084389863055,5.299613702763677,5.934063062841486,8.963781528145033,0.0,0.0,6.794406792258835,4.266502185095293,4.615352077690467,11.81385340320934,5.651074091770645,0.0,0.0,5.637563487584346,3.1332557898101148,3.9576404680472064,8.271386700910442,6.952788057884615,7.077096362710276,12.355851355925259,14.91451137701336,0.0,0.0,8.734071933684945,7.416404804893418,10.055796248168296,10.008234618490187,14.25670123583408,0.0,0.0
0.0,3.7336995104906014,1.7827714511983146,3.979891230156866,0.1410626233552744,0.02511262043550124,0.02308614669869841,5.68512156889035,2.8194861038893118,5.33285250717734,5.936256180213809,8.880087034854581,0.0,0.0,6.806599366012542,4.254883058584657,4.639503240960367,11.8322964912928,5.645445420406533,0.0,0.0,5.6289932381039876,3.1457017076476483,3.9435049189277875,8.277620196738647,6.953372010383441,7.099200149922813,12.36341742946749,14.90034356010408,0.0,0.0,8.714136195772463,7.434099628702684,10.047410527524583,10.008263660033812,14.262235807636074,0.0,0.0
0.0,3.7313538347182433,1.790672369203332,3.9744965707287645,0.141067224363485,0.025120448081861507,0.023084089028929597,5.680678891935116,2.851372388089767,5.3673066953428625,5.942241996574399,8.795375372002992,0.0,0.0,6.818363474418802,4.243504013690573,4.663550953063106,11.850004589373771,5.641326634443087,0.0,0.0,5.620366443817709,3.1580818227454093,3.9295472684779162,8.28384424134713,6.954083937426556,7.121497660539404,12.371581138117163,14.886014389228677,0.0,0.0,8.694465414176884,7.451617897841928,10.039376267221206,10.008471492184208,14.268020599714278,0.0,0.0
0.0,3.7291301225100293,1.7986919299464827,3.9687409044884374,0.14107144484364492,0.025129574102218354,0.023082066375223545,5.676862884704465,2.8829462327153035,5.403220005494404,5.9517918361764846,8.709554862241074,0.0,0.0,6.830283221103658,4.232326705482028,4.687436332655533,11.867035581702266,5.6385028207265195,0.0,0.0,5.611812677903013,3.1698333738065876,3.915559461819786,8.289777349622717,6.955072033198633,7.143849550351513,12.380042549121864,14.8714654686431,0.0,0.0,8.674856625327426,7.469129207134709,10.031393433351866,10.008869883905025,14.274174304757336,0.0,0.0
0.0,3.726869481677413,1.8070066342902948,3.962405751823601,0.1410758078567869,0.025139050267397156,0.02307972617641127,5.674466237489614,2.9138297867333707,5.439266391718491,5.964128514198136,8.621924261151586,0.0,0.0,6.842475941639648,4.220960564984105,4.710400805578927,11.882744174935087,5.63681406975457,0.0,0.0,5.603226935878421,3.1815635421340507,3.9016092057506593,8.295397184385545,6.956286319777375,7.165832030605931,12.388323567321168,14.856581584955826,0.0,0.0,8.655116116478828,7.486289845742553,10.023913077146183,10.009190377662229,14.28014276005813,0.0,0.0
0.0,3.724679043924863,1.8147846367485012,3.9557687152538024,0.14107959899467634,0.025149165433422247,0.023077240270874832,5.672222043386291,2.944461412877473,5.476865747325084,5.977000232807494,8.533852546393389,0.0,0.0,6.855317558674225,4.208280187057563,4.733686609486286,11.898017267252218,5.6361354173334295,0.0,0.0,5.594825215433642,3.192740256314679,3.887910337815021,8.300967521943964,6.957643813645549,7.187778904578378,12.396682294685775,14.841686412092361,0.0,0.0,8.635178240963793,7.503286829762414,10.016442597279534,10.009512636997629,14.286249629568644,0.0,0.0
0.0,3.722449071029426,1.82251123725553,3.948971412619728,0.1410830039693183,0.025159567062519036,0.02307463270297532,5.670402827795005,2.9754796861037036,5.515812242928634,5.991813034961919,8.444567321318628,0.0,0.0,6.868330716480409,4.195115038998849,4.757455192057163,11.913142846132672,5.636896363582494,0.0,0.0,5.586426456772599,3.2036716585097302,3.8744460233494338,8.306630162924417,6.959136177623247,7.209905823420124,12.405277349088763,14.826643362261574,0.0,0.0,8.615150784722847,7.52024809699419,10.008944970732433,10.009993593786087,14.292348939837403,0.0,0.0
0.0,3.7201511501833644,1.8301056379724203,3.9419490271592754,0.14108574059904783,0.025169438772721164,0.023071743517879148,5.669287673391154,3.0066789196836408,5.556102301639842,6.0098146223417235,8.354144648105512,0.0,0.0,6.881565951052448,4.1818151761464435,4.7808526657283235,11.928008605210842,5.638977950237341,0.0,0.0,5.577870993691322,3.214216330593599,3.8611039957856814,8.31243033346426,6.960826300929129,7.232076694309507,12.413823956950475,14.811251807384977,0.0,0.0,8.595007503042924,7.537061742898233,10.00129235397112,10.010501539524547,14.298587332563084,0.0,0.0
7.105427357601002e-15,3.717909418851107,1.8375737170596889,3.9348167125385745,0.14108832688256479,0.025179888451956896,0.023068802187922153,5.668523254234834,3.037721504205382,5.597461556940987,6.030860381564835,8.263052748660824,0.0,0.0,6.895082957140825,4.168235179255095,4.8041830264548375,11.94231456462231,5.642232543544021,0.0,0.0,5.569204823043816,3.2242171470065086,3.8479421852494444,8.318181198534383,6.9627317709375856,7.254331888936669,12.422786235116584,14.795583833461116,0.0,0.0,8.575007528918608,7.5537888650268155,9.993884525990293,10.011224008388409,14.304818053758114,0.0,0.0
0.0,3.7157654993174902,1.8446926882027206,3.927294074926169,0.141090957151182,0.02519216144260762,0.023065869873403862,5.668583860815116,3.0677631075468224,5.639154654796603,6.054731953538361,8.170153340779418,0.0,0.0,6.9082548236999,4.154846813925543,4.8267599234000675,11.95508908691179,5.646358224970175,0.0,0.0,5.560373862266507,3.2332337407872753,3.834837001504099,8.323484885306861,6.964875414897341,7.276317645641187,12.432182601098443,14.77989401056538,0.0,0.0,8.555327164858806,7.570200357857941,9.986897893320444,10.012063918587758,14.311560034758804,0.0,0.0
0.0,3.7135678412285174,1.8516102516034725,3.919220579199614,0.14109310213823598,0.02520541662026844,0.0230622986059365,5.669288602094031,3.0973880670236227,5.680983748951263,6.079601242268473,8.075904934435323,0.0,0.0,6.92197310883649,4.140658936908444,4.8495973560558205,11.9675188753241,5.651360330190224,0.0,0.0,5.551599440047615,3.241923335469203,3.8218036503959274,8.328660956101556,6.967152870061241,7.298274888813534,12.441459281905127,14.76372410288872,0.0,0.0,8.535259905443704,7.58659891696641,9.979841602356215,10.01300823012,14.318415488360793,0.0,0.0
0.0,3.711264349664962,1.8584651112831168,3.9109705175465153,0.14109502425658207,0.02521911850742394,0.023058497180293253,5.6705431310098176,3.1269379501567443,5.723440159947262,6.105389689289198,7.979864099425606,0.0,0.0,6.9358067375416566,4.126253105952845,4.872883001007944,11.979395599401538,5.656745453329965,0.0,0.0,5.542857326279131,3.2503390033815514,3.8091492816502117,8.333712652351377,6.96955730483846,7.320269939667454,12.450843061596293,14.7475348203239,0.0,0.0,8.515192670141289,7.602939404300967,9.972923781022457,10.013989023612204,14.3254931577165,0.0,0.0
7.105427357601002e-15,3.708742208801641,1.8655353907397845,3.902562116202115,0.14109679729569144,0.025232867988262096,0.023054476078370915,5.672643474364264,3.1566932744798124,5.766442351541386,6.133747879603984,7.885045052941304,0.0,0.0,6.94958429087715,4.111828500609962,4.896429887792879,11.991018998223126,5.6627178891076895,0.0,0.0,5.533936304351394,3.2588018160527263,3.796675620794427,8.338795326287563,6.972089749525457,7.342403466738806,12.460392148398105,14.731069515089628,0.0,0.0,8.495067898702555,7.619228175995817,9.96621963472679,10.015122144000294,14.33252045958407,0.0,0.0
7.105427357601002e-15,3.706334992554181,1.8724483701352006,3.8942474369608604,0.14109822297757516,0.025247046209943086,0.023050524228499895,5.675488962346819,3.18617038134752,5.810772487997011,6.164906808052282,7.7943738170123575,0.0,0.0,6.9634572650460855,4.097448002728843,4.91987216342763,12.001950549090653,5.669336807202505,0.0,0.0,5.525222590426406,3.266697799269396,3.7843683993507815,8.343842348425843,6.974838931302237,7.364642739287852,12.47003822547365,14.714459695925994,0.0,0.0,8.475156741900008,7.635378943808812,9.959687551658394,10.01627000170304,14.339553750497172,0.0,0.0
0.0,3.7039139543459916,1.8789004296830443,3.8858053308475,0.1410989283839021,0.025262626140348424,0.023046260936169106,5.678437299522134,3.2154137923876434,5.856060886502267,6.197338257253077,7.705466338431875,0.0,0.0,6.977275244240925,4.082101241114277,4.943682792478109,12.012363262156269,5.677082490280231,0.0,0.0,5.516216920585562,3.27405778516354,3.772417138131006,8.348947866150963,6.977794086656379,7.3870676651071046,12.480045996092212,14.697753379315301,0.0,0.0,8.454719296742729,7.651382525495836,9.952870869536907,10.017486294138516,14.346681547922831,0.0,0.0
0.0,3.701637985516573,1.884334154155923,3.877288859969984,0.14109949182281495,0.02528007759460679,0.023041660635736858,5.681284205557084,3.2432525257558016,5.90164822894114,6.229655580416243,7.617844764582539,0.0,0.0,6.991811133201646,4.0654340791249055,4.967197175209522,12.021579959294987,5.685227651058678,0.0,0.0,5.5071534611845925,3.28022864501851,3.7608178805723766,8.353834197042529,6.980984689791986,7.409223028881149,12.489799837104208,14.680909546848797,0.0,0.0,8.434222645111932,7.667089397837463,9.94612707347433,10.01870475879819,14.354002173539904,0.0,0.0
0.0,3.6993378357584725,1.8894182252057568,3.8686279808714352,0.14110009840934082,0.025298010611820528,0.023037014321626,5.683984833375647,3.27046047937042,5.947239569053634,6.262952286428569,7.529265097168707,0.0,0.0,7.006625703504746,4.048652643726439,4.990393865726671,12.029639783048003,5.693954248726097,0.0,0.0,5.497751947018359,3.285809214273556,3.7494185221656595,8.35853062912597,6.984296755414068,7.431150733925188,12.499748291183908,14.664274985513009,0.0,0.0,8.413923013724531,7.682502209921961,9.939596615038374,10.019980841801308,14.361449982246672,0.0,0.0
0.0,3.6968669893146333,1.8943297434611786,3.859894080447392,0.14110101836545694,0.025316045127207015,0.02303240422247821,5.6867819970623525,3.297439023610316,5.992889004219326,6.297314890487683,7.441599745764536,0.0,0.0,7.021388984930434,4.031862254532945,5.013595117295839,12.036781030942228,5.703346848727084,0.0,0.0,5.48813769590823,3.290831581921939,3.738275556302675,8.362954587126687,6.987798270578436,7.453017245711821,12.510099579119013,14.647503565273352,0.0,0.0,8.393961474161586,7.697778909012108,9.933566309888748,10.02150019931784,14.36887596158765,0.0,0.0
7.105427357601002e-15,3.6940952033674006,1.8994798124136036,3.850839145454837,0.14110168090631256,0.025333865763385505,0.023027485846130822,5.690435406011151,3.3247872350197314,6.038267130011979,6.3334661948596205,7.355589770856663,0.0,0.0,7.035758544815023,4.015000594229614,5.037104809901747,12.043718429729278,5.713400516820687,0.0,0.0,5.478138087290777,3.2960074228068796,3.727219167240735,8.367432155586192,6.991393142015788,7.475068094168599,12.520476500606648,14.630265170212851,0.0,0.0,8.373791714319212,7.713106738059449,9.927498390517355,10.023053796404339,14.376357045048113,0.0,0.0
0.0,3.6912349813492606,1.9040502780882715,3.8417507605404526,0.14110204601534704,0.025351866294667215,0.02302245179132898,5.694932535839663,3.3516058753747497,6.083707855779738,6.371719071944521,7.276713547777116,0.0,0.0,7.050062876572957,3.997600649344481,5.060647715257127,12.049478567993974,5.723736088964325,0.0,0.0,5.468079228147493,3.300429372404589,3.716522486524421,8.371936140578157,6.995216481619367,7.497212397583534,12.53103129144947,14.61256793424713,0.0,0.0,8.353525420790188,7.728234309334032,9.921797481881752,10.024635631815288,14.383707540879964,0.0,0.0
0.0,3.6882992543111173,1.9080359109821854,3.8324149070391393,0.14110260114499706,0.025371129808541188,0.023017250903472584,5.699719757152122,3.3775617273667202,6.128037692255488,6.411336509161537,7.198198895104615,0.0,0.0,7.064268980182507,3.979678117175811,5.083825647960748,12.053614885617192,5.734615541813458,0.0,0.0,5.4575417204859225,3.303856469570489,3.7060114104039794,8.376186808052756,6.999258850107927,7.519223699690609,12.541901529374023,14.59462008619564,0.0,0.0,8.333491561853675,7.743142935610502,9.916451601261288,10.026515757412334,14.39119703910799,0.0,0.0
0.0,3.6854307959735757,1.911147768599584,3.823031903960354,0.14110235674411842,0.025391117580986545,0.023011696782997533,5.7044557018665465,3.4022614725038367,6.173225417031176,6.451472935616537,7.121581941097344,0.0,0.0,7.078915529929527,3.9604167313490524,5.106797441625798,12.056682055183288,5.745925726025268,0.0,0.0,5.4470135875578505,3.3064660096099194,3.6957890195289798,8.3802887775762,7.003451431780123,7.54106998889481,12.552583506634049,14.576722706936986,0.0,0.0,8.31298836661899,7.757705542295853,9.911011835321126,10.028294366579237,14.398923708152584,0.0,0.0
0.0,3.6825710301787233,1.9141489635308677,3.8135761794023426,0.1411020772935508,0.025410526058880965,0.023006164012552212,5.709483421080325,3.426868284984235,6.218776900306641,6.49275644080505,7.044989822378596,0.0,0.0,7.093674243577417,3.9410005350905655,5.129445394330527,12.058804092860575,5.757374691064183,0.0,0.0,5.436260052667113,3.3087496972314208,3.685660305468585,8.384331021939873,7.007808830255098,7.562883390378569,12.563404715222507,14.55884247394596,0.0,0.0,8.292711618848243,7.772079004927963,9.905785653000496,10.030092765170263,14.406442483149172,0.0,0.0
7.105427357601002e-15,3.6796296558322625,1.9169213939722125,3.8041480742929332,0.14110172725210074,0.025430102999081362,0.02300068855700229,5.714726704999663,3.4513138529270493,6.264324646035157,6.534175998614109,6.97110748443344,0.0,0.0,7.108182852469084,3.9215872811153356,5.152257217547011,12.060361931851624,5.769466098877657,0.0,0.0,5.425597344954097,3.3106334629335965,3.6756696490015224,8.388212533053503,7.012303510230988,7.584705117161329,12.574268722936807,14.540768849786474,0.0,0.0,8.272640984114636,7.786390618015106,9.900803096873174,10.031875147175885,14.414138426137233,0.0,0.0
0.0,3.676607085827148,1.9195562994876032,3.794719342591341,0.14110110303178422,0.02545042818422817,0.022995069698121127,5.720443905273133,3.475445578022626,6.31069704737478,6.577828192293994,6.897836697215018,0.0,0.0,7.122521117981664,3.9018320146884484,5.175373444019594,12.061474068784461,5.782411674403145,0.0,0.0,5.414962113258437,3.3124596768248766,3.665806861397776,8.392001895798082,7.01686655076361,7.606477242400293,12.585481981671105,14.522591940493768,0.0,0.0,8.252220375104562,7.8005724206177725,9.896222046688562,10.033767950842357,14.421790051608992,0.0,0.0
0.0,3.673511637612606,1.921569961279916,3.7852993651457765,0.14110046236869578,0.02547143985197967,0.022989754231873997,5.725584020323278,3.4987795437148894,6.3566276251854585,6.621587499298988,6.830626363717757,0.0,0.0,7.136400564335228,3.8812562618039887,5.198522258278001,12.061675408117445,5.7968000082230695,0.0,0.0,5.404346981708277,3.3134703721938195,3.6562181632376958,8.395695665645691,7.02162141034457,7.628261966273068,12.596866062993104,14.504416254330042,0.0,0.0,8.231831149093853,7.814547562173812,9.89154448901414,10.035853902571555,14.429758639871139,0.0,0.0
0.0,3.6701934056104486,1.922980707792498,3.775439951057798,0.14109971222484421,0.025493381696009065,0.02298407864628786,5.730428990217134,3.521418820190507,6.402232335841197,6.66442913261833,6.764316231151114,0.0,0.0,7.150452984093955,3.859223459728744,5.22151819588916,12.060578608299352,5.812309876790372,0.0,0.0,5.393368822763418,3.3138183563892714,3.646824143994413,8.399212734322335,7.026530313435539,7.64993576949558,12.608218382944274,14.486208165169005,0.0,0.0,8.211123801951922,7.828362907236426,9.886849329614545,10.03811840746621,14.437692961161108,0.0,0.0
0.0,3.666745483617463,1.9225478659006288,3.765555117322167,0.14109892827556475,0.02551388618057037,0.022978174538997285,5.735586080251582,3.542286221011405,6.445533165432141,6.709577372869985,6.700617855998326,0.0,0.0,7.16393582225027,3.8366873390427245,5.243188036426258,12.056285338957702,5.8289072483013085,0.0,0.0,5.381749152887565,3.311878390434017,3.637756626879899,8.402609168182842,7.031892601787086,7.671395588476105,12.619388450971249,14.46779915122099,0.0,0.0,8.190691605690047,7.841625936114023,9.882259707914617,10.040269101007665,14.44564230717737,0.0,0.0
0.0,3.663148339774265,1.9219283637952942,3.755842367392693,0.14109819433894652,0.02553459250009781,0.02297236603847689,5.741401801326173,3.5630996124032346,6.488038047413085,6.756139849747017,6.639412389405172,0.0,0.0,7.176758274176282,3.8141010705174994,5.26468567883175,12.050929371214405,5.846223093713846,0.0,0.0,5.369776005715501,3.309568117106603,3.629102648216849,8.405877090329312,7.0373520041768165,7.692932026517588,12.630880360382639,14.449035467452722,0.0,0.0,8.170527481954426,7.854713206191683,9.878162228821333,10.04250907051115,14.453671207670984,0.0,0.0
0.0,3.6594837797105666,1.9211489451560233,3.74633448172676,0.1410973867053051,0.025554916806211483,0.022966770167069387,5.7475579878316925,3.583833536379432,6.530503179299508,6.804334220608845,6.581305999205103,0.0,0.0,7.189238145376267,3.7916449859395147,5.286271449235743,12.044989595787424,5.864043229637495,0.0,0.0,5.3576885039221995,3.306963367002384,3.620754708838071,8.409120213279952,7.042931378456881,7.714549582484126,12.642504370821971,14.43021683884266,0.0,0.0,8.150496884347639,7.867718367111591,9.87413731886661,10.044754770942106,14.461784583229253,0.0,0.0
0.0,3.6557812083214607,1.9200788406067903,3.736949529634287,0.141096777447349,0.02557674067829807,0.022961046107189707,5.753295224523549,3.6039420593853375,6.5732559449400245,6.852534644635889,6.524612693166822,0.0,0.0,7.2019254984271805,3.7684600605863956,5.308034528378124,12.03842163803708,5.8824981265083265,0.0,0.0,5.345583977889603,3.3041572417919927,3.6126281069225548,8.412188597847166,7.048512652664885,7.735810602521511,12.654369862063517,14.411444158616831,0.0,0.0,8.130039462363031,7.8804300672229886,9.870475307553926,10.047167333277642,14.469887556169223,0.0,0.0
7.105427357601002e-15,3.6518892042177447,1.9186528612843181,3.727817896415505,0.14109658548403448,0.025599208795929775,0.022955520876146787,5.758500884118043,3.6235302165445282,6.615194776400189,6.9018812561096485,6.4702826937384,0.0,0.0,7.213953906554095,3.745075364748095,5.3299013193748115,12.0311272003635,5.902424508404753,0.0,0.0,5.333251811133065,3.3007636001274374,3.6046767020345487,8.415122795259798,7.054280292809791,7.757044169533744,12.66656827679943,14.392832800763488,0.0,0.0,8.10965527296432,7.893015223102509,9.867030236959108,10.049814626183638,14.477986751811423,0.0,0.0
0.0,3.6479419456690683,1.9165970023539536,3.7187784203771654,0.14109630917327293,0.025622404104802605,0.022949754626687028,5.763577315959467,3.6426530461285207,6.654599115187999,6.949395608865772,6.420542388691191,0.0,0.0,7.225088049802725,3.721400893675833,5.351691806179959,12.02255383589519,5.923987182845051,0.0,0.0,5.320859400699699,3.296391835328255,3.5971868768531188,8.417664623543793,7.060261915755705,7.778313009544495,12.678798498609028,14.37415055988304,0.0,0.0,8.089515402341245,7.905450861025096,9.863678100610903,10.05256946252697,14.486198144989205,0.0,0.0
0.0,3.6440100594204248,1.9139606166243996,3.7097972862093704,0.1410959424460071,0.025645937478456445,0.02294399319360119,5.768748688180472,3.6613104244882773,6.693585084790285,6.9966714496996385,6.374468790175311,0.0,0.0,7.236076241205356,3.6968152395102183,5.373199278550667,12.012509045582284,5.947059809290934,0.0,0.0,5.308404595499549,3.291408663691949,3.5901049429301377,8.420056636923954,7.06637257933796,7.7995829230384395,12.69122085301083,14.355276812686114,0.0,0.0,8.069285617339114,7.917732221058689,9.860523950318079,10.055397016972565,14.49434509094553,0.0,0.0
0.0,3.639823451267185,1.9109600963536755,3.70064224610007,0.14109562779638135,0.025669765697551045,0.02293811334794949,5.773579416339956,3.679644222071605,6.731758630583274,7.042958271379766,6.330012457893451,0.0,0.0,7.246582321540641,3.6711218757254316,5.394143399757027,12.001026182872696,5.970915942581594,0.0,0.0,5.295362513886988,3.286100463319117,3.5833719131485173,8.422426682783518,7.072604644771688,7.820918278633448,12.703811797872499,14.336198781228394,0.0,0.0,8.048552189375217,7.929798776396224,9.857246509479305,10.058262710849423,14.502505175716351,0.0,0.0
0.0,3.6354074276238504,1.9063998741689476,3.691960895924986,0.14109539273869165,0.02569067854536962,0.022932508257528707,5.778491794649611,3.696204392889993,6.769228879547501,7.09165202080006,6.294684030689086,0.0,0.0,7.256684413576735,3.645382154496657,5.413656377489928,11.987019291525867,5.996147992137459,0.0,0.0,5.281768079640656,3.2790868276558136,3.577106493682284,8.42475934133366,7.079064650935148,7.8419286734099485,12.715938189438274,14.317048294794326,0.0,0.0,8.027970854008267,7.941142954427014,9.85430462291234,10.060930279410467,14.510641490384117,0.0,0.0
0.0,3.630961448008154,1.9018175060182525,3.6834500893717577,0.1410953462481167,0.02571190390224873,0.022926938527004607,5.7834355784843865,3.7127115810506193,6.806920606558046,7.141626576654784,6.264065980824829,0.0,0.0,7.266335802688338,3.619744326835401,5.43330408940569,11.972627654596526,6.02215449247353,0.0,0.0,5.268049144099868,3.271891997752018,3.5709662891169,8.427002285201661,7.085635616679724,7.86293828896257,12.728395926355535,14.298013198318747,0.0,0.0,8.00763451611047,7.9524303837721675,9.851610995801831,10.063732261295513,14.518826603889869,0.0,0.0
0.0,3.6265719426333987,1.896956964921568,3.67517760099908,0.1410954400344058,0.02573330561018405,0.022921245778224263,5.788269443901063,3.728850623002434,6.844882079780109,7.192202823201565,6.238324752543472,0.0,0.0,7.275808631020455,3.5940760229969326,5.452913108178355,11.957434261950128,6.049639718395195,0.0,0.0,5.254403344092767,3.264217527753318,3.5651282414741967,8.429013150583563,7.092317915510595,7.88379710572481,12.741145704654688,14.2789129574085,0.0,0.0,7.987780270237235,7.963608096539793,9.849634236123087,10.066763585241016,14.526856216531389,0.0,0.0
0.0,3.6220901054682604,1.8914531771525327,3.6669742790841755,0.1410958362648078,0.025755164658773064,0.022915247399040547,5.7930567090259055,3.7443236242950224,6.881697739431298,7.2427415410033005,6.213687304617888,0.0,0.0,7.284791857910669,3.5676361657458675,5.472088917420179,11.940034634634724,6.077732735369249,0.0,0.0,5.240385381594474,3.2557827144510214,3.5596456089612625,8.430842278225915,7.099211718942822,7.90450525267084,12.75390937116764,14.259868525189127,0.0,0.0,7.9678406196323674,7.974549931231612,9.847685962820888,10.069818077064394,14.534820536911031,0.0,0.0
0.0,3.61768337985267,1.8854042148401142,3.658877812315675,0.141096237595081,0.025777726414058583,0.022909187518835753,5.797991448107525,3.7592824053695444,6.916930082761489,7.291574346993508,6.190611543119015,0.0,0.0,7.29299858087095,3.540524916921083,5.49069295561493,11.920425155302391,6.106135367413667,0.0,0.0,5.226389807666568,3.2467311558930287,3.5545298065096596,8.432425797236883,7.10621069271967,7.92513066088954,12.766571730077143,14.240684206758186,0.0,0.0,7.947866146779611,7.985208211120103,9.84562110868286,10.072800497299678,14.542966225082443,0.0,0.0
0.0,3.613177135919414,1.8786907236054695,3.650930535557539,0.14109676083978248,0.02580019587602771,0.02290315334613806,5.802412754265721,3.7730864601769136,6.951021109010386,7.340271556430214,6.169777064623136,0.0,0.0,7.300539086180978,3.512756735025497,5.5083675045816065,11.898960852183462,6.135086331620283,0.0,0.0,5.211854809602039,3.236964265330482,3.5494620380974875,8.433996028053285,7.113282775928847,7.945504346555516,12.779413128497968,14.221697674565728,0.0,0.0,7.92766598123991,7.995289778002485,9.843880454375096,10.075824652148071,14.55114555101921,0.0,0.0
0.0,3.608217423360252,1.871361431616485,3.643460117649827,0.14109742172874157,0.025820612430513215,0.02289769116358522,5.806486572873794,3.786446570830839,6.984523527006993,7.389441047216083,6.158757347552184,0.0,0.0,7.307080633006858,3.485521874039658,5.525845279593468,11.87692363557782,6.165629729499686,0.0,0.0,5.1968793525725845,3.2263329272728014,3.5447867798943413,8.435452727404604,7.120471052786318,7.965905070046911,12.792265511707233,14.202468633622093,0.0,0.0,7.907763550156795,8.005278319757728,9.842462990514013,10.078862860463941,14.559355729232845,0.0,0.0
0.0,3.603151982990076,1.8637099719314023,3.6363682712746734,0.14109804829064754,0.025842070592487013,0.022891930454797874,5.8103450580616105,3.79919677524121,7.016507038318732,7.438837189874904,6.149547450975946,0.0,0.0,7.313046964378143,3.458099859676946,5.543436885297474,11.8544825691543,6.196611684179784,0.0,0.0,5.181849772299944,3.2153311692946356,3.5402816811631226,8.436718036923386,7.127734876813736,7.9861415826747555,12.805266145680738,14.183446689877329,0.0,0.0,7.8874786151403535,8.01514579882304,9.84118356246042,10.081986440050605,14.567636992314844,0.0,0.0
0.0,3.598061914738311,1.8556940251023981,3.629495745116396,0.14109905292993932,0.025864569766858553,0.022886151196689707,5.813715135759465,3.8116190691338643,7.046196266368408,7.486714358306437,6.141644261266084,0.0,0.0,7.318307870832883,3.4302397665465962,5.560266850983791,11.830092197648899,6.227221441152641,0.0,0.0,5.166485799654979,3.203716626933652,3.536421337507268,8.437697888358846,7.1351676349072095,8.006270092496651,12.818722248625289,14.164658163908697,0.0,0.0,7.867587204479415,8.024928150001779,9.840012659615013,10.08535830197277,14.575923092710521,0.0,0.0
7.105427357601002e-15,3.5927305669069303,1.8474140049338856,3.622710229295682,0.14109985301448857,0.02588726971067235,0.022880236459962875,5.817062234433572,3.823707432651386,7.0746804837117665,7.5342174553035335,6.136590020431825,0.0,0.0,7.322543638728218,3.402100471119297,5.576544679688305,11.804756833953423,6.2579634373150546,0.0,0.0,5.15087016213169,3.191737916999518,3.532843240068298,8.438464123350721,7.14262844358224,8.026418812403502,12.832257777607854,14.14571601175061,0.0,0.0,7.84778812242798,8.034575203300422,9.839098955664824,10.088724431116287,14.584116630417165,0.0,0.0
0.0,3.5874757664753743,1.8386925611680869,3.6160354212306536,0.14110067954528696,0.02590977461588999,0.02287432046962668,5.820187274351184,3.835035479249746,7.102646031755221,7.581225091675957,6.134577255554463,0.0,0.0,7.3264984265861,3.373617361974647,5.59207239778836,11.776996214149596,6.28876597481977,0.0,0.0,5.135106088640653,3.179251945333322,3.5298514770181426,8.439136427987817,7.15019220058146,8.046416870734433,12.845879818443855,14.126805993993628,0.0,0.0,7.82794808707986,8.043824088900612,9.8381855332761,10.092061483654826,14.592204067040312,0.0,0.0
0.0,3.581857332047351,1.8292130404021985,3.6094546487124872,0.1411014904964281,0.02593036104297659,0.022868438330980425,5.823159302814899,3.845523301296198,7.13042380705969,7.629528807309498,6.1403730493426405,0.0,0.0,7.329618448070213,3.34498931823771,5.607108363055913,11.747922503791088,6.319769310514378,0.0,0.0,5.118856421079879,3.1659185521422937,3.5269346010510696,8.439855400816848,7.157880026468865,8.066360813583088,12.859437822540789,14.107845856384559,0.0,0.0,7.808046404630328,8.052810396910921,9.837585286446343,10.095363919846138,14.600259794069164,0.0,0.0
7.105427357601002e-15,3.576212884055535,1.8191486025852903,3.603254810077983,0.14110244781583858,0.025950848062376172,0.022863260220659137,5.825874477575537,3.8551923069998857,7.1558540784097895,7.677773298717641,6.149516546111449,0.0,0.0,7.331873395349834,3.31647167433669,5.622060554608671,11.718343098014817,6.350964136432851,0.0,0.0,5.102597395611452,3.1519068435908086,3.5241664078544286,8.440561844815461,7.165712748122734,8.086195325062143,12.8731611521166,14.08920933471422,0.0,0.0,7.788357909791327,8.06158972905686,9.837357965399423,10.09870421682064,14.60839661011625,0.0,0.0
0.0,3.5708379840959554,1.808449114392193,3.597222226387636,0.1411034002745554,0.02597158774274282,0.022858167250889624,5.82853767603149,3.863889732150246,7.180135618813932,7.7264433017518765,6.159316880877424,0.0,0.0,7.333746949685745,3.2877075281361985,5.636818812589952,11.687067807235088,6.382157685530497,0.0,0.0,5.086708648180964,3.1372058915982532,3.521343592428427,8.44112676705676,7.173640805516763,8.10561329564561,12.88676250721143,14.07096643804359,0.0,0.0,7.768564255432057,8.070003280664185,9.837137967854922,10.101895019849128,14.616539885634774,0.0,0.0
7.105427357601002e-15,3.565286509779928,1.7973763449353934,3.591244940136654,0.14110452463923168,0.02599317464993503,0.022852929709475327,5.830936096026076,3.8720299212499674,7.203504431718307,7.774857882931106,6.170252136891068,0.0,0.0,7.3348343261314035,3.25859074012468,5.651061329864115,11.654407537821875,6.413237923893962,0.0,0.0,5.070451747122778,3.1220444750856386,3.51881558375686,8.441552991264473,7.1816808953995235,8.1248572028634,12.900559886850962,14.052921083217262,0.0,0.0,7.748530404290283,8.07824610941496,9.836875077823137,10.105181560127802,14.624722596569175,0.0,0.0
0.0,3.5595882260097795,1.7857604137782137,3.5853515457429834,0.1411059960988453,0.026014765529680312,0.02284748085019472,5.832714620891336,3.879142141274464,7.223682257268868,7.821249937911572,6.185766646673499,0.0,0.0,7.3344969274201155,3.22926931024361,5.66377237518861,11.618984556669643,6.443561980653019,0.0,0.0,5.053811142749328,3.106038887990405,3.5168684113273474,8.441534981906036,7.189840548478635,8.143964069198361,12.914619491855287,14.034814775999138,0.0,0.0,7.729020061162699,8.08622305196783,9.83673396748781,10.108701037522717,14.632739101335154,0.0,0.0
7.105427357601002e-15,3.553670467014539,1.7737697176565181,3.579301606126544,0.14110714323979331,0.026035915664801356,0.022841432577393846,5.834929763362354,3.8858269302138386,7.24374341722432,7.867575464381663,6.205010247736056,0.0,0.0,7.33381918569066,3.1996835810304973,5.675159494471055,11.581245183242647,6.473881183236244,0.0,0.0,5.036713384130345,3.0895703916730057,3.515420672024366,8.441468071288563,7.198016097331207,8.162994587763793,12.928465062853816,14.016234980012742,0.0,0.0,7.709040002264783,8.093784819358094,9.836785907447796,10.112073014411296,14.640601202014677,0.0,0.0
7.105427357601002e-15,3.5477563976665576,1.7616415283603961,3.573292222600673,0.14110873511063227,0.026057588915379584,0.022835378032162457,5.8368283503116976,3.89209378511048,7.264110162857468,7.914990534474556,6.2259123188557375,0.0,0.0,7.332540368983261,3.170039650889034,5.686614678211584,11.54205676689873,6.50416898245397,0.0,0.0,5.019641068800271,3.0729322149377234,3.514064914403131,8.441484601630334,7.206211049025854,8.181947734573143,12.942628822715637,13.997842445482314,0.0,0.0,7.689056062579649,8.101181320448514,9.83683716739727,10.115578035340564,14.648452749253767,0.0,0.0
0.0,3.5415989155897476,1.7488352798976636,3.5675009937827045,0.14111033449239463,0.02607843607014101,0.02282964448108859,5.838682046398335,3.8975092891367655,7.283301444295748,7.9630418084248555,6.247547999384995,0.0,0.0,7.3300861147849865,3.1402709983493056,5.69796568128394,11.502201983734906,6.533101218448381,0.0,0.0,5.002378537458108,3.05558905499947,3.512672393262902,8.441369658566607,7.214554574540823,8.200705479142815,12.956904444488229,13.979764391683002,0.0,0.0,7.669319195922906,8.108429723980155,9.837516047204328,10.119015625172825,14.656388675888056,0.0,0.0
7.105427357601002e-15,3.535333135826519,1.735198674427379,3.561903287662298,0.14111193656147542,0.026097589256640085,0.022824119417927023,5.840095630369029,3.901956206516795,7.3000415727285315,8.010478341273252,6.2752106999026624,0.0,0.0,7.3264970311190725,3.110741564173143,5.7088351407177536,11.46188765283505,6.561859168628285,0.0,0.0,4.985065791755098,3.0371631746794296,3.5113666506079846,8.440935069334193,7.223045941518748,8.219300196125511,12.971177021022758,13.961958462100998,0.0,0.0,7.650053454747958,8.115466790174967,9.838480086405397,10.1224360446824,14.664369846598994,0.0,0.0
0.0,3.5292902035060685,1.7211847107010072,3.5563001748928476,0.14111349857227526,0.02611694450298529,0.022818783049246987,5.8413300640084875,3.9055464195608645,7.315768080602671,8.057224622599723,6.305826963383429,0.0,0.0,7.3225139529930185,3.0813048431414156,5.7186976647779515,11.42021371562128,6.590546899371801,0.0,0.0,4.968023726284861,3.0182229586289435,3.5102929574583777,8.44023124906151,7.231531834002254,8.237505273328871,12.985339094706482,13.944588136905685,0.0,0.0,7.630831040571173,8.122098777774655,9.839616887536156,10.125836443138839,14.67227584376346,0.0,0.0
7.105427357601002e-15,3.522992886645652,1.7067510778750796,3.550760726666783,0.14111543218075523,0.026137526082221384,0.022813311028694633,5.842484690068116,3.9084652414492425,7.3299487900874,8.10367679242155,6.33499105001196,0.0,0.0,7.3173591393713755,3.0514784420889547,5.727884266528345,11.376578248009604,6.619280262273575,0.0,0.0,4.950629524675119,2.9987494884574817,3.509416821038467,8.43939890748922,7.240007996331588,8.255528372006735,12.9996946268524,13.92739785074404,0.0,0.0,7.611221878075519,8.12849656059469,9.840931667204538,10.129322045716684,14.68025983020479,0.0,0.0
7.105427357601002e-15,3.516613758940399,1.6920942011791265,3.545214352182818,0.14111773106481354,0.026158557476499606,0.02280781976293536,5.843044179593492,3.911069311225422,7.343814916944501,8.149614730870079,6.364294114890761,0.0,0.0,7.311519518172215,3.0215439750103275,5.7359040365879475,11.330322191697904,6.648448600327637,0.0,0.0,4.932882758253285,2.9789167332547475,3.509030928402956,8.438486855074409,7.248556003326227,8.273487860168963,13.014400909669396,13.910116422979815,0.0,0.0,7.591741797256536,8.13474882925859,9.842201729074256,10.133006205913771,14.688192784798778,0.0,0.0
7.105427357601002e-15,3.5099200434651903,1.676824070642952,3.539800397176499,0.1411201410122491,0.026177916192816286,0.02280257055125381,5.843793454755264,3.913034830482034,7.357253176075297,8.196952359783207,6.392958846474589,0.0,0.0,7.3046260217625205,2.9914964845826506,5.743603350365064,11.281984941480584,6.676782524147988,0.0,0.0,4.914645219542806,2.9584061539456883,3.508766487842406,8.437613250911514,7.257229442618783,8.291380753291637,13.029092943250491,13.892834574171454,0.0,0.0,7.5724595676936595,8.14066612801143,9.84379871512059,10.13651791227489,14.69604537663369,0.0,0.0
7.105427357601002e-15,3.503178494703596,1.6612113297471813,3.534639289629545,0.14112256240583762,0.02619770097450565,0.022797435202374792,5.844315416007926,3.9145879260722043,7.368508961212002,8.243175278968748,6.418649042748347,0.0,0.0,7.2965631074339985,2.9615735571175,5.75107750156139,11.232511541033535,6.705671922617744,0.0,0.0,4.896611352671242,2.937463416477065,3.508747099832848,8.436552000836748,7.2658822558367575,8.30916290582225,13.043602847896992,13.875562382347185,0.0,0.0,7.553351937442497,8.146436864053141,9.845359340307215,10.139886491834432,14.703895081976423,0.0,0.0
0.0,3.49654693259713,1.6452885818754088,3.5295731546263,0.1411251501623263,0.026217455943044955,0.022792171470089103,5.844411076366188,3.915281497030068,7.378308557557196,8.288630761520771,6.44297679165595,0.0,0.0,7.287578264534068,2.9319650793478385,5.758065699308884,11.182369594647412,6.735465153081083,0.0,0.0,4.878881579849698,2.9160815031088276,3.508742430285333,8.435072616469148,7.274527858088541,8.326631391242948,13.058051762377746,13.858782228345254,0.0,0.0,7.53435985223957,8.152037866017507,9.847020817424207,10.143259233965566,14.71174207990849,0.0,0.0
7.105427357601002e-15,3.4899593820578003,1.6290719902227402,3.524818976484262,0.14112832910425635,0.026238984151893876,0.022786641234506654,5.8436855406821095,3.9150077300780493,7.384142810189733,8.331576980294985,6.459396070587017,0.0,0.0,7.277120099149294,2.902583856124445,5.763966415935321,11.130468590199824,6.766493494519925,0.0,0.0,4.861289174833343,2.8942224684129907,3.509103735584793,8.433263928613671,7.283048511201201,8.343686865072467,13.07275340935797,13.842284368582954,0.0,0.0,7.515707730519777,8.157418208045849,9.848944308086441,10.146879797699489,14.719680430470214,0.0,0.0
7.105427357601002e-15,3.48317230892034,1.6126129670702816,3.5201506138528367,0.14113207802580918,0.026262209545184385,0.02278105869569953,5.842053927311184,3.9137902316849864,7.388741677958685,8.373471700778072,6.473296779548927,0.0,0.0,7.265499633989949,2.8731899298844814,5.767084852612542,11.074526809081197,6.79738274518227,0.0,0.0,4.843000536028153,2.8719587796424997,3.5100750070273774,8.431163985057028,7.291564024208462,8.360275215885064,13.088213526500907,13.826198899075903,0.0,0.0,7.4967649370955,8.162482072522051,9.851079309284916,10.150662986712941,14.727430769273317,0.0,0.0
0.0,3.4760505170882414,1.5958110861226418,3.515654006140516,0.1411362415951215,0.02628460739549639,0.02277558697205924,5.84023043245364,3.912031045292263,7.393453777053731,8.416458613558502,6.486671554137229,0.0,0.0,7.252918776697899,2.8436775025482572,5.769703556750486,11.01673278027838,6.82824183904035,0.0,0.0,4.824161738803549,2.849252543758916,3.5112417289024633,8.429148680130956,7.300224028606585,8.376706500415443,13.103958908241488,13.810408835546426,0.0,0.0,7.477850542676119,8.167247084813402,9.853480315744463,10.154447814538106,14.735140732144092,0.0,0.0
7.105427357601002e-15,3.468841596196985,1.5788905669000417,3.511345017987183,0.14114051211221748,0.026306775720005976,0.022770136826285033,5.83863075178171,3.910215525685601,7.398839695581798,8.460207300564631,6.500546495060231,0.0,0.0,7.2402004872806405,2.814581421614787,5.772461099450287,10.958196326497886,6.859383220735029,0.0,0.0,4.805317106067533,2.8262821961395312,3.5126533566274043,8.427144748406924,7.3089508210537035,8.393156707175322,13.119585079358355,13.794483968035516,0.0,0.0,7.458995400384609,8.171885216044837,9.855862547280028,10.15820903700207,14.742842221884585,0.0,0.0
0.0,3.461458533461595,1.5612630377343506,3.507320202318152,0.14114460267692416,0.02632686438266191,0.022764567938049384,5.8372686415937665,3.9079379217653054,7.40325954699898,8.503350237426044,6.515453737474779,0.0,0.0,7.2263562581742065,2.78587615174441,5.775143314786735,10.898835026179064,6.89258022767019,0.0,0.0,4.786838981110906,2.802377326269143,3.5142281424065938,8.424984145107455,7.317756725098137,8.409531630327631,13.134407283749816,13.77849426838934,0.0,0.0,7.440664282972253,8.176273058844677,9.858478870915965,10.161631716632469,14.750475854290377,0.0,0.0
7.105427357601002e-15,3.454202179589483,1.5436496638455481,3.5034611932667747,0.1411486642323314,0.02634678225537257,0.022759113469798278,5.835918239054097,3.9055541042691675,7.407898550776113,8.54641785500037,6.5310085441353225,0.0,0.0,7.212275884153146,2.757474165983146,5.778111133407811,10.839670801680766,6.926346260696744,0.0,0.0,4.768751957827887,2.7784054633283537,3.515787894652079,8.422740447954288,7.326545941228308,8.425730727904641,13.149062698909196,13.762753310340761,0.0,0.0,7.422249856878014,8.180505508959174,9.861141343642137,10.16493098021528,14.758135258846396,0.0,0.0
0.0,3.446837409236329,1.5261173129135979,3.4996543494238703,0.14115297757986692,0.026367173111018025,0.022753742133408493,5.834796245966746,3.902539162160929,7.411273994613096,8.58903770263977,6.543452575773386,0.0,0.0,7.197229217023148,2.729786630294004,5.781338368700205,10.781022264102914,6.9607427262992045,0.0,0.0,4.750691250843227,2.7542667698401933,3.517329272071085,8.420072995024576,7.335258047212508,8.441524553281036,13.163653565605825,13.747504642201493,0.0,0.0,7.403966797486812,8.18462495505943,9.864225513870444,10.168195204906093,14.765969314252313,0.0,0.0
0.0,3.439130475500408,1.5083598733802213,3.4962542627063598,0.14115742728497724,0.02638765042683491,0.022748158576151426,5.833236472813895,3.8987637560226682,7.4129915863313105,8.631177941944502,6.555357166401411,0.0,0.0,7.180898222378974,2.7024181218176313,5.783006319161642,10.720588091683188,6.995503092126113,0.0,0.0,4.731945732682028,2.72976341437149,3.519324212532573,8.417288385676631,7.343882713779993,8.457083761678865,13.17839731949386,13.732189635343433,0.0,0.0,7.385543258040361,8.188466793710726,9.867591190112575,10.171413944549275,14.773741810919727,0.0,0.0
7.105427357601002e-15,3.4315262542864406,1.490568835794268,3.4929246345391385,0.14116286561818264,0.02640914264095474,0.022742085952941457,5.831011597207363,3.8943877426162383,7.413352364623143,8.672099519977888,6.564741261911975,0.0,0.0,7.1630922739033664,2.6753992982493258,5.783159846971099,10.655338485377026,7.030416174225072,0.0,0.0,4.71318274176876,2.7052294343851524,3.521781241903403,8.414391896838058,7.3524684489762455,8.472313574573183,13.193689016941935,13.717350983596107,0.0,0.0,7.367378156716303,8.192089214832261,9.870851917521453,10.174698100771451,14.781449037681918,0.0,0.0
0.0,3.4239654626404334,1.4723170893814057,3.4898417751819575,0.14116879453696324,0.02642972705361383,0.022736200536819937,5.828200981559573,3.8891584696702153,7.412787426747963,8.712038590272282,6.574373702526187,0.0,0.0,7.14417900507513,2.6487783009984236,5.781169008450711,10.587334977117534,7.065368499348546,0.0,0.0,4.694277563326689,2.6800610663185167,3.5246541246087975,8.411321529268234,7.361180576418969,8.487242092488682,13.209274637093928,13.702785240188433,0.0,0.0,7.3495440565139445,8.195438142133998,9.874187438928178,10.178060282734782,14.78890316704665,0.0,0.0
7.105427357601002e-15,3.416426134091537,1.4540273347668653,3.4869818835457513,0.14117471768959194,0.026450037550381816,0.02273037754381114,5.825519443028085,3.8837994452933904,7.411860981923022,8.751365210795075,6.581321647080404,0.0,0.0,7.124229177815332,2.6228817822746526,5.778254426857754,10.516749106294052,7.100643663512681,0.0,0.0,4.67546715013188,2.6545931401011535,3.5278673970193823,8.408094109315183,7.369869536565014,8.502053492796378,13.224823621969827,13.688195168240911,0.0,0.0,7.331953774482775,8.198469425020265,9.87748931334098,10.18129984786925,14.79622049563478,0.0,0.0
0.0,3.408999930291272,1.4358206297230063,3.4840316695014657,0.14118105287241386,0.02647067777205619,0.022724567060675747,5.823100397125851,3.8779335676773647,7.411221853447444,8.790481280840206,6.58689343869356,0.0,0.0,7.103852887519746,2.5976193343564797,5.775626559085403,10.44692769859368,7.135925380784538,0.0,0.0,4.656941982661048,2.628928980168911,3.531052126203249,8.404456760946584,7.378476138808108,8.516432817763867,13.240241679949985,13.674287605974502,0.0,0.0,7.314426845800088,8.201468166077714,9.881174906714525,10.18455710830946,14.803691223910942,0.0,0.0
0.0,3.4015911635708775,1.4175185044347418,3.481037356522657,0.14118778627653253,0.02649103954036521,0.022718720887241656,5.820499366562086,3.8710168927763604,7.4096791236163275,8.829665150542343,6.593057696276066,0.0,0.0,7.0826190718295425,2.5722801636740824,5.7732441190573525,10.378301234680585,7.169153618163923,0.0,0.0,4.638539944776456,2.6031314746343637,3.5339447002366016,8.40079459097267,7.3870078194557784,8.530399968092864,13.255654799127779,13.66126931573037,0.0,0.0,7.296758449401143,8.204191822482628,9.885057238561544,10.187861719029963,14.811316508091599,0.0,0.0
0.0,3.394006160953313,1.399206911740174,3.4783141317873936,0.14119461051028956,0.026511157444326305,0.022713166766345855,5.81805074757872,3.8637653064020596,7.407842471307532,8.86865793866025,6.599085099569756,0.0,0.0,7.060745657403969,2.5473629393231274,5.771218479200138,10.310487310643712,7.202122934878015,0.0,0.0,4.620093399808945,2.5771500771672318,3.536850749417695,8.39709271904555,7.395539289917966,8.544197749284162,13.271064832243813,13.648547741271818,0.0,0.0,7.279061248917285,8.206900363616972,9.889210675600843,10.191094143409241,14.819004674551026,0.0,0.0
0.0,3.386447362434706,1.381112036317683,3.4758741334197127,0.14120146119421975,0.026531953722517407,0.022707775349638828,5.815461812571511,3.8563448892003853,7.405861256916848,8.907137389197382,6.6044560362429685,0.0,0.0,7.038162658780746,2.523407628573675,5.767536861975149,10.24107931375794,7.234774846183773,0.0,0.0,4.601488981176015,2.5511689442087486,3.5401695164830005,8.393304632627343,7.404046615493226,8.557823447293673,13.28679235251499,13.63583008343309,0.0,0.0,7.261371924803042,8.20952498595355,9.893450486568632,10.194336771430091,14.826470523163366,0.0,0.0
0.0,3.379004994205832,1.3629682711850846,3.4736977223598675,0.14120805909215228,0.026550827618820442,0.022702512389737486,5.8129642156015215,3.848894872760056,7.403956288877123,8.944663265422967,6.6113174639791845,0.0,0.0,7.015034511433744,2.5007039011947665,5.762218218096234,10.168807673895975,7.267969678048495,0.0,0.0,4.583095432327766,2.5247445831343764,3.5440321139056743,8.389317946810216,7.412563767802203,8.571413229471776,13.302190337108154,13.622994677191594,0.0,0.0,7.244161933893093,8.211814080559092,9.8977735963279,10.197356007483055,14.833452634866733,0.0,0.0
0.0,3.371932466038153,1.3452080712234076,3.4714142272338875,0.14121491008632153,0.02657082299326783,0.022697163564173707,5.810084369761291,3.841429551148451,7.402144350962585,8.981536060617307,6.617907046733328,0.0,0.0,6.991548865064149,2.4790559140871573,5.754127470235182,10.092776066242301,7.301249424309074,0.0,0.0,4.564938362548619,2.498427960091266,3.5481650838604595,8.38522978942497,7.4210387018502955,8.584675871850585,13.317879494923476,13.610633992598068,0.0,0.0,7.2269703391157,8.213978619625555,9.902153253600027,10.200309084702633,14.84033419010896,0.0,0.0
0.0,3.3651081567714916,1.3275063367510278,3.4689262626853146,0.14122194021496337,0.026592343903127168,0.022691963645322315,5.807198632349234,3.833369075474639,7.3994129298779034,9.017892487858035,6.624355936350343,0.0,0.0,6.967253058563892,2.458052317839499,5.745795165081653,10.015362918618655,7.334484278097434,0.0,0.0,4.547207168118076,2.471893412150871,3.5520685018287868,8.38102687897607,7.4293410889014755,8.597696142905779,13.333448714520511,13.598727995325602,0.0,0.0,7.209904192243843,8.215922623885476,9.90641411436557,10.203124926428295,14.84739871321989,0.0,0.0
0.0,3.3581812529860633,1.3098279248174483,3.4665413741141147,0.14122940446244636,0.026613788225276446,0.02268679859511127,5.804565222336412,3.8246660588757924,7.395987121857916,9.054787313209765,6.630596433041972,0.0,0.0,6.942064251468553,2.4372446722157255,5.737773019120898,9.937338131854318,7.365988197667625,0.0,0.0,4.529371094876512,2.445323808756871,3.5558089907198513,8.376925583144727,7.437618655484629,8.61051327749814,13.34946452282211,13.587316750536585,0.0,0.0,7.192745848163969,8.21772908331059,9.910746932636755,10.206008758302232,14.854459067081784,0.0,0.0
0.0,3.351282494458372,1.2922497387409866,3.464237341453823,0.14123716128251848,0.026634542672300917,0.0226807134998938,5.802551911196659,3.8156299869334145,7.392753425303153,9.091790436786697,6.6320645307302435,0.0,0.0,6.916263866725193,2.416895949943261,5.7302628988697775,9.85998735930121,7.395512650665184,0.0,0.0,4.511821916283078,2.418557389476796,3.5594613584677566,8.37268236815178,7.4458532161079525,8.62314728898023,13.365371220299526,13.576029476897833,0.0,0.0,7.1760450804812965,8.219448711939123,9.915318941103084,10.20881000034927,14.861552442305772,0.0,0.0
0.0,3.344728057896492,1.274809796003443,3.4621606054620013,0.14124530855280404,0.026654961479750213,0.022674446687339356,5.800706279116344,3.8061387322419553,7.3890033018958,9.128277351178026,6.633078609966692,0.0,0.0,6.889980255612197,2.3973141904627737,5.723059267191511,9.782086804524937,7.4243914602008205,0.0,0.0,4.494845786309407,2.3917008683287078,3.5630880472226685,8.36828793725483,7.453989822559554,8.635287501088106,13.381002543203975,13.565207149431071,0.0,0.0,7.159200869100234,8.220987745014938,9.919978479894052,10.211512261574123,14.868711643644849,0.0,0.0
0.0,3.3384176582108855,1.2577366125403335,3.4602314918267525,0.14125338316929273,0.02667463848642531,0.022668489922931277,5.799119864963106,3.7965808818491142,7.384772242168399,9.164174083311782,6.635273367268105,0.0,0.0,6.863490772519425,2.378711446300424,5.716367070457877,9.705509765620329,7.452319013574846,0.0,0.0,4.478300463902743,2.3648332169788575,3.5666021230191842,8.363684907089542,7.46204293312666,8.647133643971472,13.396223987342244,13.554771658722157,0.0,0.0,7.142528077796778,8.2225600006774,9.925064370409169,10.21397441675112,14.875965141721618,0.0,0.0
0.0,3.332342478327072,1.241113166541112,3.458403899878473,0.141261266725038,0.02669362912324243,0.0226625507809408,5.797576406073397,3.7870977745219285,7.380964405598456,9.199853484391577,6.636712046734906,0.0,0.0,6.836815914682757,2.3613409719162766,5.707831357605926,9.62775744763945,7.480909448237234,0.0,0.0,4.46208211319105,2.3380377411841713,3.5702889047825486,8.359000939262156,7.470114237652692,8.658904095548086,13.411434323123265,13.544451912621653,0.0,0.0,7.126163926024654,8.22398210192112,9.930210499297681,10.216222681874724,14.883007001253146,0.0,0.0
0.0,3.326349930192506,1.2245290007793947,3.4568287090180734,0.14126909128836068,0.026713090311384746,0.022656699213410795,5.796217169078517,3.7767520756432105,7.376096866149379,9.235268623777392,6.638003311449652,0.0,0.0,6.809511437491585,2.345085153046622,5.696766587388225,9.54809134037937,7.5093604147157285,0.0,0.0,4.4461731433314995,2.310979575448623,3.574283504630212,8.354318698440728,7.478180704247773,8.67046347370842,13.427108246915681,13.53442260951414,0.0,0.0,7.109916319575708,8.225028838757426,9.935133745853323,10.218403758942683,14.889876356473913,0.0,0.0
0.0,3.3205610391544673,1.2081259517663756,3.455492820323918,0.14127695389446912,0.02673372885707679,0.022650804202831352,5.794952022167758,3.765872553593471,7.37085988518633,9.27040312757671,6.638615648895292,0.0,0.0,6.7820430090020265,2.330328848683845,5.683099300912423,9.466794763602731,7.538350278111059,0.0,0.0,4.4303500351604646,2.283656832776523,3.5786570166297307,8.349447210525202,7.4861459615620145,8.681857591886912,13.44298459220422,13.524665226361218,0.0,0.0,7.093705547179419,8.226064184695556,9.94020095370293,10.22051130579551,14.89628569417924,0.0,0.0
0.0,3.315371973092407,1.1921432603229296,3.454132729602489,0.1412865045237754,0.026755993043286953,0.022644378110756286,5.793463199117123,3.754226581642759,7.364559151857632,9.304228147149132,6.637203962704028,0.0,0.0,6.753371947026475,2.3163162063671496,5.669416045631034,9.382831379189778,7.566088373506019,0.0,0.0,4.415393810221405,2.2566296644483606,3.5829625347454743,8.344322094382603,7.49377596531158,8.692468409756408,13.459066929956709,13.516380469535783,0.0,0.0,7.0781991901387205,8.227181526063061,9.945589015194102,10.222796157578385,14.902714501658831,0.0,0.0
0.0,3.310479946496075,1.1766088976077398,3.4528237793987513,0.14129643537020076,0.026777919871699734,0.0226381087339007,5.792184950603944,3.742510971657132,7.357554652121427,9.337274912517431,6.634925735634951,0.0,0.0,6.724445867695869,2.3028321495489594,5.656490647895059,9.300102309656628,7.592807102237589,0.0,0.0,4.401022084186412,2.2297372790098753,3.587141614334489,8.338999545527287,7.501278951227542,8.70259888896813,13.474828526340056,13.508913229433242,0.0,0.0,7.062771528720962,8.228328024566999,9.95124746510193,10.22487741486094,14.90914776149228,0.0,0.0
0.0,3.305887066621162,1.1617512265033871,3.45154006865526,0.14130681737016879,0.026799389984252082,0.022631783822039144,5.791172855943228,3.731092308928152,7.351121794990263,9.370416047356455,6.631323541799785,0.0,0.0,6.695152586460506,2.2900049629890122,5.644006322786777,9.216672638748074,7.619487154815888,0.0,0.0,4.387098310943545,2.2032799878782345,3.5913599635883044,8.333587005640403,7.5087286600846435,8.712476453362786,13.490737281970699,13.50177102075406,0.0,0.0,7.047681868358757,8.22937389188512,9.956960691286056,10.226940404675,14.91559364853964,0.0,0.0
7.105427357601002e-15,3.3014030270131114,1.1471053398776052,3.4503991146272464,0.14131730298136827,0.026820784467980387,0.02262568946440345,5.790886585048017,3.7192499456063395,7.345143675596763,9.403883182417243,6.625462694825669,0.0,0.0,6.665762493584384,2.2778060898639176,5.632160680091946,9.134064317342341,7.645921122543968,0.0,0.0,4.373447327738174,2.176674059901431,3.5956108511430718,8.328014994249035,7.51609981272201,8.722138281781739,13.506678002038772,13.494448975392816,0.0,0.0,7.032489702170092,8.230186428908128,9.962549690258712,10.228933640194525,14.922089398297379,0.0,0.0
7.105427357601002e-15,3.297180200276809,1.132877262816186,3.4494800698523758,0.14132758901800838,0.026842325497436408,0.022619794265301578,5.791038452675553,3.7071857555760923,7.3388126438405745,9.437286381904187,6.619599016066645,0.0,0.0,6.636814575148527,2.2663487691761413,5.620595698339845,9.052082481710771,7.672013232749314,0.0,0.0,4.36016178414168,2.1501352385125094,3.5997748133289096,8.32256033347686,7.523462266187758,8.73171976880204,13.522471566064574,13.487123011945886,0.0,0.0,7.016912683195175,8.230861464461652,9.967989225040743,10.230745823861941,14.928603186100919,0.0,0.0
7.105427357601002e-15,3.293073948264974,1.1188585504127546,3.4484420811263603,0.14133744199485082,0.02686633293600878,0.022614184367420416,5.790628924979507,3.694291664418734,7.330724064366613,9.469279416330053,6.6124218515140685,0.0,0.0,6.6074679863026065,2.2565450064166597,5.606500364426906,8.969416617684377,7.698755538755429,0.0,0.0,4.347156008689807,2.123254005369819,3.603665249513816,8.317011955565455,7.530574113046775,8.741173904004324,13.538066226161103,13.480448613344546,0.0,0.0,7.000994915148095,8.231390659190115,9.973468439517454,10.232304785216295,14.934311642668362,0.0,0.0
7.105427357601002e-15,3.2892077149570462,1.1056024270629239,3.447581330398424,0.1413474060969315,0.02688857816267996,0.022608579026042464,5.790197161133386,3.681344128019118,7.322204559502679,9.499640786019235,6.609418347160796,0.0,0.0,6.578051974388435,2.247614187647875,5.592193835537415,8.887786391225777,7.726943888347936,0.0,0.0,4.3345879295549326,2.096851016442444,3.607603512122743,8.31124637315258,7.5375929398174755,8.750368459725431,13.553431717831552,13.474394014198884,0.0,0.0,6.985936146545349,8.231953641196851,9.979262903579913,10.233812743749386,14.939981539719437,0.0,0.0
0.0,3.2856103967034604,1.093027495680429,3.4468487058729136,0.14135767790224982,0.026911216759720327,0.022602886998310867,5.789827168352443,3.6684388655870888,7.3131913855000885,9.529762527094212,6.60581638813021,0.0,0.0,6.548244677263464,2.239881990219409,5.575980972394679,8.803860801374269,7.755381043193055,0.0,0.0,4.322356558088226,2.0708087466089533,3.6117193407461436,8.30555893825257,7.544568744727188,8.759287730533087,13.569222122309034,13.468768601015654,0.0,0.0,6.971009177266874,8.232460389867834,9.985139072556318,10.235299003987073,14.945378725848176,0.0,0.0
7.105427357601002e-15,3.2821301152617806,1.0812728750392442,3.4462667371192697,0.14136814962062175,0.026932467957598967,0.02259719601847865,5.789902322024109,3.6558061896353418,7.304221117864644,9.55978277329985,6.600470559416532,0.0,0.0,6.517983332270222,2.232900204941229,5.559986976472074,8.721287056893727,7.784494964764561,0.0,0.0,4.310715089478635,2.0452890728705717,3.6157708095960515,8.299877983817298,7.551481278537701,8.767955002394007,13.585001084029757,13.463403851473448,0.0,0.0,6.956575400703877,8.232891520427188,9.991197431983261,10.2366731792407,14.950650382366506,0.0,0.0
0.0,3.2790818248435105,1.0703353291892268,3.445746531214897,0.14137884272879905,0.026954188387334963,0.022591095636047012,5.789639826163001,3.6434426602161767,7.294518049472615,9.589095862139981,6.594344062099941,0.0,0.0,6.487389773297417,2.2272199732157745,5.542331360918103,8.636723488851036,7.8135480280233995,0.0,0.0,4.299639450217898,2.020296515310211,3.6199313788050738,8.294064453910813,7.558248404875992,8.776135808316495,13.600888959595455,13.458609194828675,0.0,0.0,6.942408684227396,8.233415080240748,9.997323577028807,10.237895463141388,14.955788467260193,0.0,0.0
7.105427357601002e-15,3.2761793787585147,1.0601704512395993,3.445326339706682,0.14138960841787393,0.026975249080521554,0.02258480010194923,5.7896161678618006,3.63107866948155,7.2834741600708695,9.617936617478643,6.586286826352385,0.0,0.0,6.456740409910079,2.222133013251692,5.525558293060611,8.55400910996293,7.841684007624645,0.0,0.0,4.2889996101817625,1.9958352294154567,3.623899260724015,8.288106595385948,7.564858233036587,8.783846296604459,13.616730326838374,13.454623831755113,0.0,0.0,6.928285151243263,8.2339015637146,10.003600611059118,10.238996325985175,14.960960663860394,0.0,0.0
7.105427357601002e-15,3.2737094254925627,1.0506387716901255,3.445181404471522,0.14140035629336925,0.02699604125959031,0.022578752610976117,5.790344249528361,3.6185430406602475,7.2722324993889655,9.6463168328596,6.576689449696492,0.0,0.0,6.426519399933112,2.2177415138476904,5.509303750521934,8.47150399953104,7.8690053798106545,0.0,0.0,4.278838024279131,1.9717770609835612,3.6279491481251034,8.282170549916628,7.571358538970585,8.791439023007301,13.632550472116973,13.451096168641921,0.0,0.0,6.914342905729108,8.234278781631847,10.009882090120628,10.239992161735573,14.966195621127305,0.0,0.0
7.105427357601002e-15,3.271414749207873,1.0415370270782078,3.44523126040408,0.14141145516576228,0.02701807022608405,0.02257307035595736,5.791383015904318,3.6053639469117544,7.259638346848425,9.673351404977527,6.563901124897564,0.0,0.0,6.396581707110907,2.21397704303987,5.4938584932575445,8.390267058258292,7.896138237197828,0.0,0.0,4.268956328360796,1.9478596700574304,3.6316829683752894,8.27605627103453,7.5775764377320325,8.798869107640105,13.648377281514062,13.44826302573001,0.0,0.0,6.900724216811822,8.23458701641164,10.016282240251973,10.24087407195311,14.971520779848746,0.0,0.0
7.105427357601002e-15,3.269331521008332,1.0331540181990784,3.4454331228371076,0.14142264313333047,0.027040670740234533,0.022567599785669634,5.79233608028644,3.592225709860242,7.246148260243586,9.699535082577034,6.550328141408436,0.0,0.0,6.366762874743783,2.211002880867176,5.478809287879003,8.309363446821866,7.923398454015187,0.0,0.0,4.2594208045586175,1.9242967147207217,3.6352874056162383,8.269831824762127,7.583620471797723,8.806212746936536,13.664029850343706,13.445772009422694,0.0,0.0,6.887354755426697,8.234883481674578,10.02276104979941,10.241655169878165,14.976828293613666,0.0,0.0
0.0,3.267673690655923,1.025515062494708,3.4457741022974253,0.14143434418666917,0.027062423060515216,0.02256227035215721,5.794135090534285,3.5791207057882204,7.233044496465271,9.725539856004408,6.537291506216934,0.0,0.0,6.336973718283727,2.208780334887633,5.464181130754799,8.228594829261253,7.950755302306137,0.0,0.0,4.250474481811328,1.9011282935312683,3.638954770646657,8.263577471882973,7.589534242550003,8.813351394665657,13.679629713425587,13.443454204044974,0.0,0.0,6.87443976857812,8.235065518716558,10.029396940814896,10.242364509106347,14.982195265538946,0.0,0.0
7.105427357601002e-15,3.2665860736968813,1.0182391711905794,3.4463710934640615,0.14144647202670785,0.027083491433683535,0.02255729953832698,5.797141305473847,3.565295287758351,7.220700552333834,9.751644105943592,6.525498771139431,0.0,0.0,6.307432956598203,2.207902925150356,5.449097779390558,8.14827417412536,7.978905900914329,0.0,0.0,4.242694777505618,1.8777701123713475,3.6429771517412877,8.257460538709928,7.595355215628062,8.82015654090468,13.69501076254618,13.441606801099484,0.0,0.0,6.861427225075394,8.235020402179948,10.035878115757994,10.242815484169785,14.987239442644066,0.0,0.0
7.105427357601002e-15,3.2657655096627614,1.0114759622805294,3.4470438133418737,0.14145896841259628,0.02710494321688703,0.022552126651447357,5.80033608946338,3.5513460318172307,7.2082181439752135,9.77720612011985,6.5149722327135455,0.0,0.0,6.278121085399047,2.208274517325537,5.432155345132022,8.069922205391537,8.009151681667745,0.0,0.0,4.235198970172572,1.854423841546475,3.647354192737879,8.250946118677671,7.600932300426932,8.826425179921024,13.710723834069105,13.440286783284197,0.0,0.0,6.8484373922899096,8.235378415989342,10.04271159214235,10.243374280073175,14.991476999019156,0.0,0.0
0.0,3.2655020730270845,1.005064624342799,3.4477518702458907,0.14147165027415914,0.027128523413963095,0.02254707079396066,5.803722694453464,3.536652287866721,7.193064120238403,9.801279572191232,6.504299311675167,0.0,0.0,6.249088719937346,2.2095496342724923,5.41485288456849,7.990053010567908,8.03936069946838,0.0,0.0,4.228321897793744,1.8312640030992569,3.651729254651997,8.244319024422094,7.6061965030682135,8.832321547445432,13.726530281850845,13.439849224864757,0.0,0.0,6.835315742864392,8.235613334650045,10.049515619269558,10.243780146270606,14.995098000542178,0.0,0.0
7.105427357601002e-15,3.265389650880843,0.9990881231082689,3.4484721405092844,0.14148384386312543,0.027153696031767975,0.02254223725858249,5.807606391982945,3.521093999997719,7.1756524998033,9.824676853557728,6.495761077847148,0.0,0.0,6.2211954490882055,2.2116478800583677,5.398307000816422,7.9127939477507,8.068951418453917,0.0,0.0,4.221710515995744,1.8080621110319768,3.6557262374732145,8.237441475871691,7.611226658885895,8.83786904618065,13.742311445738643,13.440225252183962,0.0,0.0,6.8216912161755925,8.235907781371465,10.056318894897316,10.244085310305957,14.998564976913144,0.0,0.0
0.0,3.2653106416326754,0.9939756015476007,3.449220460494164,0.14149642390488154,0.027178802146770563,0.022537389645313027,5.812162413838587,3.5059226934334204,7.158880721088842,9.848496469724067,6.487746779765678,0.0,0.0,6.19338852412111,2.214182850619999,5.382533336860977,7.837108860990506,8.098380155925831,0.0,0.0,4.215179146669759,1.7853634346147782,3.6597485300144763,8.230604105982897,7.616197221004799,8.843384521616205,13.758466961815984,13.441020766223746,0.0,0.0,6.808372110666159,8.236212818096158,10.063380761800898,10.244430565248875,15.002022013559056,0.0,0.0
0.0,3.2652286770456476,0.989628733065737,3.450064920047734,0.1415087825006739,0.02720294969421345,0.022532679921246315,5.81764664940893,3.4905664936953444,7.1424341077538545,9.872400799686636,6.480293772222108,0.0,0.0,6.165882695827458,2.2175958433274543,5.366685704886048,7.763502660137441,8.127684992490321,0.0,0.0,4.208838997755918,1.7630015091950224,3.6636990607452264,8.223873842391967,7.621150495969169,8.848782376481616,13.775054874576256,13.442475410983754,0.0,0.0,6.7951296512733,8.236352266917695,10.070449586030396,10.244809827616406,15.005267250056818,0.0,0.0
0.0,3.265216888707997,0.9860003780523164,3.451196543418395,0.14152057542930352,0.02722532511646579,0.022527975599909458,5.822459922733889,3.47519858930992,7.124767341414785,9.894507943718411,6.467355980755421,0.0,0.0,6.138182467457713,2.2223009634594386,5.350960298831257,7.691542030265768,8.157035830687398,0.0,0.0,4.203003434174893,1.741115900583665,3.667625466103655,8.217100984174722,7.62587645257774,8.853862965295315,13.790700778315633,13.444463076151958,0.0,0.0,6.782718197162962,8.23648246686943,10.077705928377537,10.244580409880976,15.008198747757836,0.0,0.0
0.0,3.2653692959251677,0.9831716345809278,3.452375556686849,0.1415323216544662,0.02724703676630091,0.022523266309640383,5.827083120790785,3.4602046130549353,7.106589232301836,9.916161907385286,6.453737074035424,0.0,0.0,6.110478833411107,2.2276825347835363,5.3353145184895405,7.62102658557412,8.186302433904363,0.0,0.0,4.197509003201238,1.7196941611904861,3.6714497644695014,8.21024585402901,7.630487262328937,8.858724062794918,13.80601115569255,13.446697846402706,0.0,0.0,6.77049318787009,8.236637708559517,10.085047678904768,10.244191728039722,15.010943437569155,0.0,0.0
7.105427357601002e-15,3.2658330329137035,0.9811082035523343,3.4535696225930317,0.14154385030949543,0.027269116752496856,0.022518720164016907,5.830972938665619,3.4452591989660064,7.086418775590123,9.936993921839024,6.440146161836215,0.0,0.0,6.082470838394841,2.233623165320351,5.31984271222699,7.550138685383461,8.215390807436913,0.0,0.0,4.192491841603567,1.6988500091466867,3.675069989719153,8.203503809300505,7.634937366295144,8.863386953476809,13.820894494984376,13.449433877817743,0.0,0.0,6.758147991841337,8.236807877814568,10.092383320454058,10.24356893051227,15.013713164618677,0.0,0.0
0.0,3.2664242905286556,0.9798069884124784,3.454747031688738,0.14155571825001242,0.02729226780920439,0.02251440462590056,5.8345377644780285,3.430275038561455,7.064793661243133,9.956986749547218,6.428919648021581,0.0,0.0,6.054150271319146,2.240066205039045,5.3046271632195845,7.478421493221059,8.244249288412579,0.0,0.0,4.187726293748811,1.6787202822236542,3.6785041397900327,8.196854687581,7.639063676859294,8.867821643531558,13.835979672840837,13.452825934681984,0.0,0.0,6.746165731713871,8.236953649509273,10.09980816406963,10.24289356029164,15.0162966239937,0.0,0.0
0.0,3.267458884878608,0.9792833260303345,3.4559205182751978,0.1415681879671288,0.027315280820431942,0.02251005318242658,5.839397862968893,3.4153534616406844,7.04319886296929,9.977010207710938,6.417417464723041,0.0,0.0,6.02625729071121,2.2469242702369687,5.289989534156419,7.4076842889721854,8.272866916308486,0.0,0.0,4.183502004072943,1.6591994712046072,3.682072939759175,8.190395495278553,7.643059773541488,8.872034961281289,13.851524040363401,13.456456862904387,0.0,0.0,6.734431229994993,8.237224335491343,10.107467467769972,10.242282490061438,15.018745114158586,0.0,0.0
0.0,3.269195451503228,0.9799203539815375,3.45690425752757,0.14158100357936979,0.02733807667193424,0.02250530156819123,5.84533105861278,3.4008839413889547,7.0212138806691815,9.99645112653443,6.405130589443358,0.0,0.0,5.998418807348431,2.254285669644496,5.275403494360224,7.334266245357399,8.301398066976628,0.0,0.0,4.18021349697356,1.6413564641159015,3.685730473328017,8.183764624329148,7.646763704602966,8.875359302309926,13.867783036744974,13.460753328441463,0.0,0.0,6.723083673376618,8.237583936936092,10.114882081053924,10.241899793959934,15.020853703843644,0.0,0.0
0.0,3.271066090290056,0.9812382835704543,3.458077633036983,0.14159339583321592,0.027361251212799573,0.022500572745442354,5.850616013829973,3.386339814107474,6.997474484704338,10.014670863968783,6.393124294990593,0.0,0.0,5.9706446725646245,2.262615682308905,5.261043219742441,7.261025831529941,8.3301505283976,0.0,0.0,4.177167204878742,1.6240943017584653,3.6895380173694856,8.177020869703812,7.650273814735649,8.87839592162717,13.883646489116929,13.465525503264034,0.0,0.0,6.711921907237627,8.238073077555715,10.12233450304314,10.241265655758893,15.022593290570516,0.0,0.0
0.0,3.273416865144202,0.9832687785669406,3.4592188018618844,0.14160528653532076,0.02738476567764139,0.022496548111721536,5.855971505905365,3.3710184955684395,6.972171930289103,10.031322563452967,6.381878139254397,0.0,0.0,5.943981114397311,2.27137163923494,5.247431318586773,7.190326423606983,8.358672930345046,0.0,0.0,4.174633823771233,1.607514651479972,3.6929523732586578,8.169922751928265,7.653439526918496,8.881041098712393,13.898776591938555,13.47118637380706,0.0,0.0,6.7007043210170885,8.238653318605161,10.129731955016197,10.240355944884948,15.024180547355908,0.0,0.0
0.0,3.2759250493357195,0.9859918736571024,3.4604868308993044,0.14161662918550977,0.027408091956585907,0.02249304201419232,5.8610844129559565,3.3552296231227174,6.946052250424447,10.046592431118869,6.370736874695979,0.0,0.0,5.9180905809551625,2.2806146330156456,5.234193096077521,7.12133157688987,8.38700243182009,0.0,0.0,4.172398179388408,1.5915101736854262,3.6961004700531745,8.162675341257158,7.656401917885173,8.883581086111416,13.913271252782831,13.477364989053422,0.0,0.0,6.689639339398294,8.23922478079686,10.137142840184568,10.23915459940084,15.025669018310461,0.0,0.0
0.0,3.278410003965632,0.9893523762085878,3.4618802900168766,0.1416280495112179,0.02742911933797887,0.022490120955901173,5.866715262937222,3.3395507841935372,6.920692756695007,10.06121833466783,6.361244224629838,0.0,0.0,5.892664438684712,2.290292059347037,5.2213150089254965,7.056164049249496,8.415609699966181,0.0,0.0,4.1704740544572925,1.5761885273105165,3.6992377068012754,8.155358706992988,7.659123979011225,8.885833456528239,13.927499171976228,13.48396771568941,0.0,0.0,6.6791297082113275,8.239678400681157,10.144619987282974,10.237769394042582,15.026872637924683,0.0,0.0
0.0,3.280987306348385,0.9932621571115392,3.463369927249467,0.14163983938417624,0.027451099729754676,0.022487318075590637,5.87338852367106,3.3239114663922655,6.895712667373234,10.076272273837988,6.351071150265387,0.0,0.0,5.867792344187328,2.3004775479103343,5.208811957542707,6.9928577749727845,8.444624798174374,0.0,0.0,4.16885479225932,1.5611381241657294,3.7027677856979944,8.148243195474226,7.6617722982326555,8.888140496947287,13.942434503896601,13.491327997056697,0.0,0.0,6.66869806752323,8.240140924149959,10.152310322619908,10.236468760783868,15.027283035339309,0.0,0.0
0.0,3.2834415358044327,0.997443444030938,3.4644809866656985,0.14165265033548638,0.027473268419503788,0.022484567682668023,5.881136868926085,3.308973780141771,6.870838635669782,10.091509857486184,6.33872030494605,0.0,0.0,5.84294892066098,2.3102546168179012,5.197566106653121,6.934141926108677,8.473421100313795,0.0,0.0,4.167386358960355,1.5464475132505,3.7064083940975703,8.140663729164903,7.664074828121213,8.889975658411974,13.95799798216324,13.49957208447168,0.0,0.0,6.658623922223537,8.24086392120527,10.160395248852874,10.235182029333608,15.027262400064746,0.0,0.0
0.0,3.2857908860262035,1.001902350361275,3.465821016570568,0.1416656289957448,0.027496054187087574,0.02248174443264582,5.889309592649368,3.2947594487646974,6.846665010326999,10.10681831426458,6.32327986090431,0.0,0.0,5.817702869824361,2.320886724504412,5.186389663003122,6.876167389557722,8.501775753620358,0.0,0.0,4.166166651482076,1.5319966406064536,3.710721766880335,8.13312120435243,7.666222853083832,8.891604682859846,13.973967044267907,13.508071487598793,0.0,0.0,6.648862678019152,8.241592049539978,10.168567103584433,10.233667912552436,15.026925647061576,0.0,0.0
0.0,3.28851696665315,1.0073487651175936,3.4671273840467838,0.1416792102048153,0.027519201842681373,0.022479104280736295,5.898000711959204,3.28088185418753,6.8230372217876685,10.121944690514487,6.308641906579386,0.0,0.0,5.792276644131847,2.3317582322190082,5.175356309314761,6.817190115958714,8.53041396804556,0.0,0.0,4.165522024287908,1.5189437470661615,3.715007090557001,8.125711743453019,7.6681530103229765,8.892999065046405,13.990261751720558,13.517063766570931,0.0,0.0,6.639431152801503,8.242281239406948,10.176583888703183,10.23221796222082,15.026588842477393,0.0,0.0
0.0,3.291462968665744,1.0134326324865581,3.468355656056702,0.1416923984071741,0.027542366705858967,0.02247656204772907,5.907150188386352,3.266639953809092,6.799605233696485,10.136111989061567,6.2933111076287895,0.0,0.0,5.767753924215603,2.342848972305753,5.165112081653513,6.761747784463461,8.558595028988169,0.0,0.0,4.165527259568922,1.5069551905516436,3.719088158612834,8.118214472375554,7.669748835194364,8.893765223448199,14.006362309437733,13.52621296719638,0.0,0.0,6.629797667161437,8.243139057240725,10.18448547654809,10.230737368303346,15.025958458763068,0.0,0.0
7.105427357601002e-15,3.2943155758730436,1.019699219481794,3.469673650684469,0.1417039545703995,0.027567334492767163,0.022474172382884697,5.915034610789808,3.2512119326394284,6.773438267526953,10.147465916103043,6.277186054332495,0.0,0.0,5.743559116470385,2.3542368906198132,5.155811626795858,6.704546290196636,8.586253822909669,0.0,0.0,4.165767593867684,1.495592774006555,3.722783000785812,8.110576398930789,7.670936588381094,8.894210788650671,14.021578995986536,13.53554493937808,0.0,0.0,6.619694512770716,8.243959291740032,10.192252161818711,10.22876471896633,15.024832446462911,0.0,0.0
0.0,3.2973727427809574,1.026438289042681,3.4708913733374582,0.14171553419283722,0.027593592511128553,0.02247181770194956,5.923048695668303,3.2359173900976455,6.746469989856529,10.158485863500609,6.260258274457909,0.0,0.0,5.719499068917414,2.365673977994024,5.146982372664999,6.648342566071616,8.613885342986155,0.0,0.0,4.166422468182604,1.4848559425524397,3.7264041871107505,8.1028674216191,7.671908994764141,8.894292610944996,14.036941617203741,13.545358868384064,0.0,0.0,6.609438000999345,8.245026843957335,10.200183868208947,10.22671324310587,15.023596905528281,0.0,0.0
0.0,3.300586116111932,1.033940158668512,3.472159209939118,0.14172751980766643,0.02761787436200416,0.02247008913486241,5.930849770695142,3.220919305954921,6.719757725786722,10.16799771537992,6.245482442346735,0.0,0.0,5.69583755289807,2.3773614673468764,5.138761683567168,6.597166819083142,8.641969216131528,0.0,0.0,4.167573037362539,1.4751373369547462,3.7301697939351155,8.09509148299527,7.672765531901601,8.894082256136558,14.051747578302376,13.556196467804545,0.0,0.0,6.600121568094311,8.246444429221809,10.20858937184437,10.2246235028633,15.02207292101161,0.0,0.0
0.0,3.3037079094139172,1.0421340760885733,3.4738856359235872,0.14173925426906253,0.027640227724002257,0.02246874402087589,5.938707191836377,3.2062003379422808,6.693789176607681,10.17680061062734,6.23215871216051,0.0,0.0,5.672732994836071,2.3900444047434437,5.1313540031199745,6.550039695202858,8.668995491909882,0.0,0.0,4.168994248978733,1.4662174190768211,3.734674401045795,8.087685047360484,7.6735492298631796,8.893775862955343,14.066567667854548,13.56771077848718,0.0,0.0,6.591430316040594,8.247975665708488,10.217208375768863,10.222486801245022,15.020051966521832,0.0,0.0
0.0,3.306802018483492,1.050626315743724,3.4755302043591865,0.14175062634509278,0.02766353168089206,0.022467539811563058,5.945694470115527,3.1913159609015453,6.664774777524254,10.184771810663056,6.2189587581075605,0.0,0.0,5.649596165318373,2.4027878251400123,5.124639256897529,6.503657797224015,8.695822885533374,0.0,0.0,4.170354663661844,1.4577559060854663,3.739087379567096,8.080191335573575,7.674100131444621,8.893261171217274,14.081069275044044,13.579587365392834,0.0,0.0,6.582518611984643,8.249641200492745,10.225829560582833,10.220188910547279,15.017825787144208,0.0,0.0
7.105427357601002e-15,3.310004332816613,1.0597135859698312,3.477022067302223,0.14176253220611795,0.027686756396343912,0.02246620350550164,5.952901045128348,3.177143456403896,6.634871323571195,10.192313716527385,6.205395191384357,0.0,0.0,5.625613712984234,2.4155623121796395,5.1184604556056295,6.455089851222702,8.721427889749634,0.0,0.0,4.17198148418982,1.4506832941178314,3.743573058567289,8.072610566104268,7.6743779695983,8.8923844760472,14.095919397834678,13.591920555733388,0.0,0.0,6.574072088178772,8.25117146661471,10.234337725035756,10.217826774024697,15.015612324873373,0.0,0.0
0.0,3.3135191329944296,1.0691284947245054,3.4781099162883358,0.14177418622902857,0.027711444383206274,0.02246525542438412,5.961143837521334,3.1630950906151862,6.60504106831678,10.199616755764149,6.192024606327934,0.0,0.0,5.60233755559211,2.428252959241121,5.112267718626092,6.408408012105812,8.745945693381719,0.0,0.0,4.174013075448108,1.4443792178817234,3.7482372721170027,8.064553057590196,7.674266779523353,8.890894887754635,14.111192144189456,13.605320461252475,0.0,0.0,6.565141360666235,8.253047018225308,10.242727924845772,10.215455775005303,15.01312579915812,0.0,0.0
0.0,3.3170647739313694,1.0788554448602297,3.4793381093254365,0.14178565976776783,0.027737087057021353,0.022464455329400484,5.970966017089105,3.1492613804763043,6.5764503914104715,10.20664459278518,6.177692769379544,0.0,0.0,5.580157217777907,2.441390247061168,5.106771977889884,6.363947778035135,8.767890888938974,0.0,0.0,4.1765304906264245,1.438956248858909,3.753340970438849,8.05649151846489,7.673825059485613,8.88921272557359,14.127184116392897,13.61950435044713,0.0,0.0,6.556249748292695,8.254645167122305,10.251025477355961,10.212973934204218,15.0100056651466,0.0,0.0
0.0,3.320785759445353,1.0892969644540975,3.4805295890109185,0.14179758749389834,0.027764864172533966,0.022463874811764185,5.981729981686037,3.1360275887788283,6.548681726302222,10.213136458146517,6.163686025074699,0.0,0.0,5.558893562742986,2.4545462179554067,5.101848899835155,6.32011288013458,8.788229967077287,0.0,0.0,4.179463766831478,1.4351016581861848,3.758467371784058,8.048412881274988,7.673023963725215,8.887392620950827,14.143606859713303,13.634355122794796,0.0,0.0,6.547758021288759,8.256076662255419,10.25931502371888,10.210505155675705,15.006382877581123,0.0,0.0
7.105427357601002e-15,3.324650138418382,1.100189917948014,3.481714603492578,0.14180955583807556,0.027793119465778806,0.022463415339135158,5.992839364176538,3.1230248700145604,6.520977024592983,10.21945271454215,6.1497705778389316,0.0,0.0,5.538014349792759,2.4678145826557016,5.0975564615856,6.277683200780307,8.808359665980618,0.0,0.0,4.182561383328019,1.4320167602200828,3.7636090564806093,8.04037921718432,7.672113911592494,8.885589501191594,14.160224457583581,13.649480945304184,0.0,0.0,6.539392394264316,8.25754172614542,10.267723857612223,10.208063663951553,15.00257799508258,0.0,0.0
7.105427357601002e-15,3.3285429504070714,1.111513540398027,3.483061853166476,0.1418211961038287,0.027819137286446242,0.022463462082943086,6.003554157734299,3.110058202323037,6.493217891003397,10.224404294626376,6.13627064227943,0.0,0.0,5.5172235952419575,2.481260372365447,5.09377084664269,6.237321469402943,8.828543279025652,0.0,0.0,4.185928792992233,1.430066731208003,3.768790632946534,8.032499310242025,7.6709917712762605,8.883757598717754,14.176241647057255,13.66437616749782,0.0,0.0,6.5315331704916195,8.258945200380474,10.276137563987461,10.20550039157502,14.998586901673617,0.0,0.0
7.105427357601002e-15,3.3325334492020504,1.123003983470509,3.484415786457667,0.14183295571591872,0.02784552335426871,0.022463686542127027,6.014120904615426,3.097365855915775,6.46553354236235,10.229004781667285,6.122266680635322,0.0,0.0,5.496404987340908,2.4949163549631095,5.090192451983118,6.1986843604198825,8.848053167592404,0.0,0.0,4.189563297412159,1.4285155851085813,3.7741563134465705,8.024658464888013,7.669731583423056,8.88158758016168,14.192188024303372,13.679641364518657,0.0,0.0,6.523680719236797,8.260578661016554,10.284653971032384,10.202884022463925,14.994387685250215,0.0,0.0
7.105427357601002e-15,3.3366910242837675,1.134628665415746,3.4856123595640773,0.14184560919739297,0.027870935959079485,0.022464306327377438,6.025009102265882,3.0854884372475953,6.4378034731018,10.233180015496963,6.108019554497928,0.0,0.0,5.475876585235086,2.508377567962139,5.0874189164743635,6.16606309614009,8.866351393104688,0.0,0.0,4.193612584044875,1.4274937622507804,3.7797946024597744,8.016873896471683,7.668203329246066,8.878818618768976,14.208221286378919,13.695568824448628,0.0,0.0,6.5161616556503965,8.262567390225493,10.293444877793975,10.200240633208013,14.98964629911468,0.0,0.0
7.105427357601002e-15,3.340878568779307,1.1464400062144375,3.486908105281352,0.14185857721896866,0.02789470242550949,0.02246542864918553,6.035918447433183,3.0744160702314103,6.410339876248369,10.236398949728192,6.092171182702223,0.0,0.0,5.455503818046477,2.5218921141059316,5.085414750391133,6.138547725743001,8.8838205424572,0.0,0.0,4.198089381833119,1.4272285335613355,3.7856441567947345,8.009188202018658,7.666461738033534,8.875707587634569,14.223953705684991,13.711885806906869,0.0,0.0,6.509477201857427,8.264692956748561,10.302575203011772,10.197466041070301,14.984709855574632,0.0,0.0
7.105427357601002e-15,3.3448744548798732,1.158663093893908,3.4881849858023077,0.1418712284975253,0.02791839631528645,0.022466769239532603,6.047512970497169,3.063483903754439,6.382758189612178,10.239215987406965,6.076081083717549,0.0,0.0,5.435586868440704,2.5357241356402205,5.084207264316821,6.113905374443336,8.901927881280034,0.0,0.0,4.20261805200157,1.4278812565557184,3.791591892308548,8.001470570622677,7.664501580688288,8.872237929075164,14.24023966639988,13.728867270240734,0.0,0.0,6.5028265173762465,8.26691175982374,10.311769755623882,10.194755628436873,14.979594860261765,0.0,0.0
7.105427357601002e-15,3.348932089876528,1.1710680003496627,3.489537761684435,0.14188317410423448,0.02794458781749273,0.02246834171861862,6.058218462732907,3.0528256233802367,6.353529166450257,10.240471016810766,6.06237597498506,0.0,0.0,5.41571688255641,2.549542959377493,5.083512782568994,6.085299939455726,8.91908775578986,0.0,0.0,4.207322440162955,1.429938831018107,3.7974940950967593,7.993590241865309,7.662080054072993,8.868400861501211,14.256144535117045,13.746390330880928,0.0,0.0,6.496293722711713,8.269030038807829,10.32080208388672,10.191721511511028,14.97405646095652,0.0,0.0
0.0,3.3527207240982713,1.1829520323056772,3.4903956533952143,0.14189383336136344,0.027972122314209664,0.022470486268995837,6.067471959121034,3.0417486953337587,6.322758398116369,10.239275159394927,6.050980141616956,0.0,0.0,5.395887454033643,2.562514183154749,5.083360478086461,6.053700092407895,8.935256609392562,0.0,0.0,4.211974815733018,1.4326708629654046,3.802782667165869,7.984935320045415,7.658931915501274,8.863918023690204,14.270836543938742,13.763852976362823,0.0,0.0,6.489589163933033,8.271416952998718,10.329680324907237,10.188255533952546,14.968071133791696,0.0,0.0
7.105427357601002e-15,3.356562864129068,1.1948941983758308,3.4913013361003724,0.14190415143222704,0.027999450611974494,0.02247273601956324,6.0767216729674445,3.0306436245287522,6.292226036041662,10.237579851283042,6.040853615159103,0.0,0.0,5.376162131244703,2.5757259652138123,5.083855518624687,6.022316383915987,8.95101419055589,0.0,0.0,4.216838952955389,1.435753472468524,3.8082223288405457,7.976464643845928,7.655689473536575,8.859450640356043,14.285381320925078,13.781590448693434,0.0,0.0,6.483072308238885,8.273700133125569,10.338575709852178,10.184588178715494,14.961955734527962,0.0,0.0
7.105427357601002e-15,3.3604775662154323,1.207040222134041,3.4922243221156317,0.1419148590163248,0.02802566466920605,0.022475391314224318,6.086112685229034,3.020079867341956,6.262054629557024,10.23541883008818,6.031221962747527,0.0,0.0,5.356722761691118,2.589239533386143,5.085082906980654,5.995032102692787,8.967819844811993,0.0,0.0,4.22204258849267,1.4393856084042203,3.8138971596118347,7.968183739871163,7.652315239546677,8.854415782591294,14.299814717382905,13.799567685795838,0.0,0.0,6.476803041452022,8.27636194670732,10.347602289576427,10.180787356496333,14.95561995976035,0.0,0.0
7.105427357601002e-15,3.364286150160413,1.2195402510522566,3.4931234574906918,0.14192543901587515,0.028051395666649093,0.02247812095241417,6.0962424688827275,3.0098719718883893,6.2323928247868015,10.233357038843112,6.022291393778878,0.0,0.0,5.337487306734195,2.602933249544535,5.086880395688826,5.970844234781582,8.985228199802883,0.0,0.0,4.227297633972612,1.4436578920041085,3.819613009757464,7.959909378950797,7.648869237141777,8.849234592588957,14.314761554882676,13.817655541409636,0.0,0.0,6.470514956131834,8.27910999912271,10.356660210582909,10.177098624172558,14.949261560399913,0.0,0.0
7.105427357601002e-15,3.367912456126954,1.232283329394389,3.493837333269796,0.1419363475145578,0.028076737596849845,0.022480872390884105,6.107598618588801,3.0003962465216554,6.2028827182009625,10.23133851478958,6.014571734852266,0.0,0.0,5.3182098965827915,2.6165883492774564,5.089447720518131,5.950286882506378,9.001228693287917,0.0,0.0,4.232736757711781,1.448590656797987,3.8254319026880412,7.951723963337488,7.645206184491106,8.843926861448598,14.330315969506321,13.836176362316019,0.0,0.0,6.464480781576234,8.281745219056576,10.365782535924494,10.173400063921047,14.942455886865561,0.0,0.0
0.0,3.3718044182783653,1.24500761963916,3.494518160183345,0.14194697199029138,0.028103695036261162,0.022483537913031842,6.119061394092133,2.990616947373386,6.173291884881833,10.228893903156,6.007486331226662,0.0,0.0,5.29883388851853,2.630252950035155,5.092203575035217,5.928275901921725,9.016026748235662,0.0,0.0,4.238486812247782,1.453821408066645,3.8317002441083168,7.943703936200096,7.64138739504057,8.838626510395807,14.346016447256936,13.855561521818668,0.0,0.0,6.458464217720621,8.2843102196149,10.375083042029317,10.169580324718783,14.935454789478555,0.0,0.0
7.105427357601002e-15,3.376299426038221,1.2580216116033789,3.494791473968841,0.14195758978700163,0.02813133440517172,0.022486830423556065,6.131857236436738,2.981682158934933,6.144276965615364,10.225994237327045,6.0015927946359255,0.0,0.0,5.280676231179368,2.643307343729804,5.094822924619202,5.908782289757567,9.029448998854644,0.0,0.0,4.244977495087451,1.4605051684565487,3.837880477306015,7.935476430282582,7.637138388236912,8.832840258634413,14.362037788300713,13.875916757260878,0.0,0.0,6.452444848478448,8.286900021926126,10.384225712669535,10.165626524103411,14.9281589193414,0.0,0.0
7.105427357601002e-15,3.3807760482631624,1.2710061045429792,3.494834790801189,0.1419682096115648,0.028157882126197853,0.022491022937513486,6.14462850545068,2.9732840780971403,6.115713568574259,10.22178060261046,5.99523582483822,0.0,0.0,5.263329428080984,2.6558086827028644,5.097743622646467,5.893426280722757,9.041115927291969,0.0,0.0,4.251803739992676,1.4681091821699688,3.8438441197581654,7.927029988863406,7.632461744440554,8.826469436682832,14.377370204983448,13.896574507768698,0.0,0.0,6.446871141633671,8.289701596147607,10.393436810160042,10.16157735933622,14.920523447374961,0.0,0.0
7.105427357601002e-15,3.3849597092541175,1.2837145535713417,3.494305695915831,0.14197846528938024,0.028185989049018437,0.022495489446768154,6.157319463506834,2.965432597434799,6.087392027014054,10.216660142718867,5.989016687359603,0.0,0.0,5.246643635495678,2.6679028101612214,5.1010293320708,5.87936901111816,9.04969836564792,0.0,0.0,4.258621231467043,1.4761045522692955,3.8492938743039,7.918203284333281,7.627322245540965,8.819610776103467,14.39245277974877,13.91727552447891,0.0,0.0,6.441300079116973,8.292767515540303,10.402698258549947,10.157424399570015,14.912303454849184,0.0,0.0
0.0,3.389018584109417,1.2963455866597697,3.4936051299902884,0.1419880264865584,0.02821572658910642,0.022499691664102355,6.1691248327904145,2.957426958710632,6.057884638849399,10.210702737707162,5.983887370200916,0.0,0.0,5.229232946012979,2.6799748529007115,5.105298862731419,5.861334911358107,9.057040144599943,0.0,0.0,4.26545581866372,1.4844433319974735,3.854627826389024,7.90938117878771,7.621972037375979,8.812742530640158,14.407139206038034,13.938241233151931,0.0,0.0,6.435939651741895,8.295779572704669,10.411936460460389,10.15294153201546,14.903832416398053,0.0,0.0
0.0,3.392945286675781,1.30913482756667,3.4930406881971634,0.14199753784337554,0.02824578941439598,0.02250391627808805,6.181278306707602,2.9498641508798977,6.028657037896601,10.204569475992297,5.977696908493119,0.0,0.0,5.211553282715286,2.6924205982383023,5.110128419281887,5.84481905124575,9.063789183231581,0.0,0.0,4.2724217529740525,1.4930547493908664,3.860243441141553,7.900735830516545,7.616520787490494,8.805921945076692,14.422027588059729,13.959361615518773,0.0,0.0,6.430798264259354,8.298773089244358,10.421260889776192,10.148407361994767,14.895196443349889,0.0,0.0
0.0,3.396749741523619,1.3221764136569767,3.492585605384123,0.1420067432984627,0.028275288115595418,0.02250827002623121,6.194096740337699,2.942520762173328,5.999721546082854,10.198246889194976,5.97061485742767,0.0,0.0,5.193751744383429,2.705166492414817,5.115526518858121,5.830411630517592,9.068891795548367,0.0,0.0,4.27945294306408,1.5021785440374364,3.8660619092141713,7.892172299412085,7.610934019413604,8.799110231821725,14.437345095194198,13.980441047414907,0.0,0.0,6.42574402335352,8.3016949493936,10.4306061877286,10.143781806954845,14.886510206489689,0.0,0.0
0.0,3.4006164324011703,1.3354551435524311,3.492066310290157,0.14201607143737904,0.028303922204184793,0.022512949852913095,6.206828852589349,2.9353489819836716,5.970568352618133,10.19148242413005,5.962523222783119,0.0,0.0,5.1760232414572105,2.7180241338305287,5.121250866449018,5.817403298680645,9.071969087005208,0.0,0.0,4.286611087398491,1.511814353863688,3.871952538553974,7.883586764782497,7.605188082751621,8.791877256393512,14.45251233513257,14.001638695296045,0.0,0.0,6.420829525212155,8.30489828572023,10.440003662151703,10.139062584995344,14.877635856175583,0.0,0.0
0.0,3.404532145262302,1.3488545705943213,3.491290108991431,0.14202577988262322,0.028332886222187405,0.022517955101664072,6.219813661671616,2.9286820942720264,5.941165874910404,10.184616077803275,5.954019590754692,0.0,0.0,5.158440457554777,2.7308439205592423,5.12688141537907,5.806953280036742,9.073360594347049,0.0,0.0,4.293889860103932,1.5218298317120245,3.878031378868293,7.87482177936258,7.599177588684299,8.784229767785753,14.467948165295423,14.02318325309127,0.0,0.0,6.415884817699046,8.308518965108275,10.449638715110712,10.13437863190666,14.868805966695946,0.0,0.0
0.0,3.4084116585840416,1.362211169185932,3.4902477710203703,0.142035114679838,0.028362328766414015,0.02252294103479683,6.232647269499249,2.9212862835391933,5.912153860767585,10.177474099239562,5.945484375371142,0.0,0.0,5.140324440274759,2.743788929394383,5.132453898693685,5.794513038692922,9.071440768707713,0.0,0.0,4.301300118904007,1.532128725195487,3.8844279173002594,7.865827235299645,7.592910397409996,8.775942525099206,14.483529069338662,14.045042787676635,0.0,0.0,6.410675789005362,8.312360807781138,10.459178779096506,10.129427039073144,14.860088342442033,0.0,0.0
0.0,3.412609152884986,1.3752461454772016,3.4885309878896984,0.14204456278458985,0.028393758749918903,0.022528005471322693,6.2461004174817765,2.914334425703416,5.883620284842674,10.16985355279959,5.936447031041092,0.0,0.0,5.122611371606891,2.7558119439807216,5.138006482349305,5.7820519708885625,9.069817343247669,0.0,0.0,4.309165143573665,1.5428047315089133,3.8906741561459275,7.856539785326609,7.58622983455649,8.767235018945756,14.49908422150091,14.067676583623749,0.0,0.0,6.405223402254571,8.316326890999703,10.468582821828633,10.124314886549005,14.850971787978988,0.0,0.0
0.0,3.416720867129244,1.3883978947817883,3.4867594639718287,0.1420543044030936,0.028426174348327237,0.022533071230444825,6.259916099565412,2.908244576997666,5.855286818237683,10.162067880853757,5.927438977841534,0.0,0.0,5.104949966666175,2.767972995306735,5.1440871688804855,5.771766727846166,9.067251531931387,0.0,0.0,4.317158851993569,1.553954687895143,3.8970863210543008,7.8473016966636795,7.579361254836151,8.758358543247057,14.515043020919892,14.090422689235375,0.0,0.0,6.399947403595306,8.320309994512508,10.478056963537261,10.119198892985704,14.84169450892322,0.0,0.0
0.0,3.4207111409957434,1.4014152000422022,3.4849191718957773,0.1420647614408741,0.028458807877047906,0.022538661049224896,6.274211578295566,2.903417416573014,5.826955271289388,10.153711651187276,5.916800693875923,0.0,0.0,5.087522018736898,2.7798805427950515,5.150286523608521,5.76614213279395,9.060126016455378,0.0,0.0,4.3251949471361835,1.5654307833261416,3.9037574257777834,7.8379850813786245,7.572126869521478,8.749172574910183,14.531094251427016,14.112968975688577,0.0,0.0,6.394989337103779,8.324413472221645,10.487657473443047,10.11393338201427,14.831836710946328,0.0,0.0
0.0,3.4248613958500203,1.4144708197656486,3.4831104202095413,0.14207470816316264,0.028489816430622053,0.022544889290998474,6.287968120976759,2.8979030215086317,5.798614422948729,10.14390030121965,5.908000493707763,0.0,0.0,5.070358259604938,2.791811454720805,5.157274962333089,5.760818223442781,9.052519814486383,0.0,0.0,4.33353946141503,1.5772640506680218,3.9104668028994247,7.828607295248539,7.564688794266417,8.739696744509372,14.546258643040083,14.135577354655407,0.0,0.0,6.390426836358257,8.328629784031682,10.49732427509029,10.108297659144482,14.822054535722328,0.0,0.0
0.0,3.4290216769634183,1.427353040019163,3.4809194812538,0.14208453262851373,0.0285222346957678,0.02255099940203067,6.301605954335178,2.892743136335172,5.770588346338574,10.133520359218869,5.899224409134625,0.0,0.0,5.053219231934935,2.803581678039362,5.16486256234206,5.753720170232379,9.043705816276832,0.0,0.0,4.342058238161861,1.589232108537034,3.9170229482465677,7.819068436180091,7.557008191713733,8.729747829085705,14.561050429314415,14.15850710938097,0.0,0.0,6.385927607459631,8.332976367543832,10.506933207828533,10.10238252062922,14.812086110617399,0.0,0.0
0.0,3.4333675004903506,1.4402293671781894,3.47860291126502,0.14209363083677035,0.0285543383526614,0.022557232213409207,6.314760624391969,2.886686433244492,5.742894522298943,10.12235274209174,5.889252670119991,0.0,0.0,5.035548460509821,2.815317660148044,5.172076582103276,5.740470838567012,9.032800563198194,0.0,0.0,4.350789384419669,1.601361477781171,3.9236943271072424,7.809563800272056,7.549181843877088,8.719686940428117,14.575237711288201,14.181693027072843,0.0,0.0,6.381394528966581,8.337399133470186,10.516509132427885,10.096183040010938,14.802008781878998,0.0,0.0
0.0,3.4379914557268947,1.4532074393734413,3.475768711081251,0.14210276494718266,0.028586972403345956,0.022562890488471623,6.328368769077001,2.8813519043959843,5.715364667305908,10.111120145697901,5.880113698797877,0.0,0.0,5.018476571992611,2.8267511161454326,5.17967968243914,5.728556180449822,9.021141073267383,0.0,0.0,4.359881660694477,1.613988007261779,3.9302202444157865,7.800007212587115,7.541180158176716,8.709597743600169,14.589572751433684,14.205636139371594,0.0,0.0,6.37705237262184,8.341790358259255,10.52606756010407,10.0898899992547,14.791702262901946,0.0,0.0
0.0,3.442668557697782,1.4663335257283303,3.472932658761801,0.1421118585171064,0.0286196875590954,0.022568484960211042,6.342622042780295,2.8764650627036428,5.688318648801064,10.099968525837074,5.871351314974367,0.0,0.0,5.001759107259439,2.8382627000801914,5.187638091093415,5.718620000567154,9.009538431113409,0.0,0.0,4.369101239989997,1.626938377841137,3.9367726175650883,7.790487938132753,7.5331054087426335,8.699518335774462,14.604276320409532,14.229736436756667,0.0,0.0,6.372803937557512,8.34619273135376,10.535709405870717,10.083636865982664,14.78133792892112,0.0,0.0
0.0,3.4471952275025854,1.4795233032028705,3.4700970563621003,0.14212099357894709,0.02865410075955234,0.022573846125419322,6.3571152858732365,2.87256818545162,5.661546846423736,10.08879859823658,5.863007976140591,0.0,0.0,4.985038302218614,2.8499386290875135,5.196193548876366,5.709569916755975,8.998734037004585,0.0,0.0,4.378368903592277,1.6401431206706434,3.9434590499099844,7.780997875635287,7.524949077331908,8.689492857045483,14.619244520221491,14.254056831917998,0.0,0.0,6.368804465599139,8.3505752277992,10.545436142408061,10.077375653454382,14.770750029346047,0.0,0.0
0.0,3.4517418690528645,1.492630962895035,3.4672549878723897,0.14213029816501385,0.028688963785040676,0.022579021036267032,6.372141576347778,2.8695318657549276,5.634885624821353,10.077380073130072,5.855213931901855,0.0,0.0,4.968872024423471,2.86158119582749,5.205156875032201,5.702272500312478,8.988881255225316,0.0,0.0,4.387814777009916,1.6535298066623285,3.9502680507330727,7.771488518128045,7.5166333884859595,8.679526943902355,14.634317962384905,14.278692374109816,0.0,0.0,6.365182478747779,8.35485327489775,10.555300778769718,10.071130110550646,14.759884328542332,0.0,0.0
0.0,3.4562288810374238,1.505694198237041,3.464476558574252,0.14213946992058868,0.02872299638585871,0.022584288871934168,6.388137416671191,2.8662025898914467,5.608713102214147,10.065591041418072,5.848520638460271,0.0,0.0,4.952543590809441,2.873385239742011,5.214337477047843,5.696783820935389,8.975757094880482,0.0,0.0,4.3973876685900395,1.6669999904362935,3.9572689218511337,7.7619921160285665,7.5081387520391445,8.669546582186578,14.649747966037124,14.30317848096786,0.0,0.0,6.361645675869812,8.359040333999541,10.565249485378576,10.064795346446557,14.74891815175445,0.0,0.0
0.0,3.46047555542704,1.5190669241798205,3.4616025797743855,0.14214880553428014,0.02875577967539185,0.022589501641576696,6.404164229715529,2.8629854527512837,5.582609663849195,10.053451579255498,5.8408241267634455,0.0,0.0,4.935626118643746,2.8854286991189038,5.22363942409899,5.692549527684722,8.960898419280458,0.0,0.0,4.406977236123599,1.6810331567207188,3.9643447664749134,7.752490993111615,7.49946510882226,8.659396742534213,14.66494745893045,14.327599352178058,0.0,0.0,6.358732435151426,8.363242770932247,10.57522002412438,10.058350828916831,14.738082969776226,0.0,0.0
0.0,3.464617496050072,1.5323068275845386,3.4587308962229875,0.14215813845083378,0.028788666808280055,0.0225950531726143,6.4206300105122756,2.859819318992856,5.556916025164675,10.041057073256397,5.832357973161201,0.0,0.0,4.918288885635366,2.897642896017332,5.232468434046964,5.689328528125221,8.946321295574279,0.0,0.0,4.416586150985417,1.6950899373584853,3.971545419395868,7.742613401985258,7.4905456973272715,8.648475500258717,14.6801094082846,14.351727572628649,0.0,0.0,6.355696627567671,8.367739299959476,10.58512691105174,10.05159724601705,14.7273655824445,0.0,0.0
0.0,3.46858305491637,1.5455156636360998,3.455916559440769,0.14216789925218415,0.02882253013006748,0.02260068427237121,6.437657027850809,2.857592727109487,5.531229099004885,10.028515040669054,5.8238181351966904,0.0,0.0,4.900949990989727,2.9099607534361707,5.241270521712963,5.688914234589743,8.929292664340233,0.0,0.0,4.4261658190450826,1.7093124243775801,3.9790923859275846,7.732667426195013,7.481454409170822,8.637311025553391,14.695594605567038,14.375874868766983,0.0,0.0,6.352784264499874,8.372321764546179,10.59514888909802,10.044780957068909,14.716493674761068,0.0,0.0
0.0,3.472824270758677,1.5582339132679774,3.4528650766841262,0.14217866267795246,0.028857384304458313,0.02260671294773213,6.455104904018586,2.8563098275206973,5.505291097825608,10.015862192195929,5.815083790801339,0.0,0.0,4.884262813401405,2.9216717575949613,5.249480667374671,5.691553109071962,8.91059073171539,0.0,0.0,4.4359650481562936,1.723515513698209,3.9868350592556143,7.722279275821477,7.471873411958062,8.625602916544702,14.711165812431478,14.400199823440472,0.0,0.0,6.349534956364873,8.377456044007742,10.605302481960157,10.037946777754474,14.705407131487418,0.0,0.0
0.0,3.477170973621782,1.570626986465181,3.4495551789880747,0.14218966290450358,0.02889365176736642,0.022612830293675053,6.4727357818222435,2.8554842041851805,5.479549737409623,10.003132785905372,5.806968117916559,0.0,0.0,4.867739109970376,2.932994971007475,5.257580431676613,5.695036580620436,8.891803781167921,0.0,0.0,4.445897835081017,1.7376206899733866,3.9945931404498047,7.711673563556423,7.462069936316977,8.613675627491046,14.726774327435203,14.424878205172583,0.0,0.0,6.346134954662781,8.382763619528703,10.615451951998661,10.030995350421296,14.69414592741052,0.0,0.0
0.0,3.4815902045382803,1.5826441828753706,3.4459691829126338,0.14220084434045488,0.02893080133050236,0.02261876085249185,6.4909698955656,2.855163148462482,5.4539489921504645,9.990004577670023,5.79987424485437,0.0,0.0,4.851506359973189,2.944149630503125,5.265390134125438,5.700496599537888,8.869375108696703,0.0,0.0,4.456036782855434,1.7515306181094807,4.0024458389341895,7.700956347894993,7.451998238808161,8.601798217623461,14.742487825833882,14.449811169205567,0.0,0.0,6.3429886478524535,8.388040215311312,10.625702347113354,10.023798486516851,14.68269277373577,0.0,0.0
7.105427357601002e-15,3.4861810299248557,1.5946660242700323,3.4423671884762483,0.14221147124773256,0.02896653866493602,0.022624665887135218,6.508991645812583,2.854523391928737,5.428761063569399,9.976625305995334,5.791612681531647,0.0,0.0,4.835334553005574,2.9555159090507153,5.273489056892667,5.705058311844388,8.846988885012303,0.0,0.0,4.466388798925537,1.7654837734576954,4.010272816392115,7.690333702463754,7.441835156401937,8.589977697202876,14.757636830814507,14.474669255594437,0.0,0.0,6.34021355828762,8.393333225399777,10.63602387402963,10.016267418560309,14.6711725291058,0.0,0.0
7.105427357601002e-15,3.4907418276368682,1.6065820869780354,3.438790774232076,0.14222116802471002,0.029001714991484386,0.022630397751464807,6.5274392398456005,2.852704328438913,5.405030798222687,9.96265020521754,5.78393416541797,0.0,0.0,4.818065167794465,2.967111165431153,5.279813752069853,5.703769942278601,8.81746658261022,0.0,0.0,4.476821005320043,1.7792067031771608,4.018320307170822,7.679574080559633,7.4314295860218955,8.57798234190961,14.77246884386371,14.499271103282082,0.0,0.0,6.337455642704555,8.398596034402166,10.646266097117126,10.008317242021896,14.65977483652331,0.0,0.0
7.105427357601002e-15,3.4955392023488843,1.6185012608108624,3.435358052201565,0.14223065102530183,0.02903725719487937,0.02263632092195292,6.546220825331974,2.850771892312071,5.381851736617562,9.948522653361966,5.776998966662627,0.0,0.0,4.800870717500776,2.9789759587149107,5.285559997919793,5.701080576297023,8.787632778191954,0.0,0.0,4.487427190906612,1.7928697969802292,4.026584263798069,7.668712618757659,7.420949231912943,8.565880021444292,14.787191829197525,14.523947701793421,0.0,0.0,6.33476170301427,8.4039468497411,10.656549733912003,10.000147192113824,14.648439788200973,0.0,0.0
7.105427357601002e-15,3.5007191042306363,1.6300586948989475,3.431789740121249,0.14224077751131092,0.029074469770981895,0.022642846432236022,6.5651159296831345,2.8490530365285203,5.358931675616814,9.934111238725702,5.77000909262467,0.0,0.0,4.784137462165345,2.990526986931467,5.290466738198262,5.697941005579371,8.754370695999123,0.0,0.0,4.498154909457411,1.8063560276405213,4.034955197338056,7.657267779075819,7.410228649406594,8.55263642763872,14.8016718398247,14.548309523359755,0.0,0.0,6.331564819597306,8.409854184048209,10.666707491185434,9.991391386633044,14.637032512292473,0.0,0.0
0.0,3.5059956606070246,1.641260245570509,3.4280918823381805,0.1422511843449934,0.029112424323312437,0.02264926590258075,6.5840006083589016,2.8478504130800624,5.336200895844441,9.919517141862316,5.762811301999664,0.0,0.0,4.7678956064855536,3.0017004762109973,5.295598426537431,5.696410390849464,8.717371648782887,0.0,0.0,4.509026998421355,1.8197065906414314,4.043199334720216,7.645605689704239,7.399323009106597,8.53905213453606,14.816154464380444,14.572439598604104,0.0,0.0,6.3283284912599935,8.415936075837823,10.67677987145672,9.982595203690773,14.625595876036224,0.0,0.0
0.0,3.511166952457069,1.6523727958075212,3.424368612313329,0.14226233259330062,0.029151854285729098,0.022655521830202065,6.602755210157028,2.8474752285628355,5.313443264367446,9.905108566777805,5.755974322647481,0.0,0.0,4.751433931909617,3.012993984983868,5.300746230186466,5.696194967425335,8.677894094316311,0.0,0.0,4.519831136209538,1.8330206588414295,4.0517753237824925,7.633692049672164,7.3882282279272165,8.52514784641458,14.830901844100396,14.59641740760833,0.0,0.0,6.324992396757238,8.422353053062308,10.68686822838196,9.973740912119087,14.614097244386231,0.0,0.0
7.105427357601002e-15,3.516530457639233,1.6635292158158856,3.4206231530848963,0.1422736478967323,0.02919189091235835,0.02266142160994721,6.621848738617727,2.847635822688433,5.290678063625899,9.890982555224788,5.748766475023679,0.0,0.0,4.735403464745046,3.024737538848702,5.305809116424708,5.697140621956724,8.636519825435059,0.0,0.0,4.530737683828575,1.846141873679801,4.060650435230284,7.621707559282958,7.377103624100693,8.511291513803217,14.845972586468118,14.620963291611021,0.0,0.0,6.321731779114291,8.428900211925697,10.697055688997215,9.964837469647929,14.602584648029662,0.0,0.0
0.0,3.5222763681626525,1.674469344347179,3.416987246817356,0.14228502706137225,0.02923260040931888,0.022667120548667027,6.641227408729207,2.8483612841477197,5.267912189495593,9.87692760450632,5.741874701655739,0.0,0.0,4.720236259855896,3.0364933855695995,5.310734985540425,5.699084779120564,8.594886319805674,0.0,0.0,4.5418770278502505,1.85909990851702,4.069706112231553,7.609671995644881,7.365844687867441,8.497529439082465,14.861181015771008,14.645858732587893,0.0,0.0,6.318711880334381,8.43542062373589,10.707441886440325,9.955934119925582,14.59088997917185,0.0,0.0
7.105427357601002e-15,3.5283781343484555,1.685250588954879,3.41344669258426,0.14229592815724346,0.029273112911135196,0.0226726429484541,6.660722775782496,2.8492641020057157,5.245399208158166,9.86283837457433,5.735268682402758,0.0,0.0,4.7054656710845695,3.0482285232155895,5.315985571893367,5.700466408242931,8.554374479082167,0.0,0.0,4.55338084742304,1.8720227122295017,4.07879934632073,7.597660771762041,7.354468027304353,8.48383638795417,14.876165700251034,14.670843024003792,0.0,0.0,6.316020714951953,8.441923926934846,10.717892351218294,9.946872702056561,14.579030293811451,0.0,0.0
7.105427357601002e-15,3.534875731545041,1.6958488152705917,3.4099625858321887,0.14230648086069506,0.029313561209254574,0.02267806732159046,6.6803726702205095,2.8505027206037554,5.223143498524012,9.848965405974948,5.7289008554907035,0.0,0.0,4.691454133869733,3.0598856404883903,5.321670230742648,5.701527857176603,8.517939838929522,0.0,0.0,4.565265733556089,1.884821567349927,4.087790714565845,7.585636239898406,7.3430449156863755,8.470276887210288,14.890955281734518,14.695957609877407,0.0,0.0,6.313623570201188,8.448427935471496,10.728403656750393,9.937785680868895,14.567034492331794,0.0,0.0
0.0,3.5417943832304077,1.706071894488382,3.406471544122115,0.142316357487583,0.029354978863408696,0.022683247459452664,6.699827764924072,2.8517153630466345,5.20166763915698,9.83523577850081,5.723013056370189,0.0,0.0,4.6779504195705,3.07137119517866,5.326775566942341,5.698570218545398,8.482921648653841,0.0,0.0,4.577426410022502,1.8972037521837364,4.096704196595096,7.57347220221451,7.33154832453075,8.456887108313278,14.90526982870838,14.721377635248052,0.0,0.0,6.311495376578975,8.454931827962163,10.73893929947024,9.92852770611174,14.554920752040235,0.0,0.0
7.105427357601002e-15,3.549190294904317,1.7163567833562883,3.4030639650297916,0.14232616787073799,0.029397286303035276,0.022688401604736202,6.71966458350556,2.8525598612774212,5.180504580571891,9.821279831952214,5.71874355254326,0.0,0.0,4.665102654607044,3.083361028409398,5.3308364114356035,5.696189667763738,8.449567050015641,0.0,0.0,4.589798916819913,1.9094245338224605,4.105822368898632,7.561044447091195,7.319912624969226,8.443645718757725,14.91957429060094,14.747524540699295,0.0,0.0,6.309865133382524,8.461325137641838,10.749504374587291,9.91917676268224,14.542943448814656,0.0,0.0
0.0,3.5567301518591687,1.726656459712153,3.399718454365192,0.1423362333617104,0.02943928819929799,0.02269310080298853,6.7394665545273496,2.8537416690219533,5.159528092666067,9.807569253777011,5.714449128604617,0.0,0.0,4.652445786426569,3.0954513496079645,5.33473653430887,5.69401921569699,8.415896428964471,0.0,0.0,4.602149493774569,1.921589074096006,4.11507422373142,7.548663219433768,7.308196541169696,8.430505794255719,14.933838331779462,14.773631765352299,0.0,0.0,6.3086591042252,8.467799192332361,10.760351563357977,9.909806758094234,14.530965911366549,0.0,0.0
0.0,3.5641810607736035,1.7370365213202152,3.3963825131862624,0.14234602113391748,0.029481631785257405,0.02269775835897672,6.7593239170943615,2.854724882744295,5.139032038679417,9.793888527793689,5.7099156496008225,0.0,0.0,4.63878343700649,3.10779012215007,5.337587558896788,5.690894064109217,8.379605428733239,0.0,0.0,4.614339165494593,1.9336844080842694,4.124461529388339,7.536180579885028,7.296356756944557,8.417406800337199,14.947974374683305,14.799037034284153,0.0,0.0,6.307767047142561,8.474382957846368,10.771372943077086,9.9000484885393,14.519182104882711,0.0,0.0
7.105427357601002e-15,3.5717221059707724,1.747130526755967,3.3932597439270014,0.14235588160947932,0.029524990997262104,0.022702937538701257,6.779320874783755,2.8552194584923796,5.1190594336299275,9.780121490056331,5.704979293991284,0.0,0.0,4.625107959643694,3.120211139896722,5.339987705171833,5.687663803588477,8.338873351303286,0.0,0.0,4.626492471125441,1.9455084930051423,4.134133166356255,7.523178139572403,7.284352880091872,8.403595183804446,14.962059894485945,14.823884264014602,0.0,0.0,6.306446348926188,8.481275477093096,10.782126698173267,9.889678130603258,14.5075176923632,0.0,0.0
0.0,3.5792189739554217,1.7563284109488255,3.38992488761005,0.14236750670537554,0.02956904338604618,0.02270920514705475,6.79876536722013,2.856390031195923,5.09913012043761,9.76637217534876,5.700084910820962,0.0,0.0,4.611506320753728,3.1317266546431406,5.342000654842807,5.686863140578675,8.28928679848319,0.0,0.0,4.638642695506589,1.9568352935105504,4.143608341916468,7.5093430336660365,7.272007057645984,8.388069145653661,14.976086587955871,14.84792816313512,0.0,0.0,6.303535230798195,8.4887797193836,10.792004344067765,9.878798308517835,14.495644864101006,0.0,0.0
0.0,3.586911935977165,1.7653628864290338,3.386563950094543,0.14237962048694044,0.029613354369111226,0.02271542674518969,6.818941977607151,2.857735860546459,5.079147138901852,9.752519716961272,5.693751818886883,0.0,0.0,4.598404418243996,3.1434684951196012,5.343345808227191,5.68821073987499,8.233247539511952,0.0,0.0,4.650973610773544,1.9679650641738393,4.153303392137371,7.495342365957435,7.259474268988742,8.372493982856037,14.990378819572427,14.872155437249688,0.0,0.0,6.300747117691621,8.496343439342684,10.801944598681796,9.867771698201688,14.483745007814301,0.0,0.0
7.105427357601002e-15,3.594676730437131,1.7744195935539788,3.383268592017954,0.14239177010500065,0.029657121022097485,0.0227214237485643,6.839369437777604,2.8591913290652378,5.059248983926184,9.738872550261632,5.686895712693364,0.0,0.0,4.585601853795581,3.15551279181418,5.344327416031588,5.689752462034096,8.17583980352318,0.0,0.0,4.663231158022506,1.9789421020438733,4.163095349370181,7.48129554172826,7.246863337441508,8.357044155680928,15.004690120357177,14.896860148360611,0.0,0.0,6.298383844356077,8.503976362852628,10.812101801761669,9.856716072052013,14.471692583498005,0.0,0.0
0.0,3.6024887499731615,1.783087090198499,3.3794963218684644,0.14240333713000297,0.02970038101882166,0.02272700044809512,6.859734686310165,2.8604128444471457,5.03963392935909,9.72521621792307,5.6783681413648655,0.0,0.0,4.572626771664399,3.1671785269537462,5.344111019886481,5.6885751988247835,8.108068439262555,0.0,0.0,4.675452131383547,1.9895604332914019,4.172245778449802,7.467101342824528,7.234033834705364,8.341737111815364,15.018586848364054,14.92148368893784,0.0,0.0,6.296507770810143,8.511677274324994,10.822345055546204,9.845552474756685,14.459579584810575,0.0,0.0
7.105427357601002e-15,3.6106610151962317,1.7914326028793142,3.3756230013092976,0.1424141428040583,0.029744571133245443,0.022732474918569494,6.880530644564753,2.8617377831087008,5.020504178659931,9.71127844595661,5.669149964483904,0.0,0.0,4.560568717339899,3.1788746565202106,5.3426309341558476,5.686957286688084,8.035325358295385,0.0,0.0,4.687727050732667,1.9997196116303253,4.181318980702442,7.45263579689237,7.221056238809446,8.326476426898264,15.032425173881306,14.946334862166392,0.0,0.0,6.294934507347856,8.519381483787189,10.83279587798595,9.834110170931682,14.447709976964493,0.0,0.0
0.0,3.6193213938849094,1.7991761571856586,3.3709709198734212,0.14242506161545473,0.029789400737238514,0.022737370913534526,6.901660511806256,2.863214516664579,5.001321192557316,9.697358483565274,5.659287885293674,0.0,0.0,4.550017144574719,3.1899099644003,5.340340463213321,5.686338311228256,7.955418271836802,0.0,0.0,4.7003154251220565,2.009348368091732,4.189733736078365,7.437974139159399,7.207895888533083,8.311376303132898,15.046223934488225,14.971249332431452,0.0,0.0,6.293690386692219,8.52706598431589,10.843322430824314,9.822692282436513,14.435719210163764,0.0,0.0
0.0,3.6282217900882396,1.8067935105591704,3.3662806964990013,0.14243592454204823,0.029833684422669576,0.02274208646292294,6.9231956773208045,2.8648156211897566,4.982069996089253,9.68346804036924,5.6497384920926565,0.0,0.0,4.540053195396314,3.2009221035907074,5.337472106842948,5.6865964146764965,7.87431091914396,0.0,0.0,4.713155566696513,2.018903681040575,4.198108282656279,7.423290060281718,7.19463754582153,8.29638569650166,15.060157197731849,14.9960207899988,0.0,0.0,6.292672973659197,8.534742411214456,10.853945718884127,9.811251214356078,14.423708356065674,0.0,0.0
7.105427357601002e-15,3.637190339681897,1.814362577838067,3.3616095154730794,0.1424467147301121,0.029877713157910473,0.02274655331118776,6.945096278840154,2.866533051169073,4.962957089471693,9.669808425693148,5.639874446417205,0.0,0.0,4.531021570397844,3.2121214240968063,5.334474890003804,5.687823215335229,7.796086827482154,0.0,0.0,4.725950936926142,2.0282132564064566,4.206445475013933,7.408501397417762,7.181391027058285,8.281513661011632,15.074267304483206,15.021379988684945,0.0,0.0,6.291923398831614,8.542459107016045,10.864629711007924,9.799887561628555,14.411589978624084,0.0,0.0
0.0,3.6460215807461136,1.821894820538473,3.3568922240703434,0.1424577598183462,0.02992105385337895,0.022750569338037048,6.967041868146029,2.868758708126616,4.943860506325666,9.65644478888253,5.629364617302928,0.0,0.0,4.522595269914023,3.223357534418826,5.3310409699136,5.689818516465174,7.7193802271514835,0.0,0.0,4.738577616811396,2.037332500988534,4.214928839915907,7.39354283526592,7.168064958134912,8.266680048822739,15.088696263555132,15.046734915764446,0.0,0.0,6.291403180309868,8.550178973300818,10.875390823647997,9.788591320430713,14.399446389557282,0.0,0.0
7.105427357601002e-15,3.654800079112112,1.8291213354751885,3.3521690003986775,0.14246871686061738,0.029963864891265193,0.022754779017695483,6.9888358015021455,2.8712351642859564,4.924800907851351,9.643275551108308,5.618749486491478,0.0,0.0,4.514487952902222,3.2343664742378992,5.327305217939219,5.691418429244698,7.642746240281096,0.0,0.0,4.751080598163014,2.0462208960627617,4.223340573511825,7.378034430247161,7.154640208407351,8.251154894707918,15.103159990968813,15.071710512012194,0.0,0.0,6.290446409208868,8.558238535476946,10.885803159661437,9.777058498672298,14.387276185416866,0.0,0.0
7.105427357601002e-15,3.6633584341679635,1.8356012246185378,3.3469499024500937,0.1424794674507233,0.030007477839630564,0.022759076742165284,7.0103078946504755,2.8736431280062775,4.906059470833911,9.63051658317122,5.607212718787142,0.0,0.0,4.506385893247154,3.2444642277775713,5.322965443346573,5.690575143103529,7.564176434889493,0.0,0.0,4.763468892885155,2.0545253651098396,4.23099118588142,7.36208747270321,7.141056499777211,8.234966132764571,15.117385507543833,15.096209257752333,0.0,0.0,6.288974796935478,8.56656666483888,10.895796628246028,9.765319935329007,14.375165515316917,0.0,0.0
0.0,3.6717054173019856,1.841676055251271,3.3415385150323798,0.14249005617943566,0.030051393475144364,0.022763539358754952,7.031910094295611,2.8758675155797375,4.887580464507938,9.617726122213982,5.595787147639913,0.0,0.0,4.498045062399857,3.254073561192476,5.317849632670459,5.688862751338818,7.4840955600848975,0.0,0.0,4.775718161954748,2.062593022152321,4.238386714829935,7.345817239866905,7.127293875233497,8.218201777427982,15.13147327214103,15.11998678922103,0.0,0.0,6.286856331280332,8.575166612237796,10.905478732177826,9.753181781336599,14.362978684770512,0.0,0.0
7.105427357601002e-15,3.680117488130057,1.847696236672791,3.3362675785229428,0.14250089204370114,0.03009467152884999,0.022767796928726176,7.053889537395463,2.878122359982472,4.869158983502509,9.604919182104375,5.585316683582538,0.0,0.0,4.490193692112725,3.263887273913504,5.312120411887419,5.687623549809299,7.4063717117710475,0.0,0.0,4.787989023955135,2.0704737798260524,4.246006711356627,7.329477384578687,7.113499136280579,8.201522705466049,15.14573437974362,15.14397841020932,0.0,0.0,6.284778453947548,8.583827861468603,10.91522627278412,9.740888694627337,14.350730445883325,0.0,0.0
7.105427357601002e-15,3.688557016150687,1.8532986078079674,3.331119423450271,0.1425113793815729,0.030138948390986745,0.022772259141454403,7.076461704245727,2.8798546283533883,4.850839383844922,9.592278111587914,5.575194101443711,0.0,0.0,4.483194121962929,3.273901065775364,5.305361099383337,5.685096989035538,7.3296296235658325,0.0,0.0,4.80013828022092,2.0775062901693224,4.253718569117129,7.312729968451066,7.09975380240214,8.184851065269656,15.160050837815561,15.169249219398758,0.0,0.0,6.282654111471101,8.592524711439095,10.924901880571522,9.728260446853684,14.338322076379121,0.0,0.0
0.0,3.6969060430383425,1.8589040193242812,3.3260819132859774,0.14252215965140652,0.030181948346725537,0.022776415103384986,7.099340027517228,2.8815751121998727,4.832604455292189,9.579861857258102,5.564200715196932,0.0,0.0,4.47621121526496,3.28415786240681,5.298019359796967,5.683230143323723,7.255409604611837,0.0,0.0,4.8122583840956805,2.0842624003158337,4.2615233048573975,7.295817936900528,7.086003996670491,8.16834836205942,15.174443923697682,15.194283000839167,0.0,0.0,6.281087523167793,8.601288412805335,10.934791617043032,9.715850330563145,14.325939267402106,0.0,0.0
7.105427357601002e-15,3.705265739137206,1.8645892946884146,3.3211279943957064,0.14253310153981258,0.03022368739544388,0.022780316983223834,7.122498980223761,2.8833456484667064,4.814343979798398,9.567731533837762,5.553000709354935,0.0,0.0,4.469137296210331,3.294644854435487,5.289990912758442,5.681219600934147,7.183057922601388,0.0,0.0,4.824504980858172,2.090960061184003,4.269473860802574,7.278878989153501,7.072174081354835,8.152036944644586,15.188926073295283,15.218828779682772,0.0,0.0,6.280068645308239,8.610022972021483,10.944954214116164,9.70360787392778,14.313514580166784,0.0,0.0
0.0,3.7136935014721666,1.8703530203030603,3.316189108354571,0.14254340295887438,0.030265308347313957,0.022784101498840872,7.146379174958603,2.885160464498748,4.7959506917507575,9.555248129579168,5.541631154806644,0.0,0.0,4.461932941843076,3.3053422585272876,5.280796764289398,5.6795088817572505,7.111729725678055,0.0,0.0,4.836926960321735,2.0976548871210134,4.2775481165025235,7.261638987195163,7.05826977632827,8.135850913043221,15.203642226054427,15.242858975796343,0.0,0.0,6.279234395340212,8.618791015755361,10.955254387608385,9.691237774844407,14.30133741259605,0.0,0.0
0.0,3.7217582057832144,1.8756066060822048,3.3108937072536513,0.14255364927962383,0.03030762665535749,0.02278796093310704,7.169724138960307,2.8867087179825277,4.777640809983667,9.543009354203333,5.530558577227305,0.0,0.0,4.4546825597249695,3.3153291868842594,5.270768548115587,5.6748833819995985,7.044734595896889,0.0,0.0,4.8490153445575235,2.103989596325149,4.2850405199050545,7.243840553800661,7.044118083206221,8.118698906388909,15.217973925535011,15.26629999848358,0.0,0.0,6.277158863287305,8.627746125386748,10.96453828564126,9.67802787543018,14.289024388623877,0.0,0.0
0.0,3.729874345463404,1.8804372411365642,3.305219966889788,0.14256257690133392,0.030349559469704347,0.022791493433634093,7.193571897237497,2.888051706744585,4.759524632090131,9.530860341038467,5.519309452177486,0.0,0.0,4.4486207304862075,3.324892127328745,5.260101533378952,5.668640697465127,6.980968051284737,0.0,0.0,4.86101352075023,2.1097978004780744,4.291758407868652,7.225731682371445,7.0298506754064745,8.101619878600207,15.232094330450066,15.290096930610407,0.0,0.0,6.274989483117386,8.636766875894109,10.973656339458545,9.664624224396666,14.27669345381007,0.0,0.0
0.0,3.737453121330857,1.8844387381196879,3.299089169651434,0.14257245377700603,0.03039011318588068,0.022795381871931072,7.216716925816969,2.8893007692968093,4.741257090933956,9.51912145891028,5.507569543892652,0.0,0.0,4.443582949270124,3.3335308772351593,5.249465782757896,5.661416441942736,6.920004136461464,0.0,0.0,4.872291047241679,2.1149144760517418,4.297736329644814,7.206831950121493,7.015394020902778,8.083226055449234,15.245981432332172,15.313718426843945,0.0,0.0,6.271329484524675,8.646209418295285,10.981548166354022,9.650676018181768,14.264016903723016,0.0,0.0
7.105427357601002e-15,3.7446197097671137,1.8880924733012796,3.2927490709862033,0.142582979431994,0.030431105880283485,0.022799405595754108,7.239720975965557,2.8908133170129657,4.723031169586668,9.50738905173747,5.4949755946795245,0.0,0.0,4.4385022935323475,3.3418566641879397,5.2391187617991495,5.65479610288441,6.864728122272826,0.0,0.0,4.8833130459982,2.1196439559594884,4.303601827044536,7.187536634648981,7.000800340044091,8.064437745004382,15.260246523004353,15.337258985998423,0.0,0.0,6.266941674833118,8.655731663702198,10.988984299061897,9.636725197573417,14.251206598555523,0.0,0.0
7.105427357601002e-15,3.7516556976374607,1.8917147485895325,3.2864380309196526,0.142593564264614,0.030472161201184837,0.02280358086230612,7.262528126348729,2.8926090034333427,4.704723716764336,9.496038326245262,5.482222722757405,0.0,0.0,4.433318880159451,3.350242225431462,5.2289808767093024,5.648410284285638,6.812801304868442,0.0,0.0,4.894275759279019,2.124260184049813,4.309552692331258,7.168088687384423,6.986229225793711,8.045615480819475,15.274778332670701,15.36074459116086,0.0,0.0,6.262493825166396,8.665399404726005,10.996257568588463,9.622831845627235,14.238524815359847,0.0,0.0
0.0,3.758823646119931,1.8953701665438594,3.280369685438291,0.1426040251980687,0.030512886325092144,0.02280768716940776,7.285697153887506,2.894473100986958,4.686372812649289,9.48468356214457,5.469914959970055,0.0,0.0,4.428473081416267,3.358917165291824,5.218319525161256,5.641251761071199,6.761482728139829,0.0,0.0,4.905389789140508,2.128722069389132,4.315760242005432,7.148419659564217,6.971684491485354,8.026869444079296,15.289409614878435,15.384305254121314,0.0,0.0,6.2584493660743705,8.675172677772618,11.003765452856998,9.608930461877716,14.225577972414715,0.0,0.0
0.0,3.7660448651321436,1.8991213427741735,3.274415056061689,0.14261407873674786,0.030552500522565716,0.022811154538414737,7.309062726222134,2.8962360776370346,4.66808668299746,9.47362890241602,5.4578013345402825,0.0,0.0,4.424050845520364,3.367796115480727,5.207103911714495,5.633348696732333,6.710525255312013,0.0,0.0,4.916620236383555,2.1331174241301962,4.321848756529012,7.128681303186377,6.957147837667586,8.008204391686853,15.303983554377513,15.408180218415835,0.0,0.0,6.255011358503797,8.685022487942428,11.011400613596043,9.595068861157841,14.21254785371656,0.0,0.0
0.0,3.7733145811074964,1.9027764116231702,3.2686219126004525,0.1426239212949113,0.030591716892048208,0.022814878006066252,7.332766504249793,2.89809829947911,4.6493677664146675,9.462753854422587,5.445937435495019,0.0,0.0,4.420287076908106,3.3769123977533324,5.195203256122025,5.62495066057,6.661482340453398,0.0,0.0,4.927677882438378,2.1372323074693744,4.3281193093387,7.1087366202086235,6.942608197432407,7.989669209532838,15.318867027230342,15.432149446968362,0.0,0.0,6.25170477054032,8.694845037951914,11.019135494104749,9.58115421275778,14.199444159146404,0.0,0.0
7.105427357601002e-15,3.780395765023474,1.9062964474392623,3.2625320502757686,0.14263371829564198,0.030629991925392373,0.022818125224623717,7.356359702723721,2.900349391286197,4.630647130700443,9.452360475577574,5.433242378625539,0.0,0.0,4.417527695104632,3.385829967388418,5.1832946038673615,5.616302549700314,6.6163190008676835,0.0,0.0,4.938491768258701,2.1411080663755637,4.334303469941453,7.088747183139636,6.928086316184345,7.971407483092368,15.333967126574077,15.456268327286661,0.0,0.0,6.248700220221635,8.704722956393729,11.026868196539985,9.567565637989647,14.186643549078326,0.0,0.0
0.0,3.787658793950539,1.9096233134186156,3.2562537657365835,0.1426436916774646,0.03066827623953986,0.02282113697306681,7.379946393393069,2.90281859827564,4.611890691277275,9.442270480236507,5.420570842395444,0.0,0.0,4.415929261037603,3.3944566205235693,5.1713522261408835,5.607279777993892,6.573227848224913,0.0,0.0,4.949461127057074,2.1448127134118353,4.340278404563036,7.068801333306397,6.913508516231414,7.953372561995455,15.349044869098725,15.480275256067241,0.0,0.0,6.24607067156205,8.714559541564427,11.034734893998333,9.554169100912816,14.173948861869814,0.0,0.0
0.0,3.7949828568768966,1.9128815231854046,3.2498192954339316,0.14265306198617092,0.030705568114900012,0.02282332206707624,7.403204573596334,2.90501208556613,4.593346356475769,9.4323173785067,5.408520537820268,0.0,0.0,4.415344966598768,3.4029381740040336,5.159011659656241,5.597265492443947,6.531004733426469,0.0,0.0,4.960420936107227,2.1483560899398473,4.345820681829185,7.048666647673302,6.898932368135824,7.935482710266481,15.363859829643385,15.504597519655702,0.0,0.0,6.244178145136038,8.724394191682935,11.042661771101884,9.540882828086927,14.16151389829361,0.0,0.0
0.0,3.8023732233824226,1.9159677332154983,3.24323995979766,0.14266144212717846,0.030742058855447327,0.02282520998374103,7.426556448956553,2.9076169484324383,4.574642327332761,9.422462675772211,5.3967664178664645,0.0,0.0,4.41578072839428,3.4112895563936503,5.146427351340133,5.586509454980234,6.487879567704679,0.0,0.0,4.97138904577241,2.151623896249479,4.3513018243354695,7.028334299380251,6.884289985710032,7.9177807076979345,15.37894806691988,15.52921852520381,0.0,0.0,6.242336088863903,8.734243477472468,11.050599590266568,9.527607234274514,14.149106055677358,0.0,0.0
0.0,3.809593052974659,1.9185901767362779,3.2359872464426473,0.14266805353748854,0.03077798813374644,0.022826718022219555,7.450003331215436,2.910214188496378,4.556126760402752,9.412823090444446,5.3853695067927045,0.0,0.0,4.417144042676241,3.418999012442071,5.133598385868789,5.573740918691638,6.436665791719157,0.0,0.0,4.981955485020899,2.154319970804413,4.355996379206978,7.007817479254772,6.869515648211672,7.900228219626066,15.393976360687702,15.554298825084226,0.0,0.0,6.240328805545953,8.744041818257854,11.058406846685788,9.514238777831368,14.13682758990394,0.0,0.0
0.0,3.8167525665773927,1.9211013780948951,3.2288780884006014,0.14267497641876584,0.030813715929845786,0.022828166671108388,7.473662189626323,2.912884034183237,4.537334665374628,9.403715488538204,5.373212222462968,0.0,0.0,4.418665884841783,3.4268150040612952,5.120119421566562,5.5603746020500475,6.382842711123909,0.0,0.0,4.992578379881579,2.156714475349056,4.3610504987727055,6.987281882452535,6.854672182228964,7.88280627696075,15.40923465377342,15.579016255085236,0.0,0.0,6.238798278025545,8.753754319805724,11.066323303865287,9.501158890189965,14.124076994373043,0.0,0.0
0.0,3.823753910359941,1.9238094533474202,3.2218579758240216,0.1426832957678755,0.03084889465222637,0.022830125447735633,7.497087805338838,2.915294282455314,4.518425852239886,9.394167718162215,5.3606867336633695,0.0,0.0,4.41993829950502,3.4350346304689956,5.106205675215941,5.54708405603565,6.320262778926409,0.0,0.0,5.003255208217976,2.159225185972232,4.366288855015971,6.966303892067919,6.839782228003418,7.865047126415866,15.424468524323082,15.603465600567338,0.0,0.0,6.236605214023565,8.763354189336692,11.073785628555292,9.487614002017924,14.111074537850214,0.0,0.0
0.0,3.83057072302976,1.9263493342372704,3.214614448382161,0.14269094697559134,0.030883824889096585,0.022831919085586915,7.5205573855862635,2.918192935631744,4.499636687341178,9.38392801218255,5.347781295555292,0.0,0.0,4.421649589138749,3.44311785947113,5.092574958758576,5.533441984694781,6.2408046643363555,0.0,0.0,5.0137817831998515,2.1615347663655164,4.371446808395799,6.944788376284305,6.824489180782731,7.847121052241709,15.439827555782186,15.627073964541736,0.0,0.0,6.233584174500962,8.773135119763026,11.080712264672751,9.474016729044058,14.09817846559309,0.0,0.0
0.0,3.8373821928665506,1.9287444861357532,3.207266799869907,0.14269839220364208,0.03091815492759287,0.02283328483501085,7.543809024794384,2.9212660307176037,4.4808412637412625,9.373787158196933,5.335364176621604,0.0,0.0,4.424218525143368,3.4509105260134127,5.079127329590506,5.518706909617017,6.163133222214965,0.0,0.0,5.024281002700104,2.1637451751357397,4.3764382563120385,6.923125224295352,6.809088970021991,7.829151454224945,15.455171444552287,15.650776412061866,0.0,0.0,6.230616901927207,8.782965291816348,11.087392937723536,9.460376831885668,14.085473082055298,0.0,0.0
0.0,3.843666955475577,1.9305268049610544,3.1996332757105135,0.14270531234795975,0.030952191342558177,0.022834340118922124,7.5661580176970915,2.924222280322057,4.462532223707593,9.364376490857106,5.322855044903167,0.0,0.0,4.427150150984034,3.4580974164687626,5.065395320419209,5.500857670808399,6.086971588538923,0.0,0.0,5.034129516558944,2.165330503609966,4.380746155878569,6.901075248343658,6.793316677437468,7.810485451849691,15.470173295553764,15.674522042470906,0.0,0.0,6.226652651288886,8.792927748138776,11.092985389718834,9.446125184360985,14.072740365888244,0.0,0.0
0.0,3.849597717544873,1.9320878516011122,3.191613240065902,0.14271201301381936,0.03098524854164413,0.022835064266358642,7.588836739199315,2.9272916086431344,4.444214592885297,9.354727152828907,5.308848849817714,0.0,0.0,4.431254361727566,3.4647733647801897,5.051421860392733,5.4812756699124145,6.014734529639661,0.0,0.0,5.043604076132579,2.1666531192661873,4.384650376871115,6.878377539217681,6.77743360021799,7.791329682687851,15.485202907029183,15.69861882256567,0.0,0.0,6.221992034934883,8.80303472990475,11.097782528918845,9.431815829563204,14.059512765059745,0.0,0.0
0.0,3.8552175068642187,1.9335495366472877,3.1837455242438,0.14271880741516965,0.03101758507153687,0.02283585907280473,7.611863274391293,2.9304030391022837,4.426190194478022,9.34451426498899,5.2926070572604615,0.0,0.0,4.434889694515408,3.4712583323724315,5.037298499769895,5.460025773206046,5.943507720694088,0.0,0.0,5.053094387404473,2.167946372538917,4.388688179519516,6.854862129675579,6.761388984588153,7.771137933537747,15.500181293625712,15.722369448263331,0.0,0.0,6.216277835932299,8.813502022528505,11.101283600097776,9.41722094277101,14.045673719981327,0.0,0.0
7.105427357601002e-15,3.8603102953116704,1.9346420778823126,3.175414768410485,0.14272566587115046,0.031049129994882563,0.022836234990979747,7.634891208437485,2.9337671771525224,4.408463488260655,9.334936461399375,5.274852816609539,0.0,0.0,4.439432360754682,3.4770662289995737,5.022814552588955,5.437523136642707,5.872473931004258,0.0,0.0,5.062173881284989,2.168884334209731,4.392344948194543,6.831240360514611,6.74518361702639,7.751164198301745,15.515013575368144,15.745942000703542,0.0,0.0,6.210865448506624,8.823943057745955,11.104638697477778,9.403263445223544,14.032060398370659,0.0,0.0
0.0,3.865369535517729,1.9358098400226642,3.1672280363114615,0.14273248081971215,0.031080293898820537,0.022836362226698322,7.658208575103869,2.9374862724726767,4.390519513947048,9.325328777781902,5.257094017410552,0.0,0.0,4.444460424638683,3.4830389497269616,5.008182335470644,5.41449864806696,5.801679539619526,0.0,0.0,5.071308314336715,2.169777452248135,4.396347598199713,6.807498524005367,6.729012894079358,7.731394276385085,15.530157659617991,15.76970245463487,0.0,0.0,6.205702356851104,8.83431898665093,11.107977838692328,9.389534984641305,14.018647903945629,0.0,0.0
0.0,3.8702406128926135,1.9370056462998015,3.1592049322509554,0.14273884589710772,0.031110213637558753,0.022836325235053082,7.6816782440007545,2.9417835746171277,4.372397315947113,9.316030513760301,5.23953491795263,0.0,0.0,4.449810605808412,3.4892204612182756,4.99344089591823,5.391365853853056,5.732638466003917,0.0,0.0,5.080401118144147,2.1705423555280103,4.400662275337818,6.783724287441778,6.712837024124925,7.711840067812999,15.54564978453963,15.793824098759833,0.0,0.0,6.200674334014743,8.844627314485251,11.11134840492506,9.375942740291514,14.005326825362529,0.0,0.0
0.0,3.875202146819208,1.9383088457600892,3.151352797133463,0.14274488218656384,0.03113931965809351,0.022836048326352932,7.705345064169441,2.946375518867102,4.354350475844035,9.307250329052083,5.222559903726492,0.0,0.0,4.4555207018826914,3.495582457980623,4.978648898288267,5.368307232678981,5.666132690163636,0.0,0.0,5.089566862077216,2.171312082536114,4.404990198844928,6.759994041420376,6.696589553604431,7.692287268928726,15.561179782404556,15.818338550296536,0.0,0.0,6.195473976648807,8.854920326011829,11.11445452546145,9.362161367736308,13.991806102387455,0.0,0.0
0.0,3.8800581643794,1.939733026872696,3.1437413374943026,0.14275044248210095,0.031167497985463408,0.02283550208839201,7.729057229814133,2.951377540733772,4.336365626168274,9.298073451689806,5.205864029191705,0.0,0.0,4.461273016830478,3.501985517708087,4.964226498678833,5.344375750423722,5.6011954773536345,0.0,0.0,5.0989378742450455,2.1721181016292794,4.4094991199348925,6.7359409992442485,6.68014772211347,7.672560744220694,15.576847961620738,15.842212228373032,0.0,0.0,6.189815075134783,8.865211147939377,11.11715152849805,9.34814008969811,13.978024480777636,0.0,0.0
0.0,3.884730410809523,1.9411094354643545,3.136050558117865,0.14275453687783418,0.03119510865721964,0.02283479392319377,7.7521972041232345,2.9566857732149656,4.318863751288288,9.288555177253746,5.1890120232513,0.0,0.0,4.467264887056854,3.508214372952722,4.950007384196471,5.318918630052614,5.538869509888903,0.0,0.0,5.10830413552706,2.1728370246996405,4.413830165421921,6.7114704798285105,6.66346894077638,7.6525321706460225,15.592534885936743,15.865591156248833,0.0,0.0,6.1830254497640444,8.875569966240263,11.119029199058422,9.333362802702354,13.9643719302877,0.0,0.0
0.0,3.889299199029106,1.9424957926525788,3.128293811956779,0.14275929873929,0.03122271315448416,0.02283412966598063,7.775389336700878,2.9625607489812693,4.3013707050353185,9.279069231176734,5.171390637927939,0.0,0.0,4.473656562517334,3.514345124830713,4.936107668881371,5.293090711835228,5.478506337558262,0.0,0.0,5.11757916202275,2.173598488228755,4.418353373785283,6.686857396615145,6.64669261459436,7.632367982674376,15.608400897264215,15.88902312901083,0.0,0.0,6.175636295358199,8.885937333105993,11.120324965972323,9.318240272822335,13.950932800426498,0.0,0.0
0.0,3.893820444918045,1.9438467475579444,3.1204008421648397,0.14276347978567888,0.0312488467615953,0.022833112020653558,7.799117324756803,2.96863757828496,4.284115558750033,9.26978525149873,5.153086645475951,0.0,0.0,4.4812264947853215,3.520147701420527,4.922097357488507,5.265968179316012,5.420514311040909,0.0,0.0,5.126666489000457,2.1742844526680867,4.422957401411266,6.662142794755875,6.629960628137082,7.612443324093559,15.624202709506871,15.91295331194896,0.0,0.0,6.1682549804128115,8.89627372501756,11.12144579680806,9.30324996120284,13.93800797455771,0.0,0.0
0.0,3.8978835846484188,1.945065651424784,3.1123955092831457,0.14276641684123778,0.031273951379173805,0.022831886227985168,7.8225456613477435,2.97485218364104,4.267771853000091,9.261739739113844,5.134689874009059,0.0,0.0,4.489489441042931,3.5254080427181487,4.907752540101445,5.2361180185820375,5.364128232490178,0.0,0.0,5.135334585421028,2.174832773951575,4.427142119619161,6.637637673037265,6.613143273241715,7.59270600606637,15.63960250652947,15.937717608193788,0.0,0.0,6.161338496776379,8.906685493805652,11.12244708153295,9.288776544086272,13.925639493248669,0.0,0.0
7.105427357601002e-15,3.9018221462590073,1.9463810273606867,3.1046484928059375,0.14276873947992708,0.03129798565217205,0.022830424080438765,7.846458802992993,2.9812947304843354,4.251394957100475,9.253322871284762,5.116815821096263,0.0,0.0,4.498182838646802,3.530637943885742,4.893174889652825,5.20577938451028,5.305414747096269,0.0,0.0,5.1443868982164105,2.1754025092166507,4.4315249400372725,6.612891087129672,6.596168807802772,7.573063931052821,15.655073386548512,15.96249646896375,0.0,0.0,6.154711702374602,8.91698041255184,11.123239995672494,9.274919295543343,13.911975399621353,0.0,0.0
0.0,3.9055720419789766,1.947588656727701,3.0970970224335144,0.14277225255623252,0.031321817417398104,0.022829141849462734,7.87074319777059,2.988029690939158,4.2344487543128615,9.244887794334145,5.099620831873527,0.0,0.0,4.5069431254584424,3.535577826189281,4.878646128127485,5.1749768750433205,5.246729060680318,0.0,0.0,5.153824169975596,2.1758946472541045,4.4363564627500045,6.588102400777551,6.579093350375291,7.553520065163845,15.670874269668712,15.986566449240362,0.0,0.0,6.148422757120328,8.92704208680447,11.123756658943337,9.261752211108186,13.89728198264349,0.0,0.0
0.0,3.909267960619042,1.9486607777892353,3.089594964773604,0.14277532503398127,0.031345254742562535,0.02282784359190136,7.895476348980612,2.9952242544665872,4.217605249625261,9.235889727942546,5.082663751016757,0.0,0.0,4.515834624224089,3.540140232486616,4.864337134231971,5.1439260560808,5.183887596171742,0.0,0.0,5.163437384303259,2.1762991549717814,4.441363932770894,6.563095706025616,6.561774100038065,7.533918756124497,15.686948161348136,16.01054221272596,0.0,0.0,6.141728986194661,8.9370692912125,11.123864994327713,9.248670174107984,13.882710023646888,0.0,0.0
7.105427357601002e-15,3.912385432360247,1.9493145954264408,3.082184770873383,0.14277998614060294,0.03136835814317721,0.02282688996032751,7.91967909577907,3.0025971238325266,4.201180837018847,9.226917491056383,5.0664923021719765,0.0,0.0,4.52400282135798,3.5440667986778123,4.850052170863195,5.1101078711031755,5.119637511511085,0.0,0.0,5.1726288724629566,2.17649721660818,4.446483424725003,6.537800555407241,6.5439459387122065,7.513306448162303,15.7025859793521,16.03432663094476,0.0,0.0,6.132889154936183,8.946990399246335,11.1217796749177,9.23437847549221,13.867877779414044,0.0,0.0
1.4210854715202004e-14,3.9157020904273474,1.950094949362229,3.074895558301537,0.14278384228215277,0.0313906741158364,0.022825694656420547,7.944135103090454,3.01012782226088,4.18505926453994,9.218404888127981,5.050007867671439,0.0,0.0,4.532579114568414,3.5478408357406517,4.835750237827212,5.075197643574054,5.056227328207751,0.0,0.0,5.182055981548774,2.176820475967154,4.451463153059684,6.512656454453752,6.525968959574999,7.492613821129894,15.717917536548223,16.059072022457965,0.0,0.0,6.123999276535091,8.956937134341622,11.119269376579952,9.219711622890014,13.853057786649103,0.0,0.0
7.105427357601002e-15,3.9188080693909666,1.9509677608833151,3.0678015385861106,0.14278633886941303,0.031411911541836965,0.022824151485565818,7.968267305906352,3.0179129416713084,4.169090608572733,9.208884831829366,5.033411845122244,0.0,0.0,4.541564037215794,3.551595237090296,4.821866625111171,5.038710658596679,4.996567087837248,0.0,0.0,5.1913649519833065,2.1772116716049856,4.456477123345839,6.486852014926861,6.507570176445128,7.4715539151728665,15.73346245306303,16.08286193803829,0.0,0.0,6.113844498228389,8.966924107518768,11.11568942315884,9.204426563259002,13.837891486691815,0.0,0.0
0.0,3.9217216019368064,1.952050534824107,3.0608796419316255,0.1427885993157856,0.03143322952008586,0.022822810604746956,7.992324212155337,3.0261180002843555,4.153542943756162,9.199901702115737,5.016814982343353,0.0,0.0,4.551062062072996,3.5551395688348713,4.808426740630106,5.001042638641225,4.937553799083735,0.0,0.0,5.200643903816918,2.1778929490366945,4.4614945916037145,6.4611899645162305,6.489141864905979,7.45054713232832,15.749108053870318,16.106958723003384,0.0,0.0,6.104376320220405,8.977067235781961,11.112138134357787,9.18991687893717,13.822865296554767,0.0,0.0
7.105427357601002e-15,3.9243226490875216,1.9529910561098212,3.0533180409971252,0.14279063124341138,0.031453365110893826,0.02282127536061607,8.016786343669294,3.0350239289549625,4.138417121136689,9.191131433793034,5.000847132798194,0.0,0.0,4.561453102261981,3.5577948752868904,4.794951682341254,4.962716080679833,4.878831743088327,0.0,0.0,5.209277544254947,2.1785749248668465,4.466030213405952,6.435506933348054,6.470623845063925,7.429782412809799,15.764673761766172,16.13108653746753,0.0,0.0,6.094565677231076,8.987227831641654,11.108305451552006,9.175617522067661,13.809069154994251,0.0,0.0
7.105427357601002e-15,3.9267816658291137,1.954041017338362,3.0458099543740134,0.14279146296438633,0.03147229487288638,0.022819698445016915,8.041825419334714,3.0444553342130374,4.123625656065848,9.181973323634798,4.9856825743057325,0.0,0.0,4.571467038262743,3.560060875622597,4.7810240823442305,4.922757366282664,4.818260106552966,0.0,0.0,5.217686818541878,2.179493849889959,4.470650092391181,6.409576470316607,6.451800221303003,7.409072543814175,15.78015244717044,16.155690082625863,0.0,0.0,6.084571521251353,8.997487720012717,11.104329589155197,9.161710004175735,13.795921802522487,0.0,0.0
1.4210854715202004e-14,3.9293278778026153,1.9551851394040014,3.038225825184727,0.14279105084022997,0.0314908144226197,0.022818097905848406,8.067143601696548,3.054059179834214,4.108920993048177,9.172500244873987,4.970588046758158,0.0,0.0,4.581889703289083,3.5618966571240076,4.767338877310201,4.88163023150757,4.758691855724704,0.0,0.0,5.226188180735912,2.1805647189061665,4.475008426377664,6.383759477080095,6.432919946754223,7.388557902590942,15.795445007952058,16.181038381626276,0.0,0.0,6.074583542686521,9.00785316903049,11.10033592784314,9.147926519136746,13.783342103216155,0.0,0.0
7.105427357601002e-15,3.9318674612572226,1.956430673119818,3.030722854540798,0.14279002378412164,0.03150962738254474,0.02281640843039121,8.09260637867376,3.0642814075081977,4.094530722827925,9.1629297257473,4.955830887994965,0.0,0.0,4.592794732028919,3.56336120031726,4.753793887937337,4.838536388106007,4.6995531664011905,0.0,0.0,5.235131592346263,2.181821370896468,4.4792866647712515,6.357831367463908,6.414032624922511,7.368154914743697,15.810168937757034,16.20654220973987,0.0,0.0,6.064904431712297,9.018254034957108,11.095880436796133,9.134242765919113,13.769355011645,0.0,0.0
0.0,3.934176328644801,1.9577014353116955,3.0233962992811714,0.14278923152002118,0.03152818732988039,0.022814751958716045,8.11772676481034,3.0749007070087067,4.080377572132744,9.154036413104663,4.940981864410391,0.0,0.0,4.60402900321386,3.564789101909618,4.740405676440648,4.7952917207435295,4.641785195158868,0.0,0.0,5.24405339522759,2.183090710707173,4.4837155430693025,6.33201970686242,6.394931078261331,7.347666415209649,15.824867949039486,16.23214954384854,0.0,0.0,6.05496741565763,9.02851197223052,11.090594279022152,9.12065751478315,13.754754309566586,0.0,0.0
0.0,3.9363064846001943,1.9591212403542466,3.0163667044739912,0.1427889175458789,0.031545803780629336,0.0228131132922893,8.142863487826613,3.086050916412812,4.065882661165197,9.145443003145077,4.926302032100261,0.0,0.0,4.615116564469354,3.5663744022701525,4.7270777523334475,4.751997500014997,4.585890682678156,0.0,0.0,5.252990093335843,2.1844162533664258,4.48864899259655,6.30631505979761,6.3756877508502985,7.327185188509043,15.83998355773653,16.257478288716662,0.0,0.0,6.044674990983734,9.038484212174508,11.08454507887928,9.107257195360798,13.739790204656197,0.0,0.0
7.105427357601002e-15,3.938011509297123,1.9607656505169353,3.009494601892562,0.14278971768951942,0.03156315570447578,0.022811314701414342,8.167554249518872,3.097427344658031,4.050614013058405,9.137712126841718,4.912085206167361,0.0,0.0,4.625632102256357,3.5680043804756583,4.713662772442878,4.708566394080431,4.532452519619671,0.0,0.0,5.26223137268665,2.186010364334522,4.493714336826245,6.280922492612278,6.355959466319179,7.306333430216285,15.854855037720753,16.282953608178698,0.0,0.0,6.033859551924868,9.047746762895706,11.0769289424502,9.093538294901817,13.723719507086894,0.0,0.0
7.105427357601002e-15,3.9396141918043375,1.9627125663199094,3.0027313775762514,0.1427898431867649,0.031579182441429446,0.022809555824912196,8.191837975782718,3.109185143304815,4.035384857044038,9.130587359170342,4.898608677793798,0.0,0.0,4.636190018901728,3.569681666877546,4.70026629556259,4.664289916948817,4.481002870975819,0.0,0.0,5.2717580306859935,2.187856921550338,4.498653778077421,6.255843777094032,6.336064463617448,7.285451791855621,15.869563951118826,16.308559365840356,0.0,0.0,6.023030930493083,9.056873319661221,11.068740040503709,9.079400100069375,13.707355456521132,0.0,0.0
0.0,3.9411484015435065,1.9648881509446983,2.9962052132171264,0.1427899616794413,0.03159480564363465,0.022807902428938626,8.216078763987436,3.121719457516204,4.01999107652765,9.122813610576774,4.885600294219239,0.0,0.0,4.647064747752774,3.571228987510202,4.687453059848233,4.618946892334015,4.430905753192438,0.0,0.0,5.281264235468504,2.189889215687133,4.5040064977678735,6.2309355305383525,6.316032832707626,7.264604414844432,15.884345561836007,16.33431887127037,0.0,0.0,6.012152375157582,9.066069453025085,11.060323685476057,9.065143166610335,13.691344917446665,0.0,0.0
7.105427357601002e-15,3.9423394927168234,1.9668507599828666,2.989479713561771,0.14279039372110316,0.03161012562034766,0.022806382012987018,8.24029742508451,3.1351398989679566,4.005061622161618,9.114279514617326,4.871141061432021,0.0,0.0,4.658565533136686,3.5716363587660083,4.6749714161825064,4.571072795070346,4.380446259065619,0.0,0.0,5.290217240337908,2.1919845097753603,4.509209713768993,6.205972244619993,6.295579211738263,7.243572795894528,15.898603718278414,16.360197623455033,0.0,0.0,6.000561145453513,9.075319711792492,11.051286051638497,9.050629019595174,13.676503199638214,0.0,0.0
0.0,3.9431529854773104,1.9686597540337902,2.9827750177751264,0.14278945110390887,0.03162470459711636,0.022805237252748155,8.264572561883329,3.149064705455411,3.990763605028648,9.105980910496756,4.8569152002336216,0.0,0.0,4.669102129121278,3.571420966176572,4.662489062360846,4.522377392497701,4.331424827465029,0.0,0.0,5.298866641548405,2.1941564665027453,4.514215095911305,6.180977179945816,6.274963364966332,7.2227866929955855,15.912757503924963,16.386231835819775,0.0,0.0,5.988673805664719,9.084659078930565,11.042106928413821,9.036349662454121,13.662614760768006,0.0,0.0
7.105427357601002e-15,3.943881884733911,1.9708795932449867,2.9762281644972393,0.14278697619788036,0.03163981743253747,0.022804479481693677,8.289458428495363,3.1632594047814906,3.977018718342301,9.097440098233035,4.843156776291533,0.0,0.0,4.67876624708029,3.571251518210071,4.649681961543669,4.473239468676262,4.286103569180345,0.0,0.0,5.307468461990256,2.1968354589801757,4.519110173382231,6.155871730165526,6.254463951661216,7.202413154434544,15.926593153130591,16.41254406768902,0.0,0.0,5.976532129313546,9.094028684875267,11.032866642414058,9.022117960616983,13.648892337327807,0.0,0.0
7.105427357601002e-15,3.9445099808718864,1.9734476286097782,2.969953924442868,0.14278354381197048,0.031653469949880414,0.022804185358394333,8.314521069587022,3.1773948376001884,3.96342881972387,9.0886312747775,4.830392758650736,0.0,0.0,4.688705806696114,3.570907385376263,4.637082506946885,4.422803930642556,4.244193226213327,0.0,0.0,5.3159969281917645,2.199933721780754,4.523967727822263,6.130758737787683,6.233799894984618,7.18197317485263,15.940476877458,16.439279004665572,0.0,0.0,5.964528692278334,9.103466177557868,11.023579322255001,9.00843153479578,13.635306947305612,0.0,0.0
0.0,3.944837516525649,1.976160352339842,2.964121555867131,0.14278080826036893,0.031666574177640294,0.02280434502397331,8.339332992472679,3.191624927507264,3.949456432155623,9.080761376257694,4.8165814815354375,0.0,0.0,4.69920952006302,3.570506047429099,4.624785025103207,4.371354412876218,4.203067851804362,0.0,0.0,5.324975505583783,2.203293386658046,4.529111942420781,6.10573619120703,6.212797403193273,7.16130282930899,15.95411520071375,16.465927822177832,0.0,0.0,5.952610376324152,9.112500994253837,11.012482872784467,8.995174249361575,13.618832665035196,0.0,0.0
7.105427357601002e-15,3.945017183000148,1.97892134336146,2.9584496903428166,0.14277872657120708,0.03167890229514554,0.022804633322451452,8.364332325436349,3.20627215742832,3.9350105062667384,9.07327414357076,4.8029076841960725,0.0,0.0,4.708901433656449,3.5697859445496523,4.612583281071659,4.3200881819439365,4.161691523259809,0.0,0.0,5.334412188168167,2.2068830469817953,4.5344473344612695,6.0808947758430545,6.191627865585913,7.14063740430935,15.967644674296182,16.49223709680485,0.0,0.0,5.940575907036954,9.121183298809806,11.00051936735627,8.981961676572956,13.602031336107581,0.0,0.0
0.0,3.9451668059220566,1.9817265009641467,2.952732552054552,0.14277740993661195,0.03168992959963809,0.022804492578270406,8.388679496665313,3.221343197455776,3.9203866694850933,9.066336193630038,4.788641468232434,0.0,0.0,4.718546024825304,3.568794074151066,4.599977304599833,4.267934571736669,4.119902519664337,0.0,0.0,5.344145491883917,2.210601358213665,4.539660667650679,6.056397673294663,6.1698715896705485,7.119875337679388,15.980559885223906,16.518331222126545,0.0,0.0,5.927753515468444,9.129239346043178,10.98680971931137,8.968132837954842,13.584872093353718,0.0,0.0
0.0,3.9450189115839063,1.9843991579589306,2.9469065771785052,0.1427768216918301,0.03170009586161782,0.022804158963367505,8.412433021029509,3.236809345486767,3.9054932545271503,9.059261900733514,4.7732647765983085,0.0,0.0,4.7278216410206255,3.567225798368208,4.587519064010555,4.21545753636438,4.077891114002625,0.0,0.0,5.353598342740401,2.214335287063454,4.544752989017358,6.03231268039093,6.147498500022227,7.098972134184835,15.993049390188016,16.54454954699065,0.0,0.0,5.914070300198487,9.136826956147448,10.971843793603291,8.953651770820294,13.56800018003687,0.0,0.0
7.105427357601002e-15,3.944694349132793,1.9872905319525394,2.940980138210764,0.14277558831418663,0.03171023146663836,0.022804393023727332,8.436522254857493,3.2523635523648315,3.8903055010965395,9.051007226931578,4.758482582931908,0.0,0.0,4.736723002044857,3.565015902083523,4.5756381064308105,4.161426953973914,4.03757637484896,0.0,0.0,5.362966477714036,2.2184812162039274,4.549523732261991,6.008558423146769,6.1251557940156065,7.078215562085809,16.005022629499557,16.571067517683417,0.0,0.0,5.900472516499821,9.14450678232896,10.956823941815466,8.939439559315543,13.551708172090029,0.0,0.0
0.0,3.944283568840638,1.990432451812322,2.935278252484919,0.14277327480733193,0.03172045000669372,0.02280497224722516,8.460795894515718,3.268564303221939,3.8758327437715643,9.043128466677148,4.7442448889542055,0.0,0.0,4.746470708693268,3.5625661862133,4.564258213724748,4.105754364713696,3.9977305228483924,0.0,0.0,5.3724641214259385,2.223039524481669,4.554212909290041,5.984864228417396,6.102567820694187,7.057388905258028,16.016892432771332,16.597774931974616,0.0,0.0,5.886976797805808,9.152108724597776,10.941453760706548,8.925433300552752,13.53520344177099,0.0,0.0
7.105427357601002e-15,3.9439042919873537,1.9938806109356135,2.9297234402164083,0.1427706099477809,0.031730057620713056,0.022805687679293994,8.485422087012333,3.2850106145678275,3.8614860944671574,9.035547245850667,4.730267948849264,0.0,0.0,4.755895144317787,3.5601943509345446,4.552836067488808,4.050353745961213,3.959196079570312,0.0,0.0,5.382008670587779,2.227912692678068,4.558970871574357,5.9613815194843465,6.0799960915521964,7.036816956391238,16.02886911549411,16.62440340492381,0.0,0.0,5.873598960791058,9.15963656895345,10.925964626774418,8.91155756187187,13.518865717581956,0.0,0.0
0.0,3.9433623459683487,1.9975661139067316,2.9243180343094504,0.14276684354200955,0.03173793681390847,0.022806213219655043,8.510380273560083,3.3019937336078375,3.847697559049863,9.0281405308946,4.716506535929689,0.0,0.0,4.764011804376248,3.5577487264041863,4.541355110810117,3.99358722941503,3.9230043698555397,0.0,0.0,5.39148880372495,2.2331794809438694,4.5637041094125355,5.937900072646001,6.057281695633,7.016372601255219,16.040707023860435,16.65138458385148,0.0,0.0,5.8600027601017874,9.166968275199345,10.910149741149617,8.897820970934323,13.502801138273824,0.0,0.0
0.0,3.9428018393115094,2.0014302306615943,2.9189893040147075,0.1427628834250264,0.031745245671293464,0.022807595980664848,8.53518540038812,3.319212595669934,3.8338544568153807,9.021331543967992,4.7032466653757865,0.0,0.0,4.772064070126575,3.5548316034268175,4.530428341299318,3.9367784273552378,3.887248180772185,0.0,0.0,5.400977160604804,2.2388053808872352,4.5681301957890925,5.91498170476641,6.03453635373203,6.995901943491755,16.052364581438336,16.679065927992948,0.0,0.0,5.84689677908004,9.174405076467245,10.894400253653963,8.884477463761247,13.48723656086694,0.0,0.0
7.105427357601002e-15,3.9422101261042446,2.0053697458403663,2.9138330975857456,0.14275871976727714,0.03175253547410825,0.022809631155617495,8.559654346580825,3.336920976609931,3.820280866117692,9.015073640541639,4.691327770025969,0.0,0.0,4.780189391018988,3.5514586815257307,4.519987422976331,3.879845661076195,3.8511809238703893,0.0,0.0,5.410431362609704,2.244656300688511,4.572470050164516,5.892586326374782,6.011615731725678,6.97536420261905,16.06380651501253,16.707086455391966,0.0,0.0,5.834161186424752,9.182017970218563,10.878681815423603,8.871560589258667,13.47219690917657,0.0,0.0
7.105427357601002e-15,3.941630006690032,2.009480000209053,2.908824336214783,0.14275441537291322,0.03176041386948534,0.022812440996596822,8.583843100486797,3.3548303284669028,3.8068270255867778,9.009921061646198,4.680333079900912,0.0,0.0,4.788190012856378,3.547975844554,4.509646331410285,3.8231538541222205,3.814397615926566,0.0,0.0,5.419943553022393,2.2506988546064393,4.576813801801882,5.870697172740694,5.988514598641921,6.954952161903853,16.074731512548148,16.735346503136093,0.0,0.0,5.82181789437404,9.18966337291012,10.862873357460149,8.858767076241989,13.457327459751275,0.0,0.0
0.0,3.9409073761902214,2.0136175602226896,2.903455976744596,0.1427500436983753,0.031766949085200245,0.02281521587101905,8.60793676661059,3.3731156512155827,3.7930536967268034,9.003967001239008,4.6689816307390215,0.0,0.0,4.796152697792691,3.5436820142101677,4.500033616781112,3.7646885725868753,3.7796006647052347,0.0,0.0,5.4293468645009835,2.2569562661566445,4.5806202451688,5.849310983578302,5.965005214626212,6.9343587542254586,16.085358030181823,16.763554333000005,0.0,0.0,5.8091928716460215,9.197269530893191,10.846638899196536,8.845817949345077,13.443016089749372,0.0,0.0
7.105427357601002e-15,3.9400069718708877,2.0179346851511983,2.8978326307036255,0.14274487708587655,0.03177137164855986,0.022817723425572294,8.632108552423139,3.3916656350769654,3.779580473917744,8.998284764585208,4.6577841977451975,0.0,0.0,4.802949652262635,3.5393441746581504,4.490452524513624,3.706445602954024,3.750770068937319,0.0,0.0,5.438702566521302,2.263526649071713,4.583987990344595,5.82834650531926,5.941364383782636,6.914051733453407,16.095683123499807,16.79174832802401,0.0,0.0,5.7961993700306005,9.204452275267512,10.82990069184357,8.83274601145747,13.429024145051118,0.0,0.0
0.0,3.93905034346007,2.022465130964391,2.8923254383064236,0.14274035244988062,0.031775264399535506,0.02282035713345794,8.656429443240693,3.410224441443035,3.7647219031956687,8.99291123670679,4.648921670262053,0.0,0.0,4.810251408065735,3.5353587327065963,4.480709813924473,3.6500352183129343,3.725132198571827,0.0,0.0,5.449034049288952,2.270386174984193,4.587394899756948,5.80734132476484,5.917455902277985,6.893886929453679,16.104989419165175,16.82057249767278,0.0,0.0,5.7831280462070405,9.210725976420454,10.810501018840363,8.819455557513495,13.411723668945081,0.0,0.0
0.0,3.938103524458642,2.0270764880414096,2.887049055732603,0.1427363761430106,0.031779380551713435,0.022823337497092522,8.68083664864586,3.429146072014647,3.749438668430065,8.987904327662047,4.640888293593606,0.0,0.0,4.8178654746260925,3.531277595425236,4.471149931812122,3.5930011511277153,3.70030133900573,0.0,0.0,5.459824211228552,2.277493499266954,4.59088676017806,5.786530131476403,5.893217047099633,6.87360142223893,16.11352078475134,16.84875742914089,0.0,0.0,5.769900948046448,9.216080223746474,10.78956632559888,8.805929017899254,13.393629086911211,0.0,0.0
7.105427357601002e-15,3.937132711139493,2.031959616830819,2.8819288889770394,0.1427322145967782,0.03178267098546049,0.022826561806084975,8.70539830941738,3.4482126676378813,3.734016224740575,8.98282765119404,4.633840059129555,0.0,0.0,4.823410542920762,3.5272753261229206,4.4616293393104005,3.5359718723804914,3.676238489432632,0.0,0.0,5.4707021056902185,2.2848680841621603,4.59447945586193,5.766050288312037,5.868721400087982,6.853534345251523,16.121718590619178,16.87723288727023,0.0,0.0,5.75673502950807,9.221393968727002,10.768413046130323,8.792404047947423,13.376121138460425,0.0,0.0
0.0,3.936121323026687,2.0371205959946925,2.876583144120187,0.14272806755931236,0.031784803242488426,0.022829740485943703,8.729725490388791,3.467135162774288,3.718167503948477,8.977458598781636,4.628115574421184,0.0,0.0,4.828534961755698,3.5230641212696066,4.452679945586674,3.478407656304381,3.6519679103132767,0.0,0.0,5.481675164684439,2.2925447996392787,4.5977355825137405,5.746233181694461,5.844084449092683,6.833535845973241,16.12955180881201,16.905742472216602,0.0,0.0,5.743965936715954,9.22660666743911,10.747115567231827,8.778737873431233,13.358896554309052,0.0,0.0
7.105427357601002e-15,3.934944785830718,2.042506054024696,2.8711920974431693,0.14272389038064207,0.031785772329952305,0.022832817332087134,8.75396533317624,3.4865080872583776,3.7025131797190243,8.97242577349445,4.623365391414923,0.0,0.0,4.8320504468875,3.5186151768837752,4.444031935776305,3.4205198931002383,3.6266873471645775,0.0,0.0,5.492601463732938,2.300603544093441,4.6009108424671625,5.727034875284831,5.819258389100967,6.813697368508537,16.137097115758664,16.93376158677458,0.0,0.0,5.731384815489927,9.23181692281234,10.725714611894432,8.765184128842867,13.342408127444788,0.0,0.0
0.0,3.933727671982505,2.048114694787079,2.8659493066804935,0.14271980730992326,0.031786046936273724,0.02283605396605783,8.777997337193717,3.506357803335486,3.687078436134404,8.96735683269964,4.619331738296433,0.0,0.0,4.8362921717555984,3.5140680705440235,4.435880101695119,3.3644717721758717,3.6010718482668747,0.0,0.0,5.50333212623782,2.308990705809699,4.6039952548526974,5.7083073828165505,5.79430085324427,6.794051196740723,16.144759557052637,16.96207076756932,0.0,0.0,5.71891813343752,9.236585529594432,10.704050033070839,8.751647690136755,13.325943902442903,0.0,0.0
0.0,3.932484118435505,2.0541815408336737,2.861037383377733,0.14271506588496458,0.03178771563068369,0.022840104663062306,8.801647111567396,3.527113879211332,3.6722021098754607,8.962484723119056,4.615189694186721,0.0,0.0,4.841211972586279,3.509734497920421,4.4283598587212785,3.308223456994458,3.5778359018158024,0.0,0.0,5.514208537976556,2.3180020593102615,4.607043965297492,5.690162006558883,5.769038535401419,6.774462534109428,16.15175326132146,16.990994756008707,0.0,0.0,5.706492331592353,9.240146085304161,10.681570307168457,8.737958427052956,13.308705408029807,0.0,0.0
7.105427357601002e-15,3.9312015145803123,2.060348237536765,2.856150049787629,0.14270981383341558,0.031788403202265184,0.02284444432647192,8.825208549249801,3.547841864773797,3.657682014798245,8.957607206505937,4.611683459887109,0.0,0.0,4.84547795279712,3.505151684158508,4.42127366674825,3.251737633079097,3.5559712472394005,0.0,0.0,5.5251454344236635,2.327323118669738,4.609777755231592,5.672567035770621,5.743665886206407,6.754946797291151,16.158226635114712,17.02001709811906,0.0,0.0,5.6943317154123,9.24361283755615,10.659016037063315,8.724452307329084,13.29174010457874,0.0,0.0
0.0,3.929792398171767,2.0668290995028915,2.851186387334017,0.1427043811713278,0.03178786630091637,0.022849106345745083,8.8487880291643,3.5684926039069373,3.6432430442095325,8.953584334946143,4.609305592997304,0.0,0.0,4.848236781833872,3.5003538237437017,4.414449957424084,3.194098586334666,3.534215689682722,0.0,0.0,5.53605357063303,2.3370795665107913,4.612285621041692,5.655632810257264,5.718242224885211,6.735363331155622,16.164406259665665,17.048724127869097,0.0,0.0,5.682629217189201,9.246907393482676,10.636356481245915,8.711227387219306,13.275189960654751,0.0,0.0
7.105427357601002e-15,3.9284597623950694,2.073501170189681,2.846638297074222,0.14269889781817932,0.03178620928771181,0.022854530947726947,8.872500768206546,3.5891541763934263,3.6290137955171855,8.951366928239544,4.607829131030677,0.0,0.0,4.850182135116468,3.495679656488463,4.407791164392246,3.1365306142622216,3.5124692486981663,0.0,0.0,5.547169175666759,2.347097871406203,4.614982655592563,5.639107892677159,5.692801113826768,6.715751006460736,16.170211968878505,17.076965426023936,0.0,0.0,5.671351864750962,9.250182166174842,10.613209280652564,8.698370018925624,13.258601845523645,0.0,0.0
0.0,3.927189390109258,2.0803500858444712,2.842057353207259,0.14269347540955257,0.031784791721493746,0.022861065711788784,8.896314430909694,3.6093962922618927,3.614227590363037,8.94891760203172,4.606557632684371,0.0,0.0,4.851793819096607,3.491052295850328,4.401474010180657,3.0796180199271332,3.4909516686379485,0.0,0.0,5.5585750664061555,2.357403903584398,4.617348180615915,5.622985047248644,5.66739670295042,6.6963098691972585,16.174616163772107,17.105883314260712,0.0,0.0,5.6605158205277135,9.253387091079723,10.589215189319138,8.685592648814008,13.241696230208966,0.0,0.0
0.0,3.925843205020472,2.087474005738565,2.837675817520803,0.14268859639519477,0.03178294735100641,0.022868335807732405,8.919765988014168,3.629907379204831,3.5993117217455364,8.947143530944341,4.605550322010648,0.0,0.0,4.853062184516526,3.4863516583911847,4.395549510452205,3.024162120165994,3.4673303993953195,0.0,0.0,5.5700564787124165,2.368136494981746,4.619616461508563,5.607311350195154,5.641962689860438,6.676846268696764,16.178387409737162,17.134752880955503,0.0,0.0,5.650220565537339,9.256664256621589,10.56472220360411,8.67310497654282,13.224495489424665,0.0,0.0
7.105427357601002e-15,3.924457019215242,2.0947006764497127,2.833547194261581,0.14268334548199132,0.03178018247821774,0.02287603663955081,8.942909202572592,3.650692957441546,3.584390155101884,8.945312545653477,4.604919818206447,0.0,0.0,4.852575976105241,3.481908309341741,4.389552204925586,2.969095778776027,3.444102902773143,0.0,0.0,5.581640266914614,2.378973612380579,4.6219442304570215,5.592011751713665,5.6162206596568405,6.657647912111251,16.181238029766938,17.163713837037136,0.0,0.0,5.640121140343482,9.259832697776986,10.539842581862723,8.660551828246826,13.207385840536713,0.0,0.0
0.0,3.923099978279839,2.102306149727151,2.829327186820442,0.1426779868830887,0.031776534795262164,0.022883537414920923,8.966344497962504,3.6716678319364076,3.5694689834411997,8.943061684584789,4.604629891490057,0.0,0.0,4.851731585971012,3.4776612442090693,4.3837839037909765,2.9139083259233427,3.4211615163024125,0.0,0.0,5.5933526538213885,2.3901112893394956,4.624188142514,5.577134742710642,5.590548753991222,6.638773754471707,16.183965813894922,17.192459173847347,0.0,0.0,5.630478412955195,9.262881804988462,10.514947742013586,8.648084696833912,13.190421577279496,0.0,0.0
7.105427357601002e-15,3.9216472589889646,2.110352063470834,2.8251669334140845,0.1426734401207569,0.031771349916459364,0.02289031523342459,8.98869167531604,3.693441566496853,3.5551721480340386,8.940495871138113,4.603684028839345,0.0,0.0,4.85227156784729,3.473416571317931,4.378783310447371,2.861011848158182,3.3953796024451135,0.0,0.0,5.604670971943641,2.4019755935508047,4.626343135270365,5.562995578991119,5.564465774272274,6.6201000379950905,16.18774695538795,17.221116093865007,0.0,0.0,5.6208886586480045,9.264999856510016,10.489913705107583,8.635902073691579,13.173084053398524,0.0,0.0
7.105427357601002e-15,3.920145522348714,2.118717361519032,2.8207280157287604,0.1426687827263131,0.03176512217980794,0.022897053032389984,9.01091333449673,3.7150497926351873,3.5410071154656158,8.937899018254372,4.6028868090432455,0.0,0.0,4.8523669277354164,3.4690374102221617,4.374208231143147,2.809075524294882,3.370731384023605,0.0,0.0,5.616043364690733,2.4142552547133533,4.628036818331693,5.549502155942362,5.538442719795691,6.601603426648093,16.191238992496604,17.249499859817984,0.0,0.0,5.611942782582618,9.267139539003765,10.465056654025325,8.62396144534225,13.156043003727948,0.0,0.0
0.0,3.918693664534711,2.127293736958235,2.8160506189286965,0.14266401252876423,0.03175826366401631,0.022904041874502817,9.033144746291736,3.7363470883658016,3.526635487098266,8.935008681167027,4.600982197233266,0.0,0.0,4.852821925724915,3.464740982444271,4.370054911661894,2.7588374181574165,3.346767910546622,0.0,0.0,5.627533495989205,2.4268048009942986,4.629308507038537,5.53660562578375,5.5124920961032275,6.583512508331466,16.19369543017024,17.278113355473977,0.0,0.0,5.60369942290175,9.269059168301872,10.439874375098306,8.612134107340694,13.139444650477165,0.0,0.0
0.0,3.917374665236193,2.1361760305923165,2.811327929906133,0.14265897731390054,0.03175164255237374,0.022911818501628135,9.0552799986297,3.7577654635874604,3.512062547702726,8.932846341986654,4.5992958468814065,0.0,0.0,4.853872246440305,3.4605584387465633,4.366365696215263,2.708894797199269,3.323258523859705,0.0,0.0,5.639248028887107,2.439712626164795,4.630259919146915,5.524279630799316,5.486668684052844,6.565329765908638,16.19496671146613,17.306651756993848,0.0,0.0,5.596018751945415,9.270794904411522,10.414068878155298,8.600554096950464,13.122766280774364,0.0,0.0
0.0,3.9160861980862984,2.145245787886602,2.8072435556208104,0.1426536989407682,0.031745183730372425,0.022920874233782775,9.07735389888393,3.7795453150166973,3.4976288818750505,8.93211660345854,4.597677928183459,0.0,0.0,4.853813025218795,3.4570092544593667,4.362753385416711,2.6588017669757136,3.2999928584376907,0.0,0.0,5.651144385006751,2.4527398640434246,4.631528722232803,5.512147019961147,5.46084394309039,6.5470856562288064,16.19495479267572,17.33574253500565,0.0,0.0,5.588757471075437,9.272351873181636,10.387474997409745,8.58888447470901,13.105625207042506,0.0,0.0
7.105427357601002e-15,3.9148668006775487,2.155063689132338,2.8032744759677293,0.14264827695925747,0.031736876949851875,0.02292905414961568,9.098951840234019,3.8016692749584022,3.483088077635029,8.931302218957423,4.596496415179254,0.0,0.0,4.8516543190247114,3.45461349666997,4.3593137776525355,2.607519083055554,3.276111297197256,0.0,0.0,5.663456860725721,2.466336225403174,4.633119606965668,5.500837176814764,5.434793266483133,6.529404709135134,16.19421417697824,17.363733562087422,0.0,0.0,5.582247641567519,9.272130046689904,10.360146921215826,8.576718591017903,13.088237412064759,0.0,0.0
7.105427357601002e-15,3.9137441173985783,2.1651181830982384,2.7990209717233676,0.1426428805859708,0.03172749375381693,0.022937328294865913,9.120429224699043,3.8232101457198153,3.4683599656384385,8.930165691218429,4.59545432420939,0.0,0.0,4.848537297965491,3.452085447880131,4.356162699698574,2.555555777053119,3.251644071704872,0.0,0.0,5.675976668252432,2.480192629027434,4.634204973384145,5.490234085187937,5.408656160021528,6.511882137206253,16.192968916932433,17.391419901689055,0.0,0.0,5.576433642046827,9.271754988317491,10.33278343700396,8.564647668610483,13.071221933887214,0.0,0.0
0.0,3.9127934841660528,2.1753412919083193,2.794923535070196,0.14263723726781322,0.031718377299718374,0.02294629064529818,9.141300837115903,3.8449084038170356,3.4542596575301023,8.9307766934523,4.593926407121986,0.0,0.0,4.846939143511686,3.4492562437415852,4.353500450700749,2.5062337589213155,3.22591857883261,0.0,0.0,5.688677178454679,2.494496434715912,4.634956775334902,5.480317765062447,5.382477773573688,6.494150637769467,16.191861044284945,17.41910733776679,0.0,0.0,5.571139577542982,9.271531874086472,10.305657924404066,8.552942661160918,13.054043770995895,0.0,0.0
7.105427357601002e-15,3.9120070436052248,2.1859475527888526,2.790382720399582,0.1426312610419969,0.03170792271512759,0.02295523150149411,9.16197352178387,3.866104872648645,3.439936488773838,8.931022987876686,4.592331857469088,0.0,0.0,4.846580449190183,3.44631789586173,4.351369011698245,2.457532996135918,3.200276838530149,0.0,0.0,5.701471356373827,2.5093722876421083,4.634954136920484,5.471197265229837,5.356534964672575,6.476529942433902,16.190110485628704,17.447120728958144,0.0,0.0,5.566653616684781,9.270290228551964,10.278144807243985,8.54142312836637,13.036855454678548,0.0,0.0
0.0,3.911060454491965,2.196750255053968,2.7864846286007965,0.14262696783481407,0.031696636604758785,0.022964326671888746,9.181416583907497,3.8878344995994887,3.426562669405192,8.931652328052355,4.590526041914294,0.0,0.0,4.8471757850147235,3.443676126904124,4.349752136557251,2.415446823725217,3.1751858713214256,0.0,0.0,5.7133987059725335,2.5245430163701275,4.635134251207639,5.462784267638919,5.330446688743572,6.459464087300495,16.188896095354632,17.475243539545048,0.0,0.0,5.562647832165539,9.268727598110704,10.251055515701916,8.530815352737806,13.019452067286737,0.0,0.0
0.0,3.910067773651647,2.207810979616939,2.782873828026871,0.14262293440930468,0.03168603686812929,0.022973851693621646,9.200403554110135,3.9099594857738564,3.4134318043778515,8.933398955391674,4.589048405427188,0.0,0.0,4.845632797263848,3.4416036425372942,4.348184193644312,2.374490704196658,3.1495643192894107,0.0,0.0,5.725226768120481,2.539880954196858,4.63572184984473,5.454796101494469,5.304328048981557,6.442549003489714,16.187467763953972,17.502486226162077,0.0,0.0,5.559444577829291,9.26726837291186,10.224103329471799,8.520549506585555,13.002163182459324,0.0,0.0
7.105427357601002e-15,3.909247093099178,2.219101232783389,2.7790484723390008,0.1426189773354577,0.03167388968960874,0.02298365193536507,9.21943708814472,3.9312616910360414,3.400408071342812,8.93540449344485,4.588038543564499,0.0,0.0,4.842674643241257,3.439419213867724,4.347088109186644,2.3328186815402114,3.124103682800649,0.0,0.0,5.737356644890097,2.5554346172642854,4.63587030644261,5.447539183758405,5.278295272431621,6.425704419210108,16.18513657353977,17.528833963379377,0.0,0.0,5.55720893998202,9.265981434617823,10.197386363820536,8.510288482526953,12.985265264250177,0.0,0.0
0.0,3.908540767629515,2.2306530190658114,2.774996889141858,0.14261459140218433,0.0316601930469439,0.022993893125639975,9.238572571463841,3.9519939304222653,3.387025235398836,8.937950608690251,4.587735960852362,0.0,0.0,4.840000524002408,3.437726225937868,4.3464042386758175,2.2916461063399542,3.098262403973986,0.0,0.0,5.749727927642487,2.571335657339758,4.635598843601796,5.440639904181926,5.252250391084551,6.409088004611803,16.18114461293438,17.55575051255475,0.0,0.0,5.555650670038775,9.264643389217305,10.169885389074826,8.50003353767295,12.96945255486505,0.0,0.0
7.105427357601002e-15,3.907872136374792,2.2425946387626627,2.7709780795194545,0.14261005501596277,0.03164542891994603,0.023004087138980632,9.257138907935506,3.972756856294934,3.373808913541697,8.940331070423419,4.587599092364641,0.0,0.0,4.837794365601978,3.436605139784433,4.346065849195337,2.2531247882401133,3.072695177915468,0.0,0.0,5.7621478610871755,2.587638108779651,4.635178497821833,5.43433578879891,5.226346442317088,6.39282371889518,16.17678098952901,17.582523292869396,0.0,0.0,5.554857396469075,9.262130309351452,10.142100966052519,8.49004160174483,12.953411947851077,0.0,0.0
0.0,3.9072374752755237,2.2544868013853585,2.766806160685779,0.1426051527788315,0.03163034578584153,0.023014692210614834,9.275367239612493,3.9931214008121128,3.360665030979222,8.942759209273264,4.5880057425507275,0.0,0.0,4.836300315779564,3.43547171759003,4.345902111314662,2.2157235403970237,3.0476730931937204,0.0,0.0,5.774477401646763,2.6038734784716824,4.634281991182302,5.42855895236397,5.200698787313198,6.3767016328044654,16.17167137280735,17.60911637880327,0.0,0.0,5.554725026377835,9.259007471681599,10.114145589648473,8.48006226845015,12.937289227971403,0.0,0.0
0.0,3.9066824918259235,2.266655178012884,2.762357827516021,0.14260002173762212,0.031614915317806816,0.023025213186507975,9.293004145219383,4.0132412216071,3.347554308407552,8.945293931588736,4.588153082298821,0.0,0.0,4.834524726443869,3.4345174669189693,4.3458073064228335,2.178439692764427,3.0219699486104847,0.0,0.0,5.7869402402146,2.620477440187243,4.633061341656018,5.423469396058389,5.175103518163255,6.360540935755806,16.166168177625668,17.63477810198199,0.0,0.0,5.555407493187127,9.25565945068637,10.086017105418378,8.470310425496432,12.920910144252424,0.0,0.0
7.105427357601002e-15,3.90625601422359,2.2790044529557094,2.7579037332695555,0.14259552639364298,0.031598374564499404,0.023035719378205723,9.310123323270389,4.032952172346233,3.33479752824932,8.948190879959544,4.588366206700011,0.0,0.0,4.832763121790574,3.4335227784955067,4.34612435534832,2.1438664448902216,2.9969666628193834,0.0,0.0,5.799364104053469,2.6373859890075595,4.631543442033028,5.419083433250511,5.149446625742664,6.34460598082801,16.160471228981326,17.659532587426074,0.0,0.0,5.557290762921308,9.252360017163806,10.058292220453298,8.460872612963984,12.904437147599165,0.0,0.0
0.0,3.9056372832100044,2.2915100532524098,2.753787101747968,0.1425923656270266,0.031580646162462644,0.023046314501440374,9.326310088716083,4.052678585202636,3.3227163121982635,8.951632639986094,4.588486800701331,0.0,0.0,4.831335316092456,3.4325589814227646,4.346894463403666,2.1141704034117215,2.97345320184292,0.0,0.0,5.811255727236718,2.6545028284057106,4.629872566752724,5.415423542453414,5.123591847435299,6.329048527090426,16.15491680116082,17.683996875864807,0.0,0.0,5.559958567662194,9.249290923026917,10.031138509466542,8.452142088315028,12.888039450515043,0.0,0.0
7.105427357601002e-15,3.9048301844487963,2.3041290961635004,2.750401990321865,0.14259027948539774,0.031561647205221276,0.02305742845868106,9.34152310200417,4.072755635665817,3.3115751993397153,8.956767062624097,4.590145451834465,0.0,0.0,4.830995126933288,3.432117486622208,4.348116464445069,2.0909142212971688,2.952390961871735,0.0,0.0,5.822525723110131,2.6717204995276256,4.628358691962439,5.4122085515939675,5.097696535204645,6.313949187145948,16.149123722106097,17.708566436249193,0.0,0.0,5.563066233552103,9.246217703539006,10.004302417940991,8.443897577396957,12.872215097068386,0.0,0.0
0.0,3.904072421337826,2.316995094513104,2.747027027705637,0.14258796366145643,0.03154197017624808,0.023068496606389686,9.356286427912204,4.092972855761113,3.30046752666334,8.962576293834157,4.593104924540768,0.0,0.0,4.83010139431282,3.432590077168924,4.349343091919142,2.069353964000612,2.9314089606330658,0.0,0.0,5.8337793881838875,2.689183394966629,4.6269945495649285,5.40932638372992,5.071878459155481,6.299277230259787,16.14272209198092,17.73266243857881,0.0,0.0,5.567120355286976,9.242743283819918,9.977305258350931,8.43589366077145,12.857466634307302,0.0,0.0
0.0,3.9034283749764978,2.330198024243982,2.743412340099164,0.14258515340295985,0.03152145656635283,0.023079496084184716,9.370496457154946,4.113153432015121,3.289415161678341,8.966637793430596,4.597576769259081,0.0,0.0,4.830549965861699,3.433628813224625,4.350784891248618,2.0479382305764107,2.910428722354518,0.0,0.0,5.845224502527329,2.706836438122284,4.625195255144729,5.407380752195727,5.046656704901106,6.285111553894624,16.135680418646412,17.75692070230184,0.0,0.0,5.572041628424892,9.238075652016251,9.950444779634227,8.428713688545386,12.842608080260986,0.0,0.0
7.105427357601002e-15,3.9029230734712366,2.3439636929170184,2.73988945115592,0.14258210409967337,0.03150054954418675,0.023090638046757848,9.383675261085857,4.133066189893804,3.278615811617248,8.97066842883243,4.601910107173788,0.0,0.0,4.829957134155425,3.4351663340614857,4.352477644210185,2.025088800569159,2.8899067856355907,0.0,0.0,5.856902030803192,2.724964318916378,4.6233218588333544,5.4061705681683785,5.021703422390112,6.270893029960492,16.128338991205336,17.77999006546511,0.0,0.0,5.577926581979792,9.233336227045962,9.92386633643133,8.421914383316903,12.827405045827524,0.0,0.0
0.0,3.9025982563322104,2.357876636987254,2.7359657228100853,0.14257912766605849,0.03147852797082291,0.023101825389036847,9.396766219510154,4.151896362512469,3.2679888746450234,8.974239231769674,4.606341252854204,0.0,0.0,4.829315433209488,3.4364072443072815,4.3544120316795905,2.0027403997764104,2.869566237374836,0.0,0.0,5.868849218642736,2.7433517881286877,4.620755788949496,5.40564162517768,4.99693941510507,6.256812154485509,16.1201952307585,17.802412897698314,0.0,0.0,5.585143776266638,9.228772342023841,9.89748517419857,8.415312045450298,12.812288691506225,0.0,0.0
0.0,3.9023089977873666,2.371715878464284,2.731867205841372,0.14257617322510363,0.031455379022375676,0.023113248134067756,9.409778379294913,4.170188617560026,3.2576288831599736,8.978373939485081,4.611033237169459,0.0,0.0,4.829252790742584,3.4377494016730292,4.356545116098997,1.9821689493815822,2.849773126151808,0.0,0.0,5.880705083386859,2.7616036562703012,4.61779575781671,5.405769220436047,4.972376904755073,6.24297211464888,16.110271236263177,17.82494103592769,0.0,0.0,5.593616365962344,9.224309058687385,9.870851207903756,8.408653801771042,12.797602344974724,0.0,0.0
0.0,3.90202946442719,2.38540700661383,2.727603192009038,0.14257312746924258,0.03143227903460564,0.02312461394292769,9.422339378562798,4.188146528991712,3.2474555155772338,8.98393445554863,4.615966542360743,0.0,0.0,4.8286929285757045,3.4392676204249404,4.358697026774642,1.9634617766007685,2.829888082536327,0.0,0.0,5.8925050093854985,2.779686023823179,4.614762943217065,5.40624655565306,4.947988443800058,6.229305839417682,16.100074948465736,17.84632481996447,0.0,0.0,5.603307127810053,9.219694122875804,9.844398337130285,8.402092846670207,12.783253656669423,0.0,0.0
0.0,3.9018184128846993,2.3989261936945803,2.72329562799935,0.14256941914334273,0.03140973307073162,0.023136083866360777,9.43403163804056,4.205728049308755,3.23740465209831,8.99104576890304,4.622204739279095,0.0,0.0,4.828622432114282,3.441031397545449,4.360844401817786,1.9466196912075477,2.8096140944115042,0.0,0.0,5.904182734609101,2.79753894737983,4.611612217640609,5.407167101806109,4.923864668760526,6.215817506512672,16.090119140326514,17.867391905001504,0.0,0.0,5.6137870023398335,9.213775635317566,9.818106414038628,8.395781482939128,12.769146363453846,0.0,0.0
0.0,3.901777488512299,2.412339527829653,2.7183425494816436,0.14256533452059478,0.03138480362371826,0.0231474681836983,9.445902566145199,4.221317599704729,3.227520543585886,8.99799587291755,4.628854697588798,0.0,0.0,4.828937594507753,3.4421501494068876,4.363133118317033,1.9316902161869045,2.7895494717677587,0.0,0.0,5.9159502445523975,2.8155446840086547,4.6073856123765475,5.408636155911118,4.9000761746198265,6.202714009955654,16.079296951638483,17.888095461144633,0.0,0.0,5.625395961617077,9.207467815524165,9.792192827346444,8.38928363628662,12.75565620351741,0.0,0.0
1.4210854715202004e-14,3.9017414213665687,2.4260779589684325,2.713609239300535,0.14256166784640334,0.031358153562699095,0.023158796267397103,9.45705690161091,4.2367167004263395,3.218161455733513,9.00582243982291,4.635429922129108,0.0,0.0,4.830526719263894,3.4437118733043937,4.365591268362821,1.9227540924685902,2.770784217404942,0.0,0.0,5.927198155552219,2.8340094366185635,4.602933907997703,5.410471392072495,4.876362450724534,6.190294186045946,16.06953227295167,17.90893309114006,0.0,0.0,5.63733335942027,9.200190633105242,9.76712759048232,8.383778189545374,12.743329012328315,0.0,0.0
0.0,3.9017099338842303,2.440188708336103,2.7096124624291167,0.1425589850205805,0.03133015416462259,0.02317037700087016,9.466902184162327,4.252353479298395,3.2097429238438746,9.015686346551023,4.641931153758938,0.0,0.0,4.833634889281073,3.4458340562275414,4.36830368160698,1.9193850915000357,2.751287914685528,0.0,0.0,5.937803547043231,2.852799893877012,4.598432095645295,5.412559061710617,4.852544819733286,6.1779793625989825,16.060766711016075,17.92967087227142,0.0,0.0,5.6492710488615225,9.19291771599627,9.742231481256082,8.378835094827963,12.730834752246954,0.0,0.0
0.0,3.9017018246595683,2.454285289145754,2.7060978695893634,0.14255767193902122,0.03130270864309907,0.023182081249981834,9.475054734072074,4.2684807568009795,3.2018930213683308,9.024634669742579,4.6479889459830765,0.0,0.0,4.837813938491829,3.4486889837081494,4.3708651917846595,1.9184910395570076,2.731689257267815,0.0,0.0,5.948153072282179,2.871160836773282,4.593961328977435,5.415379044650105,4.829178961268156,6.166147278868777,16.051568508938864,17.94998414698287,0.0,0.0,5.661972655979269,9.185434873400009,9.71796238639009,8.375086258171443,12.71802298702701,0.0,0.0
0.0,3.901685501355499,2.468289134186721,2.7022634435239357,0.14255627848126604,0.0312748242362697,0.023193452696343625,9.482140427225819,4.283886213148069,3.19432916836729,9.03353054289585,4.653410621372274,0.0,0.0,4.841373941900736,3.451749836006303,4.373302345193151,1.91766029325121,2.7114601612652187,0.0,0.0,5.95855996359644,2.889325027998118,4.589242858602437,5.418832631660709,4.806339748927039,6.154440452568794,16.04205303320678,17.96808209877739,0.0,0.0,5.675980262451237,9.177570744335968,9.69418660475673,8.371685941143975,12.705294460307371,0.0,0.0
0.0,3.9016966686163452,2.4821561419998983,2.6979565690980083,0.14255542324254722,0.031245380786060758,0.023204912215276433,9.489146510219923,4.298246404311634,3.1869524221515197,9.040702397210065,4.65860927810581,0.0,0.0,4.845600232994381,3.454563553337852,4.375820860611078,1.917998115231324,2.692374800593796,0.0,0.0,5.969095807264918,2.9072486784991693,4.583735211235609,5.423356455993447,4.783984399062089,6.143343894185694,16.030304161727656,17.986047945833423,0.0,0.0,5.691610998394471,9.169545579459342,9.670798874542513,8.368685151590022,12.692862621879462,0.0,0.0
1.4210854715202004e-14,3.9017987483452226,2.496043151797088,2.6936092874593336,0.14255463375611213,0.031214843963298378,0.023216416484015227,9.496185742338707,4.31224090485102,3.1799106030337994,9.050001547449352,4.663711995466628,0.0,0.0,4.850320709997896,3.457409756167506,4.378585094017303,1.9216594689550293,2.6735925391896838,0.0,0.0,5.979617401175935,2.925220500971814,4.577980405088707,5.428177273208184,4.7617083985745365,6.132444003537672,16.018853026447527,18.00304328064982,0.0,0.0,5.708159561127282,9.161439180332989,9.647839823278042,8.365673547204741,12.680649242049368,0.0,0.0
0.0,3.9018991293156486,2.50993226804467,2.6894921262628775,0.14255353551053349,0.031182914160680655,0.023227865538129208,9.502987953273738,4.3258884479151,3.1734158967872172,9.061358738556443,4.667708729014029,0.0,0.0,4.856323623367883,3.4606386676796412,4.381534406535732,1.930314688586051,2.6554483727944818,0.0,0.0,5.9896774236603685,2.943286506397276,4.572091740933262,5.432981683472917,4.739331772830734,6.121997973615537,16.007554792707438,18.020418181266876,0.0,0.0,5.7251438910731265,9.153095966072291,9.62494489676744,8.362709668729842,12.669925608076122,0.0,0.0
0.0,3.901949381313032,2.5234166165754783,2.685272201149254,0.14255276044331003,0.03115128571427294,0.02323890488694634,9.509037429556216,4.338898401608418,3.1673283890206427,9.074410014749926,4.671269980296396,0.0,0.0,4.86271494286784,3.4636114688787947,4.38437157657919,1.941329946721503,2.637187736340519,0.0,0.0,5.999482722698883,2.9609919208587026,4.565816324673673,5.438019219846522,4.716966141365106,6.111713707090405,15.996709615395506,18.03650481144111,0.0,0.0,5.742948469172928,9.14502629334181,9.602398976202238,8.360074139271383,12.659661311303884,0.0,0.0
0.0,3.902186914357313,2.536654276949887,2.6809882418748314,0.14255332761019412,0.031119293935255664,0.023249526536038678,9.513870545379996,4.351187663212638,3.1615294174294957,9.08592198479911,4.673941333669392,0.0,0.0,4.869501445112849,3.4666439729070175,4.387102514413049,1.9527596160800986,2.619538795775262,0.0,0.0,6.009354102600531,2.978230399465651,4.559209777780775,5.443762464253175,4.69497419940501,6.101839684234706,15.984891434034152,18.05054465130127,0.0,0.0,5.762550407908304,9.137273039558206,9.580377662530802,8.358175573024583,12.649278861587117,0.0,0.0
0.0,3.9025204956205393,2.5503909840554355,2.676709004516325,0.14255403511784215,0.03108678858749103,0.02326007711044779,9.517315660199689,4.363813195639794,3.155894434075425,9.096009927646227,4.675774864842424,0.0,0.0,4.8766364874257775,3.4707810561181107,4.389730480036525,1.9637710319195214,2.601602602755176,0.0,0.0,6.0194284491096735,2.9956418362662856,4.552626482278297,5.450483559888647,4.6735262025216,6.092305696995679,15.972062868856895,18.064201499265284,0.0,0.0,5.783609624114656,9.129436013140259,9.558536965572031,8.357214218092174,12.63844347978026,0.0,0.0
1.4210854715202004e-14,3.9028427843320537,2.5640978092446893,2.6723512443087287,0.14255520632059532,0.031052795355822466,0.023270791044221705,9.520310111028454,4.375566294557339,3.1506346594120234,9.105276979051908,4.677401562500029,0.0,0.0,4.884274668872999,3.474922330597615,4.392441567151774,1.9771534949274117,2.5843929083818398,0.0,0.0,6.029379626853145,3.0130550442279467,4.545576614425948,5.457786926984479,4.652713521839788,6.083357275404043,15.958889807710996,18.078012446011712,0.0,0.0,5.805314591222709,9.12085671323011,9.537654238944858,8.357255059523501,12.628067086119206,0.0,0.0
0.0,3.9032586242793297,2.5777878010633746,2.668190288103319,0.14255619332828842,0.03101629152661726,0.023281883192687678,9.52268684183234,4.386136251122334,3.1462356615665508,9.115586930461937,4.677982520872059,0.0,0.0,4.893368502633025,3.4790975912181663,4.3954312177413755,1.9949573497408402,2.568112604039352,0.0,0.0,6.039043085437437,3.030546704316565,4.538088869898488,5.465266793014052,4.632339494397961,6.0750657790546905,15.945752713070034,18.09207689179673,0.0,0.0,5.827113252448031,9.111105392227227,9.517790121045326,8.357367356299969,12.619445944404184,0.0,0.0
0.0,3.9036164706253786,2.591319932545682,2.664615464380762,0.14255741843399952,0.030980048917619456,0.023292751682127633,9.524139098869176,4.396533739440101,3.1424918962238944,9.127971001476233,4.678083221865885,0.0,0.0,4.903388587245198,3.483446167854596,4.398463218605026,2.0155356656494203,2.5521971543218616,0.0,0.0,6.048151899078129,3.0477013763441443,4.530705053979839,5.472769165568719,4.612196124002887,6.067032581691779,15.933939972014635,18.10580277535074,0.0,0.0,5.8489046689335655,9.101151550777892,9.498227886029188,8.357902573768722,12.610939382914342,0.0,0.0
0.0,3.9039875037358587,2.604688727129994,2.6610713215576967,0.1425588306017557,0.030943966354077673,0.0233035649934763,9.525145282988879,4.4061445748115675,3.139138672545557,9.14057960983253,4.677473730027678,0.0,0.0,4.913835938702014,3.4875636558437497,4.401494630006081,2.0376588296538243,2.536132982186598,0.0,0.0,6.057138639714209,3.0648109312925325,4.522973880290693,5.480623265464917,4.592232647694034,6.059220758066494,15.922316738499077,18.11929465784312,0.0,0.0,5.871506852858003,9.091191150030511,9.478945717084892,8.35909709674869,12.602640308355687,0.0,0.0
0.0,3.9042517817933606,2.617992025102718,2.6573996036267293,0.14256075583412242,0.03090716427331725,0.02331413021556457,9.525458897414287,4.415290138861026,3.136179405888408,9.15416668671644,4.676153667660857,0.0,0.0,4.924707696674267,3.4917605081591527,4.404520335790879,2.0623152639881877,2.5194646913670113,0.0,0.0,6.065864373398252,3.08203451053356,4.514838063597497,5.488789566039138,4.5722764907088065,6.051596398278089,15.910822456426256,18.13152294663986,0.0,0.0,5.895393623419077,9.08157142838827,9.460102893829903,8.360875226593299,12.595033111306497,0.0,0.0
1.4210854715202004e-14,3.9045973159410092,2.6308918494652924,2.653641440610501,0.14256378948798645,0.030870142807285013,0.023324989424466414,9.52493631100064,4.423938163459377,3.133457952515094,9.168359948276567,4.674906236784372,0.0,0.0,4.9357122704332435,3.4960104653506807,4.407478328548224,2.0882081538202386,2.5033094301872953,0.0,0.0,6.074710565071839,3.0985881620650524,4.506447501901636,5.497699762947914,4.552634619306524,6.044647273659977,15.898042857235657,18.142559278014765,0.0,0.0,5.921010441702467,9.072096992074341,9.442121147706338,8.362883730973218,12.587760123378935,0.0,0.0
0.0,3.904983862250017,2.6433654021305584,2.649644979290911,0.14256689214546642,0.03083222097064797,0.023335426377279228,9.52368411547273,4.431052583716416,3.131064622243361,9.182316307856068,4.6733058929690126,0.0,0.0,4.9474296958203325,3.4997708545450865,4.410350498961849,2.1154496124359348,2.486833336257992,0.0,0.0,6.083334344218186,3.1148569377134607,4.497373479828827,5.506868799670287,4.533544684451875,6.038128770301089,15.885609001143253,18.152536859072512,0.0,0.0,5.946989998362542,9.062095061969979,9.424846840832666,8.365591270594445,12.5808387942789,0.0,0.0
0.0,3.9055710745891368,2.6558493741867024,2.6459222371138518,0.14256896380244624,0.030793930320372354,0.023345776387148968,9.52162155818257,4.438043030437813,3.129057180642699,9.197039125973594,4.672240908181644,0.0,0.0,4.96063245507045,3.504167575217094,4.4133194321794855,2.1440063520575863,2.4706207935570013,0.0,0.0,6.091760895938742,3.130862482794637,4.488328787510466,5.516040797667515,4.5153955884886035,6.032075203856916,15.873965174763375,18.16242670175635,0.0,0.0,5.972276208547711,9.051205622383264,9.408032866150352,8.368703071409989,12.574944763353088,0.0,0.0
0.0,3.9061467776663434,2.668560542382889,2.6427074878315877,0.14257144231441413,0.030754737100903786,0.023356237035287733,9.519018764280077,4.445210074641731,3.1275596030899986,9.211850482756827,4.671195199213008,0.0,0.0,4.97476007658661,3.509213855872894,4.416451221244021,2.1750064198472407,2.4551646092713364,0.0,0.0,6.100005918396707,3.1469655076885195,4.47942499939681,5.5255898061858035,4.497520756644582,6.026736766039824,15.862710797383128,18.17236410865011,0.0,0.0,5.997817651371815,9.039899637467544,9.39191819476858,8.372895527978624,12.57020122294374,0.0,0.0
0.0,3.9067819752044635,2.6812635821574355,2.6394689444721786,0.1425740729353405,0.03071401119695581,0.02336668897757156,9.515990621361615,4.451517730393857,3.1265414308225017,9.226047076226553,4.670367940205814,0.0,0.0,4.989610261764467,3.5143393317500897,4.419795017986219,2.2073285997580774,2.4405410884173704,0.0,0.0,6.108257363731635,3.1631824875216386,4.470157402794709,5.535644405915973,4.480175606112555,6.021919208150253,15.850373587128946,18.181963152164794,0.0,0.0,6.024254900883465,9.02854307680392,9.376196689467768,8.377642281212085,12.566655332047729,0.0,0.0
1.4210854715202004e-14,3.907383916316891,2.693538716766812,2.6363981794562554,0.14257814156853055,0.03067217266017688,0.023376832480373415,9.512459773626494,4.456871033134388,3.1259714068892004,9.24218152674821,4.669695605084433,0.0,0.0,5.005519745075641,3.5190234028301375,4.423179121299495,2.2422696252205845,2.426919091000997,0.0,0.0,6.116114787550625,3.1788337800502364,4.460403872156642,5.545758453344517,4.462970966293921,6.017731920458589,15.838293557133715,18.1905669976909,0.0,0.0,6.051394837536694,9.01740085986413,9.361164182816463,8.382411632600357,12.563326486238713,0.0,0.0
0.0,3.908032900077383,2.7059161952158934,2.6336156060321265,0.14258318351637317,0.030630284335467634,0.02338646641985045,9.508054633234458,4.462259439891131,3.1256911481091576,9.258845368227115,4.669079525574627,0.0,0.0,5.02142947646842,3.5240861988441603,4.426514025878026,2.277446254462699,2.413157914023399,0.0,0.0,6.123938843783152,3.194398265662705,4.4507396901549745,5.556114226106827,4.446020803828944,6.013729215580426,15.827261539325114,18.19774528979077,0.0,0.0,6.079519344902661,9.006566023198717,9.34666478215074,8.387802319815403,12.559019436554802,0.0,0.0
1.4210854715202004e-14,3.908647128716859,2.718077170641991,2.630797007240955,0.14258889625454987,0.030586596425285297,0.02339585992882698,9.50296503544576,4.466558976727228,3.125695387526282,9.275514594233169,4.668473117020394,0.0,0.0,5.0381881132992,3.528862365864802,4.430026719689327,2.3144107548961643,2.3998611044876994,0.0,0.0,6.131474619094732,3.2099549803654974,4.440591349155881,5.5668616807721625,4.429285927885671,6.010089445233262,15.81583405418225,18.204209675303336,0.0,0.0,6.108576304533974,8.995848443986224,9.332448682801306,8.393789479314908,12.555013307968325,0.0,0.0
0.0,3.909454689790116,2.7299801113788753,2.6281386758103293,0.14259459524651083,0.03054444053399146,0.023404784679540342,9.497232522753471,4.470854131834195,3.1259841584203802,9.292623632149462,4.668196872697627,0.0,0.0,5.054887896151678,3.5339575741760907,4.433240185678605,2.350635717582983,2.3868814817439308,0.0,0.0,6.139050434732973,3.2249456048163165,4.430474994288477,5.5775150892202925,4.413178850185769,6.006656281833918,15.805202083571546,18.209289671003514,0.0,0.0,6.1383459683186405,8.985063778464621,9.318673418058996,8.399837184036084,12.550904584703103,0.0,0.0
0.0,3.9103059068884476,2.7419374344163336,2.62590428708136,0.14260072754267777,0.03050076983948624,0.023414262653347506,9.490830229713652,4.475335646588312,3.1267290910580927,9.31010191450662,4.669403767002546,0.0,0.0,5.073099531722775,3.5397708964338617,4.436547207885441,2.389690216156046,2.3753701150678057,0.0,0.0,6.14651579674545,3.239798712846578,4.420372921670439,5.588583819188198,4.397434313964537,6.0042612963497355,15.794158463759869,18.215219091983364,0.0,0.0,6.167996290330735,8.97342952823489,9.305840331432307,8.40681179256185,12.548599174361742,0.0,0.0
1.4210854715202004e-14,3.9110661246389493,2.753495855104765,2.623627648916116,0.14260707223460048,0.030455901410694593,0.023423688484818996,9.48326192579771,4.478670984279078,3.127660015211774,9.328402171164658,4.6705695787965205,0.0,0.0,5.091858279270231,3.5451677942606374,4.439996063102409,2.4300717631181943,2.363488083300673,0.0,0.0,6.153831037097061,3.2543561481790557,4.409779075956571,5.600065006574941,4.382019769192014,6.0022187936132525,15.782178339124425,18.22095257486456,0.0,0.0,6.1988797548040075,8.962028410550218,9.293285571489415,8.41379146380605,12.546729134679355,0.0,0.0
0.0,3.9118921890713794,2.7652525812212985,2.6218892681647925,0.14261500476296357,0.030410166115605722,0.023433005801387147,9.474671332793816,4.481624490502351,3.1290674413256654,9.346650967858801,4.672220059532651,0.0,0.0,5.111369509028798,3.5507122290534445,4.443595078036789,2.4715645250968206,2.3521905266804652,0.0,0.0,6.160994755664391,3.2690153102192254,4.399161643580145,5.611799334791947,4.366919286025106,6.000571805742742,15.771349369187446,18.22548604217635,0.0,0.0,6.230768345312067,8.950895288991429,9.281351850199362,8.421513888357685,12.544995436032117,0.0,0.0
1.4210854715202004e-14,3.912753485239556,2.776975501163164,2.620270222484107,0.1426225351730979,0.030364347982678497,0.023441975656978593,9.465731122280173,4.484542597804112,3.1308909284774917,9.365524640171017,4.674487274121591,0.0,0.0,5.1312788695224985,3.5567080456116176,4.447125066898099,2.5140097908874735,2.341724923130516,0.0,0.0,6.168070103922259,3.2835702514692113,4.388517563700552,5.623505304775069,4.352307022346328,5.999443635468999,15.761016986609585,18.229283567649478,0.0,0.0,6.263048837098295,8.93961801988668,9.269640108775475,8.429702785908283,12.544109452163593,0.0,0.0
0.0,3.9136055312986344,2.7883516814544667,2.6186699422139403,0.14263003933225402,0.03031812170192148,0.02345083729631413,9.456176403527433,4.486531496480428,3.1330967250869617,9.384531280042903,4.676959703960503,0.0,0.0,5.151134066024276,3.562493670910872,4.450559463510148,2.556494819216462,2.3322034433561227,0.0,0.0,6.175035100886483,3.2978189385371404,4.377494447706159,5.6352672610084555,4.338277104125175,5.998769982017025,15.750533831360569,18.232215439011863,0.0,0.0,6.295717747466803,8.928261151788334,9.258448583203958,8.438144629216032,12.543760334177977,0.0,0.0
0.0,3.914501011031337,2.7994173957026702,2.617153047825428,0.14263735471404046,0.030271394245821075,0.023459811447465766,9.44588959711515,4.4874745482908205,3.1357080624968177,9.403717895611413,4.680312928516636,0.0,0.0,5.171581931964999,3.568062620589435,4.453834102076484,2.5994681869073086,2.3236839722185447,0.0,0.0,6.181847609374468,3.3116750544186675,4.365920469106757,5.647047370629334,4.324960951962747,5.9987638417517255,15.74011848402808,18.235056794567065,0.0,0.0,6.328047204366975,8.916599976762887,9.247862153426878,8.446846946534203,12.544054710921522,0.0,0.0
1.4210854715202004e-14,3.9153872000707937,2.8104926939195476,2.61579250042483,0.14264504047606855,0.030224620278394936,0.023468597331835116,9.434253202941061,4.488655116716592,3.13840903068261,9.422890270947642,4.683613857575388,0.0,0.0,5.192626310022413,3.5741565565928624,4.457046200258884,2.6427647094921354,2.315647617367822,0.0,0.0,6.188541644731611,3.3252277835496673,4.354348452192651,5.659080862408545,4.312305192417138,5.999223231849978,15.729485160668366,18.237551900469118,0.0,0.0,6.360931282109446,8.904939957396447,9.237426567051735,8.455995479432085,12.543913380328073,0.0,0.0
0.0,3.9164138616658923,2.8216129088948447,2.6143480729578523,0.14265399086942349,0.030176497244322642,0.023477556672464685,9.422592787953388,4.489457529885791,3.140969247542051,9.442145244471288,4.687104647400591,0.0,0.0,5.214634361635617,3.580336388667799,4.460339985088742,2.6877130681170742,2.3087585773454316,0.0,0.0,6.195308956488846,3.3388486997698936,4.342439691891635,5.671369608900134,4.299994322205472,6.00025532829969,15.719568816620304,18.24005726900302,0.0,0.0,6.39365070800064,8.89290980780071,9.227854351099705,8.466193863264724,12.543766840666224,0.0,0.0
0.0,3.917408311340061,2.8329421554908305,2.6135463644330392,0.1426640176251019,0.030128277230689976,0.023486145646843634,9.410336355949841,4.490389363453695,3.144229458511742,9.461299556685791,4.690112009102334,0.0,0.0,5.237158059027533,3.587188336338058,4.463704842113283,2.7335367294284723,2.302795416783733,0.0,0.0,6.20158931862542,3.3526018046532347,4.330603299257706,5.6834125245603735,4.288053012718745,6.001793179025182,15.711738387838063,18.241872652398936,0.0,0.0,6.426208166960187,8.880722098269274,9.218826934734155,8.4774596215249,12.544535729359893,0.0,0.0
0.0,3.918473574992747,2.844260586606597,2.613182367829889,0.14267550031438417,0.030077869044309726,0.023494844852598968,9.397991034844193,4.490810484946806,3.147813564508145,9.481038502243589,4.692511668600614,0.0,0.0,5.2603365427328805,3.5940032764052705,4.4672078381621905,2.7810761033205407,2.2987135344356053,0.0,0.0,6.207756501275919,3.366397456109118,4.318579486942479,5.695557941192667,4.2760911171296385,6.003809590312325,15.704466822266797,18.243427542843264,0.0,0.0,6.459551342282799,8.868630793363227,9.210192821173747,8.489238892101232,12.545788386295685,0.0,0.0
0.0,3.9197319603445133,2.8554403748997657,2.6127773449613216,0.14268679871634735,0.030026427953222988,0.02350346813508476,9.384955753440316,4.490767502146548,3.1515452442249736,9.502651895973143,4.694360462182095,0.0,0.0,5.284048176845994,3.600868833934828,4.470732972587939,2.829994217545114,2.295311146963038,0.0,0.0,6.2143018242713195,3.3798749556362093,4.306188263677469,5.707860425369997,4.264639269205147,6.006482679658475,15.696910880850554,18.243939526700494,0.0,0.0,6.493446461522408,8.856712429932937,9.202131290290986,8.500536049784015,12.547479001664689,0.0,0.0
1.4210854715202004e-14,3.920949381418047,2.8664066974467293,2.6125028291624717,0.1426985020530604,0.02997489231118452,0.02351213259823398,9.3707583488292,4.490479384098559,3.155502144668676,9.524260867614135,4.696132472226036,0.0,0.0,5.308449465106936,3.6079234003202934,4.474148680556218,2.8794009497947433,2.293606907949319,0.0,0.0,6.220608961472147,3.392852655134807,4.293519097075761,5.720355567501528,4.253938819589294,6.0099586908474345,15.688748835401384,18.244123614413798,0.0,0.0,6.527209616833266,8.844688004054557,9.194334452797484,8.51231676483956,12.549740307220397,0.0,0.0
0.0,3.9222714230054283,2.8768225061926582,2.612467119857441,0.1427095839473622,0.029924531044834442,0.02352077000466847,9.356461418814673,4.489439746617767,3.1596792370251223,9.547165687593356,4.697927666804635,0.0,0.0,5.3328912880715,3.614681546624159,4.477510563170731,2.9283739483696394,2.2922565758376434,0.0,0.0,6.226807602297603,3.4051011905985717,4.280674545430859,5.732639949256216,4.243897114765061,6.013932134457905,15.681053834769287,18.244379838184944,0.0,0.0,6.560225220901074,8.832405839181341,9.187088227634083,8.52398381096991,12.552320095668332,0.0,0.0
0.0,3.9236420156063447,2.887357298429657,2.612634340027423,0.14272068442108657,0.029874290375570222,0.02352944469724609,9.341974682477789,4.488324891700553,3.164281415194872,9.570374020657685,4.699253503197205,0.0,0.0,5.357604103464346,3.6218662607602026,4.480852310894433,2.9777956947726056,2.2918205008370256,0.0,0.0,6.232951286940872,3.417488288706205,4.267730834264152,5.7448994521566465,4.23435879917547,6.01836926240895,15.67425951389693,18.244584696814268,0.0,0.0,6.592937339274924,8.820043189712244,9.180267388678818,8.536416772901683,12.555898520650757,0.0,0.0
0.0,3.925056473711784,2.8980209941192023,2.612846040011999,0.14273215562078567,0.02982362634202362,0.023538113703191862,9.326666824976666,4.4868615754037195,3.1692128914097193,9.592880890891374,4.700258000327183,0.0,0.0,5.382587573183069,3.629404948437478,4.48407595606849,3.0276155977326065,2.2921599695969945,0.0,0.0,6.239112235126365,3.4299703578909404,4.254324908770931,5.75724964373611,4.225494737625216,6.023296132787216,15.667917740055806,18.243735173207675,0.0,0.0,6.62616105779035,8.807615351015208,9.173758033357517,8.549400249813772,12.559701949526335,0.0,0.0
0.0,3.9266111225302427,2.9088665651857104,2.6130615435514697,0.14274571917394424,0.02977119770840697,0.02354669915991807,9.310391706902008,4.485045654594897,3.1742197849977485,9.614195089904511,4.699086030129735,0.0,0.0,5.408064276576917,3.6372240826918505,4.487169423096987,3.0778240717590126,2.2943089026293637,0.0,0.0,6.2454180999843265,3.4425786876207276,4.240433803547247,5.769779938917915,4.217075770406045,6.02870510224108,15.661542069353203,18.242243987838688,0.0,0.0,6.660421163117544,8.795373619555154,9.167489959324904,8.562901348346992,12.563234258688288,0.0,0.0
0.0,3.9281927252676803,2.9197152348541278,2.613703710790768,0.1427612352385258,0.02971727391835503,0.023555359012731862,9.293524348721133,4.483271572940099,3.179517718133875,9.636414818278988,4.697469996670131,0.0,0.0,5.43428368584969,3.6452873420052314,4.490336135029975,3.1292517443896912,2.299569607146282,0.0,0.0,6.251544883760764,3.455008032436774,4.2265179494969365,5.782346378831253,4.208690595590886,6.034681046834588,15.655266310361686,18.240966428824503,0.0,0.0,6.695288495838236,8.783306008197192,9.161449632744235,8.57667888359155,12.56701567740071,0.0,0.0
0.0,3.929911689985571,2.930359724784119,2.6146930504379036,0.14277733528472492,0.029663519200429117,0.02356381211096795,9.276635465942501,4.481494320969667,3.1848705954355596,9.661172113223305,4.695552719181518,0.0,0.0,5.46112614104132,3.6534577333114697,4.493667059113124,3.1817891280235235,2.3060799796952804,0.0,0.0,6.257712960944802,3.466894936688152,4.212621533483086,5.7946703262283,4.20052265876834,6.041195551499045,15.649806952774934,18.239961045456702,0.0,0.0,6.730130492515497,8.771316817573608,9.155685919932013,8.590175594809347,12.57090571359688,0.0,0.0
0.0,3.9315593861094262,2.940629829257336,2.6159471915585666,0.14279244079361098,0.029610507317983745,0.023572339218712327,9.259356750133913,4.478765618771433,3.1909469777685926,9.685358061025795,4.692149109008988,0.0,0.0,5.487932643320801,3.6615652049103127,4.496823189855714,3.2343023075792336,2.3140432806730837,0.0,0.0,6.263492942543927,3.4785701483374902,4.198314253335719,5.8066821209915185,4.193121582392422,6.048228044063292,15.645371595525948,18.238723771339508,0.0,0.0,6.763318243513444,8.758958226269645,9.150183241954604,8.604569618235915,12.575367024138139,0.0,0.0
0.0,3.9332607798157158,2.951115233094529,2.6175633672950416,0.14280706282683964,0.02955727581547356,0.023581372378669994,9.241402879734698,4.4760092548877255,3.1976239999053777,9.708755424309087,4.688786452130168,0.0,0.0,5.515228863449344,3.670300678709736,4.499822807262964,3.2871172428631,2.323295475067314,0.0,0.0,6.269187923958372,3.4902788638817976,4.183859194870944,5.818780146533561,4.186635575595543,6.055882094955042,15.641248290963787,18.237289598238863,0.0,0.0,6.795956429184686,8.746258842359298,9.144801281130905,8.61955133463604,12.580487256272196,0.0,0.0
0.0,3.9350464663495455,2.961545129820302,2.6193668432794994,0.14282115907919538,0.02950398980202174,0.02359035337838261,9.22336411035824,4.473015365452775,3.2045727879486443,9.732961828852826,4.685177166498454,0.0,0.0,5.542362297727638,3.6791369645434737,4.502786508070214,3.3399212402506966,2.332516433193091,0.0,0.0,6.275034056320423,3.5017555522880692,4.169046652374533,5.830762925824052,4.180769863027849,6.063905845325493,15.637789905834781,18.235582212426106,0.0,0.0,6.828581968555034,8.733680054449236,9.139771487182173,8.634251717574609,12.58532424999954,0.0,0.0
1.4210854715202004e-14,3.936876411325458,2.9717011746839317,2.621352453158261,0.14283588886054804,0.02945113260284852,0.02359890240190427,9.20477639579497,4.4695010113535805,3.211598057863593,9.757367339458838,4.681482533024115,0.0,0.0,5.569264735374297,3.687712783034059,4.5056502456883045,3.3924517286735667,2.342398961495269,0.0,0.0,6.280931187266251,3.512956952713607,4.154007546431632,5.842708223947921,4.175306095715375,6.072452074501072,15.634213829144748,18.233053462355347,0.0,0.0,6.861948903249711,8.72135821172535,9.134832240566189,8.649024681819931,12.590032043402045,0.0,0.0
0.0,3.9387375286768096,2.9818046841286114,2.6232984444417102,0.1428527050193683,0.029398212642297167,0.023607175549959412,9.185604719113961,4.465948814318821,3.218487440477549,9.782154096380259,4.6775324158207745,0.0,0.0,5.596273601367562,3.696412840062958,4.508387752142689,3.44528394935929,2.354217496086878,0.0,0.0,6.286873037536667,3.5240977624460283,4.13889145614005,5.854756568755385,4.169983752110925,6.081632387345718,15.630541413821854,18.23002585602042,0.0,0.0,6.896203000173233,8.709271188957073,9.1298669611194,8.66443354464277,12.59483388775954,0.0,0.0
0.0,3.9406097012392065,2.991941212378241,2.62535442537641,0.14286994175854154,0.029344157422119165,0.023615590679141686,9.16637899281752,4.462173995406211,3.225826700011248,9.807079089622158,4.673303132944406,0.0,0.0,5.623786674949499,3.705500448342683,4.511053178214289,3.4993168302797772,2.368392679321659,0.0,0.0,6.292637287218479,3.535425639705733,4.123600899284245,5.866561287547502,4.165029023440528,6.091241798417022,15.628457365127383,18.226911360240862,0.0,0.0,6.929328914745403,8.69697609425134,9.125151482366235,8.68059348579065,12.600136172598551,0.0,0.0
0.0,3.942634303840346,3.0019920810254255,2.6277722185616468,0.1428893597638264,0.029289537660234233,0.02362373028271724,9.146520448586173,4.458441746942437,3.2331818915678667,9.833216825922559,4.668663701761268,0.0,0.0,5.652214565218903,3.7147590234770247,4.513650238343926,3.5544745165019087,2.3831048218337285,0.0,0.0,6.298420056196479,3.5465656200446567,4.108272033784264,5.878259973353341,4.160208523466292,6.101345441627658,15.627237312822775,18.224102834311918,0.0,0.0,6.962819168206651,8.684849658570114,9.120179629325303,8.69706982199142,12.605662939030273,0.0,0.0
0.0,3.94471249936143,3.0118778366753762,2.630437141082023,0.14290873049374425,0.029235473494446298,0.023631620389502308,9.126160600512398,4.454746858397483,3.2407244908761506,9.860597652930325,4.664208068145162,0.0,0.0,5.680858271049099,3.7241741285641883,4.516148914811076,3.6097225767511247,2.398470815470453,0.0,0.0,6.304273108076587,3.5573128978926367,4.092880697785125,5.889778845633237,4.15589137427953,6.111995174669771,15.626184701996944,18.221386038882354,0.0,0.0,6.996012260776629,8.672932213727684,9.115344651094585,8.713323213299539,12.61116940529593,0.0,0.0
1.4210854715202004e-14,3.9468207005717693,3.021574475772842,2.633365936324981,0.1429285385125038,0.02918177631923525,0.02363907927398611,9.105356535113607,4.450774134017263,3.248590517145347,9.88578442039162,4.659932713564607,0.0,0.0,5.709059592318093,3.733616791855097,4.518465531708905,3.6635738429066413,2.4145506395886964,0.0,0.0,6.309928757144899,3.567686101580091,4.077076233808534,5.900859687718546,4.1522221632127,6.122931095329716,15.62536708499481,18.218141799738788,0.0,0.0,7.028995539377664,8.661080964306862,9.11046007832425,8.729575027164314,12.616008194655231,0.0,0.0
0.0,3.9489478888462597,3.031034930179373,2.636581848488408,0.14294730355368812,0.029127629150774985,0.023646800312255363,9.084581087771944,4.446247207059299,3.2565448388714855,9.912660912619689,4.655771320996468,0.0,0.0,5.737335389312697,3.7430225399218298,4.520960788154027,3.7181778883081944,2.4309773898433056,0.0,0.0,6.315611523330977,3.577637302401732,4.0610807234638315,5.911734980565809,4.149298721262906,6.134430476386719,15.624878369673084,18.2146898595741,0.0,0.0,7.0613806504175205,8.64925976114648,9.10587376707952,8.745356868164425,12.620865696236843,0.0,0.0
0.0,3.9510410574075405,3.040717697957712,2.640093271629447,0.14296595630385647,0.0290722826394036,0.02365490450201873,9.063553459754667,4.441776464793116,3.2648998941288734,9.939424000204365,4.65218134215342,0.0,0.0,5.765574973588631,3.752944197600719,4.5234546717831225,3.773242780572196,2.4497729998775415,0.0,0.0,6.3213954829745544,3.5877668180655458,4.04503245249307,5.922754967784092,4.146908369541292,6.1463868781266955,15.624738566394363,18.21151189878662,0.0,0.0,7.0934034358388836,8.637376026912507,9.101563915342714,8.761436545797553,12.625895365909795,0.0,0.0
1.4210854715202004e-14,3.9531558929072657,3.0503878325311993,2.643933382676013,0.14298515952023377,0.029016807829575598,0.023663389225877882,9.042139688567143,4.437437396498823,3.273509707401656,9.967136226759889,4.649247897607932,0.0,0.0,5.794348453438965,3.7632897662504705,4.525950889100282,3.8292086454382126,2.470379264735155,0.0,0.0,6.327130208358724,3.5977021246554157,4.028944118064958,5.933827533570836,4.144935368567639,6.15898742840309,15.625058478523028,18.208500465872714,0.0,0.0,7.124907194790648,8.625441107944155,9.09735858846635,8.777969587245579,12.631325050598731,0.0,0.0
0.0,3.9552478457522766,3.0597621515684654,2.6476905093498493,0.14300877210001245,0.02896010821095658,0.0236716551371016,9.020432910624018,4.432760292522327,3.2813437745632648,9.994247701054537,4.646193893736291,0.0,0.0,5.823532123186721,3.773389422955389,4.528344656858208,3.886044632969501,2.4931798715000575,0.0,0.0,6.332440560995165,3.6074106549146463,4.012613002315751,5.9444592799499185,4.143092783087719,6.172118791662809,15.626216480704194,18.205053130386087,0.0,0.0,7.1562426707443825,8.613494800663176,9.092246767705666,8.795229890124311,12.636837617840662,0.0,0.0
1.4210854715202004e-14,3.957227281668762,3.068710524454532,2.6515403312655237,0.14303322686005893,0.02890449876113809,0.02367911813467327,8.998062994746906,4.428101924676951,3.289004874009928,10.022238493108791,4.643329407373957,0.0,0.0,5.851837135267541,3.783417169649315,4.530431393766054,3.9417800363361546,2.5159404404201724,0.0,0.0,6.337641986020756,3.6162734617015384,3.996104229149115,5.954593798738403,4.141535830534794,6.18568190208765,15.627761197274516,18.201576018517166,0.0,0.0,7.187868299660099,8.601766555815962,9.087007878201748,8.811825801593345,12.641594476958026,0.0,0.0
0.0,3.9592392824316684,3.0776890590390815,2.655687003550021,0.14305644691733202,0.028848080928096074,0.023686509683120624,8.97569916284294,4.423657504845089,3.2972185871166797,10.051725449443467,4.641307364601304,0.0,0.0,5.880303316523472,3.7937609636831455,4.532613858623433,3.9977863592137606,2.5406050522110117,0.0,0.0,6.3430176069342945,3.625011787801966,3.979600264391392,5.964448831124533,4.140364557482356,6.19935173216809,15.629420996756378,18.19844328094296,0.0,0.0,7.219563460034005,8.59015062970054,9.08166031686421,8.827582697339752,12.646140823204588,0.0,0.0
0.0,3.9612060634994752,3.0868166965463026,2.6602040219950247,0.1430786490470018,0.0287911034022416,0.02369416360165678,8.952686398671052,4.41916864764918,3.3060500533942925,10.0805195685475,4.640302640432685,0.0,0.0,5.909011885684644,3.8044443852904877,4.534695883199768,4.054240985142183,2.5668877294422288,0.0,0.0,6.348377034623494,3.6341125373569896,3.9628602037095484,5.974350234378675,4.139820938197585,6.2133714515141545,15.631230875110349,18.195211022492565,0.0,0.0,7.250977983738774,8.578642793208454,9.076233664601723,8.84360903100155,12.650368626003319,0.0,0.0
1.4210854715202004e-14,3.9630420063697613,3.0959635340763128,2.6651938564817987,0.14310095492280575,0.0287352756295379,0.023702054302207856,8.928763449219987,4.414780172220146,3.315130406099538,10.109120197248947,4.639290867596366,0.0,0.0,5.937231569087582,3.815504999735991,4.536388401393362,4.110401531286986,2.594307756139586,0.0,0.0,6.353647300462267,3.6432054091558537,3.9460825408183013,5.9842168764908505,4.139861432720807,6.227956946744342,15.633671021154568,18.192099854483015,0.0,0.0,7.281975998583105,8.567171842785672,9.070814790033797,8.86003678389829,12.654634559055095,0.0,0.0
0.0,3.964832806325833,3.1048941693831713,2.6705582953564955,0.1431233731835638,0.028681021511418905,0.02370983997859743,8.90448876028,4.4102243612879795,3.3243490453777516,10.137162564448879,4.638303155954046,0.0,0.0,5.965228656558782,3.826602761193912,4.537926283525916,4.166316709116043,2.6234297506230817,0.0,0.0,6.358628699506627,3.6521225931833614,3.9292497196961365,5.993714223664084,4.140431175823602,6.2430285388407,15.636845300534379,18.188677387906655,0.0,0.0,7.312005163304331,8.55588492228746,9.065311120571014,8.87698164009634,12.659077969288134,0.0,0.0
1.4210854715202004e-14,3.9666083153529055,3.1139020266247885,2.6762129437866635,0.14314664894625023,0.028625506716451674,0.023717874884573237,8.879850215690329,4.405789669494782,3.3336058095248395,10.165099872121639,4.638314661909427,0.0,0.0,5.993620471877479,3.8380555989040053,4.539520117355217,4.22306368958098,2.656284242322411,0.0,0.0,6.363472753722241,3.6612126737350774,3.9124491920042,6.003275816464792,4.141223967367204,6.258346609971013,15.640817204973292,18.18517295397927,0.0,0.0,7.341169772562633,8.544646999563351,9.05981478410019,8.894763258021058,12.663376638101928,0.0,0.0
0.0,3.968338038474938,3.123174856420028,2.6822158122306856,0.14317110069058073,0.02856872881362965,0.023726072619855668,8.85339434020576,4.401506982146716,3.3433375728535766,10.193306690667274,4.6384709560866915,0.0,0.0,6.02260104649599,3.850038366362581,4.541102478395413,4.28067564853632,2.6939201507696477,0.0,0.0,6.368353315864007,3.670699555491912,3.895731707960259,6.012957169097744,4.14215177904909,6.273970560657394,15.64448544604567,18.182097760828793,0.0,0.0,7.370512094300017,8.533529533710267,9.054161830168944,8.912935208897238,12.667818369946106,0.0,0.0
0.0,3.9699704557691,3.1324785082264928,2.688341407810963,0.14319685948020863,0.02851176081121064,0.0237342954966627,8.826793887293455,4.397295393254587,3.3530382934577907,10.220892435358254,4.638794537669976,0.0,0.0,6.051085871911713,3.8621565199915295,4.542510663401823,4.3379335004935005,2.733380337695808,0.0,0.0,6.373077489071588,3.6802760305977014,3.8789132824740764,6.022520825795956,4.143355577686636,6.289910151524311,15.64879353292712,18.179642875171492,0.0,0.0,7.399917486893743,8.522472467142821,9.04815883315179,8.931352632432828,12.671479262286368,0.0,0.0
0.0,3.9715233124210574,3.1414634631362857,2.694593466763959,0.14322316645237856,0.028453853257495054,0.0237427063383971,8.80005839301364,4.392962258163935,3.3624106437161183,10.248653488681978,4.639063446118933,0.0,0.0,6.079265572195208,3.8741274519464874,4.543889753984921,4.395063394309562,2.774459491067827,0.0,0.0,6.377536624283405,3.689448214490026,3.8619767241532825,6.031508599098151,4.145131095850981,6.306073982993018,15.653500527390554,18.177184087642587,0.0,0.0,7.4290294237067656,8.511377788487861,9.041155512525433,8.94883506107226,12.674057597506549,0.0,0.0
0.0,3.972981215732974,3.1502723980769027,2.701095181463772,0.14325056279417941,0.02839634573231781,0.023751126935898273,8.772569915799247,4.388709574004482,3.371706611534419,10.276087512869005,4.6390749070615716,0.0,0.0,6.10711892559322,3.8862026407233654,4.545002517324329,4.451790809501249,2.818394154259532,0.0,0.0,6.381719277490258,3.698404894657435,3.845064423027935,6.040112694485334,4.147276314192147,6.322560134299496,15.658993388318004,18.174556479339962,0.0,0.0,7.457577810163137,8.500448130049648,9.033838897500472,8.966424970261917,12.676262267249179,0.0,0.0
1.4210854715202004e-14,3.9744789888160295,3.159044790488561,2.7079337865366964,0.14327895590372902,0.028338133640468544,0.02375957202547189,8.744031670210825,4.384873074185978,3.3808826064876025,10.303578362683533,4.639189712733407,0.0,0.0,6.135347554590912,3.898554817482997,4.5462531878304375,4.508729436755223,2.8656517737323495,0.0,0.0,6.385751457097819,3.7072482924404344,3.828577011845456,6.04856827640658,4.149646867138316,6.339349649726106,15.664901774373645,18.171879876415442,0.0,0.0,7.485429007660817,8.48965456321447,9.026365414898665,8.984401302981283,12.678408345354885,0.0,0.0
0.0,3.9759524546927167,3.167538445336711,2.7148951885661496,0.1433071783991743,0.028279487995978705,0.02376760543367095,8.714724647487074,4.381242631190944,3.3895620309800396,10.332248553715445,4.63952947960353,0.0,0.0,6.163557275703977,3.9107500911858737,4.547479196813178,4.565943030434385,2.91387081642705,0.0,0.0,6.389918023544643,3.7155711741039146,3.812408551407087,6.056826733649942,4.1525448037914625,6.356767351343218,15.670997163525417,18.169224826855753,0.0,0.0,7.512563611121521,8.479014853076318,9.018584505678907,9.00145630532367,12.68030668871603,0.0,0.0
0.0,3.9776274981551074,3.1758028688146314,2.722047404723387,0.1433345543610508,0.028220522959060787,0.023775523577349536,8.68593955959018,4.377864643063141,3.3980678098037345,10.362828848193534,4.640036684292922,0.0,0.0,6.192190848975549,3.9230450848750698,4.549153489079801,4.623939298616054,2.9636221523136177,0.0,0.0,6.394302446299302,3.7234101958563435,3.7966279383013317,6.064775399703117,4.155799328636953,6.374443422386501,15.677505887027634,18.16715926718347,0.0,0.0,7.538707805775427,8.468433010468052,9.010626598891115,9.018198752681451,12.682335849465462,0.0,0.0
0.0,3.9792035537608172,3.18406193970433,2.7297380131806523,0.1433611880539319,0.028160733230295828,0.023783392672292517,8.6562112618315,4.374887966940486,3.407234047119066,10.392467898796383,4.639733235261694,0.0,0.0,6.220531071424004,3.9356260867543744,4.550838962076861,4.681631487128661,3.0159821962670503,0.0,0.0,6.398508695431496,3.73143282884116,3.7812123137092337,6.072581407586207,4.159389691276786,6.392148902723237,15.683804923526104,18.164788948692618,0.0,0.0,7.564778429909159,8.458032966025755,9.002225180553674,9.035012965440327,12.68292340286517,0.0,0.0
0.0,3.9804512053707337,3.1923605544794826,2.737639756880375,0.1433890508912848,0.028101027794233742,0.02379150769441857,8.626225889988941,4.372316164384334,3.416100856039319,10.420885915156662,4.639849849445668,0.0,0.0,6.247850300351819,3.9485372692570895,4.552112721266499,4.738846839977003,3.0707260026591934,0.0,0.0,6.402445042781223,3.739586395292341,3.766150594761664,6.080218106646112,4.16348414835221,6.410131499156282,15.690578020981775,18.162676324698545,0.0,0.0,7.590020490823379,8.447734515029842,8.993060730035078,9.052062743731199,12.683103321352613,0.0,0.0
1.4210854715202004e-14,3.9816885614777116,3.2005093717206767,2.745763942872048,0.14341820777847017,0.02804156254017688,0.0237997478181233,8.596170076911665,4.369980363070617,3.424614781362023,10.448604023006522,4.640065416565784,0.0,0.0,6.274499997348582,3.9614505598377514,4.553321609005603,4.795405022955543,3.12640216402783,0.0,0.0,6.406428097636814,3.747672030875319,3.751390281828077,6.08764832855549,4.1678094381896456,6.428369374628946,15.69784642148447,18.160928234022734,0.0,0.0,7.615383839676465,8.437548306912543,8.983562686256812,9.069281045050984,12.682962910865031,0.0,0.0
0.0,3.982862576378201,3.2086455428790828,2.754052331151691,0.1434485634314838,0.027982233675321554,0.0238076033405821,8.565781949324492,4.368094114012406,3.4329640573616214,10.476952238300251,4.639506762660791,0.0,0.0,6.30098930354467,3.9745469334294827,4.554325894147834,4.852133476268999,3.1840087112284396,0.0,0.0,6.410428976727126,3.755752424614549,3.7368957009641552,6.095104961752101,4.172250244778759,6.446851001365806,15.705419825588471,18.158970086492054,0.0,0.0,7.641098772501144,8.42751295155395,8.973595381506925,9.086643968910687,12.682349052464089,0.0,0.0
0.0,3.983908978578197,3.2166923579782836,2.7625542776740044,0.1434789654675238,0.02792133273899199,0.023815522418160727,8.535028171461281,4.3667776199881105,3.44083169188002,10.506333027326756,4.639154771379136,0.0,0.0,6.327499567130754,3.9876980182276585,4.555493008351471,4.909225161615643,3.2424215675376575,0.0,0.0,6.414439865240987,3.7635852450206864,3.7229337757133143,6.102450916454609,4.176930617781643,6.465539390338492,15.713147050572585,18.157152241612405,0.0,0.0,7.6667249728445785,8.417512889036628,8.963217652065627,9.10338393329347,12.681324864759777,0.0,0.0
0.0,3.9846568806416958,3.224519219979415,2.771251047928774,0.143509554891261,0.027860276188179184,0.023823379915415867,8.503980319032413,4.365960458699526,3.4484853137714704,10.537682255315,4.6386147932288955,0.0,0.0,6.354259504910444,4.0008809558040195,4.556654161333063,4.967235086881605,3.3033835164897405,0.0,0.0,6.4182305973381375,3.77092588567585,3.7092460954672415,6.109632363989022,4.181744042929861,6.484277422320507,15.720649496829733,18.155405858699734,0.0,0.0,7.691904163255611,8.407668883734747,8.952427803300306,9.119557899377721,12.680159355474295,0.0,0.0
0.0,3.9849562282966495,3.231468841611986,2.780162139947849,0.1435392736483119,0.027803243732553086,0.02383103413844713,8.473509010234695,4.365069572036985,3.4561511527612785,10.56835788594669,4.63762491478462,0.0,0.0,6.3794395519966285,4.013768718366011,4.557456054604069,5.023261135361503,3.3654918147136126,0.0,0.0,6.4210860036519115,3.777114049856555,3.695382587239021,6.115730209119774,4.186960485427087,6.503036435587186,15.728987246784868,18.153489508762124,0.0,0.0,7.715449014329606,8.39806501441895,8.94111446403117,9.135149565281864,12.678804018547144,0.0,0.0
1.4210854715202004e-14,3.9851399816126936,3.238577258939608,2.7895249977106493,0.14356831568128411,0.027745348326303754,0.0238388256537658,8.44219992438441,4.364769243888817,3.463790285295019,10.599405130473949,4.636070846033337,0.0,0.0,6.4047100540399775,4.027103838257256,4.558144566005251,5.080091424830025,3.430073256211463,0.0,0.0,6.424006636098569,3.7835850385308634,3.6822759554635662,6.121938686424357,4.1925076844862526,6.522077481592467,15.73759050971557,18.15225351359994,0.0,0.0,7.738108827028595,8.388599303289432,8.929588187880844,9.150998217610177,12.677171098356013,0.0,0.0
0.0,3.9850885228155715,3.2458757643401164,2.7991408972607377,0.14359704830079317,0.027687044690002605,0.023846758303525763,8.410805605244907,4.364759242057016,3.471942412695959,10.629831675465857,4.634715109229333,0.0,0.0,6.429085458206392,4.040841022286906,4.558206200176168,5.136433683297762,3.495568415862321,0.0,0.0,6.426921735280429,3.7903422331458834,3.669175976988912,6.128222234262115,4.198387971277775,6.541262859781582,15.746618104854582,18.151207356070017,0.0,0.0,7.760593684657208,8.379222691409806,8.917615089105906,9.16682587978792,12.674074000554825,0.0,0.0
0.0,3.9847969762788495,3.2532694507023843,2.8086925550842325,0.14362712824069743,0.02762745431313716,0.02385481445074941,8.379685938426034,4.364778450720724,3.4798622297148696,10.659491404605536,4.6333102338043375,0.0,0.0,6.4532012696742695,4.054707158488568,4.558214194633147,5.193076626491332,3.562556622194299,0.0,0.0,6.429556698827736,3.797319842108883,3.6559504240339575,6.134607562666216,4.2045619059149875,6.560393868401422,15.755834067936195,18.150120510936045,0.0,0.0,7.783028717302431,8.369791442646255,8.904610201046967,9.182818826014023,12.67054841941637,0.0,0.0
0.0,3.984433894039196,3.2607244225953775,2.8182120254987932,0.14365938869146727,0.027567354942616216,0.023862789353348755,8.347954916531824,4.365469480617807,3.487425348116828,10.688526311083194,4.631469319193133,0.0,0.0,6.477203998801664,4.068861763719411,4.55803783110008,5.249669932141797,3.631906724957383,0.0,0.0,6.432024140941992,3.8043843746640507,3.64299382750521,6.141053680958326,4.210721346167681,6.579400284072698,15.7652783991402,18.14914151336443,0.0,0.0,7.805714182202638,8.360509395792677,8.890990975550928,9.199022767514423,12.666162057866734,0.0,0.0
0.0,3.9839131858752554,3.2681355665251153,2.8280327692795546,0.14369273161131316,0.027507687367446177,0.023870741106435348,8.315117690984824,4.366689286656125,3.494629203655879,10.717957423684057,4.6296622389288,0.0,0.0,6.501016666271971,4.083218871123644,4.557476639443254,5.306271676563288,3.703417981125593,0.0,0.0,6.4342622932679925,3.8114265367303375,3.6303459804380274,6.147437524962025,4.216942618183457,6.598624914293839,15.774965712216373,18.148407964765788,0.0,0.0,7.828212218691353,8.351357953740434,8.876866677610009,9.215340782021908,12.661458766843145,0.0,0.0
1.4210854715202004e-14,3.9830671435841793,3.275145656034457,2.838329349149397,0.14372494106148154,0.02744915005777522,0.023879009870393493,8.281587167843826,4.368252925079925,3.5016563659770297,10.746987477717187,4.628029804526639,0.0,0.0,6.5243417889256,4.097495274481729,4.556520520808964,5.362215432589389,3.776049379893301,0.0,0.0,6.435921378531695,3.8181156316508007,3.6181884272610385,6.153407784747106,4.223488556347563,6.618138379912769,15.785049779377049,18.14855795948734,0.0,0.0,7.849025927531281,8.34246205021561,8.862492818008251,9.23136109851249,12.656581133951043,0.0,0.0
0.0,3.9819522719294764,3.2818980583779456,2.848700446350606,0.14375653757694168,0.027390858651349565,0.02388745585660954,8.24833413676642,4.37015259129759,3.5084875719032604,10.777591264890722,4.626440835689104,0.0,0.0,6.547630899434392,4.111625793853671,4.555440685214355,5.4184585299804375,3.849508609083319,0.0,0.0,6.437199723079895,3.8244378675169126,3.6062921424048544,6.158912413146224,4.230400895931348,6.637545001925479,15.795283445320257,18.148473658251437,0.0,0.0,7.869226879170399,8.333593515409751,8.84726637621277,9.246625354684578,12.651140593248675,0.0,0.0
0.0,3.980643247845534,3.2884488490077253,2.8592170511581845,0.14378763398148267,0.027332591080930328,0.02389614266490569,8.215346538032211,4.3721641406928065,3.515313252031203,10.808196012256456,4.625064821545741,0.0,0.0,6.570296295111941,4.125634491594392,4.5542375402498525,5.474037813044784,3.922900560220814,0.0,0.0,6.438335071811211,3.8304870532255784,3.5945270872953374,6.164175956928425,4.237557914506636,6.657022635970056,15.805655809584128,18.148413216933886,0.0,0.0,7.889136164203172,8.324851815523076,8.831851581688673,9.26151531403177,12.645001330281591,0.0,0.0
0.0,3.9783724102119904,3.2950631622631508,2.869728605157853,0.14382001361912333,0.027273176961724092,0.023904892414664983,8.181274620013665,4.374670525929586,3.521591483765224,10.838308646176875,4.624030188491048,0.0,0.0,6.591858843193533,4.139787360969235,4.552244007311925,5.529425507595333,3.9978257303614417,0.0,0.0,6.438703060558565,3.83657256066648,3.5826180073952547,6.169638924338261,4.244842479092227,6.676622205391313,15.815862988112253,18.148248723572245,0.0,0.0,7.90883805552516,8.316173961463951,8.815531553010121,9.276152897665602,12.637751815370201,0.0,0.0
0.0,3.9759713327155497,3.301690783938709,2.8801654475748015,0.14385351492675919,0.027213227577891963,0.0239137398832446,8.14657985048277,4.377461383315824,3.5276277612166154,10.868161145889028,4.623359184696155,0.0,0.0,6.613166458580073,4.154118196703825,4.549987316065948,5.584710109281268,4.074829746733334,0.0,0.0,6.4389157753065565,3.842762530680902,3.570967078111765,6.175024492572123,4.2522500891274735,6.696099523756047,15.826382935737008,18.1481091615489,0.0,0.0,7.928278289623805,8.30760037683946,8.798352844228877,9.290917121284886,12.629724209918557,0.0,0.0
0.0,3.9740882552499057,3.30818710801641,2.8908023946987798,0.14388708242321072,0.027153849575824448,0.023922242478358516,8.11180201451507,4.380389698225421,3.5335934517766456,10.897565442524586,4.622639836529946,0.0,0.0,6.634311892611415,4.168536157111361,4.547689537926878,5.639541916705502,4.152997642237489,0.0,0.0,6.439570474225836,3.84894203345745,3.5598424983202466,6.180171628797027,4.259802819637885,6.715729344941108,15.837334225441918,18.147962916479877,0.0,0.0,7.947167612490751,8.299141686117961,8.780611146632722,9.305742796225283,12.621506429840453,0.0,0.0
0.0,3.9722022108323025,3.3143544361881268,2.9016992252585356,0.14392001280705613,0.027095337538098653,0.02393091230426402,8.076829659847832,4.383236236829664,3.539670338618922,10.927807821327246,4.622411488956654,0.0,0.0,6.655445502890335,4.182697792497266,4.544978756184106,5.694509880300256,4.234645545284401,0.0,0.0,6.4401695688911165,3.8547988375071447,3.548642348780789,6.185035097033875,4.26752212701739,6.735116260097064,15.84808799301576,18.14770153368044,0.0,0.0,7.965593511657936,8.290942358790733,8.762733113464568,9.320211928547407,12.613015736991269,0.0,0.0
0.0,3.970348644673761,3.320340283200246,2.9126937962580284,0.14395356689208574,0.0270368903437661,0.023939629256735113,8.042125741455335,4.3863566966890115,3.5453643424997217,10.95958677200384,4.622407477173871,0.0,0.0,6.67688694507847,4.19665794131616,4.542167991496553,5.750028307710706,4.319372573463584,0.0,0.0,6.4406996922041975,3.8603640188985198,3.537752555514332,6.189718146831996,4.275406055805844,6.754292554184383,15.858716907602984,18.147397002872268,0.0,0.0,7.983628815266158,8.282820324049247,8.744191666546179,9.334247647319167,12.604677467698023,0.0,0.0
0.0,3.968340403196771,3.326107997959366,2.923893127786217,0.14398714089237435,0.026979297620077284,0.023948345233209323,8.00734357658632,4.389718188591914,3.550897101190102,10.991343145250164,4.622797467940219,0.0,0.0,6.697808159835173,4.21031905885221,4.538845117792719,5.805020568218081,4.405041119476973,0.0,0.0,6.440975653600358,3.865687654787828,3.5270277585288548,6.194471804094142,4.283529348722859,6.773586120542543,15.869160380976021,18.147200260527573,0.0,0.0,8.001648391204998,8.274874928128062,8.725359640685141,9.348040014207065,12.595386390800517,0.0,0.0
0.0,3.9665152720901595,3.3315258004538673,2.935308382166681,0.14402061346165432,0.026922729541078123,0.023957169836428507,7.9727284071352535,4.392845842261199,3.5563088153053934,11.022427624756439,4.623962349410793,0.0,0.0,6.718705066550416,4.223501038751094,4.5356541415495135,5.859482992271086,4.49161900959175,0.0,0.0,6.441028915095812,3.8709697029985333,3.5164629132764795,6.199057951885196,4.291924490326458,6.792719541886332,15.879788250010064,18.147628095370628,0.0,0.0,8.019225986773469,8.267040574758683,8.705894519296276,9.36189284128864,12.585601052652175,0.0,0.0
0.0,3.9649662407156794,3.3370125740776375,2.947019529480074,0.1440535507061871,0.0268668162312786,0.02396555783419699,7.937800810235032,4.3962587049864466,3.561969599523366,11.053381191340389,4.6253481170874835,0.0,0.0,6.73942821699827,4.236934368051269,4.532060612068032,5.913833512032379,4.580703661657755,0.0,0.0,6.44134730313509,3.8764178289767015,3.5062453220864067,6.203580956522384,4.300538220545435,6.811907701670526,15.890752787791975,18.147433842683473,0.0,0.0,8.036257015587582,8.259379738768542,8.68597316299418,9.375639665789263,12.575413080219343,0.0,0.0
1.4210854715202004e-14,3.9636699082349964,3.3425103340481597,2.9590542489447866,0.1440859981641093,0.026809397106955467,0.02397393282043663,7.902301766165363,4.3998174914945904,3.5677331777943295,11.084034048527998,4.627611070529062,0.0,0.0,6.759901049604433,4.250482957962063,4.528512990009655,5.967991830178272,4.674593877988957,0.0,0.0,6.442147183720966,3.8819060860970973,3.4963550601152322,6.208463010786459,4.3091014654854565,6.8309557082346135,15.901668153924232,18.147179911592755,0.0,0.0,8.052848751324603,8.251868268821923,8.665656955254766,9.389183743856785,12.563838317911564,0.0,0.0
0.0,3.962228445744658,3.3479657921242514,2.970928219521296,0.1441199922971573,0.026750336104698808,0.023982251946601342,7.866685647286492,4.403511799917094,3.5729836427080004,11.114002085113524,4.630273382470072,0.0,0.0,6.780165321786014,4.2638643191090155,4.52530446267926,6.022106686648074,4.769610072818111,0.0,0.0,6.442809649601439,3.8874047747969853,3.486769013358229,6.213411334232136,4.317717058893273,6.8496256706806475,15.912873245367383,18.146780130322927,0.0,0.0,8.069201702338738,8.244476485165427,8.644403564218548,9.402731463888404,12.552096010775529,0.0,0.0
0.0,3.9606449861438238,3.3531305055627962,2.982890225076459,0.14415422045425172,0.026692134256851477,0.0239903391816351,7.830952197965848,4.4074715671876925,3.577868421404385,11.143946338253691,4.633044152248334,0.0,0.0,6.799993321841897,4.276845915903207,4.521330888783079,6.075807998838543,4.865615568564875,0.0,0.0,6.443127861922342,3.892627186482532,3.4774561194581817,6.218156516611729,4.326677481488082,6.868416898014952,15.924335207317524,18.145746591959366,0.0,0.0,8.085189724526398,8.237244309504957,8.622402864127011,9.415891334795461,12.539871603791058,0.0,0.0
0.0,3.9589318201806245,3.3577966131165367,2.9949255610761205,0.14418798226126686,0.026634749104439682,0.023998385099167782,7.795459147548334,4.4110858495923715,3.582387890435085,11.174203172723681,4.636418281143273,0.0,0.0,6.819422305302043,4.289135926036426,4.517150013470507,6.129007099431765,4.962936340335708,0.0,0.0,6.443084998134197,3.897493868771192,3.468344617862893,6.222550006595683,4.335838906600882,6.887144590156791,15.935984468738779,18.145079390382577,0.0,0.0,8.100597809338744,8.2300947314889,8.599748807273116,9.428601111123367,12.527269109915153,0.0,0.0
0.0,3.957214406049239,3.361963778566804,3.007253677152595,0.14422191896508266,0.026579384031416353,0.024006523675925363,7.760010125592177,4.414595230661835,3.586736775415644,11.204609466460674,4.640286349137746,0.0,0.0,6.838612668584089,4.300893520473893,4.513024529402425,6.181380296828966,5.059831604084747,0.0,0.0,6.442673498147871,3.9019800350364364,3.459682394046587,6.226715688008536,4.34499376657286,6.905692545538397,15.947463775606662,18.145313157487916,0.0,0.0,8.115733859694798,8.22309979905492,8.577001442193545,9.441187064441927,12.51458988440485,0.0,0.0
1.4210854715202004e-14,3.9555584239719463,3.366101827697897,3.019778471324121,0.14425675452028927,0.026523938821396153,0.024014382999396414,7.7242375920102795,4.418286345352902,3.590910178142022,11.235760912297613,4.644576492300741,0.0,0.0,6.85783575137194,4.312634448719667,4.509150772699245,6.233980549058468,5.157817604706686,0.0,0.0,6.442386522061843,3.9065319867134725,3.4517584165465003,6.230967248700192,4.354113308428794,6.923968037599122,15.958866948341571,18.1457606378335,0.0,0.0,8.13069981882404,8.21612469497462,8.553527833636394,9.453651584084549,12.501545553526293,0.0,0.0
1.4210854715202004e-14,3.953889696143326,3.370282551946183,3.0323554693147345,0.1442917006969433,0.02646774755919844,0.02402204251864854,7.688330959802292,4.422024488056039,3.5950387937998993,11.266848057688762,4.649076988443519,0.0,0.0,6.876942637392459,4.324468376812691,4.505488447833399,6.286787771578069,5.25662862354268,0.0,0.0,6.442201374126301,3.911224843146394,3.4442408664314375,6.235357556555349,4.3633716314909226,6.942185808227349,15.970224247250377,18.146345430110348,0.0,0.0,8.14524927700886,8.209274319156775,8.529418512268736,9.466083920602419,12.488572088260447,0.0,0.0
0.0,3.952032371777344,3.374212353639111,3.044997971761399,0.1443261434781512,0.026412073729339958,0.024029303030902387,7.652589904982857,4.425904917105348,3.5988953957775958,11.297852227283059,4.653488159871282,0.0,0.0,6.895690810382352,4.3359320738354965,4.501220921733983,6.339485583571345,5.355524741964476,0.0,0.0,6.441561754098097,3.9156317334040756,3.4369859384805292,6.239631668624843,4.372958543038158,6.9605593232697185,15.981704994494294,18.14578265615269,0.0,0.0,8.159140123608841,8.202677582824826,8.504667344195425,9.478125390352957,12.475283087187012,0.0,0.0
0.0,3.9500275241345473,3.3780769484581983,3.0578741679947385,0.14435986984603705,0.02635608930500664,0.024036628089676434,7.61695132382218,4.4300337003963595,3.6029856904889566,11.328753369716244,4.657956634606932,0.0,0.0,6.913948746874062,4.347242716829715,4.496839180870881,6.39170351336345,5.453408116607045,0.0,0.0,6.440743998628887,3.9199663596039733,3.4299505290730377,6.2438599818046585,4.38266728630565,6.978480272857026,15.993167772337593,18.144557393604636,0.0,0.0,8.172895798536652,8.19622314912099,8.479644258212218,9.489903058339097,12.46083639965991,0.0,0.0
0.0,3.947559626917055,3.381632262201537,3.071046797546521,0.14439358243057135,0.026300239634948406,0.024044044247123683,7.581043546130295,4.434283645764727,3.607121891493888,11.358662886354717,4.662837658865229,0.0,0.0,6.930915554012428,4.358286932976445,4.492182518046988,6.44241774013335,5.551496729466265,0.0,0.0,6.439396941139393,3.924016849609333,3.423332050085088,6.247891183642069,4.39233303981633,6.996100742674295,16.00439226290792,18.1436262356918,0.0,0.0,8.1863056530096,8.189945921419207,8.454265535113327,9.501412208115807,12.445794377660507,0.0,0.0
0.0,3.944871843140141,3.3850800126333613,3.0845163614439373,0.14442768154359037,0.026244311780369442,0.024051387327087594,7.544809076000068,4.43868257738053,3.6110660163357116,11.388569562034222,4.667980844600629,0.0,0.0,6.947570487843268,4.369176139524476,4.487757016923286,6.493045594732874,5.65102351222618,0.0,0.0,6.437843393499995,3.92809406833383,3.417222673416546,6.252053502378248,4.402098938396114,7.013625243815825,16.015358865175987,18.142883804178183,0.0,0.0,8.199730606215104,8.183783290071938,8.42855983956701,9.512871445178774,12.430716802706822,0.0,0.0
0.0,3.941829040344093,3.3882975266336715,3.098259404692436,0.14446247436269635,0.02618868946851538,0.024058594421142457,7.508248625316019,4.443129153430632,3.614859676130685,11.418455658142491,4.673008553099565,0.0,0.0,6.963633916317153,4.3797327028920625,4.483787461592001,6.543059932497825,5.752329540912299,0.0,0.0,6.435896778982624,3.9321047241956015,3.4117793887250802,6.2561461511559235,4.411860762575751,7.030960684028407,16.026385924753676,18.142476457639386,0.0,0.0,8.213063999701593,8.17759208388791,8.402333556528454,9.524197353802524,12.415411735813368,0.0,0.0
0.0,3.938246550452953,3.39130548530242,3.1120513105510694,0.14449708238917847,0.026132820341298334,0.02406536896740943,7.4711650034545976,4.447822520713397,3.618516010853575,11.44868095737911,4.678160600702267,0.0,0.0,6.97865337041463,4.390042557552245,4.479080232554294,6.59284582107691,5.856774419854287,0.0,0.0,6.433486880061277,3.93589492078535,3.4068924067610915,6.260178350025039,4.421817287370103,7.048268628719797,16.037695274452155,18.14151339648879,0.0,0.0,8.225662308407047,8.171626906320466,8.375327441739222,9.535192673360068,12.399960515500279,0.0,0.0
0.0,3.934668345380716,3.3942494321309744,3.1261121601608433,0.1445309492357936,0.026076834751539515,0.024072064292880144,7.434427617660007,4.452800339677117,3.6223608257853153,11.479009549108616,4.683227071189046,0.0,0.0,6.993501942940953,4.400269422555411,4.474483732989673,6.642449155131228,5.961113441058435,0.0,0.0,6.431067004658336,3.9396226231288667,3.402431266806451,6.264239617332173,4.431902213538022,7.065289999279785,16.04904930071865,18.13982539506547,0.0,0.0,8.23801402972222,8.16587183131663,8.348070107146125,9.545968964943665,12.38386677615212,0.0,0.0
0.0,3.9308673419428106,3.3969873093078986,3.140288345411813,0.1445649618538566,0.026021387791805784,0.02407880728540373,7.398274270344698,4.457947788098231,3.625852404590207,11.509397931046056,4.687862896499197,0.0,0.0,7.0080647921329335,4.410116207096964,4.470292545440336,6.691599608808185,6.065327624294054,0.0,0.0,6.428232927735977,3.9432637839786917,3.398477913021965,6.268203180347436,4.442121800348738,7.082076747202252,16.060432732274677,18.13828134497091,0.0,0.0,8.250117189705051,8.160083445577023,8.320079748124469,9.55658963207418,12.367717152880646,0.0,0.0
0.0,3.9268997630130587,3.3994091040419807,3.154852614439558,0.14459894583006877,0.02596761368906764,0.02408555782641165,7.362053598737538,4.463316638849842,3.629284651763063,11.540202906550492,4.692330360262312,0.0,0.0,7.022261581238245,4.419607195119054,4.465991852631583,6.740186978587474,6.17164162274946,0.0,0.0,6.425010694457069,3.946653062482074,3.3951056364280277,6.272006492662208,4.452399707090851,7.098684395397767,16.071767573623443,18.13676626484963,0.0,0.0,8.261945228896804,8.154393867161914,8.292012298032656,9.566983479870911,12.351534980970433,0.0,0.0
0.0,3.9227861158525887,3.40156995941846,3.1697021338386167,0.14463305834398515,0.02591498333278962,0.024092293646900426,7.32589763722713,4.469034305504134,3.6326222226784854,11.571656249456016,4.697276088332362,0.0,0.0,7.036148088401246,4.428766008128912,4.461684942883532,6.788344150963664,6.281750964734429,0.0,0.0,6.421542168578498,3.949830099628338,3.3924148152325855,6.27566623933642,4.462702256936675,7.114707651056803,16.083254722964345,18.134792824989216,0.0,0.0,8.273572775096852,8.148776587773389,8.26369419102776,9.577088860722208,12.33510260863548,0.0,0.0
0.0,3.9187260758734306,3.403606038937805,3.184650155652135,0.14466724355093993,0.025862660848175532,0.02409873496633564,7.289862609363103,4.474958743136489,3.635662542279073,11.60246946617506,4.70247333710383,0.0,0.0,7.050105275996667,4.437739515672977,4.457600281849545,6.8361147816524275,6.3917669817047775,0.0,0.0,6.417938892017348,3.9529333701446805,3.390511293759721,6.279527199806922,4.4731081787709455,7.130781850965773,16.094761254589155,18.13245988461481,0.0,0.0,8.284851696077533,8.143336810690357,8.234743744194033,9.587143086925105,12.318489741573556,0.0,0.0
0.0,3.91485697142257,3.405667763387329,3.199723540708623,0.1447018790800826,0.025809730990692167,0.02410511987202743,7.254205679446377,4.481263921848245,3.6384926804371145,11.632553886775543,4.7076482359297716,0.0,0.0,7.0641262218273715,4.446625283989051,4.453961007948175,6.883479290876327,6.5010811922702345,0.0,0.0,6.414521305544088,3.9560651062561725,3.389249854225933,6.283698980984972,4.4835903625280755,7.14677106059958,16.106337439804076,18.1299767685007,0.0,0.0,8.296082566018208,8.137961642301153,8.20530463110703,9.597082460137736,12.301580911996687,0.0,0.0
0.0,3.9110669520370007,3.407738745389158,3.2150697793428793,0.1447361253658199,0.02575662043241241,0.02411151787836481,7.218867628120428,4.487960849797348,3.641477054567046,11.66284288757141,4.712644222236597,0.0,0.0,7.077985205027885,4.4554406039596275,4.450662138354389,6.930754474484686,6.612145086869074,0.0,0.0,6.411251368907102,3.9592372005307777,3.3884545518120666,6.28793972599737,4.494177242299362,7.16224283050073,16.117829769385306,18.127009839215717,0.0,0.0,8.307215409533255,8.132726622930964,8.175875387653829,9.606840082321135,12.284470232126088,0.0,0.0
0.0,3.9072376154875723,3.409551882300842,3.230723856369296,0.1447703932952858,0.02570453947116801,0.02411793798093011,7.183384146973831,4.494921256485318,3.6442515371099593,11.693243338883155,4.717857310516846,0.0,0.0,7.091663573860027,4.4638697573132955,4.447662567974627,6.977260559454408,6.723175948275612,0.0,0.0,6.407648846691205,3.9622210877441573,3.388486234552171,6.292289025779857,4.504626511415746,7.177466882214401,16.129035332752316,18.124234702299777,0.0,0.0,8.318119510557215,8.127647881281582,8.146324532213772,9.61642055165469,12.26754462607791,0.0,0.0
0.0,3.9031332377721295,3.4108549293883574,3.246437762137855,0.14480512676109455,0.025654243761405588,0.024124237162930804,7.1484556848000835,4.502050120637655,3.6463863502353058,11.724669016844032,4.723526082359133,0.0,0.0,7.104944239456077,4.471487619588454,4.444848048311669,7.02303788652455,6.834796079153749,0.0,0.0,6.403474624106743,3.9646535288173284,3.389405137962237,6.296352531140408,4.515081004308446,7.19262181206101,16.140432936058158,18.121113804592426,0.0,0.0,8.328579233782255,8.122505789253163,8.11607258122351,9.6255754561129,12.250727666113006,0.0,0.0
0.0,3.8990214555628415,3.412062574639429,3.2624313621337895,0.1448393697827142,0.02560457327904057,0.024130463754565457,7.1137854703083825,4.509399406870342,3.648580072258056,11.756157724269059,4.729478899307179,0.0,0.0,7.118061099253603,4.478984799288344,4.442499269348676,7.068626937416274,6.947938550730762,0.0,0.0,6.3991976270518895,3.9670487116332027,3.3907823517231153,6.300369583330031,4.525678793691006,7.207587090773695,16.151777139907374,18.11769466277186,0.0,0.0,8.338782086697536,8.117533694492774,8.085900904732577,9.634716370935102,12.233938846001166,0.0,0.0
0.0,3.8950612927321155,3.4132405131193297,3.2785239181835792,0.14487419123191014,0.02555507132110504,0.0241367480179075,7.079517142766292,4.517194984565492,3.6503647347389934,11.787107623300514,4.735570115804181,0.0,0.0,7.131173315941323,4.486148682139069,4.440634984547725,7.113663105218767,7.059831156228675,0.0,0.0,6.394911213156313,3.9694658823232962,3.392827111940598,6.304536238725121,4.536355880779186,7.22210886273036,16.16286354548715,18.11427254584588,0.0,0.0,8.349120344351018,8.112595362187083,8.055317866735612,9.64370082201101,12.217037261270562,0.0,0.0
0.0,3.8912832480249566,3.414287688001321,3.2948733333619975,0.14490835682984782,0.025505685556939113,0.024143154417873035,7.045753814423177,4.52529279875841,3.652313948163573,11.8177447570123,4.742026273539973,0.0,0.0,7.144205327384703,4.49294747843071,4.438681944701253,7.158024303881273,7.171101523114052,0.0,0.0,6.390655558444929,3.9716397648180175,3.395502088378065,6.3089365278485525,4.547077430267735,7.236288063634259,16.17386151406674,18.11024928573121,0.0,0.0,8.359279543473269,8.107879362687257,8.024727167432552,9.652408290246093,12.199941392824817,0.0,0.0
0.0,3.8874881272869426,3.4151563342402564,3.311457809761715,0.14494250523090602,0.025456917934418254,0.024149508928495798,7.0118959960990335,4.533564061716932,3.6540370652872047,11.848341257438175,4.748893864681546,0.0,0.0,7.157116654934294,4.499477198840288,4.437336479585487,7.201815093593386,7.283220778376591,0.0,0.0,6.386245534765196,3.9737103831532847,3.3988897395301283,6.313394579874982,4.557769858236765,7.250399381807826,16.184718574214955,18.106024912517732,0.0,0.0,8.369219447019034,8.103140376420578,7.993893252191766,9.6610366347747,12.182940892452487,0.0,0.0
1.4210854715202004e-14,3.883655251181565,3.415677372566089,3.3282002764407195,0.1449770159063125,0.025409222894499043,0.024155900566629987,6.978530351105192,4.542113933468235,3.655398537430352,11.878833995516953,4.756642068782886,0.0,0.0,7.1696211583122285,4.505342850728705,4.436414559437388,7.244633057082795,7.3956330525035305,0.0,0.0,6.381565169077503,3.9753556850000242,3.402982551831111,6.317719410313217,4.568420827072294,7.264263136680698,16.19557184822056,18.101499473577086,0.0,0.0,8.379001335698112,8.098377783117824,7.962703713438608,9.669283779656649,12.165919228798481,0.0,0.0
0.0,3.879873192481972,3.4161878881465544,3.3451862244111523,0.14501170400271682,0.02536201814520446,0.02416223970280526,6.945390943011974,4.5510170465873445,3.6567492690372365,11.908997090815213,4.764624451759414,0.0,0.0,7.181900389663608,4.511070544071833,4.435858136051323,7.287028781056322,7.50800440084594,0.0,0.0,6.376785360395776,3.977023819537982,3.4076312782062605,6.32211782479558,4.579126741557618,7.277785273746243,16.206389479601835,18.096434503574482,0.0,0.0,8.388768302772347,8.093777533101319,7.931370209423957,9.677381921139581,12.149047585210813,0.0,0.0
0.0,3.8760962286319267,3.416558864666856,3.3623665013958,0.14504651638163377,0.02531566264632856,0.024168680670796343,6.912646864913055,4.560147527262261,3.657988662852476,11.938966382915613,4.772915788384229,0.0,0.0,7.1938601375290006,4.516439611553685,4.4356110775647135,7.3289076330969,7.621231682161365,0.0,0.0,6.3717903350220055,3.978661274836811,3.412735916642657,6.32648733372763,4.59001242129558,7.29101888411965,16.217215561152713,18.091115319073833,0.0,0.0,8.39846246592606,8.089272857535235,7.899917453413391,9.685358695010066,12.132242594937972,0.0,0.0
0.0,3.8723175179439995,3.4167324170553197,3.379828953709103,0.14508071358680777,0.02526951421762832,0.02417527382492893,6.880426261210843,4.569506409995456,3.659183542175662,11.970618634397184,4.781818859414101,0.0,0.0,7.205599880754993,4.521349719250728,4.435495093739435,7.370827844273397,7.736708920549937,0.0,0.0,6.366769405017,3.980040281942188,3.4184879820440917,6.330888227655264,4.600966097510111,7.30395920044985,16.22797931884899,18.085335171408794,0.0,0.0,8.407954818942056,8.084890164526492,7.868476551896815,9.693114333393524,12.115463125041844,0.0,0.0
0.0,3.8685292922374317,3.4165391064763093,3.3974891714484183,0.14511499899742647,0.025225001934270734,0.024182008245315422,6.84892174423517,4.579017213778545,3.660098575264204,12.002177431660245,4.791371532694722,0.0,0.0,7.21697036059456,4.525642762376405,4.435859295421543,7.411847585221535,7.852000066802168,0.0,0.0,6.361500892232683,3.981101114520385,3.424909355697424,6.335220395762136,4.611972402057631,7.316746825264679,16.238814963938108,18.079293900785114,0.0,0.0,8.417295095972873,8.080489924571422,7.836794505882242,9.700756669706909,12.098808172458536,0.0,0.0
1.4210854715202004e-14,3.8647431094524194,3.416108791432008,3.4154185206988217,0.14514918648410557,0.025181432877804236,0.024188736473076945,6.817718951825268,4.588700293292681,3.661002733764844,12.033109846392993,4.801589515223643,0.0,0.0,7.22785359656833,4.52947391872774,4.436905313064623,7.451938753009212,7.967240855084125,0.0,0.0,6.355999937859182,3.981961017787784,3.431888262306883,6.339504256974978,4.622970619915744,7.32918741354952,16.24972804693049,18.07285413456742,0.0,0.0,8.426526019303681,8.076160810912473,7.805059787857563,9.708205616313643,12.082180729563422,0.0,0.0
1.4210854715202004e-14,3.8609871140406424,3.4156097033011923,3.4336443870660056,0.14518310308998508,0.02513853908877121,0.024195692201240366,6.786562562755815,4.598728711414882,3.662134005772555,12.062509866211967,4.812102914786768,0.0,0.0,7.2380311746879515,4.532909142782436,4.438186439242253,7.49059518567346,8.079533663353663,0.0,0.0,6.3503768682017965,3.9827971431800093,3.4394175950526193,6.343852928936944,4.634035847687349,7.341124315394422,16.260635285117132,18.065776455595348,0.0,0.0,8.435712228127354,8.071900552995034,7.773423832768034,9.715383160973039,12.065482865727303,0.0,0.0
0.0,3.857190736565785,3.414954039475736,3.4520192291081524,0.14521708589423454,0.02509599624767556,0.02420282750980108,6.7559737839925065,4.608817440948375,3.6632245889650563,12.092505646465762,4.823610669212005,0.0,0.0,7.247877697744848,4.535969499869532,4.439748786570206,7.528966561102518,8.191915850367609,0.0,0.0,6.344618560027629,3.9834710831623985,3.4474843905044055,6.34830287335885,4.645283601454581,7.352981632700124,16.271553148985824,18.058562165014592,0.0,0.0,8.444898257067672,8.067627438104326,7.741657036698556,9.722484136340375,12.048935006472817,0.0,0.0
0.0,3.853453049641517,3.414254942606269,3.470625704477799,0.14525106211092517,0.025053969466955914,0.02420992861200217,6.72601771018154,4.619253980715632,3.6642836275207826,12.12285280367011,4.835861225610235,0.0,0.0,7.257554175423809,4.538831561477273,4.441864860785303,7.567058107932044,8.30435164606205,0.0,0.0,6.338853877018817,3.984073627283094,3.456203223282289,6.352835168337069,4.656536916450988,7.364613779788141,16.282359994318146,18.051016434290208,0.0,0.0,8.454071418273651,8.063444937795662,7.709870058521452,9.72948534286411,12.032617819287966,0.0,0.0
0.0,3.849722007740043,3.4134112495379,3.4896296930446007,0.145284871503445,0.025012422986149745,0.024217059456145787,6.6963840341869405,4.629998755178535,3.6653763635784,12.153421949021439,4.848495300778782,0.0,0.0,7.266773239356915,4.541301060293232,4.4442493788688315,7.604547539716757,8.416894574243488,0.0,0.0,6.333032039071414,3.984524359074595,3.4656406848068864,6.3573845640704025,4.667842324339466,7.375869599621078,16.293147982842974,18.042772140652815,0.0,0.0,8.463215111378071,8.059267923048047,7.67804992832929,9.736229502835437,12.016494163991888,0.0,0.0
1.4210854715202004e-14,3.845923911557693,3.4123859177763363,3.508835071747051,0.14531860845066352,0.02497112687494733,0.024224356370891067,6.666961332703049,4.640768513511302,3.6664511722567537,12.184265700681657,4.862128924543461,0.0,0.0,7.2756201068401865,4.543338080313693,4.447272733318529,7.641440217204301,8.529073221392105,0.0,0.0,6.327059839597009,3.9848163985143055,3.4755724917620636,6.362010600506859,4.679246544678558,7.386795063249315,16.30390358969035,18.03415773861332,0.0,0.0,8.472452488366034,8.054984974727434,7.646289336245835,9.742804294171949,12.00057249047484,0.0,0.0
1.4210854715202004e-14,3.8422004470868445,3.4112744893618214,3.5282355971905632,0.14535220915469077,0.024930320909018845,0.024231602687894288,6.637849986131855,4.651725403470769,3.6676616145984493,12.214775979715894,4.876675792844183,0.0,0.0,7.284046417931341,4.545120079400223,4.45098205907829,7.677715955175262,8.641303505478557,0.0,0.0,6.321070727201679,3.9850440434040895,3.485975827443079,6.36669666943524,4.690680820184984,7.397338897850973,16.314507045810977,18.025122839945954,0.0,0.0,8.48171065075486,8.050869714556091,7.614757393404066,9.749293336815787,11.984853202132802,0.0,0.0
0.0,3.838512786913709,3.4099080295401127,3.547847039855292,0.14538560431738043,0.024890369322070706,0.024239141123914797,6.609570097164381,4.662873837727103,3.668806262692287,12.245327147812104,4.891267384587272,0.0,0.0,7.292156147666334,4.546359091382213,4.454956784568509,7.713240239769469,8.753099649653228,0.0,0.0,6.314937640653516,3.984993778382154,3.4970396191803816,6.371477261143711,4.702149257895933,7.407797637898986,16.32504860438947,18.015872007511273,0.0,0.0,8.490888087527994,8.046784367531226,7.58324573981203,9.755653045786964,11.969259226350628,0.0,0.0
0.0,3.8348186962270665,3.408090721662425,3.5676565983282567,0.14541904953223483,0.024852790921558964,0.024247221877376927,6.582111536393342,4.674042976489685,3.669818248487269,12.275078407908426,4.905803685809708,0.0,0.0,7.299845881623417,4.5467707102972446,4.459429576303268,7.747349758811318,8.86293819438891,0.0,0.0,6.308240617995893,3.9846324772419353,3.508536975770406,6.3760232088614295,4.713738970962497,7.418005454140017,16.335684182331438,18.006738589005963,0.0,0.0,8.499919594217697,8.042669423311647,7.551788756130836,9.761804900669773,11.953928256174056,0.0,0.0
0.0,3.831132321654282,3.4059857036916816,3.587675372737164,0.14545228351982342,0.02481506527011675,0.024255166300110792,6.55459093196101,4.685184685246055,3.6707816044564705,12.305011951574658,4.920403584532959,0.0,0.0,7.306971656479849,4.54655429797744,4.464626579602201,7.780690857027031,8.974851289222496,0.0,0.0,6.301429578129834,3.9840051530381566,3.52065355616891,6.3805869083190965,4.725425697294903,7.427736883524582,16.346238019241188,17.996824139316004,0.0,0.0,8.508905289914702,8.038559333276195,7.520427087772794,9.767600771166352,11.938878709004664,0.0,0.0
1.4210854715202004e-14,3.8274959350075592,3.4038238431733556,3.607823994894144,0.1454854646810243,0.024777595420884046,0.02426326891068631,6.527359907748124,4.696578894455846,3.671758395008362,12.333957224785761,4.934825922739942,0.0,0.0,7.314036814421433,4.545990062043622,4.47057118938022,7.813348196210881,9.084328517773567,0.0,0.0,6.294512299359631,3.983338040091446,3.533232668781893,6.385194809279472,4.737088691427839,7.437142380382019,16.356682852254195,17.986635991572697,0.0,0.0,8.517980845258492,8.03441874197344,7.489216874242164,9.773333779719485,11.924146595509319,0.0,0.0
1.4210854715202004e-14,3.8239598871483804,3.4016648348843725,3.628163245238007,0.14551859695243108,0.02474035540956216,0.02427140518492415,6.500747692472818,4.708261389965633,3.67275511394826,12.363186461055781,4.949054194461641,0.0,0.0,7.321054008451743,4.545286989722235,4.477265670216225,7.845903729981812,9.194196588260054,0.0,0.0,6.287642876332117,3.9826919308514297,3.546314238876805,6.389924049661713,4.748809901658227,7.446482606771329,16.367076991999518,17.976140512286264,0.0,0.0,8.527090323982591,8.03038690326879,7.458158374247877,9.779068887906686,11.909500785670234,0.0,0.0
0.0,3.8204336066025415,3.3991867596751772,3.648704500214548,0.14555159744639445,0.024703402325519166,0.024279779092137084,6.474613268720885,4.719941434023723,3.6736421173587024,12.393828292395707,4.963276715382751,0.0,0.0,7.327638832239117,4.543893653291517,4.484551677297048,7.878007863454853,9.304728661306767,0.0,0.0,6.280673408752722,3.9817323784969814,3.5600507460817843,6.394704582283787,4.7606019348910875,7.455489260815321,16.377421630667474,17.96492179240027,0.0,0.0,8.536209258959108,8.026370480053279,7.427319255374174,9.7843762519728,11.895003013959467,0.0,0.0
0.0,3.8169735318437006,3.396533839864499,3.6692837048623503,0.14558455848789273,0.024666872104223355,0.024288525084960502,6.449134586813394,4.731665065319006,3.6745065026253028,12.424001972035795,4.975403587792968,0.0,0.0,7.334059189752859,4.541944628167263,4.492390859404073,7.909356381135471,9.414168888914471,0.0,0.0,6.273568052535125,3.980647877328388,3.5740873269895745,6.3994605422526725,4.772502528157767,7.463996783369347,16.38777669517148,17.953173827677332,0.0,0.0,8.545311141391185,8.022287481551134,7.3965387360357795,9.789530959756398,11.88081462892622,0.0,0.0
1.4210854715202004e-14,3.8135693465183915,3.3937041090134064,3.6899814047459167,0.14561719099002784,0.024630527431987938,0.024297570184134885,6.424220109286729,4.743465821019811,3.675472407349951,12.453604946750062,4.987202628322413,0.0,0.0,7.3404240915403305,4.539541355555931,4.500939803754655,7.940019787547806,9.523448057531349,0.0,0.0,6.266334043292485,3.9794297784476886,3.588508164203783,6.404286175286278,4.784478681993996,7.472330022536313,16.398108637536136,17.9409157323365,0.0,0.0,8.554222335799555,8.01825371155948,7.365987064063115,9.794674691743248,11.866789182455872,0.0,0.0
1.4210854715202004e-14,3.8102953782208213,3.3906480053540005,3.7108813695967595,0.14564979810124987,0.024594972202209752,0.024306918651336617,6.399786998470801,4.7553768875741955,3.6764277551387905,12.483099934663707,4.999004864010642,0.0,0.0,7.346554069773436,4.536590476667478,4.510064993974867,7.969892706939604,9.631473494349764,0.0,0.0,6.25900350372663,3.978083775691982,3.6033938218830524,6.409141212402357,4.79651664227271,7.480453003061152,16.408462016955262,17.928341276693022,0.0,0.0,8.563219299477565,8.014219259139042,7.33571136649146,9.799556902906971,11.852994016801418,0.0,0.0
1.4210854715202004e-14,3.807080132644008,3.3871573143090052,3.7319034441632604,0.14568242850730054,0.024561109712700414,0.024316552578955444,6.376414950580567,4.767248213672798,3.6772099990561675,12.512581362876128,5.009677725713154,0.0,0.0,7.351849841145907,4.532816079711618,4.519644042979986,7.998405916312422,9.740724940556314,0.0,0.0,6.251428170115732,3.9764272045999283,3.6185442687480958,6.413847552770595,4.8086552812196,7.48799323081987,16.418977420488222,17.915807461084633,0.0,0.0,8.572193270494031,8.010241840645085,7.305676667010195,9.80424767295612,11.839279996653643,0.0,0.0
0.0,3.8038979639045656,3.383307690387361,3.7529367206574613,0.14571492900234606,0.024527572942856266,0.02432659017019157,6.353587075533339,4.7789301057772136,3.677937412219526,12.542080912319728,5.019701736070023,0.0,0.0,7.356793823773636,4.528330757834615,4.530016432661133,8.025971184495939,9.85195946073098,0.0,0.0,6.243698305824446,3.9745320468793404,3.6340744336183466,6.418536704428822,4.820895110953581,7.495309522947893,16.429451149828125,17.902836889005865,0.0,0.0,8.58105731511089,8.006221748825984,7.275899231973512,9.808740999882357,11.825820290096466,0.0,0.0
0.0,3.800829189137873,3.379393136140484,3.774065245312055,0.14574741024815563,0.024494340370391797,0.024336800661303445,6.331289279574728,4.7908525614490864,3.678728255344624,12.570996680783711,5.029202454867199,0.0,0.0,7.361687623140187,4.523522126516846,4.541186256490777,8.053012677277545,9.964391051553756,0.0,0.0,6.2359886062697525,3.972683063438244,3.6499756896519706,6.423271087278685,4.833201877262171,7.502371888003835,16.439941195019077,17.889433462790297,0.0,0.0,8.589964410407134,8.002215250027747,7.246435742005224,9.813103209300914,11.812627436823048,0.0,0.0
1.4210854715202004e-14,3.797729412128316,3.3752785191948047,3.7952706012416346,0.14577975328917855,0.024461811904551514,0.02434746521580768,6.309798670464708,4.802839597453228,3.6794898861143963,12.599956778467343,5.038221581353827,0.0,0.0,7.366329052649141,4.518210230479992,4.552670105535822,8.079301994708949,10.075613234460556,0.0,0.0,6.228134580977575,3.9707109579816864,3.6662807330653417,6.428105368860961,4.845605397365052,7.50925452576888,16.450436593741244,17.875368259634374,0.0,0.0,8.598863824325964,7.9981063550880185,7.217088720242571,9.817392481285667,11.799562623315731,0.0,0.0
1.4210854715202004e-14,3.7947266309671983,3.370884021171086,3.816619344949234,0.14581210477260279,0.024429010694521826,0.024358131057853526,6.288656563390473,4.814594838719806,3.680343404359626,12.629571157573123,5.047469383270737,0.0,0.0,7.370279233613143,4.512380373589259,4.564881626943409,8.104800756351855,10.18709515197393,0.0,0.0,6.220389047156028,3.968508759176664,3.683017825178863,6.433061608497548,4.858136116559586,7.515964463464368,16.460928602659152,17.860952296999816,0.0,0.0,8.60791748768012,7.993977804695659,7.188040460518364,9.821433496755633,11.786646468556249,0.0,0.0
1.4210854715202004e-14,3.7917451819349943,3.3663750738148743,3.838173446424637,0.14584444988922374,0.024396517856431058,0.02436886943073888,6.268197585095274,4.8265625793917994,3.6812975212214027,12.659588027523109,5.0567904783231095,0.0,0.0,7.37363791217789,4.506105891001214,4.577825272139826,8.12971007862616,10.30097878173155,0.0,0.0,6.212730568087593,3.966255727744684,3.700061308751019,6.438002127292211,4.870739366532498,7.521999051244551,16.47139989018009,17.846264087511923,0.0,0.0,8.617101661673113,7.989955129672957,7.159521755529071,9.82529702648785,11.773915599562914,0.0,0.0
0.0,3.7888212934585623,3.3616875069876215,3.8596238785997055,0.1458766202453034,0.024365207219643994,0.024379994835663762,6.248880341978923,4.838682741511805,3.68210319591674,12.689110229117988,5.066297069638562,0.0,0.0,7.376774954144068,4.49939332983882,4.591105347602405,8.153685197287016,10.4147300136222,0.0,0.0,6.205044001059104,3.9639556481670475,3.717430724908657,6.442902074327653,4.883425765415421,7.527908933224329,16.481865069766094,17.83105278729982,0.0,0.0,8.62611148570215,7.98584734541851,7.131209247224903,9.82908595640464,11.76155618672897,0.0,0.0
1.4210854715202004e-14,3.786038086414055,3.3567435551996567,3.88114071168481,0.1459087933044273,0.024335336779011417,0.024391184541677186,6.230218335167533,4.8508601892183645,3.682861733828702,12.718038069510389,5.076339058244116,0.0,0.0,7.3791646454905315,4.4921483495319,4.6048700761479635,8.176474355067432,10.527482601812464,0.0,0.0,6.197477742224948,3.961508213703295,3.7351185415575556,6.447845233230368,4.89622355832301,7.533631158105499,16.492361541150984,17.815518466257508,0.0,0.0,8.635256662309303,7.981695916440958,7.103192550107236,9.832693015577108,11.74936517924579,0.0,0.0
1.4210854715202004e-14,3.783235122049502,3.351347813544972,3.902722592519535,0.14594094337371202,0.02430708166384955,0.024402601739133393,6.212523503308499,4.8628575621697445,3.6835503208823344,12.747245099534892,5.086878114746389,0.0,0.0,7.380428905712521,4.484038329364188,4.619062591418038,8.197636092246798,10.638571434685083,0.0,0.0,6.189766667680043,3.958719778280712,3.752988339061221,6.452681288865492,4.9091577723311435,7.538816506234253,16.50286938014356,17.80000915582331,0.0,0.0,8.644369441816682,7.977558441970715,7.0756232405206525,9.836051608565528,11.737313738666275,0.0,0.0
1.4210854715202004e-14,3.780504856913346,3.3458208523713084,3.924287283726402,0.14597307191171205,0.02427865858110362,0.02441399902607446,6.195355552223806,4.87480239757603,3.684276522340096,12.776650285791234,5.0980541566411715,0.0,0.0,7.38133297837137,4.475608702210657,4.6337793276785755,8.218002519277837,10.748153001915366,0.0,0.0,6.182128398070433,3.9558572478806875,3.771183601015601,6.457552876288698,4.92221060591621,7.543841740078718,16.513344416047197,17.784144203674632,0.0,0.0,8.653512808446068,7.973293595565985,7.0483725694287465,9.839248909710372,11.725613906665727,0.0,0.0
1.4210854715202004e-14,3.777784154320468,3.340309997001366,3.9459231735239317,0.146005235133422,0.02425136444670104,0.02442559144128327,6.178798769762987,4.887056187980351,3.68513485990159,12.805287713519203,5.110085125000114,0.0,0.0,7.381869824031257,4.4669386860389935,4.649040834141466,8.237575731098032,10.855830502939277,0.0,0.0,6.174522778510404,3.9530902852893854,3.7894885290450837,6.4623277440734626,4.935345961217323,7.5483970828978135,16.52387080938256,17.767898704579107,0.0,0.0,8.6628073738568,7.969022700941281,7.021632464721856,9.842325484242563,11.714085642029403,0.0,0.0
0.0,3.775055103116025,3.33459882676396,3.9675049387167727,0.14603746032233997,0.02422545132257905,0.024437345697694738,6.163052402471707,4.899456938786796,3.68581890089902,12.833739569297975,5.123317025040497,0.0,0.0,7.3818960788062,4.457728512352054,4.664539310166003,8.255820536302853,10.961057544468279,0.0,0.0,6.1666432214626035,3.9502549028107996,3.8080278490973725,6.4669900888174885,4.9485691423842795,7.552696819648075,16.534473054834727,17.751536021327546,0.0,0.0,8.672102057574323,7.964701186750445,6.995125552062912,9.845117537650923,11.70267680363573,0.0,0.0
1.4210854715202004e-14,3.7723798221783436,3.3287239014544503,3.9891155970052634,0.14606954347479006,0.024199592582754708,0.02444903249641586,6.148010706864987,4.911772069564523,3.686635286634922,12.862842877919853,5.136963650524512,0.0,0.0,7.381401085718842,4.448211257887863,4.680081150327903,8.273361587895764,11.064728655473289,0.0,0.0,6.158762616565344,3.947273958822684,3.8268312979731802,6.471752271173514,4.961927225390052,7.556945930534729,16.54509300471259,17.73472411670741,0.0,0.0,8.681438219027603,7.9603375184263445,6.9688644970914435,9.847681057749053,11.691367789372608,0.0,0.0
1.4210854715202004e-14,3.7697046786517108,3.322667235549224,4.010732956702602,0.14610157388389033,0.02417456469054703,0.024460884823508913,6.133906847508609,4.923927275440693,3.6876561492783493,12.892150255938459,5.151288054065918,0.0,0.0,7.379886161964696,4.438172675664957,4.6960582588171995,8.28973365943235,11.163314782432417,0.0,0.0,6.151028323414277,3.9441461001556943,3.845567062328917,6.476371341792203,4.9754190245849035,7.560447492143153,16.555714649004408,17.717602503325324,0.0,0.0,8.690814273187657,7.956029411325164,6.943377256644719,9.850015900682457,11.680268513323439,0.0,0.0
1.4210854715202004e-14,3.7671472189043826,3.3166165747579397,4.032282191151592,0.14613361874628744,0.024149926978432153,0.024472747179492473,6.120385167737483,4.936163767748063,3.6887750882443395,12.92124989267909,5.166746189694645,0.0,0.0,7.378015535029412,4.42791716236758,4.712245185272439,8.305281645471567,11.25955130275693,0.0,0.0,6.143366239515131,3.941082736393551,3.8645634775858126,6.481056003853778,4.989089778612169,7.563886331797779,16.566394239630274,17.700055027456656,0.0,0.0,8.70019769344682,7.951572999742536,6.918115881743649,9.852135312768247,11.669434276595348,0.0,0.0
1.4210854715202004e-14,3.7646684644259243,3.310513267874757,4.053961058742497,0.14616552011612052,0.024126570363231545,0.024484763503540605,6.107839573216705,4.948704266089371,3.690055330703448,12.95041596897931,5.182971331240059,0.0,0.0,7.375661373253445,4.417406204870541,4.728218369684233,8.320086357737539,11.353531688716604,0.0,0.0,6.13572772813136,3.9380267946202845,3.883796907903392,6.485818526789488,5.002880771265694,7.567161275954391,16.57717301842831,17.68227309798261,0.0,0.0,8.70962410720349,7.947101943640528,6.8931448675345965,9.854071659909385,11.658572224223226,0.0,0.0
0.0,3.7622565854337986,3.3043590917675902,4.075652199287096,0.1461975094318443,0.02410584479991022,0.02449674237813595,6.096583279738072,4.9616723491791435,3.691182355875374,12.979239190600543,5.199855336175449,0.0,0.0,7.37250521464714,4.406458228778178,4.744428417567915,8.33363861440162,11.442928626809534,0.0,0.0,6.12817101469329,3.9349515110397775,3.9029307070668606,6.490353385657567,5.016638559672439,7.569672365006431,16.5879341316049,17.664531631784385,0.0,0.0,8.719061153179698,7.942837556735762,6.8689762062840884,9.855974125671395,11.647777915325488,0.0,0.0
0.0,3.760004099643725,3.298176402475587,4.097251769713848,0.14622940949669852,0.02408572648291635,0.02450871311044952,6.085727434242867,4.9745280471950535,3.6924328481098283,13.007428255030934,5.216445604656576,0.0,0.0,7.368751749306718,4.395328796217613,4.760696951591279,8.34616746052914,11.52844999970092,0.0,0.0,6.120798283725624,3.9318784411714125,3.9221477426865,6.494857950966652,5.03056137633915,7.572012293621816,16.598693185764265,17.6464609302519,0.0,0.0,8.728550726569843,7.9382954800566345,6.84506843152093,9.85776200513899,11.63736934056518,0.0,0.0
1.4210854715202004e-14,3.7578163279244863,3.291686022954074,4.118907980255257,0.14626117687381215,0.02406553914044863,0.024520721915089,6.075120251797773,4.987021237515454,3.694053191947134,13.036153675526482,5.232877187220641,0.0,0.0,7.364139671262398,4.383739951317613,4.777053618313202,8.357627993491118,11.610751864662808,0.0,0.0,6.113433889131757,3.928601610494188,3.9415996087426084,6.4994774549298535,5.044762427144112,7.574242314255238,16.609556080849305,17.627992780965297,0.0,0.0,8.738153464091743,7.933617076240583,6.82151470179909,9.859073069256624,11.626950649740612,0.0,0.0
1.4210854715202004e-14,3.755829955327628,3.2850071660878486,4.140481216290873,0.14629310044525826,0.02404602109506873,0.024532541444440857,6.065139321747535,4.999402252734304,3.6956409393972107,13.065287538408395,5.249051997456697,0.0,0.0,7.358773022395396,4.371641136990639,4.793765136794857,8.367725976021266,11.689115293509987,0.0,0.0,6.106256625813014,3.9251305384208797,3.9611242559118143,6.504054419175902,5.0590741999528195,7.576156201257096,16.62038258594676,17.609149396973553,0.0,0.0,8.747918461958934,7.928946290818921,6.798644735171154,9.86010425281668,11.616512036305563,0.0,0.0
1.4210854715202004e-14,3.7538971991489687,3.2783627865709994,4.1620539326708474,0.14632475456176552,0.024027563116511757,0.02454471458680089,6.056060306808237,5.011917963219507,3.6973877461687636,13.09410209481744,5.264203807382295,0.0,0.0,7.353024085381488,4.3594570481851225,4.8102030384378,8.377059242462606,11.764114003467034,0.0,0.0,6.099033475573242,3.9217977958666137,3.9807191462766474,6.508634747376228,5.073524485687563,7.577871195057501,16.63118769016463,17.590322324753874,0.0,0.0,8.757656692893068,7.9240821379369715,6.776066079763621,9.86115180224638,11.606357427147305,0.0,0.0
0.0,3.7519611162163558,3.2716300537785687,4.183570116947392,0.14635635663933144,0.024010141374794992,0.024556879033952612,6.047702519511668,5.02452756037941,3.6993282485521384,13.122976617675972,5.279381931880853,0.0,0.0,7.346613180342678,4.347017155501646,4.826918506006448,8.385560359613008,11.836133831047656,0.0,0.0,6.09188506735913,3.918472125448108,4.000328512273446,6.513166366731247,5.088078922397509,7.579096104139419,16.642029666793253,17.571361681147636,0.0,0.0,8.767317329967852,7.919294857042762,6.754067953797663,9.862086162621887,11.596198703043418,0.0,0.0
0.0,3.750193243954764,3.2647691943677217,4.204918354595329,0.14638808461737624,0.023994280757434743,0.024569153087741356,6.039830069188783,5.037080884374739,3.701367665539028,13.151219584957532,5.294421844889803,0.0,0.0,7.3397535858868,4.3342416065876215,4.843726249674626,8.392668131257784,11.904472810886965,0.0,0.0,6.084735535993122,3.9151560225602444,4.019871373668023,6.517550667356177,5.102661665630256,7.57997080292532,16.652865853070786,17.552320752769997,0.0,0.0,8.777136828865252,7.914467756995757,6.732536457230919,9.862842103108996,11.585998103924249,0.0,0.0
1.4210854715202004e-14,3.748475793113569,3.2579125829406195,4.226283025369534,0.14641959550685096,0.023979110807232935,0.024581563762232556,6.032552690124127,5.049612074487361,3.7036857580218174,13.179513554315054,5.309111227221489,0.0,0.0,7.3323619838271314,4.321411800812287,4.860366229343009,8.399029318150314,11.96963191035078,0.0,0.0,6.07760540752878,3.911965988786793,4.0395824006879915,6.522020905775306,5.117433995627507,7.580709213235962,16.66368573731879,17.53293602392319,0.0,0.0,8.787041482097258,7.909535564970724,6.711290094871127,9.863380668565634,11.575824565866448,0.0,0.0
1.4210854715202004e-14,3.746823170965421,3.250766056769172,4.247404014391729,0.1464510537051414,0.023963697087474263,0.02459388731531606,6.025733280870991,5.061795987574577,3.7060356110792845,13.208338782337432,5.323813327108528,0.0,0.0,7.324249669624787,4.308102716200086,4.877287782234371,8.40408383584711,12.031863285362437,0.0,0.0,6.070502470540829,3.908525324539075,4.059171911472854,6.526363428533163,5.132375923592836,7.581047271140626,16.67443717516842,17.513570745424907,0.0,0.0,8.796897471125341,7.904484417457595,6.6908111617926656,9.863662612644559,11.565898382959913,0.0,0.0
0.0,3.745197215470519,3.243716649053746,4.268443166970691,0.14648246297207337,0.023948919222442053,0.024606497306841012,6.019422525934298,5.074132390470734,3.708660222573656,13.236955830309885,5.338480348733841,0.0,0.0,7.31585321284605,4.294806335165187,4.894279887128488,8.408469564400482,12.091438606787833,0.0,0.0,6.063395642996647,3.9052786693822554,4.078768011151711,6.53066094821878,5.147400644991234,7.581131679917107,16.685234953693325,17.493943537897998,0.0,0.0,8.80676837275711,7.899382925447112,6.670738191165815,9.863874588814223,11.556012168296018,0.0,0.0
0.0,3.7436411651207764,3.236501225994727,4.289384450274435,0.1465138433725313,0.02393481472660153,0.024619231596270788,6.013697025186966,5.086333911828097,3.7115461012790525,13.2655305404564,5.352852076119564,0.0,0.0,7.306863493819607,4.281211117007069,4.9113684795020855,8.41178077736029,12.148298823922405,0.0,0.0,6.056348226142832,3.9020229433093405,4.098360654219656,6.53490697660941,5.162654429012166,7.580922062360383,16.696094288193247,17.474019982349933,0.0,0.0,8.816670290683609,7.894294778243058,6.65114193189025,9.863850155927858,11.545996752650504,0.0,0.0
0.0,3.74238881386494,3.2290623808619787,4.310186960150671,0.14654518699681063,0.023921769982307956,0.024632377683060872,6.008357905142355,5.098407170291049,3.714598020135919,13.293536141366417,5.366725628001835,0.0,0.0,7.297886929516346,4.267322145549891,4.928572473582993,8.413701222588095,12.202928724504838,0.0,0.0,6.04922531401279,3.8987366590469295,4.1178116639663624,6.538946621631602,5.178066394943008,7.580436433096666,16.707026768721654,17.454355445036377,0.0,0.0,8.826715712783816,7.889022309510958,6.632006774253793,9.86364072190608,11.536037068361802,0.0,0.0
1.4210854715202004e-14,3.7411210834451425,3.2216336712488314,4.330899537425776,0.1465762903239362,0.023909016065303452,0.02464594359753319,6.00350861557272,5.110346881026725,3.7180831166178576,13.321490908590144,5.380274339778685,0.0,0.0,7.288259363605102,4.253515864430595,4.945430593692318,8.414606448547303,12.255688738472832,0.0,0.0,6.042030618081629,3.8955581073812495,4.137323493024107,6.542983583805802,5.193622669341097,7.579861599845081,16.718007012059033,17.43451120920142,0.0,0.0,8.836782641367522,7.88358804955421,6.613175929983177,9.863337624605167,11.52616102371051,0.0,0.0
1.4210854715202004e-14,3.7397674482666843,3.213716099386337,4.3511975337798106,0.1466075063391149,0.023896416897798662,0.024659552492822846,5.99932146430348,5.121506435393111,3.7214939165988783,13.349934134908992,5.394193002442011,0.0,0.0,7.2774364347984255,4.238893770361915,4.962539597587568,8.413889308715733,12.307884973503219,0.0,0.0,6.034820679101679,3.892004161485558,4.156439982049957,6.546832452903261,5.20931211743562,7.578568973531197,16.728995078879535,17.414285628540796,0.0,0.0,8.846639147022493,7.878186006483371,6.595235815129212,9.862513984167368,11.516437818027049,0.0,0.0
0.0,3.738517783907475,3.205887986795601,4.371465006042289,0.1466386378827735,0.023884430731504473,0.024673472476126418,5.9956995523483805,5.132798654435413,3.725286459960592,13.378474819146183,5.408597478177675,0.0,0.0,7.266567695341166,4.224377334004753,4.979868504826184,8.412810514108301,12.359994257538686,0.0,0.0,6.027705281195744,3.8886216996543674,4.175609144528097,6.55071366746382,5.225111884483289,7.57704439240928,16.740092401636936,17.394028143141856,0.0,0.0,8.856632696065226,7.872733677650504,6.577722059021356,9.861497385031697,11.506643560079791,0.0,0.0
0.0,3.737336018394724,3.198082363883896,4.391677839072719,0.1466696987253173,0.023873648376796196,0.02468771403735604,5.992661491095555,5.14418861377878,3.7295056601988557,13.406447565241816,5.423019145773251,0.0,0.0,7.2553414273198396,4.209966294729474,4.99706216567836,8.41068354169771,12.411381371209826,0.0,0.0,6.020601526967282,3.885316860991602,4.194766176065062,6.554489287742424,5.240999465888611,7.575353881211034,16.751239624306763,17.373812401271522,0.0,0.0,8.86678849063821,7.86723236887576,6.560583919010554,9.860427276364126,11.496757781539731,0.0,0.0
0.0,3.736117624625754,3.1903168824436197,4.411625919562777,0.14670079849735795,0.023864246473716915,0.024702108893443018,5.990067440499432,5.155705648599487,3.7339090701790605,13.433981890997373,5.437691207544991,0.0,0.0,7.243814243685119,4.195496466267814,5.014106194676764,8.407418497214673,12.462358725290425,0.0,0.0,6.013425155611332,3.8821753095387868,4.21371144655965,6.558098929265758,5.256958309550492,7.573209689798042,16.762416029288307,17.3536012910607,0.0,0.0,8.876810471218999,7.861616386648366,6.5439277495323465,9.859373979898987,11.486872510945359,0.0,0.0
1.4210854715202004e-14,3.7348704341406265,3.182512113378624,4.431423009711298,0.14673191357805102,0.02385511247289748,0.024716841228593946,5.988382091705551,5.167113110080337,3.738622613475128,13.461862106909235,5.452692741078514,0.0,0.0,7.231549636545947,4.180899926759348,5.031003172256933,8.403252169930314,12.512651729685167,0.0,0.0,6.006344123333649,3.879104469509196,4.232533762876221,6.561732676886175,5.273030845271658,7.5707885347410535,16.77367795658962,17.333259520854664,0.0,0.0,8.88678591941848,7.855999712543916,6.52778007751359,9.858208407081198,11.476946919493537,0.0,0.0
1.4210854715202004e-14,3.733656186823817,3.1743442606623713,4.450971044700779,0.1467629592886185,0.02384645922432569,0.024731667869591724,5.987184644704434,5.178214332649813,3.7435490962874542,13.48953903243374,5.468322085584784,0.0,0.0,7.218416001099507,4.16580928513807,5.047685568155385,8.397683297099443,12.561356375384197,0.0,0.0,5.999382653257228,3.8757431956810007,4.251144604191839,6.565165114857292,5.289287563127109,7.568038851938585,16.785031522238384,17.31289734428432,0.0,0.0,8.896823276990537,7.85047854068154,6.512326893158613,9.85665820264937,11.467066522731217,0.0,0.0
0.0,3.7324296266076535,3.1658328305278665,4.470093592310801,0.14679388865115553,0.02383742769483139,0.02474669562393524,5.9859304838532355,5.1884438942075795,3.7487162564691348,13.517222628518416,5.484211611621828,0.0,0.0,7.204433411264758,4.150433187177103,5.064029985191694,8.390505166930822,12.607738825598863,0.0,0.0,5.992292221355495,3.872173901087631,4.269527021772845,6.568499162046328,5.305815382567493,7.565117265205838,16.796370444543914,17.2926147167806,0.0,0.0,8.906879996767408,7.8445319393054165,6.497244675749196,9.854639461684078,11.457219331894818,0.0,0.0
0.0,3.7312767669532936,3.1571677057595258,4.488846800157977,0.14682480426319147,0.02382873896727231,0.024762087981917535,5.985299228575,5.198107589065722,3.7542389687172464,13.545215657506676,5.500092816525757,0.0,0.0,7.189656312825953,4.134920646346242,5.080068407118477,8.381680964382053,12.652384082647961,0.0,0.0,5.985139454146002,3.868540214009343,4.2876349957123745,6.571783862109857,5.322504159539847,7.5618960394114385,16.80768812243814,17.272425883449063,0.0,0.0,8.917016139924081,7.838353367939581,6.482684972553896,9.852355864140135,11.447246651571508,0.0,0.0
0.0,3.7299850474058798,3.1485505122652238,4.507417789301599,0.1468560117861335,0.023821554061898745,0.02477765947330611,5.985424165229487,5.207809709067403,3.760020309316946,13.573207642107395,5.515964457671123,0.0,0.0,7.174086182320418,4.119341608124319,5.095818159101869,8.371626405333915,12.693556297698995,0.0,0.0,5.978006295921347,3.864933947166036,4.305550620144946,6.574954196117701,5.339152297707745,7.558241657633114,16.818977667578512,17.252349181777134,0.0,0.0,8.927130107639131,7.8322695610983795,6.468901303290014,9.850096891566606,11.437280820935614,0.0,0.0
1.4210854715202004e-14,3.7285573669064433,3.1398761601409433,4.52574204526975,0.14688704913825085,0.023815129481909104,0.024793413124180808,5.985718732751762,5.217395167594896,3.766097774455132,13.601029646545983,5.533094654347879,0.0,0.0,7.158076565785756,4.103659617917425,5.111377354751188,8.361059220667832,12.730658772599133,0.0,0.0,5.97086168260787,3.8614214854291675,4.323391088266303,6.57808119987436,5.355977553318267,7.554347420509839,16.830372051315084,17.23204566469899,0.0,0.0,8.937199987676253,7.826126129534717,6.455606334170084,9.847631708629173,11.427439346317886,0.0,0.0
0.0,3.727052486000913,3.131095627670894,4.543636032160449,0.14691805037765338,0.023809402704423447,0.02480895831185421,5.986215861604561,5.2267877909033436,3.7723470846435907,13.628545695463929,5.550681967991802,0.0,0.0,7.1414281364954615,4.0877715826261225,5.126460982528679,8.349492427061962,12.764121952191935,0.0,0.0,5.963683875195573,3.8578715584249674,4.340995053676956,6.581069097653831,5.3729373351295235,7.55022438021289,16.841855087607275,17.211786928881153,0.0,0.0,8.947272669712175,7.819997911226619,6.442806306829199,9.844969997003693,11.41757034394974,0.0,0.0
0.0,3.7255325912968504,3.1224151437893832,4.561227096492378,0.14694888020552152,0.0238044098023479,0.024824772787724263,5.987054387695162,5.236024622556884,3.779031424171392,13.656171950076512,5.568302498457211,0.0,0.0,7.124038536249986,4.072104881415271,5.141380665797857,8.336470799269799,12.7908876467921,0.0,0.0,5.956469035487042,3.85445864172964,4.35852365637809,6.584011853086898,5.390024261187434,7.5459116933371755,16.853343088365836,17.19152099652118,0.0,0.0,8.957414119442397,7.813670196801909,6.430355776706096,9.84217573601642,11.407525694453032,0.0,0.0
0.0,3.723878230593453,3.113770623582706,4.57839469263345,0.14697985126242202,0.02380080670704025,0.024840827202882238,5.988431544324092,5.245056917462745,3.7859295074933086,13.683526661644036,5.586149510968617,0.0,0.0,7.105963610930636,4.056398537731116,5.156064186126391,8.322264267054274,12.809347743895861,0.0,0.0,5.949185920796078,3.8512408318819102,4.3757088260585135,6.586899367101585,5.407236205627784,7.541298563132045,16.864863507413286,17.17149790047209,0.0,0.0,8.967504128403455,7.807293849279258,6.418324258353148,9.839286210436203,11.397312094474767,0.0,0.0
0.0,3.7220305881666143,3.1051358246695444,4.595202276500027,0.1470110551463715,0.023797891445764635,0.024856644363494707,5.990237851374782,5.253845192569452,3.7931717376993355,13.711130756888338,5.604897046639594,0.0,0.0,7.087072878271555,4.040646585920713,5.169913958382981,8.306932206177198,12.822460715688482,0.0,0.0,5.941859562606654,3.8480594959552428,4.3927601849818805,6.589721884045153,5.424656037664934,7.536451000235162,16.876424617964197,17.151632368484847,0.0,0.0,8.977432009401992,7.800959453950868,6.4068610405896305,9.836120036123095,11.386953513532056,0.0,0.0
0.0,3.720141252173132,3.0962970809353556,4.611552472601238,0.14704159279239132,0.023795585260702235,0.024872738218006427,5.991751226452552,5.262153729622833,3.8009893447409304,13.738882190580496,5.625100418370197,0.0,0.0,7.067694991220943,4.024934941177714,5.183557882779389,8.290331513196001,12.83050123741749,0.0,0.0,5.934378029283555,3.844768692985591,4.409829510707628,6.592373229439734,5.442367146432142,7.531359104518092,16.888159518046695,17.131620373749954,0.0,0.0,8.987472959853765,7.79430949950272,6.395807279651025,9.832387996276228,11.376678229834113,0.0,0.0
0.0,3.718232543627464,3.0875078637250386,4.627384607318034,0.14707200701423975,0.02379427307841468,0.02488868649846728,5.9933871119504865,5.270212055691502,3.809091758996551,13.76597525601531,5.645005754878107,0.0,0.0,7.047964765010961,4.009305858992295,5.197083119268882,8.272814164395038,12.83469418695786,0.0,0.0,5.9269419043024705,3.841567753244437,4.426718632708137,6.59496792921989,5.460208629596845,7.5261389694315355,16.899956446875606,17.11158767090085,0.0,0.0,8.997539148905087,7.787626012202017,6.385065692369898,9.828529755287082,11.366272677847963,0.0,0.0
0.0,3.7162684968836284,3.078747635953163,4.642877026283033,0.14710246075204636,0.023793380561580597,0.024904644011881808,5.995839371507275,5.277772319591854,3.8175617943469473,13.79352259589073,5.664673225195546,0.0,0.0,7.027319235331987,3.9938883748575806,5.210100893969505,8.253999679722725,12.836818849840906,0.0,0.0,5.919447162327265,3.838453646222045,4.443369408479681,6.597617167335482,5.478153540963306,7.520700000053841,16.91173226543431,17.091623798085863,0.0,0.0,9.0075111431984,7.7808838521140515,6.374707982687777,9.82442805857224,11.35565566624348,0.0,0.0
0.0,3.714157991826732,3.0698629692017025,4.657853575557858,0.1471330561960084,0.023793067238594354,0.02492095151780437,5.998781707053006,5.284870806948878,3.826143138973454,13.821050885789584,5.684566191069059,0.0,0.0,7.006199065382584,3.9783444944606834,5.222406578385301,8.234251861520269,12.835878858332197,0.0,0.0,5.9115909730370415,3.8354068069919234,4.459510229877949,6.600169460456004,5.496226504789477,7.514920252119225,16.923545990223175,17.072043541215315,0.0,0.0,9.017416880994395,7.77397475481921,6.3647729543372265,9.820124942216026,11.344990897579223,0.0,0.0
0.0,3.7118989281906085,3.0609649637790866,4.672364126642818,0.14716431544086325,0.023793734388804923,0.024937105285273962,6.001944537336906,5.291734920770719,3.8346291233377765,13.84835500030765,5.705456160961822,0.0,0.0,6.984911037258098,3.9624986553702186,5.234074957546192,8.2143591722483,12.83097474946773,0.0,0.0,5.903781308820893,3.832394030230074,4.475192094673398,6.602551914073812,5.514230343628688,7.508704966521857,16.935359966149928,17.052709688727724,0.0,0.0,9.027232894905291,7.767186849962044,6.35578216993292,9.815729976622656,11.334768136518711,0.0,0.0
0.0,3.7096963642264043,3.0521429326454412,4.6867324513004744,0.14719548828601225,0.023795033368585544,0.02495336861616524,6.005558409608596,5.298541893448624,3.843586779585671,13.875458303181889,5.726433933990812,0.0,0.0,6.963294219130981,3.946946329983128,5.245189862523826,8.19370626178483,12.8277544075864,0.0,0.0,5.896068863756349,3.829413139895027,4.490791435912654,6.6048726781895635,5.532317556529292,7.50236201064836,16.94716055567343,17.033420906091262,0.0,0.0,9.037073076915396,7.760353781511808,6.347181639685687,9.811263385128996,11.32435934302576,0.0,0.0
0.0,3.707458995393028,3.0433153212503887,4.700653733911294,0.1472268420635015,0.023797386306769534,0.024969837001407195,6.00964659960355,5.305048395018873,3.8529833601008785,13.90229120580843,5.747743589632849,0.0,0.0,6.940908872991692,3.9315858725787627,5.2559705816283575,8.17099539747333,12.821552901127513,0.0,0.0,5.888329920654065,3.8264259816369424,4.50601057172725,6.606944943266867,5.550370780726193,7.495680199033081,16.958988197719943,17.014598486440665,0.0,0.0,9.046849397618361,7.753537856482496,6.3391267498756765,9.806843557464363,11.313760380556966,0.0,0.0
0.0,3.7051495082280064,3.0343168503740947,4.713910205422175,0.14725804752933003,0.023799939851077465,0.024986408026102434,6.0141372019219,5.310644443812879,3.8628206261528644,13.929708493761362,5.768815227601963,0.0,0.0,6.917959437889242,3.916363609765348,5.265354263567725,8.146951217552202,12.813192968088522,0.0,0.0,5.880380747455816,3.8234643085352937,4.520792620666966,6.608976287941107,5.56866838058704,7.488721757038257,16.970833116439415,16.99586803651942,0.0,0.0,9.056573903761805,7.7465673306283405,6.331535282647712,9.801866906191004,11.303143316092553,0.0,0.0
0.0,3.702824550928843,3.0248973459003174,4.726761440441983,0.14728890483276366,0.023802679782850993,0.025003240170929645,6.018894531907314,5.315572086577151,3.873043822731955,13.956852379144138,5.7901036328731506,0.0,0.0,6.894868369101238,3.9009607841866005,5.2739696644166125,8.122742623309687,12.80728922973354,0.0,0.0,5.872412847369517,3.8202332200326627,4.5353309294084045,6.6109814450195445,5.5872589316613785,7.481573754779467,16.982719309662603,16.97710299057818,0.0,0.0,9.066372091368011,7.739497605178355,6.32428477345995,9.796409716470645,11.292575184393106,0.0,0.0
0.0,3.7004875499393948,3.015124354238896,4.73907096096803,0.14731947429206468,0.023805246733128217,0.025020339472885483,6.0237704349151135,5.319703636118343,3.88368932170235,13.983912022847361,5.811464249962481,0.0,0.0,6.8715329038456066,3.8854660442900957,5.28176683208963,8.098277300709398,12.801949315691395,0.0,0.0,5.864318949765736,3.816867913020848,4.54959585984956,6.612990173312487,5.606196342905356,7.4743274375421365,16.99471013750437,16.95846345403682,0.0,0.0,9.076202666876858,7.732226400880131,6.317277904203654,9.790444232931861,11.281938377474336,0.0,0.0
0.0,3.6981190820083913,3.0054880632617405,4.751086732934846,0.14735046268681976,0.02380858728127546,0.025037617437866963,6.029367368777215,5.323669396145522,3.8945860618424035,14.010826622180105,5.832733409974993,0.0,0.0,6.847946456828679,3.870174112338539,5.28886042055449,8.073658195129152,12.795507461506455,0.0,0.0,5.856230192284756,3.8136855389060225,4.563553978117398,6.615048586537438,5.625104380700058,7.466918828359719,17.006707464769338,16.939944637420208,0.0,0.0,9.085973405022045,7.724971616299712,6.310848742629493,9.784577813200974,11.271389486933435,0.0,0.0
0.0,3.6957519195477695,2.9960338693065167,4.762729481219748,0.14738172633861127,0.02381284004390269,0.02505507802371439,6.035734509020039,5.3274788170220955,3.905743617742136,14.037652822977279,5.853727675615917,0.0,0.0,6.824058677632674,3.855176169605614,5.295057183588805,8.048496008832492,12.787706783074853,0.0,0.0,5.84810248189135,3.8107699485195696,4.577152560713659,6.617037033454941,5.643965204593034,7.459232707581859,17.018687603450957,16.921702710005356,0.0,0.0,9.095728269203672,7.717653059577267,6.304931605576408,9.778837400578183,11.260776313648153,0.0,0.0
0.0,3.6935640956921705,2.9868289608407537,4.774017712272758,0.14741325053041007,0.023818549708744266,0.025072576181350795,6.042763331885513,5.331017139088508,3.917400987844645,14.064353868418987,5.874520808853984,0.0,0.0,6.798847108902885,3.8407126651645416,5.300997426499608,8.020122415408018,12.77692013265941,0.0,0.0,5.840177513709428,3.8079207002784745,4.590647504629833,6.618885156060693,5.662705745126157,7.451381314716509,17.03073688237937,16.903911194165307,0.0,0.0,9.10544520592275,7.7104383603817555,6.2994547241530325,9.77310507413318,11.25010840545905,0.0,0.0
0.0,3.6914848116707613,2.9774421908939535,4.784927704536316,0.14744462870142636,0.023825712955194717,0.025090275701371966,6.050071333270538,5.334012524251969,3.9293909828440405,14.090394478486505,5.895087563152072,0.0,0.0,6.773325899855214,3.8263671060746685,5.306709678038347,7.9910930726107,12.76300612418717,0.0,0.0,5.832398752366196,3.8048736573595083,4.603959250163294,6.6207151969612745,5.681571037896816,7.443417196124222,17.04281976764388,16.886174286370355,0.0,0.0,9.115201639811552,7.703177018763632,6.294311680775391,9.767205071653759,11.239489385769057,0.0,0.0
0.0,3.689358328171709,2.9674253787201987,4.795112673105422,0.14747568880502784,0.023833058053300292,0.02510799860978635,6.057562657947736,5.335702712795096,3.9418020963114135,14.116715921063966,5.915525738122739,0.0,0.0,6.746878137695622,3.8117514931829115,5.310561955479018,7.961188315390031,12.745784734760099,0.0,0.0,5.82449608221064,3.801412237419797,4.6170127141610795,6.622464136272845,5.700828694084065,7.435324090807155,17.05496316066569,16.868616499634506,0.0,0.0,9.124978907095663,7.695738858081518,6.289606716333823,9.760474658428683,11.229070348276933,0.0,0.0
0.0,3.6873070958647998,2.9577230695453283,4.804776833528081,0.1475067261517688,0.023841126391258086,0.025125981370138408,6.065671654986787,5.3371799284730415,3.9545910805238407,14.143217699630801,5.936264619285278,0.0,0.0,6.720839921648196,3.797663670169321,5.313469187605483,7.930983515595648,12.72538885673921,0.0,0.0,5.816538390562734,3.7982816945350155,4.629713368441326,6.624247744192185,5.720226324427698,7.4268665442288855,17.067077082534308,16.851353580717543,0.0,0.0,9.134793995181788,7.688256496043722,6.2853167529124985,9.75333838968924,11.218363850994038,0.0,0.0
0.0,3.685388898289655,2.948413591321893,4.814134098276132,0.14753801954009896,0.023850168702312314,0.02514422126623091,6.074543882166163,5.338543044712976,3.9677004298084344,14.169420980876414,5.956516022402307,0.0,0.0,6.694757948112498,3.7841842819405436,5.315841260562286,7.900859097479028,12.700573466191036,0.0,0.0,5.808666758039841,3.795609457153713,4.642129468353473,6.626180537177141,5.73966830441778,7.418281483882793,17.079164946512126,16.83421059018095,0.0,0.0,9.144591689236256,7.680680494344829,6.281259827809903,9.746192370728629,11.207616518766212,0.0,0.0
0.0,3.6834841596413557,2.939047239455117,4.823279110981643,0.14756915606122614,0.023860072347874347,0.02516241464941618,6.083849412172016,5.339563643844401,3.981064118435047,14.195393015881434,5.977024329291712,0.0,0.0,6.667888557370981,3.7709948281196235,5.318047067856878,7.870094126040812,12.674661481414056,0.0,0.0,5.800807735118806,3.7928252800420843,4.654455724600205,6.628041315067988,5.759132657761373,7.409638605355682,17.091263395797316,16.817433955972245,0.0,0.0,9.154341690296395,7.673071250242783,6.277527405491206,9.739030809386223,11.196711511662325,0.0,0.0
0.0,3.681543558015752,2.929622767339378,4.832107351876646,0.14760043412473556,0.023870191978241105,0.025180821154239877,6.0936841170560925,5.340297203338704,3.9945889929310496,14.220943999759015,5.997578844958799,0.0,0.0,6.64097855796623,3.7578872849296885,5.320088040523382,7.839568603884064,12.645910173752881,0.0,0.0,5.792884949987244,3.7899999933236446,4.666570637948613,6.62997835177359,5.778712915427325,7.400935896688382,17.10338489808758,16.800849649507125,0.0,0.0,9.164078748025567,7.665520379973044,6.274132380483414,9.73172036479886,11.185666285113621,0.0,0.0
0.0,3.6795688494982026,2.9201758512713867,4.84044696343773,0.1476316096820358,0.023881155333911202,0.02519952555591299,6.104276745705627,5.340325912990994,4.00847070515573,14.246010925630415,6.017853989486843,0.0,0.0,6.614056874116031,3.745163843886272,5.32176155571488,7.809280369449831,12.613248247487569,0.0,0.0,5.784862753124613,3.787438413287687,4.678279186237004,6.631980300363401,5.798419581739467,7.392074252029438,17.115510969169655,16.784429264912035,0.0,0.0,9.173809908584644,7.65794614297186,6.271012496596224,9.724243486413704,11.174764276478546,0.0,0.0
0.0,3.6775587413105195,2.9097280989719336,4.8477995981646975,0.14766196788865898,0.023892753851336903,0.02521820137530805,6.115578420037506,5.338662446451999,4.022674861372248,14.271148647570259,6.038822558255018,0.0,0.0,6.5864027441106545,3.7318731841402717,5.322033449758982,7.778490767747358,12.576667591235863,0.0,0.0,5.776691732403176,3.784192023362067,4.689345284329094,6.6338958667198735,5.818469597120312,7.382941539529016,17.127744710857286,16.768351842036175,0.0,0.0,9.18341626406292,7.65031242984787,6.26841456845038,9.716009352256517,11.164281772889252,0.0,0.0
0.0,3.6755603610964074,2.8994626173984774,4.8546705222662965,0.14769235424304733,0.023904512386751044,0.02523685457799678,6.12724228609245,5.336576626827185,4.037461054309992,14.296471236566061,6.05965475390841,0.0,0.0,6.557582684783061,3.719163729510363,5.321301459437514,7.744341111343061,12.534945754255256,0.0,0.0,5.768193347854932,3.780850130474438,4.700246075320532,6.635598035606817,5.83844255668237,7.373767673308225,17.140021385541854,16.752721694544142,0.0,0.0,9.193087679348118,7.642665612995631,6.266196090349261,9.70755340582462,11.153849624346917,0.0,0.0
0.0,3.6735579236908364,2.8895092489834227,4.860952976529005,0.1477228188283613,0.02391760332380976,0.02525568176950221,6.1391711853917466,5.334227149375923,4.052426208098485,14.321180304784342,6.079693957289468,0.0,0.0,6.528695714397645,3.706896828452978,5.320176559225401,7.709017798268843,12.489564141371218,0.0,0.0,5.75963068623515,3.7776178409681402,4.710551319813661,6.637077672466927,5.85816645260353,7.364321229154177,17.15236485445603,16.737656456664016,0.0,0.0,9.202799437197514,7.635113740327483,6.264519746375458,9.699187481609707,11.14317907959203,0.0,0.0
0.0,3.6716229805450946,2.879825105357708,4.866855530227321,0.14775336723219976,0.023931085513769743,0.025274540879195135,6.151689055693402,5.331766395381656,4.067486834442872,14.345790428778633,6.099735738050763,0.0,0.0,6.500043377890137,3.695083315305423,5.318406710819481,7.67410615062699,12.443250927105778,0.0,0.0,5.751029965697414,3.7746594808966782,4.720609233073285,6.638609942894661,5.877979931103114,7.354755901989686,17.164468478633125,16.722824935155966,0.0,0.0,9.212412575241665,7.627518249393193,6.263097750475867,9.690707776956218,11.132345941497418,0.0,0.0
0.0,3.6697665424940156,2.8705481945428244,4.872284232836647,0.1477841540964124,0.0239446977735952,0.02529310316190761,6.165124729445336,5.329011795399376,4.082757340405158,14.370453515576711,6.119756365820117,0.0,0.0,6.47143804250393,3.6839014369411163,5.3161249897799765,7.639837154122417,12.396231266813539,0.0,0.0,5.742486898824967,3.7722724919918043,4.730415268364174,6.640366824022092,5.897867373270563,7.345147144928565,17.1765221583371,16.708158020984875,0.0,0.0,9.221963200601815,7.619973224941797,6.261852472546471,9.682190043805189,11.121475563953208,0.0,0.0
0.0,3.6679577657745472,2.8612276171201785,4.876993112759719,0.14781482935885276,0.023958909501620565,0.02531161629424625,6.179224181899214,5.325721586844464,4.097978897244216,14.394584117068796,6.13970661722886,0.0,0.0,6.443360824343688,3.6726714801541545,5.313537030006668,7.606729034415199,12.349397048455685,0.0,0.0,5.733882073171335,3.769933154762199,4.739630255664021,6.642285105024469,5.9177456085903835,7.335428352112254,17.188624483657485,16.693531572094344,0.0,0.0,9.23134032682982,7.61249451777238,6.261002626820767,9.673648770840533,11.110701086305747,0.0,0.0
1.4210854715202004e-14,3.6660834552578017,2.850903444726155,4.8809798960809045,0.14784414710568475,0.023973406438551066,0.025330549390087616,6.193742107214654,5.320756859536958,4.113721119591036,14.418415576439303,6.161784581632376,0.0,0.0,6.414774455901971,3.6613224556944215,5.310500247173443,7.573341168826089,12.302226084594297,0.0,0.0,5.724922658414631,3.766737163894838,4.748598047842247,6.64418605371404,5.937971039344135,7.32556054541654,17.200804174955778,16.679107639047025,0.0,0.0,9.240912531823403,7.604754766091893,6.260339928047719,9.664300470868534,11.100105982363283,0.0,0.0
0.0,3.664263977321378,2.8404923933560773,4.884145685690101,0.14787349825857998,0.02398875867032824,0.025349331448881518,6.208638116274614,5.314950623476957,4.129241205596613,14.442254097384605,6.18435495178812,0.0,0.0,6.386364851201627,3.6498453180063692,5.3064982148817705,7.539699406772436,12.25423612972103,0.0,0.0,5.7156129389543695,3.7633093011702172,4.756991907220938,6.646127798525529,5.957928687481786,7.315579988486876,17.21309523631043,16.665156423434446,0.0,0.0,9.250510431471128,7.597151108621242,6.260338602040978,9.654770970813065,11.090266548646472,0.0,0.0
0.0,3.6625496627609837,2.8304161751224415,4.88672075702528,0.14790254096778013,0.02400493670621879,0.025368095537497633,6.22413493406239,5.308628215557819,4.145153849773547,14.46637934643396,6.207582680218519,0.0,0.0,6.358904952825799,3.6392472457490546,5.301586735472564,7.507072297130471,12.20584619463843,0.0,0.0,5.706129062985233,3.760301789070451,4.764931243651602,6.648024324878054,5.9779607473487575,7.305354331133465,17.225180259611598,16.651621220964877,0.0,0.0,9.26014466782596,7.589265711860573,6.260555979486122,9.645173295221145,11.08037501420563,0.0,0.0
0.0,3.660909378695821,2.8205319561345603,4.888874497528839,0.1479313477456514,0.024021379993563133,0.02538677833906485,6.240374654307435,5.30180439459111,4.1615525964005915,14.490524889205048,6.230760866228837,0.0,0.0,6.331005066070244,3.6292777898724933,5.296234782448767,7.474320962920528,12.158037644995124,0.0,0.0,5.696616988893393,3.7574635335346116,4.772544736495701,6.649991850875957,5.998024261454189,7.295180492324782,17.237344009512526,16.63841293353554,0.0,0.0,9.269858986698738,7.5813758409849,6.260976488504586,9.635403651357514,11.070400230435363,0.0,0.0
1.4210854715202004e-14,3.6591859536090245,2.810612079687057,4.890455356504054,0.14795999725659364,0.024038603513606316,0.02540549978888026,6.2569390703634795,5.294351598686816,4.178451606332743,14.51390760211139,6.254343613211484,0.0,0.0,6.302415302668697,3.619612578411362,5.29071404021027,7.440446156490546,12.110928772088764,0.0,0.0,5.687091094324247,3.7544657223566813,4.779910264831848,6.65186767070593,6.018110952517554,7.2849524150146046,17.249657367137203,16.62542203476103,0.0,0.0,9.279475551691366,7.5736242182522036,6.261572513651923,9.62531944776148,11.060205605442063,0.0,0.0
1.4210854715202004e-14,3.657490510414414,2.8006676805156707,4.89125886618193,0.14798829908982217,0.024057172706768864,0.02542392875101756,6.273756324405243,5.285971657118502,4.19581413469922,14.536636338099155,6.27910098779368,0.0,0.0,6.27257562901125,3.6102437079890035,5.285155759169413,7.404181367018907,12.062445731251637,0.0,0.0,5.677619856899779,3.7514163884483485,4.787117246015835,6.653522595726251,6.038222712152145,7.2746894304011995,17.26220817801944,16.612814776018986,0.0,0.0,9.288977467007394,7.565941570146947,6.2623468909495745,9.614958411300302,11.049761871337182,0.0,0.0
1.4210854715202004e-14,3.6558300282266907,2.7905411352684073,4.891450670488324,0.14801667612547165,0.024076215003422913,0.025442219193348797,6.2913384510018115,5.277148653642164,4.213265558293707,14.558917324890134,6.304840872617823,0.0,0.0,6.242882459112911,3.6007942875734793,5.279627061538753,7.369115763999094,12.014799533133901,0.0,0.0,5.667936865565282,3.748210900445282,4.79412393235424,6.655362403007779,6.058529172992266,7.264404527137719,17.274628574831617,16.60042511308992,0.0,0.0,9.29827826583008,7.55830308919488,6.263239749106558,9.604268083767648,11.03921031330298,0.0,0.0
1.4210854715202004e-14,3.654215675882178,2.7808254686598506,4.891200209411811,0.14804514714408634,0.024095532953324533,0.025460473428039802,6.309930035957126,5.267992540930514,4.230990667295534,14.581301399114464,6.331283973308812,0.0,0.0,6.213227417444513,3.5919232957979346,5.27397729692248,7.335021595502641,11.966351739582132,0.0,0.0,5.657929963679567,3.745445367247006,4.800844226084054,6.657488748529562,6.078755174986071,7.25412815139688,17.287067381160895,16.58815196388767,0.0,0.0,9.307578173418987,7.5506748026172446,6.26440648350577,9.593543487020144,11.028811940863502,0.0,0.0
0.0,3.6527741045698403,2.7707420332896633,4.890730360838354,0.14807326474920582,0.024115723321825322,0.025478649067722466,6.329060089662431,5.25813465581919,4.248884606120573,14.603457541772968,6.358013957571866,0.0,0.0,6.183975620866349,3.5833288316873593,5.268751987644399,7.302227269942158,11.917754530696955,0.0,0.0,5.648006812080205,3.7423418978254857,4.807509025223508,6.659456047316886,6.099119544296944,7.243829480323207,17.29914371766506,16.576028819777786,0.0,0.0,9.316846343298117,7.54293318440778,6.265742507449535,9.582708585640589,11.018670908801155,0.0,0.0
1.4210854715202004e-14,3.651426735103752,2.7607778980966513,4.889591319230606,0.14810145056701482,0.024136960012872813,0.0254970624573972,6.348284208434796,5.247757845481261,4.266560126365663,14.625406899180671,6.386229970935698,0.0,0.0,6.15572454644614,3.5746641456065245,5.261958854007468,7.271344482146615,11.864387308013988,0.0,0.0,5.637900661771617,3.7391896044175716,4.813495533713121,6.661553650131095,6.119193216277144,7.233399665967621,17.311393985351177,16.564621817886117,0.0,0.0,9.326231994596485,7.535298602487392,6.267655304133947,9.57156277489767,11.008974521419086,0.0,0.0
1.4210854715202004e-14,3.6502285037057263,2.75108308234855,4.887698865871114,0.14812891048941693,0.02415837165114858,0.02551586638337947,6.367934643624953,5.2364247133902095,4.284876450749855,14.646942970390501,6.415218639708422,0.0,0.0,6.128067315776592,3.567009964603954,5.254435412425125,7.241397989812173,11.806511875295772,0.0,0.0,5.627891907708512,3.7363728821564552,4.818987716628061,6.663750586981315,6.1394185663992795,7.222794129807966,17.323838972585918,16.553466552865345,0.0,0.0,9.335831661018263,7.527453796609447,6.2697085731343405,9.559902154198834,10.99924977063394,0.0,0.0
1.4210854715202004e-14,3.6491199269809385,2.7413782077735402,4.885059376113293,0.14815603469566813,0.024181005789981558,0.025534457234664337,6.388164934857688,5.224217965823577,4.303337000975772,14.667893697495828,6.444263617214771,0.0,0.0,6.100387503200136,3.5598164127096603,5.246671788976714,7.2118334146969305,11.745724607527585,0.0,0.0,5.617957593792844,3.7336709245911543,4.824109863107257,6.6658378424233415,6.159790224584804,7.211969720697626,17.336105999685138,16.542797757415926,0.0,0.0,9.345332961830819,7.519587114278916,6.271797918788608,9.547931852341405,10.989656452817142,0.0,0.0
1.4210854715202004e-14,3.6481789975731735,2.7318109005243505,4.88182214351449,0.1481832848202026,0.02420449898902107,0.025552655178037644,6.409372815032806,5.211941731633612,4.321654086733329,14.688543062734533,6.473853858065912,0.0,0.0,6.07296654685416,3.552483497820207,5.238935900379245,7.18387232848027,11.683996664829348,0.0,0.0,5.608200086443414,3.7310763039488375,4.829002276869337,6.668199865987763,6.180201898010588,7.201146667166183,17.348232911647415,16.532523986276765,0.0,0.0,9.354650409209833,7.51189015080963,6.274048681728144,9.535926996101711,10.98001566961769,0.0,0.0
0.0,3.6473640474301043,2.722342752773045,4.8780642136456835,0.14821056769644317,0.024228356763120344,0.025570708083895142,6.431089687422156,5.199298290657612,4.340027068304127,14.708690368223081,6.504053641109216,0.0,0.0,6.045728329773305,3.5453109887312677,5.230836479659732,7.157109307268695,11.618988035587886,0.0,0.0,5.59828715044447,3.7283800504421087,4.833592867882695,6.670684876831221,6.200516803607363,7.190368094057955,17.36027772298904,16.52250163410879,0.0,0.0,9.3638810487594,7.504309433997731,6.276463703555116,9.523730853049834,10.970544505420863,0.0,0.0
1.4210854715202004e-14,3.6467122329432904,2.7120778780286376,4.87380664023709,0.1482378239521894,0.02425372795095513,0.025588691372859414,6.453575328717426,5.185785459869138,4.357978830905983,14.728323795943503,6.536168605704538,0.0,0.0,6.018650791396613,3.5373248953420457,5.222206968326129,7.1317406768661415,11.5529247742973,0.0,0.0,5.588275249810121,3.7245573296720487,4.837662442039493,6.673218734165523,6.2204742867885745,7.179684997883673,17.372178848911005,16.512834941602645,0.0,0.0,9.372887282985255,7.497019321498069,6.27934645484678,9.51137370159848,10.96125601814572,0.0,0.0
1.4210854715202004e-14,3.646321926318688,2.702205438425293,4.869177821234942,0.14826487341988678,0.024279848216728777,0.02560650186068946,6.476808934278164,5.171688677454359,4.3765038668123495,14.747813211646262,6.568572273254323,0.0,0.0,5.9915055561544515,3.5302936411129027,5.213898996902892,7.106967842780012,11.486652181090196,0.0,0.0,5.578436021981822,3.72133148238629,4.841541709940616,6.675878111707538,6.240493284815988,7.16904548422985,17.38419425251178,16.50335890340285,0.0,0.0,9.38198319897332,7.489698080545096,6.282286716707443,9.499061095063988,10.952003511711782,0.0,0.0
1.4210854715202004e-14,3.646188007788834,2.692705712808887,4.863930876646161,0.14829146066936283,0.024306046151563985,0.02562452520642719,6.50042861612537,5.156880499634602,4.395539828661123,14.766644543019837,6.601636573948915,0.0,0.0,5.965462742533725,3.524274390427371,5.2051955896873,7.084349178492926,11.420359172824401,0.0,0.0,5.5685733875267065,3.718731093165172,4.845145532793408,6.678697685548543,6.26070435863273,7.158337058736109,17.396332017113664,16.49431971271327,0.0,0.0,9.391267933081101,7.482227608773325,6.285189199348116,9.486306873754947,10.942905816306187,0.0,0.0
0.0,3.646004875753839,2.6832504306180045,4.858264143916975,0.14831734852251488,0.024332089934073937,0.025642818613127023,6.524385296533479,5.141504678515596,4.414854901007367,14.784845154574965,6.634282946135094,0.0,0.0,5.940432935421548,3.518891056575196,5.196391807803633,7.064162398885099,11.356418262041391,0.0,0.0,5.5584766408826285,3.7161173674936965,4.848534441859284,6.681640552389234,6.28100876002288,7.147501221819954,17.40832303321722,16.48531655655345,0.0,0.0,9.40073091958691,7.474598383630669,6.288191400345839,9.473176573947748,10.933938767066381,0.0,0.0
0.0,3.6458937330897556,2.6741831281039143,4.8522866481723,0.14834307924619589,0.024358689220604947,0.025661032007940093,6.549254169623015,5.125942681798531,4.434562438039061,14.803029836136316,6.666611043583509,0.0,0.0,5.915489093656042,3.514136368450422,5.187562530263459,7.044844780038926,11.292543612202444,0.0,0.0,5.548169062176221,3.713911080100344,4.851789615883561,6.684761669376687,6.301257298356638,7.136637116186597,17.420285111436566,16.476500123108373,0.0,0.0,9.410278458172796,7.466937165207467,6.291249971396574,9.459980831386968,10.924946894567983,0.0,0.0
1.4210854715202004e-14,3.6458233415055954,2.6650706864475673,4.845750771674867,0.14836840099911916,0.024385430982979923,0.025679068246216585,6.574650430954071,5.109552437402513,4.45440751937593,14.820708754639165,6.699454412773928,0.0,0.0,5.890150099880515,3.5095977021267455,5.17844301454645,7.025446295075863,11.2284096810018,0.0,0.0,5.537508562376057,3.711407574908072,4.854895435746751,6.687826619715572,6.321353088761324,7.125923973359796,17.432369472268377,16.468023339416924,0.0,0.0,9.419774452737922,7.459382741899968,6.294463426013467,9.446231342586774,10.915966990721488,0.0,0.0
1.4210854715202004e-14,3.645935481811976,2.6561752314267135,4.838638516771123,0.14839385135720326,0.024413272754381026,0.025696888189699982,6.600211880531111,5.092682800110395,4.474041212753718,14.837307442620714,6.732408821873796,0.0,0.0,5.8653510664544894,3.5051643645259496,5.169786016667862,7.0071850348873514,11.164125385645477,0.0,0.0,5.526831880751244,3.709040253230012,4.857725395636009,6.6909740345307895,6.34124320187286,7.115406866117089,17.444651593962792,16.459720565423254,0.0,0.0,9.429149127401068,7.4520687509648,6.2979322303671434,9.432495402807806,10.907353570112514,0.0,0.0
1.4210854715202004e-14,3.6462468665346437,2.6473964625290045,4.830902614462793,0.14841973412307718,0.024442295982754544,0.025714069276994315,6.626915516292364,5.075639696036408,4.493315236937145,14.853414748511424,6.7654938708183625,0.0,0.0,5.840442546983013,3.5002012858600526,5.161464531551629,6.9906106469272835,11.100849660189802,0.0,0.0,5.516496110658627,3.7068460786787822,4.860267941102397,6.694564558980389,6.361054187272219,7.104958818028834,17.456952655456245,16.451799706868254,0.0,0.0,9.438385091042358,7.4451473787305895,6.30163016801085,9.41896207363686,10.898850633518418,0.0,0.0
0.0,3.646380441545392,2.6385400278833377,4.822520398580472,0.1484450166486176,0.024471561010539045,0.025731403959836908,6.654395151374602,5.057728616791367,4.513030631383345,14.869271917791012,6.7979850619827085,0.0,0.0,5.815973012657971,3.495776771951542,5.153577314962117,6.9757367356156985,11.036469361011124,0.0,0.0,5.505918012772055,3.70456149451923,4.862497239196348,6.698243230362415,6.381014496386998,7.094266066254708,17.46911577526124,16.444430668079704,0.0,0.0,9.447850164575396,7.438076227144616,6.305311174938037,9.40476968364699,10.890250716447348,0.0,0.0
1.4210854715202004e-14,3.646538790475729,2.630324253385776,4.813651302814822,0.1484700900600782,0.024500990749210326,0.02574855391882023,6.682326346400714,5.03940705933979,4.532954586732916,14.884467319768188,6.829999977022307,0.0,0.0,5.791542618218525,3.4923352856002943,5.146264435734412,6.9610799620646535,10.969862504959474,0.0,0.0,5.4950322598460914,3.7027782480987925,4.864777533364785,6.70191426759236,6.400837695742726,7.083598047891236,17.48130899660943,16.437335431081383,0.0,0.0,9.457274889363157,7.430979676334094,6.308912160175394,9.390446907207965,10.881520324169898,0.0,0.0
1.4210854715202004e-14,3.6467529209697296,2.622258294596807,4.804542232759973,0.148494785547947,0.024530437281530613,0.025765650569114534,6.710731316524423,5.020682396388547,4.553099815762847,14.899252874472484,6.862291208786308,0.0,0.0,5.767456637796449,3.4897028168369895,5.140211110302787,6.947289805344049,10.902336881350681,0.0,0.0,5.483894530118419,3.7008966029560124,4.867155277641178,6.705501582166417,6.420559939576353,7.072923623705463,17.493282982405827,16.430479997194812,0.0,0.0,9.466741888331631,7.423800762872187,6.312476143445604,9.375905406646389,10.872808956248948,0.0,0.0
1.4210854715202004e-14,3.6470774283488367,2.613834160719663,4.795075212507573,0.14851916280070424,0.02456109943955128,0.025782618196565223,6.738980407865753,5.00121275290364,4.57311415450812,14.913070327646068,6.8948610821208804,0.0,0.0,5.743961499414682,3.4869834668024007,5.1349845781505605,6.934007171634961,10.833245797820215,0.0,0.0,5.472802870026168,3.6985711328769075,4.8695482082471955,6.708731446853438,6.440178229190078,7.062288183392664,17.505042268170737,16.424060033251422,0.0,0.0,9.476170747946703,7.416691229409543,6.3161783171999755,9.361152610260115,10.86457497807988,0.0,0.0
1.4210854715202004e-14,3.6475163479253196,2.6054745913508164,4.785084936205372,0.14854366922348647,0.024592324098459146,0.02579938000862802,6.768022284696662,4.981326058505186,4.593216074565654,14.926242195528317,6.927481726503401,0.0,0.0,5.7203868368266315,3.4841312712173163,5.130371952053439,6.922699728987245,10.763880275085913,0.0,0.0,5.461914552689741,3.6965143424413163,4.871814096103378,6.712269478171277,6.459857550435173,7.0516525188401245,17.516785874163535,16.417779106870313,0.0,0.0,9.485609960528908,7.40975739672534,6.319973602703754,9.346266357137248,10.856404817781108,0.0,0.0
0.0,3.648222935939492,2.5972236198830028,4.774847226787265,0.14856839219273782,0.024624200380040314,0.025816228740209772,6.798115112574587,4.961299888460353,4.613371991179697,14.938858945739304,6.959632264581434,0.0,0.0,5.6967574275017965,3.4809164853630308,5.125590454782861,6.913723632613966,10.693103948291444,0.0,0.0,5.451150509975473,3.694568401191123,4.873885467700662,6.716281388269718,6.479335723724727,7.041122286930887,17.528589429095387,16.41166804695559,0.0,0.0,9.49501168151741,7.403135170580841,6.323954106164696,9.331173939243934,10.84859645136414,0.0,0.0
1.4210854715202004e-14,3.649017491682691,2.589282199916706,4.764105036385811,0.1485925682548508,0.024655886799819345,0.025833411832791184,6.828034155704325,4.94067337303539,4.633871538051619,14.9498067104616,6.990826350335504,0.0,0.0,5.674418467168658,3.478530642193942,5.121731841263108,6.907097189420191,10.616056013890722,0.0,0.0,5.4403990538612845,3.692719395267167,4.8756958904816,6.720095423646288,6.498806140534666,7.030510105995966,17.54023595794699,16.406208603340218,0.0,0.0,9.50444818870075,7.396432544467151,6.32779234163301,9.315611066266804,10.840995121492194,0.0,0.0
1.4210854715202004e-14,3.649869608436803,2.581958197598756,4.75327788265219,0.1486169153526284,0.02468780402566684,0.025850626574369193,6.858113526707699,4.920233061336031,4.654652073549198,14.960459596659275,7.0221971732324375,0.0,0.0,5.653036402505484,3.4768397736715078,5.118050998387319,6.90310758836688,10.539487032876655,0.0,0.0,5.429532807340595,3.6915263012437447,4.8775143781712105,6.724203272520939,6.518229048982509,7.019998821528544,17.551885217747053,16.40094426664676,0.0,0.0,9.513980826123777,7.389767948449478,6.3316274813761835,9.300068913950767,10.833539551171073,0.0,0.0
1.4210854715202004e-14,3.650812795984216,2.574168917254919,4.742117185288469,0.14864079691021964,0.024720515564032815,0.025868153713590646,6.8884816448608435,4.899028667664013,4.67544046840851,14.970349776309686,7.054080588243497,0.0,0.0,5.6327013291855685,3.4750257876334287,5.114111514654521,6.902290948826931,10.462603620894223,0.0,0.0,5.418588460156885,3.689720654335108,4.879057701367138,6.728517610263647,6.537523827628913,7.00958028141704,17.563534830574152,16.39583768766508,0.0,0.0,9.523568201169267,7.383186441476058,6.335483574244782,9.283918306698153,10.825961789132421,0.0,0.0
1.4210854715202004e-14,3.6517682400117155,2.566119645849811,4.730703987158682,0.14866373843637148,0.02475369771140954,0.025885232392342875,6.918470303604277,4.876450679278498,4.696754823826472,14.979416967587175,7.085990999869108,0.0,0.0,5.612007210551764,3.47403735016005,5.111821334685809,6.899988303328367,10.38742255265318,0.0,0.0,5.4072942685508645,3.6873123467991378,4.880472885051057,6.7321457328028895,6.556638462453888,6.99923546516191,17.575072835775877,16.390851397799583,0.0,0.0,9.53319418644965,7.3765432450928055,6.339336226636096,9.2674535180785,10.818668867212397,0.0,0.0
0.0,3.653064106109715,2.5584881423587964,4.719082841636501,0.14868670420538463,0.024786621383012217,0.025902095218669773,6.949623863768766,4.853858282550653,4.718152425818798,14.987835669752954,7.117454885396782,0.0,0.0,5.591089611011495,3.473204020378055,5.110003129932553,6.899971729483637,10.310770137919135,0.0,0.0,5.396310724894272,3.685239982349313,4.881764938435686,6.736268603383175,6.575608027086203,6.988971595398595,17.58660569895988,16.386006588103623,0.0,0.0,9.542884405427621,7.370067954701396,6.343194431690015,9.250941384741141,10.811527922478856,0.0,0.0
0.0,3.6545462654864256,2.551740216061961,4.707399788886448,0.1487098700168586,0.02481950744852989,0.0259188975566092,6.981430107032275,4.831556380618815,4.739886840794493,14.995556969792219,7.148630916292224,0.0,0.0,5.570259194162675,3.473166214936137,5.109174402480234,6.901755662042253,10.23232953239581,0.0,0.0,5.385583658681316,3.6840667440101695,4.8830459248233185,6.740773317016431,6.594516104340363,6.978742597998908,17.59810466621965,16.381304269352675,0.0,0.0,9.55268322302972,7.363660963570205,6.347045043843215,9.234772008007274,10.804297449353605,0.0,0.0
1.4210854715202004e-14,3.6561746995390694,2.544930908243541,4.695464695335949,0.14873286521769244,0.02485320685925099,0.02593594225517521,7.0128880845021255,4.808975936379259,4.761680260627944,15.001958704554148,7.181115989223402,0.0,0.0,5.55061290771198,3.4730413451142166,5.109168518001873,6.9057084582484105,10.1531305983948,0.0,0.0,5.374942763960153,3.682877940476118,4.884201901747014,6.745059459474264,6.6133768004469555,6.968368152773038,17.609448367162926,16.37711663373592,0.0,0.0,9.562385451597954,7.357303437795646,6.350760675495419,9.218442047650663,10.797177609078535,0.0,0.0
1.4210854715202004e-14,3.6578236560622823,2.5382549494789193,4.683281531714491,0.1487553630872683,0.024887187436285044,0.025953304370302913,7.04401996408656,4.785973443837156,4.783192342104818,15.007299539084649,7.214887123543762,0.0,0.0,5.532705792041168,3.473119610849896,5.108100005142983,6.913616064614444,10.075131046063243,0.0,0.0,5.364257197593942,3.681715053122491,4.885071151532251,6.7498266448850694,6.632017184101058,6.958233361113242,17.62099032813692,16.373285109470256,0.0,0.0,9.572157177977296,7.351156604548029,6.354353431782978,9.201717810763226,10.790026882250428,0.0,0.0
1.4210854715202004e-14,3.6596517796185006,2.531514564798495,4.670926208364541,0.14877758525811516,0.024921619384672855,0.025970872067310947,7.075101956824011,4.762595099667246,4.804758812049608,15.011728426479477,7.249534276905354,0.0,0.0,5.5159581772320925,3.473624710061657,5.107930443955953,6.923794396581458,9.997092943100139,0.0,0.0,5.353574919719138,3.6804012193443016,4.885839205301434,6.754609809572488,6.650623123536058,6.948102409565161,17.63244586689469,16.369531227984094,0.0,0.0,9.582014166301322,7.345075160550369,6.3578966281654505,9.184694731364557,10.783179870299643,0.0,0.0
0.0,3.661913471646178,2.5249865036781425,4.658418033242777,0.14879975979529803,0.024956221896486944,0.025988477276326263,7.107260844485888,4.739252665880305,4.826315419764259,15.015315898814434,7.284986167455676,0.0,0.0,5.499582044369543,3.473997164223211,5.108431901767585,6.936864753029158,9.918862305113267,0.0,0.0,5.342784347639106,3.6794767490191793,4.886575122175168,6.759956016773318,6.669237492931505,6.9379647143830505,17.643896478561874,16.365725861212955,0.0,0.0,9.591991713302434,7.339122096287037,6.361417584016495,9.16727756447466,10.776538065781066,0.0,0.0
0.0,3.66460014791198,2.5188451249526698,4.645592741072129,0.14882147072112373,0.024990692993398705,0.026006076989376636,7.139633977616138,4.715342093869039,4.8483396957760325,15.017727340331865,7.321080720353269,0.0,0.0,5.483366730929242,3.4748748777703957,5.109617298404783,6.951451641440787,9.838623427090203,0.0,0.0,5.332265530288136,3.678933847837538,4.887022213243833,6.765309588589937,6.687771258840381,6.927897728178756,17.65553401854401,16.362122979881423,0.0,0.0,9.602156824289708,7.333250840527736,6.364957433173177,9.149412293579223,10.770041019704147,0.0,0.0
0.0,3.667514866235331,2.513136926765034,4.6328188502945915,0.1488432404417981,0.025025292454875493,0.026023629551643144,7.172225409154757,4.691448805022361,4.87077662987805,15.019319072202148,7.357826322502183,0.0,0.0,5.467353270253551,3.476315303392214,5.111760145993674,6.967422379911634,9.758590934981973,0.0,0.0,5.321927348875475,3.6786887483588986,4.887297096719521,6.77065389600048,6.706137551008973,6.917868169807281,17.667122867783515,16.358715233642364,0.0,0.0,9.612390091631418,7.32744822334686,6.368476003614222,9.131764854301146,10.763477578992118,0.0,0.0
1.4210854715202004e-14,3.6704706139353425,2.5067640732962286,4.62010997678296,0.14886444937969756,0.025060775825603777,0.026040954065008556,7.2035737621257185,4.666866287111654,4.892962540591625,15.019080451958114,7.395482188826441,0.0,0.0,5.452848512651704,3.477600973830239,5.116567675081652,6.983475271886393,9.678099541270289,0.0,0.0,5.3120791985756375,3.677304624676765,4.887524818470733,6.774832987904482,6.724030829865403,6.907791513412285,17.67787556620875,16.35571887441583,0.0,0.0,9.622388155865387,7.3216937395088,6.371922896530634,9.114293313606236,10.757174683272359,0.0,0.0
0.0,3.673444536186731,2.5006797722092275,4.6073964456589005,0.14888560507959323,0.025096957875101727,0.026058654842046863,7.2350830166538405,4.642353066429536,4.915306937019152,15.018343899940694,7.4341284829755025,0.0,0.0,5.43905094916434,3.4794238676692975,5.122124230714262,7.000828339924659,9.59483205300534,0.0,0.0,5.302245838494237,3.6759549295360703,4.887736121231801,6.779104833467642,6.741758646021096,6.897760062966178,17.68846718030608,16.35327210080618,0.0,0.0,9.632363067399377,7.316019907415991,6.375151549523521,9.096859409260933,10.750937207177573,0.0,0.0
0.0,3.6767466453178064,2.4954750199749975,4.594575473707313,0.14890687966352345,0.025133552696712535,0.02607642382233512,7.2673669836038135,4.618060377722059,4.937896097977731,15.016855665268691,7.4734390813973555,0.0,0.0,5.425476595786674,3.4818442551688724,5.127978921283108,7.019612926598263,9.509278088171113,0.0,0.0,5.292528682898896,3.675540316482902,4.8878083245731645,6.783935366092086,6.759311298061192,6.887870265884345,17.699140941214065,16.35095378947824,0.0,0.0,9.642415173866672,7.3105101139077995,6.3782813470799224,9.079681973432004,10.744655057259562,0.0,0.0
0.0,3.6803286256641554,2.490378393306182,4.581234500423855,0.14892747490009248,0.02516979843543831,0.02609455203489785,7.2996117287707785,4.593260726113541,4.960163084311687,15.013102738799052,7.511759259714036,0.0,0.0,5.412996719393626,3.484167066937632,5.134286324847952,7.042117365750352,9.421008707494035,0.0,0.0,5.282564662361505,3.675510943293643,4.887775719858895,6.789046806910017,6.776989117312362,6.877845290068793,17.710060376516648,16.348419254696946,0.0,0.0,9.652686212552924,7.305070550655408,6.38129490819161,9.061219881625416,10.738866059286554,0.0,0.0
0.0,3.6843108685333408,2.485702692477996,4.5678269045225735,0.1489478910209646,0.025205715824805894,0.02611314954768588,7.332187131920082,4.568692005562019,4.982379257464774,15.007696767455963,7.550112905483359,0.0,0.0,5.4015095729636,3.486515053432924,5.141140312008456,7.067746755276978,9.330486207107743,0.0,0.0,5.272508576825197,3.675908294328987,4.887827162120124,6.794505408260989,6.794549280287916,6.867766500392238,17.720945327601317,16.346050550883895,0.0,0.0,9.663000051570345,7.299662929418907,6.384185766084221,9.042160796111908,10.733207700476967,0.0,0.0
1.4210854715202004e-14,3.688521880170027,2.481250799824705,4.554414156602926,0.14896825064228444,0.025242702875911998,0.026132125738533726,7.364919518005136,4.544283558952853,5.00451945563661,15.001663215331197,7.588895141108385,0.0,0.0,5.391068268875785,3.488904008042742,5.148245054900752,7.095186214644744,9.238221695084807,0.0,0.0,5.262690791357622,3.676316881287587,4.8878043680156384,6.8002090512781255,6.811897810825551,6.857916245339384,17.731801761429445,16.344241952517912,0.0,0.0,9.673268640057557,7.294377680766279,6.38696439205134,9.023150485653066,10.727720118505996,0.0,0.0
0.0,3.6929768462619754,2.477243248643006,4.5409552200365475,0.1489880828670222,0.025278937773424458,0.026150808461051594,7.3975765366571045,4.519665339353915,5.026845009116654,14.99432169139274,7.63010626069367,0.0,0.0,5.38080912516554,3.4920457555609574,5.156479027856101,7.12246086476215,9.145494752146499,0.0,0.0,5.2531961813168015,3.676593239259083,4.887551424452839,6.805790624210023,6.8288323723214885,6.8481543051717475,17.742660361669664,16.342621371333337,0.0,0.0,9.68354409827369,7.289165350999903,6.389602483314635,9.004298452310072,10.72226066653888,0.0,0.0
0.0,3.697685944152127,2.47309130027014,4.527567025504139,0.14900789286063268,0.025316224811176277,0.0261700172312681,7.430330114894689,4.495314341680723,5.0489688995508395,14.986431258367771,7.671554311837737,0.0,0.0,5.371288351928231,3.494698363826143,5.165759553814671,7.151727768653274,9.052813086720436,0.0,0.0,5.2441977868670175,3.6765734962991923,4.887334950160321,6.8113945016963235,6.845669570712444,6.8384447913042745,17.753360393869308,16.341206153587134,0.0,0.0,9.693737625984744,7.284131498390884,6.39225501196608,8.98546692293504,10.716940630394285,0.0,0.0
0.0,3.702317261662182,2.468755174262719,4.51415995047363,0.14902752389896853,0.025353518106665647,0.02618945917747611,7.4625181746842975,4.4707989643953665,5.071046774961603,14.977220723894959,7.712443340371,0.0,0.0,5.36293021833594,3.497423382046181,5.176554485159064,7.182700160194304,8.960073948391566,0.0,0.0,5.235119028272348,3.676295551539046,4.887244508955585,6.816637445166091,6.86247631976896,6.828676681819836,17.763842890125492,16.33976775791379,0.0,0.0,9.703838882637369,7.279120799082482,6.394716339962925,8.966183006284712,10.712037884327916,0.0,0.0
0.0,3.7072727399455894,2.464426638151679,4.500786837917248,0.14904689622798875,0.025392113200741313,0.02620883983239757,7.493941302122784,4.445758223288838,5.093089836051878,14.965890278889127,7.752563252700313,0.0,0.0,5.3554703921037365,3.500254581831444,5.189014728481526,7.213189938570215,8.866708543055616,0.0,0.0,5.226233236442826,3.676002738747898,4.88690417646479,6.821169482830741,6.879033498590493,6.81891375867157,17.774151526962143,16.338254331837494,0.0,0.0,9.713844782014199,7.274199417762112,6.397134988195271,8.947000997618092,10.707347015054879,0.0,0.0
1.4210854715202004e-14,3.712238645202452,2.460531953911687,4.487216542878593,0.14906589030935477,0.025429779866404188,0.026228060850967842,7.525206987920305,4.420515772407112,5.114972038685477,14.951818257812269,7.791223025323407,0.0,0.0,5.348580509785166,3.503452345110183,5.202191627966727,7.245842412701434,8.774262146484363,0.0,0.0,5.216907806350278,3.6761127610897746,4.88637853516107,6.826122745067023,6.895247363294649,6.809091481959455,17.784404657318877,16.33707939740911,0.0,0.0,9.723940543789531,7.269268741524073,6.399061725631074,8.927140265880825,10.702808004172041,0.0,0.0
0.0,3.717130290381956,2.456989195406797,4.473610745803604,0.14908484751263257,0.025467616622054188,0.026247293220506382,7.556627061747294,4.395278528054817,5.137033283895042,14.936632727588105,7.829650262233531,0.0,0.0,5.342174546348276,3.507168683102707,5.216564695279789,7.279862058056052,8.68401591458179,0.0,0.0,5.207411442929028,3.676530370426313,4.8859104783641705,6.8312354572025304,6.911361734688381,6.799256130845955,17.794528067136806,16.33621362171281,0.0,0.0,9.734057789572413,7.264365344354713,6.4006593377815735,8.907153044610949,10.698457434891749,0.0,0.0
0.0,3.7221784177199373,2.45421664669481,4.460059814826172,0.14910376757801166,0.025503250265946534,0.026266747795541993,7.588128853569922,4.370640451989167,5.159109717153651,14.920144881346124,7.866487508313626,0.0,0.0,5.33680116758689,3.5115639660363716,5.23196102673263,7.316470145783124,8.598651074326169,0.0,0.0,5.198283644141151,3.6772871045491264,4.885526027453495,6.836714861525757,6.927442123608623,6.789545467032125,17.804578629862835,16.335618957398875,0.0,0.0,9.744222547927283,7.259484080968755,6.402203180271385,8.88730484476534,10.694171817073226,0.0,0.0
0.0,3.7274718348851428,2.4514113605570254,4.446638862156827,0.14912261381240205,0.025539740518434783,0.026286479010893565,7.6198610652250425,4.346226231385664,5.181150158571467,14.903335643884805,7.903596361170083,0.0,0.0,5.331808406802901,3.515719154203566,5.247878365722034,7.35468867615699,8.514244873533066,0.0,0.0,5.1894388751555,3.6778617054968357,4.885025022372582,6.842291696213512,6.9432926226083405,6.779864154389242,17.81453063683471,16.33504802375198,0.0,0.0,9.754313751355166,7.254735613946499,6.403753939361711,8.867603782655346,10.690080173175023,0.0,0.0
0.0,3.7329779741716482,2.4488774537655464,4.4332906778519545,0.14914113772418436,0.025576473646626106,0.026306156911965778,7.651512905057653,4.321816671317681,5.203150974765231,14.88502016273587,7.940625568858858,0.0,0.0,5.326702673679695,3.519992343474975,5.264592290270662,7.39350794058931,8.428001339867263,0.0,0.0,5.180393449512739,3.678611228757684,4.884336641176691,6.847883898940923,6.958950514001971,6.77009564546213,17.82461840240097,16.33423421930199,0.0,0.0,9.764437744154238,7.250029930481392,6.405191971267828,8.84760918672653,10.685855943623649,0.0,0.0
0.0,3.7384204516952027,2.446060885264207,4.420077058887383,0.14915941942719863,0.02561370104852308,0.0263260110166663,7.681831387971333,4.297223827442931,5.225055968715952,14.86474759932446,7.977307213183087,0.0,0.0,5.322405325591937,3.524046691960009,5.282775353101905,7.432783512909152,8.344683987227116,0.0,0.0,5.171261871771699,3.678892778443221,4.8834642336232745,6.852734317568586,6.97430832243121,6.760246712749485,17.83437342622617,16.3332576454031,0.0,0.0,9.774405168372324,7.245439282496956,6.4065460742072275,8.827479472291248,10.681905200858251,0.0,0.0
0.0,3.743590818081058,2.443279201544969,4.406866645069059,0.1491774528123213,0.02565116955229706,0.026345832290678387,7.7112535422889685,4.272660952223126,5.246587925435905,14.841907561404842,8.012988033965973,0.0,0.0,5.318851003836547,3.5279353517538947,5.302154075884932,7.474274527108491,8.261563407561795,0.0,0.0,5.161832228407227,3.6791652793184504,4.882774328370628,6.857420816641798,6.989482015141073,6.7503472122770605,17.84384967420347,16.33297643464274,0.0,0.0,9.784380267509851,7.240978327166887,6.407562723899029,8.80667058672385,10.678381988225272,0.0,0.0
0.0,3.748523619840195,2.4408196296648,4.393656295332808,0.14919543926275203,0.02568897733486389,0.02636586872374828,7.740155924116114,4.248400552615333,5.268110255579826,14.817618987712947,8.048137930599983,0.0,0.0,5.316000002460157,3.5318805808255025,5.32222288664028,7.5176937543004065,8.17939869697735,0.0,0.0,5.15217420399842,3.6798101662953546,4.882236911012687,6.862390737140409,7.0046059196639385,6.740512938807494,17.853372592183224,16.333232148229825,0.0,0.0,9.794303246710072,7.236584077296001,6.408211634443345,8.785522933674562,10.675081178523488,0.0,0.0
0.0,3.7533655344701295,2.4388211651613547,4.380406032914472,0.14921331240674018,0.02572533897896528,0.026385818627768395,7.76845379147966,4.224424068151687,5.2895079048426386,14.791500019201267,8.080589407591868,0.0,0.0,5.313943884798998,3.536177190626232,5.343117310891578,7.563079307172971,8.105061352004745,0.0,0.0,5.142662676661994,3.680686864735924,4.881521831611345,6.867555720099472,7.019433454274298,6.730717208634168,17.86282869376495,16.333638123960473,0.0,0.0,9.804199944856046,7.232227726936242,6.4085908963460465,8.76446600195153,10.671827335668082,0.0,0.0
0.0,3.7581803935325766,2.436845888812484,4.3672632231424044,0.14923116321686017,0.02576190875618857,0.02640564287096675,7.796121320793348,4.200413043352928,5.310957924985269,14.764386065404759,8.112652969542403,0.0,0.0,5.312301781864686,3.5407639027301325,5.364926411730744,7.608873270942278,8.03300273564498,0.0,0.0,5.133216890185319,3.681440229079333,4.880584902517651,6.872320951839326,7.034067046661044,6.720885369332595,17.872115331700332,16.333986065658195,0.0,0.0,9.814040261759404,7.22799057036882,6.408905204646667,8.74357886345282,10.668677083586621,0.0,0.0
0.0,3.7628343994396714,2.4349453903445917,4.354373735244882,0.14924893251139082,0.025798547170836322,0.026425684719270412,7.8225368063794765,4.176736126724113,5.332467135400253,14.736205314655562,8.14422001796952,0.0,0.0,5.311444666265633,3.545309010883751,5.387127840798438,7.655506119929208,7.962810409816284,0.0,0.0,5.123641168412313,3.6821612035726745,4.8794467421745,6.876718098432977,7.048541047171809,6.7110731231595215,17.881369671868995,16.33435711870686,0.0,0.0,9.823753181342209,7.223855848748995,6.409189766020211,8.722732560046657,10.66582882707752,0.0,0.0
0.0,3.7672503426425736,2.432939085413297,4.341668021934759,0.14926647972680207,0.02583607825198462,0.026445853604235573,7.847960373303971,4.153181776048059,5.353951043025931,14.70639698178072,8.17550029697965,0.0,0.0,5.310868978847687,3.5495069125114873,5.410017411632236,7.7028265392013155,7.891666016146132,0.0,0.0,5.11375601381481,3.6826351265053163,4.877950988285963,6.88099363918036,7.062461487685678,6.7014067753024955,17.890507547772483,16.334868966521448,0.0,0.0,9.833230227724739,7.219836684141224,6.40918325713407,8.702030436225327,10.663256626366982,0.0,0.0
0.0,3.7718595333550637,2.4310045432568193,4.329034020287713,0.14928388476164056,0.02587186631564861,0.026465914070188456,7.8733011056942965,4.130032869041609,5.375089061192324,14.674263432419668,8.206416638396702,0.0,0.0,5.310851403859822,3.55349238604979,5.434260828542866,7.7526189262834535,7.8234629903893325,0.0,0.0,5.104221831982256,3.682890743146411,4.876712837096723,6.885418217119483,7.07619231617791,6.691539363861163,17.899239283755573,16.335519603661346,0.0,0.0,9.842807199256814,7.215675884690138,6.409013189976906,8.680829240733567,10.660912589976393,0.0,0.0
0.0,3.7764508487529236,2.4293702827047,4.316332079869071,0.14930135334841826,0.02590630261008483,0.026485090092187868,7.897862515355672,4.107235110968583,5.395733007170941,14.639096867496091,8.237151756693025,0.0,0.0,5.311008596880766,3.557567985794473,5.459875578544272,7.80349683725283,7.758676004978152,0.0,0.0,5.094987025089315,3.683303271436475,4.875561593024813,6.890001780733499,7.089705751268649,6.681537022510288,17.907761126375803,16.336321598375473,0.0,0.0,9.85247664636793,7.211519187520458,6.408568267714492,8.659750407239597,10.658690234095294,0.0,0.0
0.0,3.780687592940929,2.427929013378323,4.303814637403867,0.14931872412429809,0.02594110290238182,0.026504316172609583,7.92116796228636,4.084736648866838,5.416539804543158,14.602253536153171,8.267648070414836,0.0,0.0,5.311908383651344,3.5618593213477494,5.485882789442768,7.854680882899167,7.694626328559679,0.0,0.0,5.085163371346717,3.6839288407268396,4.874131909035652,6.894458047580558,7.102960782243181,6.671539641771817,17.91638146302605,16.337079257760298,0.0,0.0,9.861953672565408,7.207461393262556,6.407745663932238,8.638598614134478,10.65650254118219,0.0,0.0
0.0,3.784713287156508,2.4265865958153445,4.2915138464541025,0.14933559628835494,0.025976385660105215,0.02652370847350429,7.943170266898059,4.062567123479687,5.437166602539179,14.563399356306372,8.297783375000138,0.0,0.0,5.313489396823694,3.5660942746073396,5.512308092528326,7.906990501548807,7.629686567481433,0.0,0.0,5.07495214341663,3.6844127558938067,4.872517355277699,6.898330641265357,7.116056242313543,6.661454258301954,17.924953416107236,16.337875648086104,0.0,0.0,9.871340827204111,7.20357259398434,6.406841924363804,8.616764819030054,10.654497468654677,0.0,0.0
0.0,3.7886667797659643,2.425501974547919,4.279412541559392,0.14935244048781754,0.026012303156972925,0.02654265842626148,7.963879034546399,4.040918747644032,5.4577067346674735,14.52236424380093,8.328008015249386,0.0,0.0,5.31526007744163,3.5700159076833256,5.539478241258382,7.960051925381135,7.564554745265084,0.0,0.0,5.06465684518064,3.6851470877590553,4.87060216182961,6.9025048214688685,7.128941095662907,6.65161525901346,17.933573606440184,16.338745768887954,0.0,0.0,9.880637668770964,7.1997660007079425,6.4058151279418345,8.59530279491138,10.653335235281624,0.0,0.0
0.0,3.792438318997484,2.4244197563134775,4.2674673506322405,0.14936931366711814,0.026049015684947573,0.02656181020925617,7.984004501402897,4.019797107088597,5.478219966780069,14.480107922838359,8.358138642356186,0.0,0.0,5.317578684427894,3.5735737744761424,5.567586682291316,8.014492734498447,7.499114687096351,0.0,0.0,5.054406020825071,3.685743815378672,4.868934640548203,6.906608869002749,7.141781551102654,6.64177075972523,17.942024247889997,16.34000435928172,0.0,0.0,9.889879916347361,7.196057408971223,6.404619058704313,8.573604556145574,10.652514306096903,0.0,0.0
0.0,3.7960100347305867,2.423150840708505,4.255645167157777,0.1493862588429439,0.026084943679487955,0.026580570948260124,8.003089180170575,3.998680567841544,5.498565648765799,14.43560965831056,8.38962094967382,0.0,0.0,5.320632750865861,3.577178289261315,5.596703477409849,8.069203133035328,7.43718258512957,0.0,0.0,5.04446068854962,3.6859421873635765,4.867570927256355,6.910354709275952,7.154428723858808,6.631848940102276,17.949973343577334,16.341503767016423,0.0,0.0,9.899001499041091,7.19233524907357,6.403060598926951,8.551857613121847,10.651985651018565,0.0,0.0
0.0,3.7994422260469918,2.4219655373481754,4.24400547870805,0.1494031503116516,0.026119874656618466,0.026598954191054028,8.021710412391396,3.977723564504301,5.5188874800508625,14.389779161014356,8.422848798483932,0.0,0.0,5.32392924456023,3.581133571552777,5.625943361827216,8.123713632463701,7.38113437169396,0.0,0.0,5.034560302462915,3.6859286792289745,4.866203857957633,6.913794746879185,7.1668045597229835,6.621883997287931,17.95769977505134,16.34331034569816,0.0,0.0,9.908018335310233,7.188620521487726,6.401211990790882,8.530141231836193,10.651472084169285,0.0,0.0
0.0,3.802917015871877,2.4209490778478036,4.232659850404329,0.14941990806027194,0.02615524672172163,0.02661734696865243,8.039731996798638,3.957639165684683,5.539003103820583,14.342149551560084,8.455780960878892,0.0,0.0,5.327260391842692,3.5847273638333723,5.655173224279123,8.178295655464423,7.32601498403544,0.0,0.0,5.02437707873212,3.6858748518247757,4.864501277799767,6.917115070700158,7.178825895733381,6.61174899419662,17.965573809346036,16.3451706312988,0.0,0.0,9.916999521664719,7.1849504911683075,6.399210690281344,8.508307156616748,10.651004320180572,0.0,0.0
1.4210854715202004e-14,3.806406355513434,2.4202536207005743,4.221703259792188,0.14943669836645873,0.02619161815781115,0.0266356859561217,8.056795236943826,3.938252972077842,5.559209200077064,14.293001891165144,8.488309672581023,0.0,0.0,5.331136767408234,3.5881816777587976,5.6849895484237924,8.233812691989694,7.2704152675382785,0.0,0.0,5.014145793928183,3.6860922177757973,4.86276660508372,6.920630281519452,7.190712902237931,6.601703410370202,17.973569658692032,16.346980726799114,0.0,0.0,9.925944528815837,7.181409517707777,6.397172918077751,8.486661239359693,10.650719293103899,0.0,0.0
0.0,3.8097018706430523,2.419697626101705,4.210937366316807,0.1494536391946854,0.02622857993463377,0.026653733202006265,8.072233456040685,3.9192804980113243,5.579199657319659,14.241508877717443,8.520663543251022,0.0,0.0,5.335259747774412,3.5914964563227576,5.715774033980797,8.289656884579543,7.213738003691699,0.0,0.0,5.004074186144126,3.686330723888214,4.860987497270401,6.9239468431591025,7.2023545654160515,6.591721565442795,17.981348568536035,16.34882079678677,0.0,0.0,9.934827957635523,7.177939057243659,6.395061563463521,8.465287149981657,10.650978602630264,0.0,0.0
0.0,3.8128897543051368,2.419497636171814,4.200320870245072,0.14947058344612169,0.02626478231788608,0.026671411247111924,8.086482023923999,3.9008224363128874,5.598759223735926,14.186461888578872,8.552687855294995,0.0,0.0,5.339590228298832,3.5949073670902907,5.747501106909287,8.346883297612102,7.155284874275451,0.0,0.0,4.99420121822513,3.6867726610395235,4.859390791103552,6.927470113190081,7.2138045201505765,6.581711193934589,17.988906001151964,16.350689254249286,0.0,0.0,9.943826880435855,7.174532116365928,6.392807564398191,8.443709673534226,10.651566422329685,0.0,0.0
0.0,3.8157307537231304,2.4191238276021876,4.189847816767077,0.14948721340268153,0.026299447436307476,0.02668886999780624,8.0996597237565,3.882697874433601,5.618106661951911,14.129279159294926,8.585377434496316,0.0,0.0,5.344270137733651,3.598097647272568,5.778574427434848,8.404288012181555,7.100105595764355,0.0,0.0,4.984506330076108,3.6867422299782637,4.857861525884987,6.930411303739549,7.224898596190004,6.571411617725123,17.9960128956802,16.35264528015979,0.0,0.0,9.95265488520371,7.171107988497251,6.390208471931232,8.421616771989443,10.652236888391874,0.0,0.0
0.0,3.818351866912134,2.4187944326087747,4.179580937608835,0.14950366796904044,0.026332039586093856,0.026706153269042462,8.1120739247608,3.865069669583255,5.637198158207537,14.069752092157447,8.619188300012079,0.0,0.0,5.349593992153046,3.6011809686231167,5.809554073705826,8.462587676415778,7.0492309253149,0.0,0.0,4.974628100685646,3.6865391909873733,4.85654974088997,6.933275518996918,7.235690733001478,6.560888410526924,18.002893032304172,16.35495332221062,0.0,0.0,9.961417217579267,7.167662134536094,6.387238823243635,8.398889153608222,10.65289997227659,0.0,0.0
1.4210854715202004e-14,3.8205423379489742,2.41828754063203,4.16966307814861,0.14951998683689022,0.02636496863893801,0.026723702503327326,8.122473742910746,3.8479929823565917,5.6564032492774174,14.009222414580606,8.653399658421673,0.0,0.0,5.355607853893681,3.603790839839095,5.840221030345158,8.520352054343432,7.00035924592788,0.0,0.0,4.964190452235242,3.6861317025521223,4.854748024142175,6.9355364382732905,7.24603843607574,6.550330633620476,18.009797466422015,16.357210725808045,0.0,0.0,9.969784779508055,7.16427369095307,6.3840781670053754,8.376325433115674,10.653940450219443,0.0,0.0
0.0,3.82243608946547,2.417745062278767,4.160174363817196,0.14953629938060697,0.02639855356420414,0.02674152614483117,8.13080582817147,3.831666085234213,5.676051079064504,13.947374621492417,8.687574295335372,0.0,0.0,5.362737337566999,3.6057365809300843,5.870903312542833,8.578808907101468,6.952748514789996,0.0,0.0,4.953659470702959,3.6856632504376403,4.85269517558885,6.937869289969548,7.25619025377746,6.540007702962981,18.016728124052175,16.359534848984392,0.0,0.0,9.977851250236853,7.160900964783241,6.380741789754224,8.35398617072576,10.655685416063275,0.0,0.0
0.0,3.8241487275879,2.417130503531255,4.150841854369401,0.1495525722598929,0.026431989451525775,0.026759359044686563,8.138169553433954,3.8155315303394572,5.695888182827976,13.885028010889293,8.721542155809436,0.0,0.0,5.370598618239671,3.6076765393279677,5.90201401899506,8.637730503775677,6.908888161232514,0.0,0.0,4.943362731747049,3.684987274275269,4.850575997489707,6.939921326813645,7.266189242935406,6.52983624232733,18.023424809675117,16.362048398472098,0.0,0.0,9.985770500526911,7.157540098137365,6.377321301121075,8.331800941657294,10.657879969775585,0.0,0.0
0.0,3.8256237860467674,2.4164135375162594,4.141485491729804,0.14956855297085145,0.02646538077201173,0.02677695003658726,8.145171242062524,3.799681007909479,5.715901553495317,13.821590485732207,8.754867029706498,0.0,0.0,5.379185722846572,3.6094351520074532,5.933389264100025,8.697724599300729,6.868746961329416,0.0,0.0,4.932989941404692,3.6840657076290717,4.848448866126737,6.942017549877171,7.276040826564173,6.519605749176683,18.03003776736344,16.364833085212403,0.0,0.0,9.993608122710533,7.154137438456369,6.373644503049759,8.309254125386445,10.660338434539694,0.0,0.0
0.0,3.827049664797308,2.415784908129798,4.132282165255514,0.14958472065134693,0.026499108392754427,0.02679403565813664,8.151390965659772,3.7842184898874995,5.735308192562457,13.755284921053363,8.787321082624393,0.0,0.0,5.387271717550682,3.6113209950570866,5.964060757018522,8.756118222934422,6.8290523043421185,0.0,0.0,4.9226624755940795,3.6830597792849504,4.846378591613356,6.943658392076058,7.28562273611873,6.509233302212529,18.036402402047177,16.36771772345269,0.0,0.0,10.001425439120354,7.150839321208057,6.369714711959334,8.286964225167841,10.662818027801356,0.0,0.0
1.4210854715202004e-14,3.828323482212048,2.415515714975829,4.123389608229255,0.14960101040079313,0.026532313291645813,0.026810814154571063,8.156818987937719,3.769718746208367,5.754248287408711,13.685193056155814,8.818039376995424,0.0,0.0,5.39550426262531,3.6130566715494616,5.995207558944081,8.81593388183168,6.790809380107139,0.0,0.0,4.91209692295939,3.6822960792100705,4.84465178334907,6.9455529941518925,7.295039201399114,6.498672709481951,18.04278200954828,16.370936875037145,0.0,0.0,10.009405150629581,7.147665047774752,6.365585455837547,8.264164922839248,10.665294004245125,0.0,0.0
0.0,3.829314784781629,2.41563651628315,4.114632535361168,0.14961776173320293,0.026564726073569776,0.02682741252747342,8.160145785159916,3.7559709509132224,5.772908835005095,13.61194403906455,8.847316996877462,0.0,0.0,5.403806696539896,3.6147043086191872,6.027145730610023,8.876341378839074,6.754788105743137,0.0,0.0,4.9018158944670605,3.6818107408646097,4.843049584262797,6.947392774855843,7.304316791505022,6.488067765871376,18.049015973520767,16.37418890612256,0.0,0.0,10.017385562719126,7.144471261972179,6.361465467098647,8.241588414960912,10.668035467914255,0.0,0.0
0.0,3.8297065872014513,2.4158269912143533,4.106180404769493,0.14963515250295648,0.026596353403726673,0.026843884725224157,8.160342108671824,3.7426531736467292,5.791342094367009,13.535244838903287,8.875360206041123,0.0,0.0,5.412340797557493,3.616121789575581,6.059262162389952,8.93593511623983,6.719578589841806,0.0,0.0,4.891860336270666,3.6813182220353706,4.841247690983546,6.94870115018434,7.313231403784073,6.477384965233189,18.054810334856917,16.377383819576995,0.0,0.0,10.025272807623079,7.1413325384742565,6.357276085843178,8.219555029581441,10.671080790805457,0.0,0.0
0.0,3.8297203471171226,2.4160271717313013,4.098088519893988,0.14965189066269077,0.02662849325528395,0.02686017239121574,8.15944147413856,3.7300625791416695,5.810084525215228,13.456531381902044,8.899802321061241,0.0,0.0,5.421140162521124,3.617292338487913,6.090231867599058,8.995604781834704,6.690788297625333,0.0,0.0,4.881404917788303,3.68068877776952,4.839384996392595,6.9499709202887185,7.322064315532661,6.466948869104898,18.060553432494427,16.380577874966917,0.0,0.0,10.03275564971486,7.138159686204454,6.352773636460294,8.197005159703469,10.674993515887477,0.0,0.0
0.0,3.8296841556924393,2.4159578003091626,4.090184663026766,0.1496684739221047,0.02666076433301888,0.02687664583744859,8.157991181067166,3.717855919811297,5.828737633584376,13.37683053037344,8.923712984679712,0.0,0.0,5.430235701540314,3.6181595619537483,6.120065924478508,9.055157384185168,6.662927454741875,0.0,0.0,4.87072981944943,3.679729307037952,4.8369667206323115,6.950999937292258,7.3304872590542205,6.456371675253657,18.066042079318024,16.383646628231,0.0,0.0,10.040058299991266,7.134937135499694,6.3480831416243735,8.17433336029543,10.679275594273372,0.0,0.0
1.4210854715202004e-14,3.8292767485571257,2.4156938392344953,4.0825447592875275,0.14968538166743736,0.026693899037971577,0.02689309429121151,8.155282898093546,3.70583641823587,5.847605633862164,13.295780281462305,8.948112992832906,0.0,0.0,5.439884611526591,3.6188458962669987,6.1497355429849,9.114872558534595,6.633795405210441,0.0,0.0,4.86010080675272,3.678497410229576,4.834662871971955,6.951785656188255,7.338747017453965,6.445871247908369,18.0712474866723,16.386883402541965,0.0,0.0,10.04727319643598,7.131811733620304,6.343215155725025,8.151814834739195,10.68383052944925,0.0,0.0
0.0,3.8286952952701196,2.4154809513141986,4.075153984198394,0.1497021280824002,0.026727791855879368,0.02690955655580717,8.15218590332643,3.694495260697704,5.866518914120521,13.21309400811885,8.971406855894216,0.0,0.0,5.449936728035227,3.6192587385043926,6.179717930793671,9.175781988402148,6.6047770295981065,0.0,0.0,4.849035155524811,3.6772792848252447,4.832449842053823,6.952832267629784,7.346826760227092,6.435296810846825,18.07658244595841,16.39063454574949,0.0,0.0,10.054496259640224,7.128760647802336,6.338176540888648,8.129023472706576,10.68852728519831,0.0,0.0
0.0,3.827913074926563,2.4156070878106783,4.068048702182213,0.14971978771597855,0.0267604073820108,0.026926043374100303,8.14642748585279,3.6838146506092664,5.884884682099578,13.12587371229788,8.991282170578517,0.0,0.0,5.45981199111151,3.6196343688466555,6.21009306181544,9.236095214922152,6.575088839552205,0.0,0.0,4.838356221328399,3.676297634067215,4.830444857383084,6.953993317709346,7.354792638256109,6.424703330730996,18.081904245287987,16.394678212334615,0.0,0.0,10.061720033967838,7.125675669717495,6.333142822741071,8.106942704991415,10.693328828140903,0.0,0.0
1.4210854715202004e-14,3.826867801580157,2.4158955212871636,4.061151490488128,0.14973819894131146,0.026792061009733636,0.026942437802737907,8.138481710526742,3.6736160786746264,5.902799497004843,13.034823721192502,9.009785136368935,0.0,0.0,5.469403967445687,3.6200939319349343,6.2396642566193705,9.295342518302775,6.544480138972827,0.0,0.0,4.828086099455241,3.675300162211126,4.828549316448581,6.954867501554694,7.362542064376828,6.414000410569976,18.086883551259813,16.398739800550132,0.0,0.0,10.068869331227702,7.122578076853117,6.328009367697708,8.085388841008092,10.698198562564574,0.0,0.0
0.0,3.8259124255844013,2.416298538640405,4.0543078415204725,0.14975667892334432,0.026823833855182225,0.026958788248106186,8.13030403681192,3.663759264525243,5.920721997675247,12.943848444979762,9.027928338245387,0.0,0.0,5.478898055718874,3.6207113870923564,6.267829341564873,9.353870158520802,6.517115746489278,0.0,0.0,4.818263968345663,3.6741820182851623,4.826451163209927,6.955298764798165,7.37019050857352,6.403257411757544,18.091549976404657,16.40285154872767,0.0,0.0,10.076029370361685,7.119444457606371,6.32284607769058,8.064021758487863,10.703170100208705,0.0,0.0
1.4210854715202004e-14,3.8245622214522275,2.4160756422641274,4.047872645196643,0.14977496343031033,0.026855265003937437,0.026975288579751955,8.121211121084535,3.6542217303355566,5.9383057196302556,12.852753983087007,9.046121653981265,0.0,0.0,5.488776017902687,3.62057792618988,6.293456632553026,9.410885208448967,6.4973032216239215,0.0,0.0,4.808119027555066,3.6724739282382544,4.823917707544834,6.954905672997341,7.377420540790252,6.392365102639954,18.09593422494382,16.40694327759214,0.0,0.0,10.082881798577649,7.116378033823608,6.317487914415196,8.042556953272909,10.70838148088115,0.0,0.0
0.0,3.8226939403953706,2.415902634617986,4.041704029564508,0.14979328679037804,0.02688594811400617,0.02699172723340381,8.110211936442528,3.6451465964843917,5.956183266141683,12.759568084354905,9.064091552466923,0.0,0.0,5.499193692640261,3.6202300014029034,6.319289072270081,9.46925305843681,6.4784469854979525,0.0,0.0,4.797868719796624,3.670933673871486,4.8213808868471,6.954717534762423,7.384350929602734,6.38142302357905,18.100263717012965,16.411132450003926,0.0,0.0,10.089627926509808,7.113349253277941,6.31207557580103,8.021042899490862,10.71392718137239,0.0,0.0
1.4210854715202004e-14,3.8202188323498456,2.4158304997500686,4.035917046824973,0.14981147706340997,0.02691690857184092,0.02700810817805243,8.097260465066345,3.6367256549955904,5.9745809482012024,12.663759443466391,9.08164171937242,0.0,0.0,5.51028749957313,3.619591693211893,6.345544991887463,9.529118457307847,6.458691639752348,0.0,0.0,4.787368814701882,3.6695673159575515,4.818984666169349,6.9548076610997915,7.391059239047256,6.370604095060434,18.104539855436386,16.415302564977143,0.0,0.0,10.096085290809006,7.110294266467087,6.306502274257118,7.999251045086282,10.719944643900082,0.0,0.0
1.4210854715202004e-14,3.8174161421552197,2.4158494770819363,4.030397287090312,0.1498293780703826,0.026949336923638628,0.02702448810813371,8.08323802418325,3.628907574143881,5.993950193752752,12.56642612434233,9.09886746281691,0.0,0.0,5.521637221684809,3.6190970194846264,6.371812425469122,9.589531031509829,6.439286609767495,0.0,0.0,4.776673811240595,3.6682246835293975,4.816354108372098,6.955264551187742,7.3977183786804295,6.360232258620352,18.108725382439268,16.419385056023888,0.0,0.0,10.102189866471043,7.107076759073376,6.300728533995301,7.977664693273052,10.726941098960332,0.0,0.0
1.4210854715202004e-14,3.8145396891837744,2.416092961266357,4.024947539527718,0.14984737292386924,0.026980855839972333,0.027040861864007847,8.068047663421549,3.621673809207249,6.013406882230496,12.468521711669185,9.116660782728685,0.0,0.0,5.533022600603986,3.6186319098663713,6.397222752963784,9.649533330054537,6.420062523153955,0.0,0.0,4.766474946570694,3.666823255379789,4.813532296706327,6.95520959475451,7.404261619303857,6.3496591929955075,18.11259094214687,16.423531667752773,0.0,0.0,10.108235255001413,7.103690799659438,6.29493266167913,7.955863324338213,10.734087089305852,0.0,0.0
1.4210854715202004e-14,3.8115808145458976,2.4166158798166326,4.019906175321556,0.14986492219407366,0.02701191345601149,0.02705691150277539,8.052283178047858,3.615381903080141,6.032719148498776,12.370209821907737,9.135324646659624,0.0,0.0,5.544263974257153,3.617842923184625,6.421208621500874,9.709155855297317,6.402899944841342,0.0,0.0,4.756256542568659,3.665490108524081,4.810832041140416,6.9546557183734725,7.410620791972961,6.338953915769448,18.116240138810912,16.427927573878076,0.0,0.0,10.114144272168437,7.100378212732169,6.28909475137699,7.933612868623942,10.741331798101786,0.0,0.0
1.4210854715202004e-14,3.8086397627649835,2.4171950732519276,4.015171047180418,0.14988283118437784,0.027043035108933095,0.027072876132402755,8.035494380818486,3.6095357260936862,6.05148499718834,12.270612563974643,9.155374667933875,0.0,0.0,5.5552351136724925,3.6169281215276414,6.444590088989004,9.768042861692102,6.38826632544589,0.0,0.0,4.74638686134443,3.6640939172861993,4.808324332080723,6.9540723449159785,7.4168993773316965,6.328234037559476,18.119811154445056,16.432275490849012,0.0,0.0,10.120137385468876,7.097091092628541,6.28330977339128,7.911764007444425,10.748660612704985,0.0,0.0
1.4210854715202004e-14,3.805474543954779,2.417480724144626,4.010795421210504,0.14990087556475185,0.027075414256703494,0.027088699271904205,8.017470415290322,3.6043154383366782,6.069209274315849,12.168854990011383,9.17485667361903,0.0,0.0,5.56643954967976,3.615142553462896,6.467434145475407,9.826894694739053,6.374261721217185,0.0,0.0,4.736518794883118,3.6624327079467256,4.8059721978445085,6.953164125122914,7.4229918555682435,6.317432085991419,18.1232461835727,16.436866998926234,0.0,0.0,10.126165823222909,7.093990262441648,6.277538999734467,7.889960148823859,10.756010602060257,0.0,0.0
1.4210854715202004e-14,3.8022230657085325,2.417502097767472,4.00678831046825,0.1499193391077784,0.027108464182987718,0.027104477016915603,7.998188768117599,3.599602481703445,6.086127071391667,12.063623356696594,9.194036215414991,0.0,0.0,5.578009221201857,3.6126806646118976,6.489911306695788,9.885794584392777,6.360292776699204,0.0,0.0,4.726744463688561,3.660529363043816,4.803886094558006,6.952248679525423,7.42885102479922,6.30654669992047,18.12658031387398,16.441736546261648,0.0,0.0,10.132202704766257,7.091099400243975,6.271723539772106,7.86834797347667,10.763350754026824,0.0,0.0
1.4210854715202004e-14,3.79895815537181,2.41740590483474,4.00304593378621,0.1499385565932787,0.027141065456202842,0.027120007775501425,7.97723407955582,3.5954358458455142,6.102610680143015,11.954125761026253,9.213965598921826,0.0,0.0,5.58961347508269,3.6098331095852547,6.510925412763623,9.943837838429133,6.346310798525307,0.0,0.0,4.7175047300595265,3.6585435182259123,4.801888639816569,6.951440340120105,7.434309862964129,6.295565805212139,18.129616953885524,16.446818314293797,0.0,0.0,10.13815492779735,7.0882980496673635,6.265859241946852,7.847257416581248,10.770882415544783,0.0,0.0
1.4210854715202004e-14,3.7954510283686904,2.4174803111045984,3.9995930132178468,0.14995714550455397,0.027172539614037827,0.027135653037457082,7.954434106716433,3.591813895187711,6.119318921598405,11.84276879620702,9.236163702629383,0.0,0.0,5.6007877928206975,3.6068678924811466,6.528937438374507,9.999962043534016,6.331805976355978,0.0,0.0,4.708687633693068,3.656623231277934,4.80016893822348,6.950116869421618,7.439437908894013,6.284506704529318,18.132186163781405,16.452067276507787,0.0,0.0,10.143760296657652,7.0854228685748035,6.25993976725312,7.82604281627122,10.778549654337386,0.0,0.0
1.4210854715202004e-14,3.7917981525793505,2.4178486098825873,3.9962268436317605,0.14997580611978184,0.02720446316354507,0.027151295233321562,7.930512961497684,3.5885490486053424,6.137352094956223,11.729484857956429,9.259073278031128,0.0,0.0,5.6122982140541815,3.604571998910042,6.547165524820982,10.056928156506048,6.316513630381585,0.0,0.0,4.700179620425289,3.6549273611043374,4.798360264269852,6.949591157546258,7.444560063190698,6.273774230383319,18.13471003886978,16.45727333809458,0.0,0.0,10.149181493628197,7.082242430715089,6.254116680832163,7.805094940476245,10.787454886197796,0.0,0.0
0.0,3.7881614377376103,2.4186058729765194,3.993074932380979,0.14999462543084038,0.027237712049423966,0.027166393876519753,7.905897045130336,3.5858917923657088,6.1559596164088255,11.616682407281628,9.282853763547752,0.0,0.0,5.6236946037144335,3.602475743667733,6.564387880864793,10.113882477524925,6.298011182209307,0.0,0.0,4.692027434684757,3.653525869808197,4.796690779096403,6.948894133389467,7.449719750019745,6.263210777922188,18.137003550368572,16.462291076132008,0.0,0.0,10.154417592814838,7.078903175487133,6.248102542871762,7.783838763698957,10.79663556628458,0.0,0.0
1.4210854715202004e-14,3.784426305278841,2.419549434917796,3.990263374492153,0.15001343748046483,0.027271917208254122,0.027181061507315914,7.88071430277357,3.5839438752978032,6.174829875424273,11.50321331671701,9.306249019684165,0.0,0.0,5.635247261169085,3.6002490011421,6.581625246708937,10.171436741188627,6.280401539934344,0.0,0.0,4.683866350785593,3.652300324652296,4.795191369391046,6.948219517876221,7.454853863792834,6.252793944384418,18.139265720182582,16.467256069472732,0.0,0.0,10.159494004795018,7.0755527053797005,6.2419700043968565,7.7624653147830776,10.806149892256116,0.0,0.0
1.4210854715202004e-14,3.780646612275484,2.4203691823350177,3.9877637244065434,0.15003222739652358,0.027304300613142166,0.02719562207619591,7.854776738745046,3.5827664954447473,6.192803848485387,11.389366542683716,9.32925100823868,0.0,0.0,5.646592621575533,3.597470273041178,6.597833906037293,10.227973939498026,6.266447285930717,0.0,0.0,4.675950937642641,3.6509509313177917,4.793679367468324,6.947178564460989,7.459744973415019,6.242284973519277,18.141391339509287,16.47268446295981,0.0,0.0,10.164455241697482,7.072256437536096,6.235889965762485,7.741380812645934,10.815576048654052,0.0,0.0
1.4210854715202004e-14,3.77696929206021,2.420793011751,3.985392068263652,0.15005094918980846,0.027336229359110006,0.027210338572925902,7.828133922912827,3.582006976506971,6.208686782740461,11.275024450618819,9.351516411158082,0.0,0.0,5.657909634659152,3.594037100817786,6.614298098248471,10.284380976689253,6.251083420491995,0.0,0.0,4.668383163819988,3.649316855224526,4.79174478189753,6.9460311140111,7.464505961493668,6.231709889191258,18.143490164853812,16.477812008200054,0.0,0.0,10.169439925751714,7.068977209739486,6.230004262454746,7.720750150921365,10.825182297360113,0.0,0.0
1.4210854715202004e-14,3.773684163564463,2.420949872084727,3.983163463025208,0.150070405369116,0.02736791171835718,0.027225267200826093,7.800364205668147,3.5813586384407103,6.223771495158238,11.156751879242828,9.374563390300906,0.0,0.0,5.669703123461184,3.5903073208387353,6.630552328739011,10.34053774704541,6.237195626055424,0.0,0.0,4.661614731534533,3.6472578282504173,4.790008553558766,6.945137907542107,7.469080319099336,6.221064288506955,18.145510828654807,16.483064583991908,0.0,0.0,10.17451749629312,7.065734689263463,6.224306401491784,7.700878792149593,10.83480846744895,0.0,0.0
0.0,3.7708320552697594,2.421073478616321,3.981045490937597,0.15009049527992538,0.027398544698578043,0.027240220430158366,7.771716170555414,3.5807989997693648,6.238656092613259,11.035601971453582,9.39779218532426,0.0,0.0,5.6819869499363564,3.586572016136562,6.646293378873915,10.396118835486055,6.2268280051027585,0.0,0.0,4.655660391440981,3.6449751183777557,4.788528022782625,6.944432414255971,7.473554142768184,6.210353332404866,18.147374903256424,16.488718090399633,0.0,0.0,10.179730558364817,7.0624590512070275,6.218765115092174,7.681538391987062,10.84440791024806,0.0,0.0
1.4210854715202004e-14,3.7681075249404254,2.4215234537354218,3.9790747488744582,0.15011060470442092,0.027429706504064087,0.027255027417780648,7.742748290886356,3.5807076602482315,6.2536228399056455,10.913325628948506,9.420340903016973,0.0,0.0,5.6943239635962035,3.5826878783294074,6.658795835264018,10.450035069160052,6.218251396375058,0.0,0.0,4.650316960382747,3.6429175310212027,4.787430382485207,6.943138095920757,7.47777555017626,6.199541160916203,18.148596781463432,16.494441025759773,0.0,0.0,10.184864301901227,7.05928884442204,6.213188139385527,7.6619611103019025,10.853662745282701,0.0,0.0
1.4210854715202004e-14,3.7655977357299193,2.4220859792639673,3.977158858624448,0.15013029203822617,0.027463388282854304,0.02726915700669809,7.713339755368287,3.58080159141578,6.269341599132295,10.789995781295417,9.441657234353647,0.0,0.0,5.706567384531652,3.5786048805477484,6.667988743449072,10.502350368752834,6.211937431564104,0.0,0.0,4.6454962413634675,3.641097526358433,4.786608255433296,6.941967018844373,7.482089607081277,6.188849442337078,18.14952420179586,16.500484037059213,0.0,0.0,10.189758326860266,7.055991536282378,6.207783475033255,7.642157924695161,10.86348373926618,0.0,0.0
1.4210854715202004e-14,3.7629533094538616,2.4227232354538355,3.9756016512380192,0.1501496546590164,0.027497337405442433,0.027282884540664843,7.683126294911642,3.581696073738989,6.284889371328435,10.665816826626584,9.461890741229388,0.0,0.0,5.718830558086593,3.574014230246741,6.676693971314656,10.554513333895512,6.2087739272510705,0.0,0.0,4.640652592662018,3.639532489656431,4.785979782603369,6.9408081042831515,7.486066988793643,6.1781168801807755,18.150450379786992,16.506501255986166,0.0,0.0,10.194429502317593,7.052791907289691,6.202517209934396,7.622054995385461,10.873715589232551,0.0,0.0
1.4210854715202004e-14,3.7602015731615426,2.423336286950027,3.9743359478283877,0.1501687182630649,0.027530599193058686,0.027296687984306678,7.6520272074396205,3.58319183397308,6.300469967266889,10.541720658199813,9.480929288513144,0.0,0.0,5.731064935052161,3.5692327235809884,6.685199179265922,10.605929913418995,6.209790211241083,0.0,0.0,4.635806819051489,3.6380528532342793,4.785170229935949,6.939641806534861,7.489858138141633,6.16739623726095,18.151406770443273,16.512216627733714,0.0,0.0,10.198950180691785,7.04961910393824,6.197431207811052,7.6021858836579,10.884594791039667,0.0,0.0
0.0,3.7574257569791225,2.4241471585535144,3.973207448132514,0.15018796335877357,0.027564023650688135,0.027310332782477974,7.620522753844539,3.5849869477240284,6.316268821741965,10.417282583354433,9.500159154506903,0.0,0.0,5.743418658279109,3.564875677593239,6.69398652882348,10.657937288819145,6.2115833461553205,0.0,0.0,4.6311104081817875,3.636783953936481,4.784268004460356,6.938744169119893,7.4936377166566,6.156823135314902,18.152344810490472,16.517742025555414,0.0,0.0,10.203543209209148,7.046346078720067,6.192295316724429,7.582485652171018,10.895688012172482,0.0,0.0
1.4210854715202004e-14,3.7547365526282728,2.4253144057208145,3.9721540449938813,0.1502072488773023,0.027596057379737603,0.027324263285917534,7.58863335959763,3.5870519324482344,6.332488873460714,10.29363955896789,9.517133037102074,0.0,0.0,5.755815613563517,3.5609415905609505,6.701654935781972,10.708570980280154,6.214957022089931,0.0,0.0,4.626852943754555,3.6357276239665883,4.783418305859331,6.937453646943922,7.497466139024421,6.146302894899746,18.15304988072759,16.52393473591031,0.0,0.0,10.208166870534887,7.04293111653964,6.187147579149282,7.562979887520086,10.906754772386519,0.0,0.0
1.4210854715202004e-14,3.7520905446102377,2.4267098248731234,3.971099983625522,0.15022686391266016,0.027629974609206097,0.027337721452427785,7.556342165632939,3.5890688085707123,6.349369891252021,10.17127791776324,9.533341940959227,0.0,0.0,5.76769358081395,3.55751139864501,6.707249206445808,10.758338206959738,6.217997104503108,0.0,0.0,4.622981742445819,3.6350004738449844,4.782536042216801,6.936099880373978,7.501390151093081,6.136116530905741,18.153398976520105,16.529807499015064,0.0,0.0,10.212565419704603,7.039338215999901,6.181808245779114,7.5436011541299255,10.917998613366981,0.0,0.0
1.4210854715202004e-14,3.7496212341273787,2.4280208944370925,3.9701478747456833,0.15024708347344146,0.027663940087255635,0.027351385044057853,7.522750666264564,3.5912872438966925,6.366081824655311,10.045960579306259,9.548762391669564,0.0,0.0,5.7796044516966845,3.5536385949712206,6.711762443987165,10.807744434659849,6.2216978248752,0.0,0.0,4.619852006482823,3.6341509344634413,4.7820278261392275,6.934917125667577,7.504910263671936,6.125844229186461,18.15357518459145,16.53585446364684,0.0,0.0,10.216781566974507,7.035789770080745,6.176554221555931,7.524650098946106,10.929141549299498,0.0,0.0
1.4210854715202004e-14,3.7474586654762514,2.429303514684322,3.969423783362202,0.15026767687682063,0.027698002248036334,0.027365271984596876,7.487887543129253,3.5938402953876007,6.381923703585953,9.915935563888512,9.564428772613859,0.0,0.0,5.791236578252564,3.5493155032865586,6.714986802574582,10.856422253420153,6.2273106477797455,0.0,0.0,4.617530854638276,3.6331627930510093,4.781960245319052,6.93411671711086,7.508129414636254,6.115487773649887,18.15362448998544,16.541796665616936,0.0,0.0,10.22108051793132,7.0323164987350575,6.171433384921726,7.506261637259787,10.940083859427421,0.0,0.0
0.0,3.745476022083249,2.430633612643797,3.968862040006961,0.15028775709145764,0.02773285198867673,0.027378985085273057,7.452647942452643,3.596855101673545,6.396384586610528,9.784483297992926,9.580814820151536,0.0,0.0,5.802938760194662,3.5444821041235106,6.716417075887566,10.904679360087654,6.234344185339541,0.0,0.0,4.6156583152782655,3.6323683965285367,4.78162962725556,6.9331292941979035,7.511205506699352,6.104930828554915,18.15338395611621,16.54750306448252,0.0,0.0,10.22564021899444,7.02887648576737,6.166590951673418,7.487655275825981,10.950858478726953,0.0,0.0
1.4210854715202004e-14,3.7438389569508868,2.431881400952377,3.968412898420123,0.1503075116440234,0.027768298006063893,0.027393136138290856,7.417249055073589,3.5999739390527057,6.410103555210233,9.652748882598491,9.598188419761394,0.0,0.0,5.814386044265744,3.539245061302431,6.715077704861063,10.950929543695109,6.243627366228704,0.0,0.0,4.614421357797154,3.6314287868800244,4.7813413580565856,6.931803175421692,7.514288679558409,6.0942730411122525,18.15282201748494,16.553065965667525,0.0,0.0,10.230307078200989,7.025539779797605,6.162020644644826,7.469359283067743,10.961482559332088,0.0,0.0
1.4210854715202004e-14,3.7421216723863346,2.4325300186899503,3.968012342014605,0.15032724396158798,0.027803972659637338,0.027407612402943978,7.380730144355959,3.603314857430089,6.422473165515342,9.523225576037916,9.615554637858226,0.0,0.0,5.825787705216322,3.532921692330472,6.711503747043928,10.995457755311731,6.2523076827110895,0.0,0.0,4.6136578279980665,3.630055353361443,4.780932198221287,6.929697955523333,7.517178406945338,6.083595629759481,18.152053746975835,16.559040308347466,0.0,0.0,10.234426093602812,7.0223012565299605,6.15766437035684,7.451593555710822,10.971702396597253,0.0,0.0
0.0,3.740543298021445,2.4332743811274917,3.9675921682937205,0.15034725083491887,0.027841070403481362,0.0274218269426408,7.343726359482938,3.6068017710637292,6.435189961946477,9.393231732741002,9.632673093855777,0.0,0.0,5.837975307100994,3.52686766248381,6.7081443140499575,11.040449791758798,6.2614495804292325,0.0,0.0,4.613175732665756,3.62889901480157,4.780430102611672,6.92817866744081,7.520177969823069,6.073168075845915,18.151403914062787,16.565418118047575,0.0,0.0,10.238513222088356,7.018919576689477,6.1537205949596165,7.4340845590922555,10.98294906278003,0.0,0.0
1.4210854715202004e-14,3.739055588700075,2.434280970805144,3.967281631003254,0.15036731291618183,0.027878752542620285,0.027435845021678538,7.306454163337922,3.610581020086804,6.4478339816785954,9.262410913752428,9.649531473975323,0.0,0.0,5.850458838535216,3.521204660887569,6.705390646679633,11.085995526237326,6.271692889785358,0.0,0.0,4.612893562566011,3.6279905343834287,4.779962022132023,6.9270409593046836,7.523199638225147,6.062882377819266,18.15086091414034,16.571855490491256,0.0,0.0,10.242739609074274,7.015459862651221,6.149994435299199,7.416780486693343,10.994687452891542,0.0,0.0
0.0,3.7373971119546106,2.435722465007526,3.9671018209180744,0.15038767308431317,0.027914760146778572,0.027449708212522576,7.268031073152209,3.6147665942915235,6.4610201404887775,9.129376168010305,9.666865118255357,0.0,0.0,5.863257800763943,3.516281300074597,6.70334086242282,11.13232619964493,6.281702763967365,0.0,0.0,4.612788153182156,3.627531455080274,4.779585544701097,6.926798596558196,7.525953832956089,6.052739057036297,18.150297256151784,16.57800169264368,0.0,0.0,10.247078384738174,7.011774432524327,6.1462016259830845,7.399341788238311,11.006657821995441,0.0,0.0
1.4210854715202004e-14,3.7358642919128324,2.4373047546376068,3.966989311148201,0.1504080616367925,0.027951240501330864,0.0274630099549202,7.2295873220073945,3.6187428065955847,6.474119986264615,8.999748381182698,9.684909779215293,0.0,0.0,5.875622003269715,3.5118159941878226,6.700109612387494,11.177936694057449,6.290303192714934,0.0,0.0,4.613022659595147,3.627376661980632,4.779033013391965,6.926283247731858,7.528770220492255,6.04265388343205,18.149529895945278,16.58385306337617,0.0,0.0,10.251441201026823,7.008014664843604,6.142471650089245,7.381995103864739,11.018620629207051,0.0,0.0
0.0,3.734467607169676,2.4391328975323496,3.9669675539558322,0.15042834559117846,0.027986900597965634,0.027475739492139828,7.190952842043333,3.622728551573273,6.487554597478491,8.873052503703935,9.704010627922218,0.0,0.0,5.887708666110681,3.5076893501644064,6.695133240060362,11.22177823486617,6.301127903886808,0.0,0.0,4.613544456673643,3.6275806430136712,4.778553473935825,6.9253595248215944,7.531599366320118,6.032506178986278,18.148548130139968,16.59006382311695,0.0,0.0,10.255823707768036,7.00415943473334,6.138846529026328,7.364686506106367,11.030647836179051,0.0,0.0
0.0,3.7331429894116197,2.4415148534389015,3.9669582016038767,0.15044752890254523,0.028023702569121876,0.02748832414298427,7.15242086050392,3.6273721546163595,6.50117953858904,8.74922781125011,9.724119397604653,0.0,0.0,5.89820022815188,3.502805912629411,6.68423463655535,11.261499445902208,6.3128207365413465,0.0,0.0,4.614513041085878,3.628620514340919,4.778399850526516,6.923305583906141,7.534182389067442,6.022299900961457,18.146856967242382,16.596310039922532,0.0,0.0,10.259764351779937,7.000431712535288,6.135132401551144,7.347142466953393,11.042262069139321,0.0,0.0
0.0,3.73232697890761,2.4440815309067485,3.9671202222111974,0.15046637572404475,0.028061589429323425,0.027501000339110366,7.113794155992948,3.6325651363562796,6.514195252906882,8.622769450823325,9.74534982775693,0.0,0.0,5.908404015310844,3.49733366596009,6.671395719568573,11.299937964431992,6.32290309964586,0.0,0.0,4.6161649621931815,3.6297131426005276,4.7786372754131605,6.9214141446404716,7.5365296568821964,6.012021738543029,18.145072680703137,16.602445494916093,0.0,0.0,10.263761883425204,6.99680183111882,6.131712988736424,7.32999741290562,11.053759034689005,0.0,0.0
0.0,3.7315034117358454,2.4463403960025842,3.9671739791147536,0.1504860910999318,0.028102367560464796,0.027513200672460266,7.074592291973859,3.6374750156056694,6.526532486855815,8.496756834701381,9.768673334340882,0.0,0.0,5.918970477958895,3.492364707924247,6.659091363077141,11.339324648477579,6.33170842221666,0.0,0.0,4.6180689926987215,3.630789502163355,4.778318435711176,6.920514724252765,7.539115389874147,6.002403379873416,18.1434077974054,16.60843512104747,0.0,0.0,10.267604872734163,6.992766094817125,6.128678542508111,7.313429213222866,11.06542478855791,0.0,0.0
0.0,3.7309404407480504,2.448366360003322,3.967312741749467,0.15050600332792058,0.028144902165113384,0.027525114148403987,7.03508732695888,3.6421837151748204,6.537217358177608,8.369648051296695,9.791669255363013,0.0,0.0,5.929656469895492,3.4873010082911255,6.646102184187791,11.378816997519799,6.340904801371191,0.0,0.0,4.620467291397792,3.631823371198505,4.777639199769185,6.919807608418696,7.541818271160465,5.99281385466715,18.141572477399166,16.613925230582403,0.0,0.0,10.271774218606463,6.9885912475930825,6.126004112967516,7.297145033403266,11.077104271248785,0.0,0.0
0.0,3.730530964510594,2.450607004505323,3.9676028990732592,0.1505258084744379,0.02818850707063484,0.027536833299592917,6.995528773085921,3.6472070973014814,6.547571480903813,8.24201621164108,9.815108217196704,0.0,0.0,5.940815400473582,3.4822762225404493,6.633380058182451,11.418679624467746,6.350506065328125,0.0,0.0,4.623074489718962,3.633145392092372,4.777092964332228,6.919266737414232,7.544481061908045,5.983173065930435,18.13973792399818,16.61938338672179,0.0,0.0,10.276119569701946,6.984498326162572,6.123626153132807,7.28096985870092,11.089002805481988,0.0,0.0
0.0,3.7306582903879733,2.4527191575587874,3.96796806983188,0.15054590262084563,0.028232233974871904,0.027548506861257947,6.95592956003624,3.6521377544568527,6.557837160046131,8.113429444292295,9.839877501112326,0.0,0.0,5.952350889520725,3.477215043000154,6.6202639151149345,11.458105082763534,6.360795343905296,0.0,0.0,4.626415472601104,3.6341821442674975,4.776820071514306,6.918851114337775,7.5470793888568375,5.973471876141191,18.137821111822387,16.625138603637662,0.0,0.0,10.280540921138906,6.9804468989219846,6.121472372896068,7.265339839705793,11.100884699001705,0.0,0.0
0.0,3.7320334498520693,2.4542410855674626,3.968391144596955,0.15056670796791918,0.028275562041277905,0.027560496962660407,6.916495217795622,3.656745719265466,6.567561047180342,7.981232073760163,9.86517551189007,0.0,0.0,5.96382617054697,3.471371703452215,6.604843592943871,11.495599540381225,6.370842436724711,0.0,0.0,4.63143782415839,3.634111639487703,4.7770210297443905,6.918749085660922,7.549267745906359,5.963725367178031,18.135607274451285,16.631293097684818,0.0,0.0,10.284872481719317,6.976521656222336,6.119436184066507,7.250614779246436,11.112581682388004,0.0,0.0
0.0,3.7334882397766,2.4561287625558696,3.968879347682698,0.1505871859071597,0.028317939483251047,0.027572437800814597,6.876916163034633,3.6618010751341212,6.577361826858397,7.849702000860948,9.890575607333014,0.0,0.0,5.974964520703385,3.4656342799161264,6.588586936939986,11.532208998237195,6.380120822441004,0.0,0.0,4.6366541134195565,3.6344355998670177,4.7774103033021245,6.918582218754338,7.551143115891157,5.953850911230646,18.13317194296978,16.637556570948384,0.0,0.0,10.289184163651717,6.972603243134433,6.117474365015699,7.235828982481927,11.124077497230568,0.0,0.0
0.0,3.7350209353144317,2.458420745762792,3.9693230147823586,0.150606517020444,0.028358646328496395,0.027584032491517828,6.838295402100112,3.667260305703016,6.587243632191606,7.725813876872933,9.915679942425417,0.0,0.0,5.984409787264882,3.4596142813492423,6.5684977026389,11.56457924294589,6.391598435938632,0.0,0.0,4.642095078509952,3.6353829293756865,4.777735398101964,6.91748068271755,7.552811235809348,5.943990432514671,18.1302520109034,16.643686437130658,0.0,0.0,10.293038790946207,6.9686578099482315,6.115532494159359,7.220979620435181,11.135063561403514,0.0,0.0
0.0,3.7366820393972215,2.4607187901258776,3.969823627993068,0.15062539301376143,0.028400422339022766,0.027595543490312457,6.799600694230211,3.6730517438702077,6.596356792136904,7.6027245623853155,9.94138044184849,0.0,0.0,5.9928165173739805,3.4530982786300535,6.546813734991492,11.595778915173492,6.403192328228694,0.0,0.0,4.647922531422841,3.636403043223245,4.7781188530726295,6.916324114549971,7.554416843418892,5.934220688246438,18.12713239406169,16.649701022517725,0.0,0.0,10.296937632409847,6.96473213687496,6.113692806468905,7.206594194777567,11.145904883530099,0.0,0.0
0.0,3.7385188996492675,2.46275394607277,3.9700595495961872,0.15064533652174375,0.02844537386129059,0.027606206774100094,6.7601125927982055,3.678178512657507,6.605512195631655,7.478444797868093,9.968871538442134,0.0,0.0,6.000968262212794,3.4472048084980806,6.524388337985116,11.627018592124193,6.413192193824918,0.0,0.0,4.654053529931929,3.6374892360488227,4.778132908291132,6.916592459944699,7.55635494525179,5.925245424355027,18.124113506645465,16.655484537562717,0.0,0.0,10.300863873191867,6.960250259713494,6.1120970459755215,7.192741351676639,11.15719308265227,0.0,0.0
0.0,3.740471045179578,2.4644370531008097,3.970338529363644,0.15066505787099038,0.028491248706221196,0.02761685813670975,6.720808035619159,3.683494979490986,6.612866273160553,7.356354111865426,9.997369523982904,0.0,0.0,6.00877441924,3.4406929554110532,6.5016726498801445,11.658038635561429,6.422763321894408,0.0,0.0,4.660593563040466,3.638437470349683,4.778030631752528,6.916645097666465,7.558315490035266,5.916467818614943,18.121062897227613,16.661038209452624,0.0,0.0,10.30476008855096,6.95583227259767,6.110720387300743,7.179478859595748,11.168177448787628,0.0,0.0
0.0,3.7426291742098026,2.466433351286008,3.970546217051516,0.15068445881124282,0.028536133549859535,0.027627615394028318,6.681546334532472,3.6888282679397686,6.61974208400515,7.2361979978362125,10.026652205057527,0.0,0.0,6.016401239431152,3.4341124688868714,6.477149065052861,11.686927875131182,6.431707002997158,0.0,0.0,4.667461818435425,3.639793274597825,4.777873585726872,6.916186778255695,7.5602965393870925,5.907514555219652,18.11770044324153,16.666924393416053,0.0,0.0,10.308840198009403,6.951431712093715,6.109625539814847,7.166234400357753,11.179058719009467,0.0,0.0
0.0,3.744925804547721,2.4685561823687467,3.970781990641501,0.15070384329308265,0.02858084727883013,0.027638106166954262,6.642229507929725,3.693952528004802,6.62652883642961,7.118111472079734,10.055335994195925,0.0,0.0,6.024143474892335,3.4278682226746904,6.452622125257823,11.71552419237873,6.439799222264956,0.0,0.0,4.674586936044865,3.6414305283242747,4.777608443376752,6.915721691804226,7.5621838061270825,5.898399375268495,18.114226673706188,16.672675907576245,0.0,0.0,10.313103661476768,6.9469669490734365,6.1087186010884365,7.152964790231347,11.189963751215325,0.0,0.0
0.0,3.747503600533796,2.470880080930238,3.971097778801837,0.15072299109334497,0.028624554584214097,0.027648218699170647,6.6031682008499155,3.6991897029489107,6.6330893008236815,7.002288369696707,10.083834002218085,0.0,0.0,6.032297035340346,3.4219027693493067,6.428436123231653,11.743492689008928,6.447128791200106,0.0,0.0,4.6821007641093635,3.643219594341205,4.777386336709404,6.9151104960527014,7.564050613726363,5.889094560427465,18.110648811778898,16.67831515973163,0.0,0.0,10.317628751728458,6.942522226849081,6.108090822617693,7.139890587249454,11.201011271252682,0.0,0.0
0.0,3.75009864388005,2.473538699507353,3.971531044851621,0.1507418290800393,0.028667585274400078,0.02765814146460302,6.563858604931089,3.7048895647542985,6.6398021145590596,6.886670594135996,10.112713932643354,0.0,0.0,6.040460219502967,3.41614634957719,6.404179254866254,11.770881188974208,6.4556492662921565,0.0,0.0,4.689780670078073,3.6453582503255304,4.777480323770021,6.914709912603953,7.565659288319222,5.879795005887995,18.107141705624365,16.683712795392992,0.0,0.0,10.322255040121066,6.938048387650172,6.107578521246284,7.12689884902298,11.211897094331778,0.0,0.0
0.0,3.7533650535615624,2.476124473738506,3.9720104282157656,0.1507609518706274,0.028711362166637767,0.027667991514784995,6.524917004940459,3.7105889513763555,6.646485593638206,6.769925997315577,10.141753688148322,0.0,0.0,6.0488915511035275,3.4105928087932043,6.379895382170171,11.797890284776672,6.4645896488251875,0.0,0.0,4.6982812389738315,3.64719469062893,4.777721829100411,6.914836313030967,7.567176011356959,5.870761203951888,18.10359528740897,16.689300865216833,0.0,0.0,10.326944878190957,6.933554345139792,6.107281739873545,7.114635753642705,11.222858114134402,0.0,0.0
0.0,3.7569984014459883,2.4790461101829244,3.9722693584020794,0.15077954254770512,0.028757031348499194,0.027677835860508263,6.487008256000498,3.7166179104457107,6.653117011441612,6.654470667780279,10.170163178358965,0.0,0.0,6.057594450197672,3.404943536232542,6.3543265949978585,11.823921142166363,6.4741343170966825,0.0,0.0,4.707239449644961,3.649400374399442,4.778151959468144,6.915049225708968,7.568471373663642,5.861798939764155,18.099880207335143,16.69516287045879,0.0,0.0,10.3312242081859,6.9290950362424155,6.107373099374486,7.102583390300437,11.23344429896169,0.0,0.0
0.0,3.761176456755701,2.4816442347792753,3.9722851307775278,0.15079872463713004,0.02880384169809908,0.02768719813961711,6.449208959810817,3.721937705948346,6.659484326959103,6.540000617356366,10.198475932435468,0.0,0.0,6.066440713768242,3.399339184419716,6.328157917962811,11.849744249649191,6.485155448675258,0.0,0.0,4.716938943768702,3.651421850263794,4.778356879990008,6.915810854046496,7.5697725538277965,5.852823416811258,18.096023709961603,16.700935158886374,0.0,0.0,10.335487416174995,6.924360141349587,6.107655288975217,7.09075030641241,11.243973213184038,0.0,0.0
0.0,3.76548738859975,2.484378443886929,3.972256016300621,0.15081793484613418,0.028851447391125454,0.02769639986767081,6.411649082731472,3.727242613885094,6.6658003032043265,6.427544508327739,10.226839173120517,0.0,0.0,6.075232528943244,3.3938586445050203,6.301676880846702,11.875281104815977,6.49699049914912,0.0,0.0,4.72686565082274,3.6537390042114386,4.778518960101662,6.916582226067874,7.571112920422243,5.843913115139023,18.092091162555423,16.706545576923745,0.0,0.0,10.339815480232632,6.919596290309455,6.108086503529326,7.079142518597699,11.254413991535003,0.0,0.0
0.0,3.7697677056562715,2.4871912334330255,3.97219413809097,0.15083648916316506,0.028900592701616747,0.027705311804122133,6.373893747990418,3.732770124803475,6.670130256505335,6.316142310499103,10.255975593436647,0.0,0.0,6.082126266582975,3.387523709323813,6.272438196108987,11.898560048990797,6.511257501646412,0.0,0.0,4.736896535971622,3.6563482669938883,4.778441873560879,6.916894577400362,7.57258401851926,5.835375849888746,18.087859033615757,16.711744290995963,0.0,0.0,10.344414785447853,6.914834155705421,6.108611472973313,7.067795115478628,11.264249350581267,0.0,0.0
0.0,3.7742643614005624,2.4900877268067303,3.9722008219185097,0.15085524253957946,0.02895033480884813,0.02771431333140178,6.336266684849285,3.738334184688236,6.674657501611375,6.205439854042343,10.285086718284232,0.0,0.0,6.089400818199128,3.381588097375731,6.24360035026361,11.922083420966443,6.526275468464808,0.0,0.0,4.747272509921515,3.65898840715841,4.778478791790841,6.917480344578597,7.574000510663449,5.82689742903,18.083649229248323,16.717012118977948,0.0,0.0,10.349103872371877,6.910073028740491,6.10932446607484,7.0570319281029095,11.274145452109083,0.0,0.0
0.0,3.7789155404938652,2.4931495989205894,3.972280239478924,0.15087407884453,0.029000593672742825,0.0277233775301435,6.29881420547188,3.74398094872638,6.679403861518402,6.096036213691181,10.314232507651408,0.0,0.0,6.097010844065062,3.3760860079198527,6.215280341051921,11.945873842131912,6.541854702335453,0.0,0.0,4.757904301277136,3.661779907246641,4.778617099969256,6.918231983850895,7.575407278468484,5.818448579512457,18.079460486491648,16.72231002633366,0.0,0.0,10.353896866903797,6.905327530418721,6.110213004978906,7.046736042327328,11.284111682722099,0.0,0.0
