time,pelvis_tilt,pelvis_list,pelvis_rotation,pelvis_tx,pelvis_ty,pelvis_tz,hip_flexion_r,hip_adduction_r,hip_rotation_r,knee_angle_r,ankle_angle_r,subtalar_angle_r,mtp_angle_r,hip_flexion_l,hip_adduction_l,hip_rotation_l,knee_angle_l,ankle_angle_l,subtalar_angle_l,mtp_angle_l,lumbar_extension,lumbar_bending,lumbar_rotation,arm_flex_r,arm_add_r,arm_rot_r,elbow_flex_r,pro_sup_r,wrist_flex_r,wrist_dev_r,arm_flex_l,arm_add_l,arm_rot_l,elbow_flex_l,pro_sup_l,wrist_flex_l,wrist_dev_l
0.0,-3.847243636333333,-2.384107972333333,-1.9701342926666665,0.9433525906666667,0.9979271546666666,-0.329801009,28.483261665999997,7.513550104666668,-1.0815263123333332,-18.147553455666667,0.9727723303333337,0.0,0.0,-7.299076275666667,1.2974689863333335,-2.6375912876666665,-78.22641268266668,-15.330175922333334,0.0,0.0,-7.681311635333334,5.279800264666666,-10.412668578666665,-42.129729084,-20.168101757,-11.356512524666666,101.23414306533333,86.74166314466666,0.0,0.0,-18.806064999333337,-22.590027705,6.609891879999999,122.15016885100002,98.106783563,0.0,0.0
0.10010010010010009,-3.827257425684018,-2.4095578711948615,-1.9900173832922932,0.9432753265532201,0.9974624714337672,-0.3297561343299966,28.466856141581253,7.560673078727395,-1.0971248863313305,-18.386441034176848,1.0252027209012358,0.0,0.0,-7.147039946621618,1.2355839106863524,-2.6993313215965946,-78.64283217693661,-15.216162002676338,0.0,0.0,-7.718902084002002,5.314958217060728,-10.335056597250581,-42.01304496503637,-20.204430799665662,-11.321839455835836,101.21881495094328,86.73469143784752,0.0,0.0,-18.857665193357686,-22.57346712304838,6.601867953031032,122.00535967180512,98.12313580415415,0.0,0.0
0.20020020020020018,-3.807271214894228,-2.4350077700186854,-2.0099004737243917,0.9431980625128462,0.9969977876406407,-0.32971125957490827,28.45045061734935,7.607796052206541,-1.1127234599145814,-18.625328612887227,1.0776331112432465,0.0,0.0,-6.995003617059721,1.173698834977309,-2.7610713553123127,-79.05925167144778,-15.102148082674,0.0,0.0,-7.756492532928595,5.350116169225893,-10.257444615934599,-41.89636084629863,-20.240759842098765,-11.287166387321653,101.20348683633031,86.72771973074708,0.0,0.0,-18.909265387461467,-22.556906541017018,6.593844026107774,121.86055049247348,98.13948804591793,0.0,0.0
0.30030030030030025,-3.787285966260261,-2.4604584934574576,-2.029783754745746,0.9431207934104104,0.9965330975735738,-0.32966638352152156,28.43404868555556,7.654920500887888,-1.1283202883463475,-18.864223337020018,1.1300652995465463,0.0,0.0,-6.842965229556556,1.111811994737738,-2.8228109204294274,-79.47567046673473,-14.988133127839841,0.0,0.0,-7.794082780637638,5.385274868649649,-10.179831345082082,-41.77967573614014,-20.27708916725325,-11.252492553512512,101.18815948423124,86.72074768237137,0.0,0.0,-18.960864660696693,-22.54034645526727,6.585820473592595,121.71574027501802,98.15584027226426,0.0,0.0
0.40040040040040037,-3.7678266775228573,-2.4862324023623623,-2.050143184170838,0.9430406073183184,0.9960657255298633,-0.3296206787687688,28.42005193706707,7.702563843117451,-1.1433070722088756,-19.108045615472463,1.1836012674641245,0.0,0.0,-6.6898081483903935,1.0493725433563579,-2.8841153739529517,-79.89155841763396,-14.873589137058394,0.0,0.0,-7.831515880012345,5.420778617999331,-10.101228851005676,-41.66239257020787,-20.313523613340003,-11.217619911449784,101.17264074009609,86.71331434959458,0.0,0.0,-19.012031596733397,-22.52386720892759,6.577738815688022,121.57029914763197,98.17196439494028,0.0,0.0
0.5005005005005004,-3.7488526960066744,-2.512275721387387,-2.070963701240241,0.9429581634257589,0.9955960253203202,-0.3295740537844511,28.40804275488822,7.75072726754121,-1.1580730592338973,-19.355753582810472,1.2379299909055734,0.0,0.0,-6.535781747521526,0.9864161643179864,-2.945186655082413,-80.30701991816147,-14.758486304624626,0.0,0.0,-7.868751563585585,5.456527692524857,-10.021775635316652,-41.54464114605539,-20.350008742286285,-11.182585388913246,101.15705337066399,86.70553560002203,0.0,0.0,-19.062858410460795,-22.507440808824157,6.569612551705705,121.42439942520522,98.18792661324657,0.0,0.0
0.6006006006006005,-3.731361314474474,-2.538907476955955,-2.0927533113763763,0.9428724024184184,0.9951216778108108,-0.32952567327527527,28.399531578466462,7.799932583526525,-1.1723969522572573,-19.609072696987976,1.2946832635715655,0.0,0.0,-6.37950479157658,0.9225753888308319,-3.0058751464464457,-80.72128315429129,-14.641723505516518,0.0,0.0,-7.9047560397367365,5.492678118855855,-9.940728298226228,-41.425901880703705,-20.386890701346346,-11.147041946246247,101.1411800760931,86.69719811467266,0.0,0.0,-19.11352247161061,-22.4908389313984,6.5610187591071085,121.27724898045544,98.20398756693491,0.0,0.0
0.7007007007007011,-3.714462262790456,-2.565707361375711,-2.11453978446113,0.9427847295041708,0.9946450184971638,-0.3294771447814481,28.392310176313647,7.849516333800137,-1.1869026997410748,-19.865272759391747,1.3553325937434144,0.0,0.0,-6.221935242087076,0.858300800952948,-3.066140405861866,-81.13505960216852,-14.524966327342664,0.0,0.0,-7.940334505927263,5.529035346207878,-9.85930156899132,-41.30666645660693,-20.423865315100098,-11.111238007332997,101.12518191851218,86.68906047223156,0.0,0.0,-19.163866549400403,-22.474381294166495,6.55268418559326,121.12949516429228,98.21877505332633,0.0,0.0
0.8008008008008007,-3.697963898048049,-2.592662030094428,-2.136354321081749,0.9426952840203539,0.9941667492739406,-0.3294284594371038,28.38617762192526,7.899404251172508,-1.2014143421708345,-20.124017322543207,1.4190021771231254,0.0,0.0,-6.063358655269603,0.7936979030093428,-3.12594136484818,-81.54848014613681,-14.408165921424757,0.0,0.0,-7.975693698288955,5.56558704216283,-9.777514357057724,-41.18694012761461,-20.460911827234902,-11.075190617688687,101.10912200346579,86.68103163286455,0.0,0.0,-19.21390160474074,-22.458039476829498,6.544495179629297,120.98127870875642,98.23289645805906,0.0,0.0
0.9009009009009011,-3.6821264977567565,-2.619995498573574,-2.158374253591593,0.9426018456456458,0.9936861820360361,-0.32937949163663666,28.38215693210811,7.949935877534534,-1.2159914852942932,-20.38745127524324,1.4864894047717698,0.0,0.0,-5.902883949429429,0.728619213780782,-3.1848289825405396,-81.96100358624925,-14.291777622954953,0.0,0.0,-8.0109136699009,5.602584935246247,-9.69472136712012,-41.06625750839039,-20.49803362161862,-11.03878606000901,101.09303900966066,86.67311791827026,0.0,0.0,-19.263076332348344,-22.441783737975978,6.536537554609609,120.83241312151654,98.24635374111112,0.0,0.0
1.0010010010010009,-3.6669774910924273,-2.6478081684594583,-2.181187103274275,0.9425033722272271,0.9932028238682016,-0.3293290266346346,28.381587992713385,8.001468312535534,-1.2301742540704022,-20.657992229255914,1.5564523448411758,0.0,0.0,-5.740703479289957,0.6628115575645666,-3.242601736194524,-82.37249188725524,-14.174706162041042,0.0,0.0,-8.046150310001668,5.64004390774341,-9.610316705344346,-40.94432373906807,-20.535202559288287,-11.001962131810812,101.0767730260624,86.66487648262195,0.0,0.0,-19.311303743961624,-22.425524443755425,6.528484244442777,120.68261159350952,98.25982277049249,0.0,0.0
1.1011011011011012,-3.652154813165166,-2.675914067537872,-2.2046589832255603,0.9424010348932266,0.992718987844845,-0.32927751557123786,28.38271410239006,8.053656445940275,-1.244280733081411,-20.93194069958525,1.6269922371104488,0.0,0.0,-5.577197192560892,0.596668991469136,-3.299911648086751,-82.78304823365099,-14.057938099387055,0.0,0.0,-8.081666665358693,5.677740838817483,-9.524550553489153,-40.82139712805839,-20.572272276803467,-10.964954013173173,101.06021494402334,86.65614173742509,0.0,0.0,-19.358786475747078,-22.409232279028362,6.520429867460126,120.53256043695629,98.27382923117284,0.0,0.0
1.201201201201201,-3.637582103308309,-2.704291386518518,-2.2286566333483497,0.9422967296846846,0.9922340391621622,-0.3292251104614614,28.385275967801807,8.106390552150149,-1.2581506414244257,-21.208859673454455,1.698617560739735,0.0,0.0,-5.413112615632631,0.5301653159549561,-3.3569501351751763,-83.19309115578679,-13.940753162215216,0.0,0.0,-8.117239723446447,5.7156847718808805,-9.437912007135134,-40.697897624148155,-20.609332370367365,-10.927771237125127,101.04345382925426,86.64699060783082,0.0,0.0,-19.4058765085966,-22.392914178095097,6.5123093438348345,120.38213875953855,98.28780017888587,0.0,0.0
1.3013013013013006,-3.623819012713713,-2.7332501350276948,-2.2533082498918926,0.942190573955956,0.9917472706386388,-0.32917162129095756,28.38946410934401,8.159990864706709,-1.2713000116676663,-21.488259059549886,1.773643877232232,0.0,0.0,-5.247693198983984,0.4628865253189847,-3.4141077612285633,-83.60226888293894,-13.821715435605938,0.0,0.0,-8.152171469492158,5.754065597699032,-9.35016316882649,-40.57366123412512,-20.646814852390726,-10.890235643255924,101.02627956507207,86.63748717747147,0.0,0.0,-19.45291234441342,-22.37634843630063,6.5038629854721375,120.23071200239806,98.30190759336101,0.0,0.0
1.4014014014014022,-3.610088456104772,-2.7625873955418756,-2.278121877105106,0.9420819764127459,0.9912596471017683,-0.3291178188481815,28.394591777139134,8.214138372215217,-1.2845256285675681,-21.77057668618319,1.8520866904361064,0.0,0.0,-5.081659518272933,0.395070746945277,-3.4710205336289617,-84.0109570209176,-13.702332364370031,0.0,0.0,-8.18752213836937,5.792790050978312,-9.261787792624288,-40.44879417784851,-20.684439750114784,-10.852465380149814,101.00912924534535,86.62785177411845,0.0,0.0,-19.49947042179146,-22.359873066095428,6.495524682558559,120.07867684016048,98.31620044207708,0.0,0.0
1.5015015015015014,-3.59677068188889,-2.792115999387387,-2.3031650250050055,0.9419713297987989,0.9907706105795796,-0.3290634578158158,28.401059833592598,8.268716548763765,-1.2973669779699653,-22.055582742955956,1.9340755570480603,0.0,0.0,-4.914646207194194,0.3268686728888898,-3.5275225160500456,-84.41910282978778,-13.582450698616617,0.0,0.0,-8.222707090273271,5.831698433887887,-9.17279452481882,-40.3233254093954,-20.722163714784784,-10.81439971732232,100.99172561213412,86.61806196632833,0.0,0.0,-19.545699558437438,-22.343494076938942,6.487218174666667,119.92605680763965,98.32995548253153,0.0,0.0
1.6016016016016015,-3.583698420888556,-2.8222531120974303,-2.329298014123791,0.9418552574711379,0.9902799495822489,-0.32900707532198864,28.410757417887886,8.324609287441106,-1.3094819585749082,-22.348031892616277,2.0217969906953543,0.0,0.0,-4.7463331611318,0.2578206740377058,-3.5831036801778433,-84.82613179355754,-13.461558901827832,0.0,0.0,-8.258532816594592,5.871236618678344,-9.081801361570905,-40.1964563881635,-20.75981362305739,-10.775997381802137,100.97390808826358,86.6078551420824,0.0,0.0,-19.590728187532868,-22.32729265397331,6.479036521250919,119.77250503619018,98.34268668638673,0.0,0.0
1.7017017017017007,-3.571332387894895,-2.852932941272272,-2.355929752166167,0.9417336490233568,0.9897875661664998,-0.32894965292125455,28.422938729901233,8.381624757643312,-1.3224401041294604,-22.646162603604598,2.118019095176842,0.0,0.0,-4.575809529063066,0.18797658112913104,-3.637544648905904,-85.23164433693925,-13.341104385924595,0.0,0.0,-8.294461835067066,5.911273182587253,-8.989245078892226,-40.06804391602369,-20.797373857858194,-10.736981625867868,100.95593516740107,86.59791724056022,0.0,0.0,-19.63435563408175,-22.311344910954958,6.471375560623957,119.61809838074142,98.35338621074007,0.0,0.0
1.8018018018018023,-3.5598667881351354,-2.8844108405975972,-2.3831669450960957,0.9416079782162162,0.9892940865825827,-0.32889127926426426,28.437074070267272,8.439884705402402,-1.334963521429427,-22.9485395111952,2.2246337532312372,0.0,0.0,-4.40311199309009,0.117204505453453,-3.6910667851591583,-85.63533861366967,-13.218467859603601,0.0,0.0,-8.330016585708709,5.9519964858888885,-8.895111870444445,-39.93802440694895,-20.835008253651655,-10.697184713822821,100.93754500167867,86.58808391843544,0.0,0.0,-19.677179574357357,-22.29510957554955,6.4635624172282276,119.46216328581681,98.3636039340901,0.0,0.0
1.901901901901902,-3.5484975268021346,-2.9162711928638645,-2.4109549845475495,0.941478336122122,0.9888010065265265,-0.3288320582629296,28.452585629663325,8.498874688236905,-1.3470771328148141,-23.25455113104939,2.3354953239202563,0.0,0.0,-4.229319136837834,0.046069117314647814,-3.74380664269703,-86.03780710248516,-13.095719803609606,0.0,0.0,-8.366174936991658,5.993027952696364,-8.799705687406401,-39.80690828474273,-20.8725860182309,-10.65710904709376,100.91904759409009,86.57824479951653,0.0,0.0,-19.71928704180414,-22.278860947058057,6.455744784426092,119.30562012174974,98.37426038989622,0.0,0.0
2.0020020020020017,-3.5370627806126116,-2.9483606767917934,-2.4393516009739753,0.9413459959402737,0.9883085792722722,-0.32877205257557557,28.468960947847513,8.5583873344311,-1.3579893693520202,-23.562972513867884,2.449503966906905,0.0,0.0,-4.054907011732392,-0.025184088692362515,-3.7962310377310677,-86.43940673640009,-12.972716890849842,0.0,0.0,-8.40291376348215,6.034281913516518,-8.703222075771766,-39.67493771246346,-20.910125442394065,-10.61688856416016,100.90019865160026,86.56814422308743,0.0,0.0,-19.760931843428093,-22.262517649070066,6.4478420822619285,119.14868381972772,98.38526053425858,0.0,0.0
2.1021021021021014,-3.5257007422222224,-2.980665663078079,-2.4685173037717734,0.9412096824914913,0.9878166676686686,-0.3287108545785786,28.48687873316417,8.618514229267271,-1.3681242888718725,-23.874680544740748,2.5661367336937047,0.0,0.0,-3.879481783700693,-0.09659144345245461,-3.848152384578578,-86.8399938438819,-12.849630419388381,0.0,0.0,-8.440275066681682,6.075712862208209,-8.605306983236234,-39.54195224995195,-20.94752211733934,-10.576542277566563,100.8811215309069,86.55766538861162,0.0,0.0,-19.80186889786887,-22.24621338055756,6.439919611463464,118.99147139733535,98.39651814426728,0.0,0.0
2.2022022022022023,-3.5145556280240258,-3.0131826043186507,-2.4980531826820154,0.941070599168168,0.9873243425812479,-0.32864882512012017,28.505954159476477,8.67910959847948,-1.3780927413740391,-24.188670556338327,2.6850224302625905,0.0,0.0,-3.7032388437133847,-0.16843040999232226,-3.8998282509963267,-87.24005497728695,-12.726242248576582,0.0,0.0,-8.477880277787786,6.117260073686018,-8.50655901457391,-39.408287137325,-20.984939710546545,-10.535904402130132,100.86188461091326,86.5466863952626,0.0,0.0,-19.84231771675942,-22.230014928507842,6.432065795456792,118.83402207676845,98.40708006707541,0.0,0.0
2.3023023023023024,-3.5036422698725396,-3.045854109257925,-2.527793384075743,0.9409297487187187,0.9868317024164165,-0.32858637724357687,28.525844659935604,8.740021693218887,-1.3880495909102426,-24.50413429699299,2.805547630310307,0.0,0.0,-3.526342905408408,-0.24050397581247945,-3.9511004240984304,-87.63965824999232,-12.602643041659993,0.0,0.0,-8.515521308199533,6.1589080575855855,-8.407280218093428,-39.27416231023123,-21.022337616727057,-10.495062085601267,100.84253243890123,86.53548065361196,0.0,0.0,-19.882436411823154,-22.2138678277988,6.424250666293628,118.67630567285217,98.41723583199601,0.0,0.0
2.402402402402402,-3.4927477985455453,-3.0791074856376364,-2.558130811767768,0.9407853241401402,0.9863393883783784,-0.3285230559369369,28.54719187135435,8.801948221625626,-1.3968082284654626,-24.82341163228928,2.9309377074384377,0.0,0.0,-3.348531399586591,-0.3132118673213188,-4.001798675825824,-88.03817941059557,-12.479128057438444,0.0,0.0,-8.55382937292092,6.2011443976526515,-8.306669248572573,-39.138927736247254,-21.059567446423422,-10.453961346486487,100.82267202871073,86.52453785220621,0.0,0.0,-19.921675365397398,-22.19782833095496,6.416634783006006,118.51773720373976,98.42696917313012,0.0,0.0
2.502502502502503,-3.4822152286516515,-3.1129192492936264,-2.5889145630393737,0.9406379812399065,0.9858472342328997,-0.3284591913153153,28.56979571756357,8.864757350413747,-1.4050034044237578,-25.145467210485485,3.0611059643223166,0.0,0.0,-3.169525568615617,-0.3864019846509834,-4.051497711818152,-88.43551034697164,-12.355098672764765,0.0,0.0,-8.592241733038039,6.243895481738404,-8.205059148734069,-39.00264801386787,-21.096835985584917,-10.412481064636971,100.80234829153218,86.51379061301535,0.0,0.0,-19.960463375458122,-22.181632382854858,6.408891670850517,118.35807247496996,98.4367505474074,0.0,0.0
2.6026026026026012,-3.472217605538205,-3.147036877798465,-2.619958648745413,0.940487878715382,0.9853545842582584,-0.32839474657023693,28.59351919594828,8.92812880086353,-1.413554830876876,-25.469325218243245,3.1944489095895894,0.0,0.0,-2.9891507919362685,-0.460052471563564,-4.100659508313648,-88.83201513975476,-12.230955937058726,0.0,0.0,-8.630491626961629,6.2868626941675,-8.102685736855188,-38.86548664665098,-21.1341471340357,-10.370601661344677,100.78179511895028,86.50310665476778,0.0,0.0,-19.99874969422256,-22.16550683332032,6.401308163949283,118.19761786018753,98.4454947011835,0.0,0.0
2.7027027027027026,-3.462966674234233,-3.1816025181081082,-2.651439891648649,0.9403347265045046,0.9848617018828827,-0.3283297685765766,28.618690343585587,8.992200583306305,-1.422059875774774,-25.795309455648653,3.3319275721531567,0.0,0.0,-2.8070942320360346,-0.5341590737117121,-4.149026021108108,-89.22736905226125,-12.106220490135133,0.0,0.0,-8.668375423234234,6.330183181504505,-7.999232813981981,-38.72731270227026,-21.171445574504506,-10.328305978117116,100.76074713645045,86.49268284152252,0.0,0.0,-20.036286154972974,-22.149261381180178,6.393838054810812,118.03594616799099,98.45418646825223,0.0,0.0
2.8028028028028045,-3.4539663413253257,-3.2165675739649644,-2.683436270352019,0.940179174738405,0.9843690944274274,-0.328263932292626,28.644902595179513,9.05691289519386,-1.4298841563496827,-26.12320705845578,3.4721100738078015,0.0,0.0,-2.624221925510846,-0.6087580121277927,-4.197177570463128,-89.62217000963196,-11.980893193339677,0.0,0.0,-8.706405602212545,6.373832645054721,-7.8948281763126475,-38.58843078935969,-21.20880701438238,-10.28579036765966,100.73938155152051,86.4822457782656,0.0,0.0,-20.073275640393724,-22.132947228908574,6.386365404022024,117.87376640303037,98.46284976839272,0.0,0.0
2.902902902902902,-3.444987732451117,-3.2516781815638978,-2.7158836866826843,0.9400209295642308,0.9838775639773105,-0.32819770775809143,28.67189073691558,9.121985358400734,-1.4364168016856849,-26.452776067326322,3.6142444889215803,0.0,0.0,-2.4405937421621653,-0.6832649246653306,-4.244659657264599,-90.01604173466566,-11.855806159987662,0.0,0.0,-8.744907115525859,6.417631237982316,-7.789525243165832,-38.44876084102436,-21.24615261871238,-10.243122610906909,100.71757198222188,86.47182140076912,0.0,0.0,-20.10967458726927,-22.11650753985986,6.378906140673341,117.71118651914014,98.47188618504603,0.0,0.0
3.003003003003003,-3.436085243423424,-3.2870519995004996,-2.749095817683684,0.939858832896897,0.9833868155045046,-0.3281300812052052,28.700342230050058,9.187763120959959,-1.4420183139169167,-26.785544374718718,3.7605298673002947,0.0,0.0,-2.2559653868938954,-0.7581358613693683,-4.291713206134135,-90.40890814355255,-11.730772040002003,0.0,0.0,-8.784001355163165,6.461572040418417,-7.682803275568569,-38.307860237535536,-21.283379454108108,-10.200129225383384,100.6953171579099,86.46115816538638,0.0,0.0,-20.145250936296293,-22.100241140077078,6.371596193007006,117.54797928159958,98.48065530790691,0.0,0.0
3.103103103103101,-3.427020148480481,-3.3228141970593925,-2.782748742184184,0.9396930000353688,0.9828973333590257,-0.32806168831898563,28.72967370592559,9.254218331533867,-1.4472476139866512,-27.12111224362061,3.912113711147142,0.0,0.0,-2.070597474041046,-0.8333838829716352,-4.337608979867199,-90.80047533127461,-11.605836185052393,0.0,0.0,-8.823978337997996,6.505762808393392,-7.574944535503505,-38.16569510391425,-21.32053038048415,-10.156644550320992,100.6727544154181,86.45032281778413,0.0,0.0,-20.17998851139139,-22.084087203813482,6.364408858887221,117.38404194473608,98.48848124352153,0.0,0.0
3.203203203203203,-3.41830165617017,-3.359204695388056,-2.8168454952585935,0.9395214823219884,0.9824098304661326,-0.3279929144384385,28.759908206090095,9.321755030362699,-1.4515709665271932,-27.459046383607625,4.0700639645629035,0.0,0.0,-1.8828855226212784,-0.9090569299299329,-4.382062086224225,-91.18979953576745,-11.482631729278271,0.0,0.0,-8.864564908547218,6.5505402575855864,-7.46554797602502,-38.02144096375475,-21.357470443912245,-10.112525598104769,100.64922186320453,86.44010274957357,0.0,0.0,-20.21344271092226,-22.067941007032026,6.357624520921587,117.21864448945712,98.49533640030165,0.0,0.0
3.3033033033033035,-3.409879264403402,-3.3957198008808804,-2.8514162185255274,0.939344929985986,0.9819247388898897,-0.3279235703803804,28.79065711404604,9.38959952656056,-1.4555407462202181,-27.797972240968967,4.231197761954953,0.0,0.0,-1.693262824422425,-0.9846865027227203,-4.42533762141141,-91.57712726754355,-11.360212957313317,0.0,0.0,-8.905658619214215,6.595282342988989,-7.3547851153783785,-37.87553578322523,-21.394216886018018,-10.067779720917919,100.62529663096095,86.42936905052652,0.0,0.0,-20.24572043986887,-22.05169462548949,6.351068622563564,117.05266824430232,98.501526287997,0.0,0.0
3.4034034034034013,-3.4020211333503503,-3.4323891210233577,-2.8863613336760094,0.9391644978825491,0.9814425572085419,-0.32785420389956627,28.82152217104872,9.45758069067701,-1.459127771397397,-28.136646020496176,4.393431126669349,0.0,0.0,-1.501646485302962,-1.0602661369322675,-4.467498627520186,-91.962086506337,-11.237982875117112,0.0,0.0,-8.94675057710744,6.6400270422042045,-7.242788336314645,-37.7284083431071,-21.43069448690124,-10.022622926737068,100.60119286187589,86.41877154725492,0.0,0.0,-20.277067170077746,-22.035191505676675,6.34477389054054,116.88600813043877,98.50755386375542,0.0,0.0
3.503503503503503,-3.3949703661271284,-3.4692794484761427,-2.9217901392032033,0.9389812208832164,0.9809617344621288,-0.32778444392859524,28.853130156763097,9.52587935627294,-1.462364403663662,-28.475812730886208,4.558808899658654,0.0,0.0,-1.308153641157159,-1.1358675626493153,-4.508748982543208,-92.34505703832565,-11.115869976548218,0.0,0.0,-8.987375205169503,6.684848028086418,-7.129687561154823,-37.58022146697798,-21.467046450205874,-9.977082564627962,100.57664988782315,86.40871710147782,0.0,0.0,-20.307863638917585,-22.018316858098096,6.338424221917585,116.71814633107942,98.51373081989588,0.0,0.0
3.6036036036036045,-3.38785749427928,-3.5063913442642636,-2.9576551449219233,0.938795844117117,0.9804823473243243,-0.32771409040540544,28.884952243321322,9.594636634672673,-1.464574136933933,-28.815780598108102,4.7273557340960926,0.0,0.0,-1.114162254675677,-1.2115377113753738,-4.54950585606006,-92.72717773206307,-10.993378282153156,0.0,0.0,-9.028493721126125,6.729818077738739,-7.015749809105105,-37.43128502721622,-21.503250608336337,-9.93140983293694,100.55168407763964,86.39892179984386,0.0,0.0,-20.338224081489493,-22.001380843660662,6.332075571912912,116.54995702153751,98.5201633657177,0.0,0.0
3.7037037037037024,-3.380385663530864,-3.543915670370371,-2.9939390340740752,0.9386070633333334,0.9800057724567901,-0.32764333298765436,28.916688632074074,9.664096290666668,-1.465322135728395,-29.156873334728402,4.901535757716057,0.0,0.0,-0.9194709152592531,-1.2873740830493847,-4.589127776691358,-93.10780250992595,-10.870897045604934,0.0,0.0,-9.070722322740743,6.77513713308642,-6.900776766518516,-37.280927391432094,-21.53928575602469,-9.885362271518519,100.52610179981481,86.3894019345926,0.0,0.0,-20.36800423950617,-21.984331010617282,6.3256556838271605,116.38105755917283,98.52685608993828,0.0,0.0
3.803803803803804,-3.3732370657233894,-3.58162298977611,-3.0304610133843854,0.9384153670073406,0.979530650645312,-0.32757232911778444,28.94869863580047,9.733951550789792,-1.4655254596910232,-29.498115195349023,5.077328233447786,0.0,0.0,-0.7234132931111075,-1.363326481418753,-4.628098203180847,-93.48728773067803,-10.749127801958625,0.0,0.0,-9.113125445026693,6.820583564915916,-6.785053624584583,-37.129448065022345,-21.575133143835835,-9.838890186914913,100.50000245722856,86.3800275743974,0.0,0.0,-20.397095816680014,-21.967326488028696,6.319436760128461,116.2116138454915,98.53303226193461,0.0,0.0
3.9039039039039016,-3.366607299424424,-3.6196781258988984,-3.0675784638018024,0.93821960973974,0.9790576692512513,-0.3275006058138138,28.981324489112115,9.804527077044044,-1.4644245648668663,-29.84015900386587,5.2575314459109155,0.0,0.0,-0.525420740439437,-1.4396439529009013,-4.666219645967969,-93.86478271937538,-10.628443195969966,0.0,0.0,-9.155686333402402,6.8662147742982995,-6.6680121741921905,-36.97624102406306,-21.610876086004005,-9.791758229943943,100.47297859775074,86.37089705803803,0.0,0.0,-20.425414391594593,-21.95022150913413,6.313222659510511,116.04094077596294,98.53891202625225,0.0,0.0
4.0040040040040035,-3.360423032580246,-3.657784373318651,-3.104859972692359,0.9380214796680013,0.9785856561664998,-0.3274287398388388,29.01438768762996,9.87526116454321,-1.4629160305405393,-30.18247284097731,5.440031398806811,0.0,0.0,-0.3260666233336672,-1.5160967223520176,-4.703664135321653,-94.24104194968102,-10.508601851794129,0.0,0.0,-9.198125720066066,6.9118029663176515,-6.550294386722389,-36.822118007719055,-21.646461259496498,-9.744252333204203,100.44550780564431,86.36207634716484,0.0,0.0,-20.453081681296958,-21.93319035765332,6.307314119684353,115.86944247151385,98.54424608223823,0.0,0.0
4.104104104104104,-3.354524956011012,-3.6959756123910568,-3.1423581550680675,0.9378217695935935,0.9781143324594594,-0.327356492338672,29.047817433462125,9.94619378506206,-1.4610340343753743,-30.52512056798331,5.624197402029027,0.0,0.0,-0.1258296728231587,-1.592692561413745,-4.740704623993658,-94.61651926843743,-10.389180771527531,0.0,0.0,-9.24049189561428,6.9574008099142475,-6.432057714328664,-36.66732236659426,-21.681989654326657,-9.696446560440776,100.41763846493492,86.3533166165699,0.0,0.0,-20.480369557697358,-21.916194679275275,6.301518472444113,115.6973935460137,98.5492480722182,0.0,0.0
4.204204204204203,-3.3489998681711723,-3.7342581453803794,-3.180045899113112,0.9376212071951953,0.9776433530380382,-0.32728388447047047,29.081525493478477,10.01732819564264,-1.458584295889889,-30.86774610406305,5.809604865147145,0.0,0.0,0.07513496444143564,-1.6693900599199174,-4.777447481259257,-94.99136498671771,-10.269713466487492,0.0,0.0,-9.282564103859858,7.003016942937937,-6.313507442557562,-36.51203541135436,-21.7175446218048,-9.648439144147147,100.3892409114905,86.34468032920822,0.0,0.0,-20.507598674030028,-21.899078811493496,6.295615806345344,115.52471106707007,98.55433594421821,0.0,0.0
4.304304304304304,-3.343772504134134,-3.7725856034514513,-3.2178448082479156,0.9374175121207875,0.9771750400016683,-0.32721135039873206,29.11505909138138,10.088469678095763,-1.455610118268267,-31.20971844111178,5.996204394810813,0.0,0.0,0.2776767956536554,-1.7459389969315986,-4.813230193882215,-95.36457046160828,-10.150786312761763,0.0,0.0,-9.324835164067734,7.048587185364032,-6.1943426834320965,-36.35548882817651,-21.752859366754755,-9.600011523863865,100.36032127604037,86.33630658605038,0.0,0.0,-20.534278455225557,-21.88175835777878,6.289832736271272,115.35133222225727,98.55979384020287,0.0,0.0
4.404404404404405,-3.3389407679369363,-3.810840177193527,-3.25581696296263,0.9372110878141475,0.9767095343473473,-0.32713912938538536,29.14822459707841,10.15952769750317,-1.4517801000153479,-31.55062793417985,6.184651991612277,0.0,0.0,0.4818013768051367,-1.8220466476716712,-4.847783178340007,-95.73568521470237,-10.0321706864004,0.0,0.0,-9.367076802952953,7.094019101024024,-6.074498887166166,-36.19772909084184,-21.787997609067066,-9.551257492024025,100.33066129182717,86.3282258001942,0.0,0.0,-20.560412813665,-21.864138624972306,6.284066309238571,115.1770348422506,98.5657350852102,0.0,0.0
4.504504504504503,-3.334541716582583,-3.8489569204414407,-3.293942869156156,0.9370008657357356,0.9762473978648648,-0.32706705585285284,29.18093947387387,10.230369509753753,-1.447487699525525,-31.890103369636638,6.374035151468476,0.0,0.0,0.6878741588408432,-1.8978376201381377,-4.8811096397567555,-96.10449468744746,-9.914466321336338,0.0,0.0,-9.409438198804805,7.1391679725645645,-5.953805154126126,-36.038519301552554,-21.82285238624024,-9.501961497954953,100.30056638849851,86.32006521481982,0.0,0.0,-20.585586781411415,-21.846379684870875,6.278608881552553,115.00199879371169,98.57127539631531,0.0,0.0
4.604604604604605,-3.330764547108109,-3.88705557577444,-3.3323133309966635,0.9367876901107774,0.9757871157617618,-0.3269952418508509,29.21383626738705,10.30136038523123,-1.4417991945595587,-32.229240232754414,6.5693927404928285,0.0,0.0,0.8958518747694362,-1.9732738152689344,-4.912793948850515,-96.47184593640841,-9.796788281345012,0.0,0.0,-9.451582912318987,7.184306847094428,-5.832455656579581,-35.878138841946274,-21.857450691521855,-9.452279190590923,100.26988876136872,86.31227131039307,0.0,0.0,-20.610424121041373,-21.82842044778679,6.272990053068069,114.82627385828027,98.57651115319885,0.0,0.0
4.704704704704702,-3.3277523225462127,-3.925106295584584,-3.3711659621381385,0.9365701047741073,0.9753296006666666,-0.32692333921721717,29.24717623207374,10.372560014398397,-1.4344909291211203,-32.56846995072572,6.7726669906706665,0.0,0.0,1.1064281780263558,-2.048292914869534,-4.942711156162829,-96.83706002103938,-9.679844967019356,0.0,0.0,-9.49360580338038,7.229295984031697,-5.709880765672006,-35.71620711523157,-21.891671646252256,-9.402261857132467,100.23846953935269,86.30543014598699,0.0,0.0,-20.63448420058358,-21.81047605829396,6.267445328656325,114.64977610027229,98.58177909013781,0.0,0.0
4.804804804804804,-3.325027024374375,-3.96291505364064,-3.4101917279459473,0.9363495953513514,0.9748756645545544,-0.3268516802362363,29.27954075747247,10.44362094883984,-1.4258028829819804,-32.90531206475275,6.976529378673675,0.0,0.0,1.3186435374984973,-2.1226228361211197,-4.971550246001,-97.19971704689289,-9.564310568415419,0.0,0.0,-9.535824601569567,7.273940575566566,-5.586555031712713,-35.55300400495796,-21.92590420832032,-9.351804948608606,100.20658877427928,86.29907374812413,0.0,0.0,-20.65804166553253,-21.79240665554655,6.262056368182182,114.47284963268166,98.58737869852152,0.0,0.0
4.904904904904905,-3.322456653690357,-4.000468159988323,-3.449285075748751,0.9361269665131798,0.974424247012012,-0.32678014657891225,29.311187137795464,10.51449980452119,-1.4162043325495481,-33.240662006262596,7.1817423818551855,0.0,0.0,1.5320316227527537,-2.1964869428648646,-4.999640008121122,-97.5604454510357,-9.449603410884219,0.0,0.0,-9.578211856204206,7.318207460051052,-5.462730264188186,-35.388796210781116,-21.960065684561563,-9.300966785943945,100.17432847511412,86.29313922688188,0.0,0.0,-20.681246459120125,-21.774323803009008,6.256868337389055,114.29561221484919,98.59281168441275,0.0,0.0
5.005005005005006,-3.321307908077744,-4.0378269160653995,-3.488405575851187,0.9359004720166834,0.9739758398401734,-0.32670911463430097,29.342794560511845,10.585037609257594,-1.4063213180623941,-33.57402183941942,7.391123228788129,0.0,0.0,1.7487568340737458,-2.2701052465598943,-5.026331919390057,-97.918393629653,-9.335291512352352,0.0,0.0,-9.619597940520856,7.362161657966633,-5.338187081089417,-35.22296966035235,-21.99367458703637,-9.24941809822022,100.14107693032966,86.28796357253253,0.0,0.0,-20.703565122814148,-21.75598380177978,6.252144428975976,114.1168339859159,98.59812170192292,0.0,0.0
5.1051051051051015,-3.3205578098878883,-4.07516013762963,-3.5276299971661667,0.935672402015015,0.9735292390070069,-0.3266381446436436,29.374050859145143,10.65551573486887,-1.3960309939779774,-33.90629304179681,7.602291305503511,0.0,0.0,1.9666484071261325,-2.3436468123243253,-5.052173846203203,-98.27496573140242,-9.220938185709706,0.0,0.0,-9.660779126192192,7.406026566908911,-5.213327702144142,-35.056209728449446,-22.027311233648653,-9.1975075953023,100.10717505121922,86.28287008615516,0.0,0.0,-20.725716330692695,-21.737511339272277,6.2473851906036035,113.93738880593693,98.603752631,0.0,0.0
5.2052052052052025,-3.319758036683684,-4.112223026613612,-3.5667325290844167,0.9354429740493828,0.9730860616506506,-0.3265676502465799,29.403940072858525,10.725397925658992,-1.3854207804220882,-34.23633361480981,7.8127484706800105,0.0,0.0,2.1853293516299623,-2.416686398446778,-5.07706218218585,-98.62939860753353,-9.107245894298968,0.0,0.0,-9.70220735374241,7.449505077477475,-5.088245939245581,-34.88881412973607,-22.060853320792123,-9.145449896254586,100.07355843789388,86.27801620727828,0.0,0.0,-20.747644144697365,-21.718981694677346,6.24290998960861,113.75778368858258,98.60868946425492,0.0,0.0
5.305305305305303,-3.319391027111444,-4.149061303817484,-3.605660504868203,0.9352117028001334,0.9726477870670671,-0.326498287318652,29.431635348865864,10.794729938902904,-1.3739233583626942,-34.56189315769036,8.022898812063069,0.0,0.0,2.4058823140410452,-2.4889241068008006,-5.100270547725726,-98.98051380136368,-8.994115051605606,0.0,0.0,-9.743400135051056,7.492772832102102,-4.962760910212209,-34.72051223042842,-22.09390382744411,-9.093249366052053,100.03992653457024,86.27380240125326,0.0,0.0,-20.7691734392696,-21.700021226023022,6.238394000793127,113.57769842512678,98.61387964971206,0.0,0.0
5.405405405405405,-3.3190600082432433,-4.185865685198197,-3.644449797936936,0.9349784275045044,0.9722128374594593,-0.3264296457657658,29.457912821324317,10.863922035873873,-1.3614218544684684,-34.88496779814413,8.233644379423419,0.0,0.0,2.6275259894144094,-2.5608500478198177,-5.122157922891891,-99.32985794636035,-8.88121648504505,0.0,0.0,-9.784905480702701,7.535953607405403,-4.836995056513516,-34.55114328114415,-22.12658203294594,-9.040724329261263,100.00577477420721,86.27022003585587,0.0,0.0,-20.790340475747747,-21.68083602708108,6.233797706342342,113.39722732518018,98.6194811193063,0.0,0.0
5.505505505505508,-3.3190498127847845,-4.222496078133133,-3.6830549462162168,0.934743326035035,0.9717819025392058,-0.3263621419182516,29.482342939502168,10.93272186213013,-1.3478754706986968,-35.20431020922622,8.444260372348344,0.0,0.0,2.85072267418485,-2.632148984549882,-5.1423917640607275,-99.67664892453354,-8.768667668508845,0.0,0.0,-9.826323490616948,7.578972029635301,-4.710863209944279,-34.380912895950615,-22.158883260510173,-8.987970530793126,99.971273408985,86.26787345572606,0.0,0.0,-20.811077186751085,-21.66135018914248,6.229210683576579,113.21613906842842,98.62529447057858,0.0,0.0
5.605605605605609,-3.3191193033583573,-4.259032559047382,-3.721707265508511,0.9345064237841176,0.9713544422585919,-0.32629479225892555,29.505578094942273,11.00135130457858,-1.3334678940754068,-35.52141221409144,8.65101928088022,0.0,0.0,3.0749662449112516,-2.703167962437773,-5.161672663986321,-100.02148875483886,-8.656450846618615,0.0,0.0,-9.867970927929598,7.621766692417085,-4.584430343545206,-34.20951379093526,-22.19119363971071,-8.93480659867801,99.93622393365334,86.26595202227527,0.0,0.0,-20.831735394819155,-21.641685065298297,6.224506523335334,113.03466170472272,98.63167739195197,0.0,0.0
5.705705705705703,-3.3194961077337326,-4.295551526415414,-3.7603161856116123,0.9342686806566565,0.970929030930931,-0.3262277511331331,29.52804571091291,11.069790975493495,-1.3189421814134128,-35.83668934567368,8.85569056618719,0.0,0.0,3.300156458042045,-2.774083188837838,-5.1801866491911905,-100.36487725271174,-8.544286390596598,0.0,0.0,-9.909397986804809,7.664541664522522,-4.457783227386384,-34.037581237004,-22.223343701755756,-8.88147851484985,99.90091578117519,86.264427538987,0.0,0.0,-20.852078676662664,-21.621906992559563,6.219918963209212,112.85256941545144,98.63820740921521,0.0,0.0
5.805805805805804,-3.3206771267667676,-4.331648325594927,-3.7988533123650305,0.93402860939673,0.9705067474180847,-0.3261614561658325,29.549699637891894,11.137495587827491,-1.3041245557267271,-36.14904515091757,9.057210446655322,0.0,0.0,3.527629995423755,-2.844440634807138,-5.19740760850884,-100.7056837506383,-8.432806252359029,0.0,0.0,-9.950220971279943,7.706873297879545,-4.3308107638011375,-33.86434371013547,-22.25513762330063,-8.82764744753687,99.8647765473467,86.26324257888021,0.0,0.0,-20.871770297424426,-21.60204227294895,6.2157795858274945,112.66936811183851,98.6448778683757,0.0,0.0
5.905905905905906,-3.3220307251985326,-4.36745331528762,-3.837298419850182,0.933787056738739,0.9700866347160494,-0.32609552832732736,29.570335611899896,11.204940584486152,-1.2885219649142472,-36.45911275954988,9.257733690894563,0.0,0.0,3.7560718042912904,-2.9143555518558544,-5.213944033878877,-101.04498879629696,-8.32189290300501,0.0,0.0,-9.991100453123455,7.748805170828827,-4.203779339347351,-33.690068457041384,-22.286897072144807,-8.773337418618286,99.82781487038504,86.26249653784885,0.0,0.0,-20.89136451982015,-21.582090435462796,6.211603763261264,112.48572910253854,98.65207458907574,0.0,0.0
6.006006006006006,-3.323686336242241,-4.4029652277597595,-3.875760854560562,0.9335434772802802,0.9696697186176175,-0.3260297168918919,29.589778693736736,11.272085519082085,-1.2720155196556548,-36.76622380477778,9.455186703206206,0.0,0.0,3.9859341238608605,-2.983785126002002,-5.229678192642643,-101.38219745375176,-8.211867604596597,0.0,0.0,-10.031960653109111,7.7902750873773785,-4.076411252621619,-33.51472078944043,-22.31854978866767,-8.718757503986987,99.79044970152853,86.26187347860059,0.0,0.0,-20.910805029614615,-21.562120100741744,6.207469986688687,112.30189301297796,98.65944582326026,0.0,0.0
6.106106106106109,-3.325159874882548,-4.438380917373038,-3.914160495675676,0.9332989036933599,0.9692562311231232,-0.32596448038838843,29.607291374134803,11.339084784685685,-1.2542780998168166,-37.0703278328672,9.649693727829492,0.0,0.0,4.21638008629996,-3.052864708280946,-5.244476062134802,-101.71759710850017,-8.102134071559565,0.0,0.0,-10.073258109169837,7.831565307820485,-3.9488702104801483,-33.33857897744345,-22.350014490856854,-8.66404109546947,99.7528697177334,86.26190145257624,0.0,0.0,-20.930291205885887,-21.54202773219453,6.203211196774108,112.11789142995397,98.66703140177945,0.0,0.0
6.206206206206202,-3.3266429742389065,-4.473535602054053,-3.952294675318318,0.9330528462922925,0.9688475256740073,-0.3259005572158825,29.622198295134467,11.405551398853854,-1.2352421786586585,-37.37025341535502,9.842717732336672,0.0,0.0,4.448127149425426,-3.1213021388685354,-5.257535156631297,-102.05016899098865,-7.993025927230565,0.0,0.0,-10.114772539199867,7.872593124187854,-3.8211196398538547,-33.16143891581682,-22.38109203328295,-8.609205194523524,99.71491323418986,86.26323059518685,0.0,0.0,-20.949415379396395,-21.521823636089422,6.199058224256925,111.93349349978311,98.67539505143912,0.0,0.0
6.306306306306305,-3.328114114672671,-4.508399652912915,-3.9899823121141167,0.9328058557567568,0.9684437407747748,-0.325837968033033,29.634408462948947,11.471368168792797,-1.2152288614414406,-37.66565964121021,10.034356184402409,0.0,0.0,4.680847401042049,-3.1889746142822846,-5.269028872720722,-102.37979804664566,-7.883938453576574,0.0,0.0,-10.156418248924927,7.913290445975977,-3.693393499378373,-32.9835950073063,-22.411919295297302,-8.554204962141139,99.67681892463364,86.26552764442343,0.0,0.0,-20.968471326732733,-21.50134310018919,6.194843508144143,111.74894180671473,98.68328747323423,0.0,0.0
6.406406406406406,-3.329993733976644,-4.542916720776775,-4.027547615179179,0.9325570399182517,0.968043978872873,-0.32577591023556896,29.644838422128466,11.53671714755155,-1.1944024785382055,-37.956851416197864,10.222552693750421,0.0,0.0,4.915251619714718,-3.2559496189476143,-5.279285948414413,-102.7066950681912,-7.776093896095098,0.0,0.0,-10.197842441107774,7.953547858677342,-3.5653938160230227,-32.80490575388755,-22.442634275451788,-8.499100963867866,99.63884040261162,86.26787618431565,0.0,0.0,-20.987321684221886,-21.480840014499837,6.190764914061733,111.5645277503053,98.69186704902334,0.0,0.0
6.506506506506509,-3.332058071921588,-4.576782600422422,-4.064675402084084,0.9323074394320987,0.9676498902308974,-0.3257148312409076,29.652139476922258,11.601119737836836,-1.1724901186072736,-38.24212422765866,10.407217474662659,0.0,0.0,5.1510340671704995,-3.3217351391388035,-5.288021780497163,-103.02971562419987,-7.669192414799802,0.0,0.0,-10.239071149802802,7.99300777612112,-3.4376308358898924,-32.62524627600468,-22.47331718904538,-8.443690107093094,99.6009303651635,86.27108589666533,0.0,0.0,-21.006441545411747,-21.460138681423427,6.186600287168836,111.38009380140906,98.70083095447447,0.0,0.0
6.606606606606607,-3.335179205403402,-4.609563766526526,-4.101170401396397,0.9320564680530529,0.9672631704774775,-0.3256554539489489,29.655835949999,11.663684875763764,-1.1497703030070052,-38.51912719084784,10.590245977207207,0.0,0.0,5.389868640834832,-3.385838693171171,-5.294828774373374,-103.34740498946246,-7.563271073578582,0.0,0.0,-10.279124897868872,8.031284111842842,-3.3100255035995994,-32.444835375081084,-22.50334599813113,-8.388053423646648,99.56342099844645,86.27514091918118,0.0,0.0,-21.02536098329229,-21.439242433243244,6.182911544321323,111.19562089032831,98.71005820177879,0.0,0.0
6.7067067067067025,-3.3387981158808797,-4.6417067740246925,-4.137023673343011,0.931804659602269,0.9668816241481482,-0.32559759054287624,29.656727528691356,11.724815899621287,-1.126978909095762,-38.79055418411311,10.774107859164163,0.0,0.0,5.630773972257923,-3.448878195384384,-5.299869782166833,-103.66148881150215,-7.458330313990993,0.0,0.0,-10.318618742759428,8.068900786989989,-3.1828855591224556,-32.263397902211544,-22.53269402741441,-8.332028077848182,99.52574727255289,86.28007669867266,0.0,0.0,-21.04414185687387,-21.41816147686253,6.179248168308641,111.01069170067167,98.72003919848582,0.0,0.0
6.806806806806803,-3.342637107366032,-4.673435106565564,-4.172443800970305,0.9315524349085754,0.9665028282188854,-0.3255406354454455,29.656064500649315,11.785106868612612,-1.104074162236903,-39.05886769563597,10.958352410021686,0.0,0.0,5.872678033660991,-3.511173614427759,-5.303970185147146,-103.97355520149615,-7.353343933308645,0.0,0.0,-10.357857587771772,8.10602169675075,-3.056014745645646,-32.08154167039807,-22.5619476442022,-8.275987692766435,99.48811357374407,86.28569618561997,0.0,0.0,-21.06310530370537,-21.396983938661997,6.175591886947283,110.82571375433834,98.7292207228792,0.0,0.0
6.906906906906906,-3.3463402315895907,-4.705059823338338,-4.2074815668368375,0.9312997480650651,0.9661255762682682,-0.3254842986966967,29.654313806653658,11.845119757667666,-1.081107932090092,-39.32557947774675,11.144127574975975,0.0,0.0,6.114881086338339,-3.57330750227027,-5.307300991005004,-104.28480887686688,-7.248358185118119,0.0,0.0,-10.397315145668669,8.14296280359159,-2.9294690536776775,-31.89905983298899,-22.591193606266263,-8.219716444028027,99.45001775452353,86.29167839168869,0.0,0.0,-21.082126384517515,-21.375729754869873,6.171799005248248,110.64057390584586,98.738603239003,0.0,0.0
7.007007007007006,-3.349660720097764,-4.736328589432764,-4.241861033772772,0.9310468401311311,0.9657523341781781,-0.3254293891758425,29.649481774198527,11.904721878522523,-1.0570118969132467,-39.587804638475475,11.333403207530532,0.0,0.0,6.3574493407213915,-3.6347603729335995,-5.309026692132797,-104.59392694530732,-7.143928062634302,0.0,0.0,-10.43721633397531,8.179536689884882,-2.8034504658201524,-31.71597827037804,-22.620105128827493,-8.16340538232232,99.41164759680213,86.2983712130287,0.0,0.0,-21.101403013604273,-21.354431420393063,6.167723271594263,110.45556883651584,98.7487052342466,0.0,0.0
7.107107107107109,-3.3527957268588593,-4.767272587518851,-4.275826197797464,0.9307937790830829,0.9653821248465132,-0.3253752881174508,29.642563657576915,11.963886302471805,-1.0322371726029358,-39.84683108317618,11.5242964948642,0.0,0.0,6.600377052687692,-3.6956055104587917,-5.3097467007133785,-104.90129428766434,-7.039982855074409,0.0,0.0,-10.477305741949952,8.21573673469069,-2.6777460997227225,-31.532504718959963,-22.648841499418083,-8.107068803267264,99.37325790006905,86.30557564727927,0.0,0.0,-21.120857343437436,-21.33314069573941,6.1634898543753796,110.27081008918383,98.75961720916283,0.0,0.0
7.207207207207209,-3.355913672993995,-4.797653655150151,-4.308984548345347,0.9305407103543544,0.9650185448948949,-0.32532292299399396,29.63184437526727,12.021795210894897,-1.0068774347597604,-40.09926501751652,11.714158531555558,0.0,0.0,6.844520241078081,-3.755149939840842,-5.308469365924925,-105.20438503987388,-6.937586875255256,0.0,0.0,-10.517240158609612,8.251395892348349,-2.5523863863033016,-31.3489720434985,-22.677209833843843,-8.051237986918917,99.3359096113874,86.31347269279581,0.0,0.0,-21.140274425285284,-21.311789414162163,6.159417360216215,110.0863044802943,98.7715674447868,0.0,0.0
7.307307307307307,-3.3591361467247247,-4.827490552513178,-4.341391123112112,0.9302880732018686,0.964661081602269,-0.32527202666866867,29.617488195483485,12.07848311155789,-0.9811614153420068,-40.3453957011982,11.903567635977314,0.0,0.0,7.0897767569449455,-3.813608062729395,-5.3054961345745735,-105.50360414000833,-6.836355799875212,0.0,0.0,-10.556824044528863,8.286483991476143,-2.4273975605662326,-31.16537052696296,-22.705095374845513,-7.99542243901368,99.2993804550267,86.32185865145613,0.0,0.0,-21.159550064401735,-21.29039425027227,6.155755952993995,109.90214747545645,98.7837452240931,0.0,0.0
7.407407407407405,-3.362451220580245,-4.856774721432099,-4.373063962617284,0.9300352353703705,0.9643088784197531,-0.32522259761728395,29.60014099782716,12.133903411098764,-0.9552727354691358,-40.58618888425926,12.094034490172836,0.0,0.0,7.336223237172834,-3.871047185827159,-5.301032728876544,-105.7996414723827,-6.735635792098769,0.0,0.0,-10.596212183444447,8.32094826476543,-2.3028899679506187,-30.981293304543208,-22.732645634419754,-7.9395019528642,99.26322232323456,86.33084463985185,0.0,0.0,-21.178733022604938,-21.26889929297531,6.152278175629628,109.7181760284321,98.79643053071604,0.0,0.0
7.50750750750751,-3.3657475050740735,-4.885377852492493,-4.4041134770990995,0.9297824181691692,0.9639614146226225,-0.32517433514814814,29.57963392172973,12.188167492603606,-0.9289221349039037,-40.821691807512515,12.286987953167174,0.0,0.0,7.5836755227167245,-3.9273829887887906,-5.295295463636635,-106.09253786320521,-6.635570868735732,0.0,0.0,-10.635516451087087,8.354589373385386,-2.1790146771041004,-30.796330455527528,-22.759893673754753,-7.8831988249869855,99.22683977715816,86.340530707995,0.0,0.0,-21.198267801914916,-21.24730128711612,6.148579591447447,109.53440819238537,98.80991401373373,0.0,0.0
7.607607607607608,-3.3690454852212213,-4.913050992686687,-4.43443209650851,0.9295296544864866,0.963619412142142,-0.3251274786876876,29.555039172506845,12.241247483039038,-0.9015778278888886,-41.050345572615285,12.485070617184851,0.0,0.0,7.832440194747413,-3.9822538054040697,-5.2880084467253905,-106.3818147230614,-6.536184178299637,0.0,0.0,-10.67464859371972,8.387155982431432,-2.0557762485885887,-30.610797524727065,-22.786501923419088,-7.826999794621289,99.19063931507876,86.351441926001,0.0,0.0,-21.21831938474508,-21.225848316899903,6.144696262247582,109.35125066240907,98.8235191763954,0.0,0.0
7.707707707707714,-3.372255002447781,-4.940118542631298,-4.463978417900235,0.9292774889409408,0.9632815165225225,-0.32508201821187854,29.527143260390392,12.293303127660996,-0.8735578107340658,-41.273773275866546,12.68731980115216,0.0,0.0,8.081992551852533,-4.036113925689358,-5.2792249233036355,-106.66824561560395,-6.437356413624289,0.0,0.0,-10.713574659699367,8.4190647828325,-1.9332777640707313,-30.424758712958955,-22.81298274160694,-7.770725849210206,99.1544348439503,86.36320758855557,0.0,0.0,-21.238833858445112,-21.20438332520954,6.140843994030368,109.16824786975107,98.83695045875709,0.0,0.0
7.807807807807803,-3.3755098371000996,-4.966798170477475,-4.49279060206106,0.9290251682232233,0.9629474371631632,-0.32503796700100096,29.496457564100105,12.344554565126122,-0.8452332550430434,-41.49239003708008,12.891124295673663,0.0,0.0,8.332544119435422,-4.089285757145142,-5.2688979867467465,-106.95229420866265,-6.339104826805813,0.0,0.0,-10.752314372501502,8.450564665207205,-1.8113132624144197,-30.23846946590992,-22.839201819623618,-7.714610887393394,99.11842675883983,86.37576447189188,0.0,0.0,-21.259520638598598,-21.18296186616116,6.137079990182183,108.98567497105105,98.85118886094594,0.0,0.0
7.9079079079079095,-3.3788286274617954,-4.992877785013347,-4.520872755694361,0.9287732342002002,0.9626188906820154,-0.32499522275308645,29.462285547172836,12.394697166799798,-0.8162820330513858,-41.70501096393359,13.095914094902568,0.0,0.0,8.584093291171168,-4.141346353293626,-5.257195362623623,-107.23277662907807,-6.241303851978312,0.0,0.0,-10.79074891956757,8.481337642975642,-1.6899329798121467,-30.05197260465399,-22.865260493908245,-7.65857855879346,99.08310084872673,86.38880343513782,0.0,0.0,-21.280673789028693,-21.1615566264638,6.133295732338338,108.80406419967935,98.86581808962197,0.0,0.0
8.008008008008007,-3.3820466995121783,-5.018417248711045,-4.548282600923259,0.928521519281615,0.9622965965485486,-0.32495382531297967,29.424535922467136,12.443580196001337,-0.7870088328294935,-41.9117012562596,13.299770479676345,0.0,0.0,8.836537044985322,-4.192348459047048,-5.243921002380381,-107.5093339981598,-6.14421477176243,0.0,0.0,-10.829155825446113,8.511546891728061,-1.5689653203803777,-29.86527155662896,-22.89090705358225,-7.602803722232231,99.04864080355657,86.40207386145346,0.0,0.0,-21.3018431715956,-21.14020095152953,6.129625810262931,108.6230020392853,98.88149358795195,0.0,0.0
8.108108108108112,-3.385314999279278,-5.043417813234233,-4.575141802594593,0.9282709350540539,0.9619793326846848,-0.32491324432432434,29.383828485099098,12.491445717360358,-0.7574164337567575,-42.11326161018919,13.502610075756753,0.0,0.0,9.089523955477473,-4.242268704702701,-5.229894143819819,-107.78240850735135,-6.047771068261263,0.0,0.0,-10.867196683576578,8.541091467738736,-1.4485003053333354,-29.67867863420721,-22.916443493666666,-7.547194385423424,99.01520077974774,86.41595983181983,0.0,0.0,-21.323578954558556,-21.118832235243246,6.12597360546847,108.44282749472973,98.89666504308109,0.0,0.0
8.208208208208209,-3.3887209307604267,-5.0676922294651305,-4.601197612316315,0.9280209671374708,0.9616670907607607,-0.32487385454454454,29.34022384738005,12.538077517780444,-0.7276344262916262,-42.30959506682048,13.703422865704033,0.0,0.0,9.343497155487821,-4.29096165770804,-5.214692189094761,-108.05205885170903,-5.952316157015017,0.0,0.0,-10.904814281347015,8.569881557881882,-1.32878365538105,-29.49218619639172,-22.941475772540535,-7.491921960895563,98.98241457851384,86.43058471927561,0.0,0.0,-21.345683665629625,-21.097560090325324,6.122186677453123,108.26309235450518,98.91180726614081,0.0,0.0
8.308308308308309,-3.392580040995329,-5.091150094127128,-4.6262638949079085,0.9277717361778445,0.9613617585398732,-0.32483586953119786,29.292496059166496,12.58315519128195,-0.6976748471668328,-42.497862207724395,13.901278253499836,0.0,0.0,9.599117549491499,-4.338218075714383,-5.1977663777884535,-108.31680840298668,-5.85792748455255,0.0,0.0,-10.941513776737406,8.59777348098999,-1.2098047090023325,-29.305735909362358,-22.965944856155488,-7.437033899185183,98.95055837030898,86.44619731009976,0.0,0.0,-21.368288401430096,-21.076303607206544,6.118204310814816,108.08469229699733,98.92776802946614,0.0,0.0
8.408408408408405,-3.396617902130129,-5.114120579505505,-4.650681729644645,0.9275232269599598,0.961060910036036,-0.32479882081881883,29.24210145405105,12.627218359746745,-0.6677158241761747,-42.68125263321822,14.097475119844844,0.0,0.0,9.855548423877874,-4.38461879976977,-5.179744969791792,-108.57859108579578,-5.764131155196197,0.0,0.0,-10.977734235677682,8.625101658205203,-1.0914435334364365,-29.11928576138839,-22.99006952602302,-7.3820428555655635,98.91921707838438,86.4620477771862,0.0,0.0,-21.391221573665664,-21.0549383626977,6.114186824923926,107.90702550172372,98.94425545235936,0.0,0.0
8.50850850850851,-3.400805957808141,-5.136660670913912,-4.6744720254891545,0.9272753086449782,0.9607639670226893,-0.3247627233269937,29.189246597485823,12.670350894862526,-0.6377650960744096,-42.860214522379366,14.291740882195516,0.0,0.0,10.112755971813462,-4.4303615533500125,-5.160574973820823,-108.83791405188587,-5.6704357672846255,0.0,0.0,-11.013550056587587,8.651960053356685,-0.9737261654658071,-28.932992110169852,-23.01385504612212,-7.327111798267938,98.88867572227628,86.47825959355154,0.0,0.0,-21.41446926914681,-21.033639253045713,6.1101672488488505,107.73020798591392,98.96124596531031,0.0,0.0
8.608608608608607,-3.404981711495161,-5.158758071385384,-4.697630634673006,0.9270280251398064,0.9604707137701034,-0.32472765262429093,29.133922777954297,12.712557522954285,-0.6074211764798149,-43.034982458244244,14.484475140707364,0.0,0.0,10.370607328226548,-4.475270665683014,-5.140307867679011,-109.09481497909374,-5.577144201843182,0.0,0.0,-11.049114941001,8.678298799126459,-0.8567310359389444,-28.746563779218558,-23.03762550371905,-7.272292324022691,98.85878994194027,86.49489690301935,0.0,0.0,-21.438250867402065,-21.012345134902574,6.106100348553889,107.55397603704039,98.97834929976776,0.0,0.0
8.708708708708713,-3.4089126205475466,-5.1800680050110115,-4.719649239190191,0.9267814557267267,0.9601836192802802,-0.32469437902902903,29.07440064005005,12.75330505695996,-0.576667334016016,-43.20290054327627,14.674555024986983,0.0,0.0,10.629282336948943,-4.518693370218218,-5.118285686303304,-109.34785785533634,-5.484315996047049,0.0,0.0,-11.084627561506506,8.703745960733732,-0.7409781752112133,-28.559771458889895,-23.061142508112113,-7.217851201388389,98.82944955883282,86.51260116306906,0.0,0.0,-21.462864601070066,-20.99117437918819,6.101721818798798,107.37885419845045,98.99624524811813,0.0,0.0
8.80880880880881,-3.4126736490600598,-5.200815426433431,-4.740933051223222,0.9265355645015015,0.9599015296156157,-0.32466228134701364,29.011405254864535,12.792989346598596,-0.5454992542288956,-43.36520374534969,14.86334111805706,0.0,0.0,10.888701789796462,-4.561067188488821,-5.094920305724391,-109.59774647720319,-5.392324246336669,0.0,0.0,-11.119995768037708,8.72856258340941,-0.625785987664331,-28.373199580289953,-23.08408224166333,-7.164126790942942,98.80105882531132,86.53109210164865,0.0,0.0,-21.487868014674675,-20.970235755652656,6.097456330111781,107.20463494917817,99.01482826962595,0.0,0.0
8.90890890890891,-3.416531773378046,-5.220771386010009,-4.761516188034699,0.9262904308712046,0.9596247321241241,-0.324630886997998,28.94527158331698,12.8315058589356,-0.5141071357727742,-43.52189895258959,15.049293999381382,0.0,0.0,11.148919073786795,-4.602218469799132,-5.070654509014679,-109.84393001553288,-5.300941709090756,0.0,0.0,-11.15493848657057,8.75238751466333,-0.5113509882782766,-28.186648547561894,-23.10657322756723,-7.1107608936843505,98.77333503662064,86.5503852297771,0.0,0.0,-21.51360572316616,-20.949564691422424,6.092845369216553,107.0316889190804,99.03395574235702,0.0,0.0
9.009009009009006,-3.4204312116216213,-5.240332343588587,-4.781472802102102,0.9260465298708709,0.9593518034384385,-0.32460035264864867,28.876723428432435,12.869091924312311,-0.4828400295975973,-43.674386190381384,15.234003128606606,0.0,0.0,11.409569353885885,-4.642685416414413,-5.045464399123123,-110.08752058523123,-5.210146893114118,0.0,0.0,-11.189438471570572,8.775844125804806,-0.3973949299459466,-28.000524734252252,-23.128690895054053,-7.057603455423423,98.74634503849248,86.57003192217717,0.0,0.0,-21.53954895408709,-20.928977251153157,6.0884523613093116,106.85936070755255,99.05275070232132,0.0,0.0
9.109109109109111,-3.4241986172375705,-5.259069233423423,-4.800207549223224,0.9258050991087753,0.9590860983263264,-0.324571444610277,28.803773091338,12.904838538566233,-0.45190812306940203,-43.81968257606006,15.41643506443277,0.0,0.0,11.670579044143478,-4.681814530747081,-5.018587192180847,-110.32645261099633,-5.120151551941942,0.0,0.0,-11.22339439187621,8.798542985577244,-0.28450423582615814,-27.815208255875206,-23.150048251956623,-7.004678887388719,98.72077280509843,86.58989625561495,0.0,0.0,-21.565816938378042,-20.908599979737737,6.08444544512813,106.68814128464831,99.07099437532231,0.0,0.0
9.20920920920921,-3.427946454559893,-5.276932877316315,-4.817663564806472,0.9255661581705038,0.9588285163266601,-0.32454438764998333,28.72575488558025,12.938610265093093,-0.4209487366569917,-43.956525937880876,15.595751064590251,0.0,0.0,11.932456435831488,-4.719131356785784,-4.989927692460794,-110.55992567520852,-5.030238853591929,0.0,0.0,-11.256624412806472,8.820250678851185,-0.17288680672506188,-27.630325932850525,-23.171121543401068,-6.952180000050719,98.69687945203036,86.61011622534235,0.0,0.0,-21.59305991132265,-20.888341188552886,6.080474613919588,106.51856637436637,99.08906523298265,0.0,0.0
9.309309309309315,-3.4315823100200182,-5.294241407989991,-4.834622141544546,0.9253276999859861,0.9585763642352353,-0.32451804526226224,28.644652529136135,12.971373793967967,-0.38952164360860614,-44.0882918342913,15.770433000238238,0.0,0.0,12.194935801543545,-4.755332922746747,-4.960384842262263,-110.78999976843245,-4.940532260307306,0.0,0.0,-11.28977661580781,8.8411814011011,-0.0618770276326309,-27.445249352629624,-23.19208837290891,-6.899947339041039,98.67391665845845,86.6306615345115,0.0,0.0,-21.620946805122124,-20.868110425260262,6.076037475702702,106.35038660478679,99.10864927985286,0.0,0.0
9.409409409409404,-3.434968692651317,-5.31108684660594,-4.851046842022024,0.9250900340360358,0.9583294375658993,-0.32449243263129796,28.560779186883885,13.003184547089424,-0.3579701018531854,-44.215781404417086,15.943360697294299,0.0,0.0,12.457701388549555,-4.790491548300302,-4.930052712618284,-111.01683685132699,-4.851639943854186,0.0,0.0,-11.322979947404075,8.861535926577577,0.04868964033033381,-27.260554927519514,-23.212579778230896,-6.848358231936267,98.6520187515442,86.65164035536905,0.0,0.0,-21.64932734791224,-20.848065135925594,6.071184689722056,106.18377112218886,99.1290582997661,0.0,0.0
9.509509509509515,-3.4383121255281948,-5.327614421741741,-4.8671356222966295,0.9248528909813147,0.9580858578415082,-0.32446705896863526,28.47512519197097,13.034433144718719,-0.3265403192152147,-44.340307148981985,16.11504978323824,0.0,0.0,12.720720184537873,-4.825009847850851,-4.8993294282872855,-111.2414860390267,-4.7629912665849155,0.0,0.0,-11.356074425389057,8.88140000038939,0.15893769793160012,-27.075833350554554,-23.232988463761764,-6.796928220116783,98.63080066288154,86.67309492305672,0.0,0.0,-21.678097540913917,-20.828129758446114,6.06612023413013,106.01826438197763,99.14990363728363,0.0,0.0
9.609609609609608,-3.4417293003343348,-5.343368488632632,-4.881976141959959,0.9246173910280282,0.9578480726556556,-0.324442991034034,28.385716872664666,13.064133855454452,-0.2953573110350357,-44.45824864377478,16.28424251626727,0.0,0.0,12.98462507398599,-4.8581683273093095,-4.866835728301299,-111.4620960913924,-4.674844898068068,0.0,0.0,-11.388462412689693,8.900435451398398,0.26797288560861016,-26.891752132503502,-23.25285150143143,-6.746153521848846,98.61106132255256,86.69507646005806,0.0,0.0,-21.707641228076074,-20.808614640054056,6.061163910224225,105.85455513825625,99.17039633057558,0.0,0.0
9.70970970970971,-3.445355318151484,-5.358364746675342,-4.89559756495896,0.9243841345522188,0.9576164815382049,-0.3244202930977644,28.292473882660328,13.092255647723722,-0.26449440874040736,-44.56938948677944,16.450609891989654,0.0,0.0,13.249397597843844,-4.889916164523522,-4.832676708345679,-111.67821526054186,-4.5869470448728755,0.0,0.0,-11.419866087630632,8.918634211002335,0.3757843241047708,-26.708288031704704,-23.27242928676143,-6.695675218425758,98.59282940448082,86.71722842497397,0.0,0.0,-21.738048325773104,-20.78931689482382,6.0563913267847855,105.69262387554188,99.19036212691557,0.0,0.0
9.80980980980981,-3.449258994221554,-5.372478322849182,-4.907961582918253,0.9241525769699701,0.9573908413783784,-0.3243994915495495,28.19539322238372,13.118639943218886,-0.23384116325692422,-44.6734840508692,16.6127569197404,0.0,0.0,13.515425309253908,-4.920023671981981,-4.796833920800468,-111.8900919364738,-4.499200772101105,0.0,0.0,-11.450279102308976,8.935961316008008,0.4822949568685311,-26.525583699853854,-23.291542435679343,-6.645974616739073,98.5761405441695,86.74002408413381,0.0,0.0,-21.769355607340007,-20.770326672534868,6.051708217055724,105.5323375361268,99.20998967779045,0.0,0.0
9.90990990990991,-3.453445142147147,-5.385408282579581,-4.91918367721922,0.9239231919279278,0.9571737923153153,-0.3243801115675675,28.0939529873964,13.142747652084083,-0.2032588463363359,-44.76995524093694,16.771276932981984,0.0,0.0,13.782760947840842,-4.948174220165165,-4.759610725219218,-112.09601164451351,-4.4118464561741755,0.0,0.0,-11.479582262801802,8.952000643252251,0.5878134596126126,-26.34467242098799,-23.309407136528527,-6.597995440873872,98.5625255587958,86.76372316051952,0.0,0.0,-21.80162411428529,-20.752082972969973,6.04701009407808,105.37528877561563,99.23025517478679,0.0,0.0
10.010010010010012,-3.4576368106553206,-5.397688548814483,-4.929957151337005,0.9236952895702369,0.9569613900834166,-0.3243612552482482,27.990351319646976,13.1656900740961,-0.1727480495271903,-44.86297753544946,16.928265880394406,0.0,0.0,14.050264603590602,-4.975272525582918,-4.7219189534587915,-112.2987752189413,-4.324700778150811,0.0,0.0,-11.508497951329334,8.967277778549883,0.6928243950927653,-26.16443833510642,-23.32684128068035,-6.550476656571901,98.55036286099633,86.7878149614281,0.0,0.0,-21.834410895137143,-20.73403012775242,6.042130420028695,105.2198100150674,99.25117202857192,0.0,0.0
10.110110110110112,-3.461834089619953,-5.409429688901234,-4.940225139608275,0.9234687670467135,0.9567527799259258,-0.3243429236459793,27.884794593635643,13.187718895403401,-0.14211289840240332,-44.9527836314321,17.08368136335168,0.0,0.0,14.318027423009335,-5.00136011845779,-4.683638891267267,-112.49870667819519,-4.238120674213216,0.0,0.0,-11.537032728477813,8.981953608154821,0.7972798370056692,-25.984668315725393,-23.344036616095757,-6.503441926127128,98.53928832203437,86.81207681655123,0.0,0.0,-21.867731189388387,-20.71617353072039,6.0371357549062425,105.06547178393362,99.27208822101802,0.0,0.0
10.210210210210203,-3.4661100558128135,-5.4203514172542535,-4.949776471331331,0.9232445914274274,0.956550461885886,-0.32432517325525523,27.776185762501502,13.208272405194194,-0.11147088032532597,-45.03737562583884,17.236575427354353,0.0,0.0,14.586004051716717,-5.025911378345344,-4.644773595662661,-112.69431493367567,-4.152132063446448,0.0,0.0,-11.564863967600598,8.995631787594593,0.9009585092562556,-25.805816236969974,-23.360767094385388,-6.456887759806806,98.52997212862664,86.83625019911311,0.0,0.0,-21.901950659585584,-20.698732233696695,6.0321062098618645,104.91346882779581,99.29257187071771,0.0,0.0
10.310310310310314,-3.470350385741741,-5.430793749851851,-4.9588858985231905,0.9230213834224225,0.9563510646856856,-0.32430783077477476,27.665989497677344,13.22806276392993,-0.08078924872639175,-45.11936519389957,17.388587595182184,0.0,0.0,14.854122838312312,-5.049625089665332,-4.605407683312647,-112.88783031141944,-4.066803094704037,0.0,0.0,-11.592446382699034,9.008763459627962,1.004128128964965,-25.627307162454787,-23.377228607065064,-6.410598947478142,98.52129083219351,86.86037081946414,0.0,0.0,-21.93660881955522,-20.681520498557557,6.02693039754688,104.76239072179612,99.31292646105206,0.0,0.0
10.410410410410405,-3.474620353419085,-5.440603137742077,-4.967354805513182,0.9227992437060394,0.9561551438601935,-0.3242911719346012,27.553889775902242,13.246812428006674,-0.05027991161194447,-45.198065365501165,17.539703224420414,0.0,0.0,15.122521418941608,-5.072232370804139,-4.565359340529197,-113.07891627787254,-3.9819930128842187,0.0,0.0,-11.61964241240307,9.021166958530864,1.1064834011431428,-25.44914298308308,-23.39341034129663,-6.36449613281281,98.51340708827661,86.88462292421788,0.0,0.0,-21.971869370553552,-20.664575172186854,6.021582627567235,104.61247993523122,99.33286233394394,0.0,0.0
10.510510510510517,-3.4789245553323314,-5.4498031328088095,-4.975119060427427,0.9225784231031031,0.9559641078188189,-0.32427531635535534,27.439242282003004,13.264257179637639,-0.020218582543545117,-45.27238148244144,17.689186781023018,0.0,0.0,15.39144700053653,-5.093703726536537,-4.524394773453453,-113.26661803287087,-3.8976230440991015,0.0,0.0,-11.646352354467469,9.032910098962963,1.2081625274344323,-25.271802341513517,-23.409090102854854,-6.319188606739741,98.50695371455755,86.90902558735334,0.0,0.0,-22.0077985288028,-20.647998945853853,6.0159997324064065,104.46445521155556,99.35288928891691,0.0,0.0
10.610610610610607,-3.4833411436696684,-5.458482348022023,-4.982148130723057,0.9223592132068736,0.95577748698999,-0.32426020317083754,27.322144312655656,13.28054149250317,0.009488073262596508,-45.34248735237771,17.83757334794862,0.0,0.0,15.660923022428761,-5.114244581097099,-4.482368066246913,-113.45107515130664,-3.813931526782782,0.0,0.0,-11.672419348072742,9.04411720840574,1.3090883455735745,-25.095232811347344,-23.424235613045376,-6.274382374836167,98.50174782608642,86.93339459862895,0.0,0.0,-22.044304423656655,-20.631666713015015,6.010384034830498,104.31789593678813,99.37266821392726,0.0,0.0
10.710710710710703,-3.488148658878879,-5.466329355261261,-4.987577012391057,0.9221418617844511,0.9555979802996329,-0.32424702715615616,27.201300078749746,13.294837430516854,0.03828542453887511,-45.40556724459093,17.984348921023365,0.0,0.0,15.931801639950294,-5.133070058678346,-4.438379640631965,-113.63017709514415,-3.7306558318168137,0.0,0.0,-11.697332314806808,9.054427126612612,1.4083842085245273,-24.919409201502162,-23.43886959389356,-6.230417670390723,98.49839700253152,86.9586357961465,0.0,0.0,-22.081814864679018,-20.615785289715713,6.004676275211544,104.17402053627393,99.3925921715322,0.0,0.0
10.81081081081081,-3.492925155072072,-5.473410820468469,-4.992242013747748,0.9219269234684685,0.9554245847207208,-0.3242343855495496,27.07751639802702,13.30779694775676,0.06714014567567608,-45.46384123,18.130883102198204,0.0,0.0,16.202705781783784,-5.150362746567568,-4.393733538540539,-113.80502673450451,-3.6480281286846834,0.0,0.0,-11.721652549423425,9.063807783225226,1.5068658877747771,-24.744592724153147,-23.453111813351352,-6.187171585090089,98.49701926836038,86.98379470972073,0.0,0.0,-22.120358775405407,-20.60044956220721,5.998852980198199,104.03265023734234,99.41226556481082,0.0,0.0
10.910910910910905,-3.4976115295528856,-5.479770630477144,-4.996317374406406,0.9217143157460793,0.9552573048748748,-0.32422212421921925,26.950966712455447,13.319466948420754,0.09613260015949336,-45.51785656476844,18.2756317911585,0.0,0.0,16.473630154343358,-5.166297675679681,-4.348514701602934,-113.97555054745813,-3.566502281101098,0.0,0.0,-11.7454700004995,9.072316527303972,1.6048702949159206,-24.57113425835101,-23.466718743882886,-6.145031576056385,98.49771015267768,87.00885255365566,0.0,0.0,-22.159696535287953,-20.585673621614283,5.992940043888557,103.8939354641695,99.4320916826243,0.0,0.0
11.011011011011016,-3.5033445576556552,-5.484914637349684,-4.999334006369037,0.9215039840387055,0.9550954033350016,-0.32421109352318983,26.82209920169803,13.329104051751084,0.12423100669269305,-45.56634082455455,18.419568057110112,0.0,0.0,16.746275197666336,-5.18025041764598,-4.302380604909576,-114.14124099520454,-3.4856949830493824,0.0,0.0,-11.767234088276611,9.079490781242242,1.7016235468331673,-24.399179547330995,-23.47982436054221,-6.103763356732398,98.50104231329563,87.0341493145896,0.0,0.0,-22.20005963549416,-20.57138915906406,5.987125327292292,103.7580061677858,99.45198661109477,0.0,0.0
11.11111111111111,-3.509584297851851,-5.489202906185186,-5.001395328666668,0.9212956742592592,0.9549383945185184,-0.32420104485185186,26.6909763634074,13.337149513481483,0.1514420637777787,-45.61016128951853,18.56268251088889,0.0,0.0,17.019730344962962,-5.192701490074074,-4.255293338481482,-114.30305638311111,-3.40579627474074,0.0,0.0,-11.787703610555557,9.08581483725926,1.7974768895555566,-24.228898541,-23.49208813440741,-6.063679511185183,98.50675961014814,87.05971138348148,0.0,0.0,-22.241327225592592,-20.557772770000003,5.981340059518519,103.62500009862963,99.47037188714816,0.0,0.0
11.211211211211218,-3.516129750122789,-5.493000866508509,-5.0028883173276615,0.9210888782318987,0.954785476998999,-0.32419167835001667,26.558038520724057,13.344152571654323,0.17842811740040085,-45.650503208505505,18.705284833779448,0.0,0.0,17.29379724778645,-5.20408450556423,-4.207559146472472,-114.4617067450367,-3.3259834132499173,0.0,0.0,-11.807364962804805,9.091605311217885,1.8927450423750418,-24.05955587046346,-23.50404683484251,-6.024378259277944,98.51419836790824,87.08544227573273,0.0,0.0,-22.283292001391057,-20.544378378795127,5.975431071435436,103.49389603898733,99.48835905252753,0.0,0.0
11.311311311311313,-3.5227485923650312,-5.496032057502168,-5.003322445660326,0.9208846092589257,0.9546395809949949,-0.32418301065632293,26.42195965737036,13.349585561349016,0.2054515970870884,-45.68562930727961,18.847305080764098,0.0,0.0,17.568333575905246,-5.213822032507508,-4.158626532404069,-114.61523667779079,-3.246421900305303,0.0,0.0,-11.826183311285288,9.096459947976978,1.986889246116786,-23.89151796713513,-23.515490076335674,-5.986041221590589,98.524112254325,87.1113131701388,0.0,0.0,-22.32621676494495,-20.531479893052385,5.969317846139473,103.36580291311945,99.5066673818889,0.0,0.0
11.411411411411406,-3.529355726587587,-5.498758144654655,-5.003476081546546,0.9206809981981982,0.9544957918528528,-0.32417454306206206,26.284930251424424,13.354490985018018,0.23248980572372316,-45.71921998348248,18.98900203924925,0.0,0.0,17.843000144147148,-5.222987909093093,-4.109395524877877,-114.76721544991392,-3.167058993925927,0.0,0.0,-11.84481519224825,9.100956974209211,2.080751623492493,-23.723867053660662,-23.526725935296298,-5.948085698425425,98.53473591948749,87.13718080967367,0.0,0.0,-22.369453335239236,-20.518796957264264,5.963121341172173,103.23864598501402,99.5252439212953,0.0,0.0
11.511511511511516,-3.5358745546276276,-5.500631765514848,-5.003109913987655,0.9204797497951283,0.9543577548138138,-0.3241665151581582,26.14546635555655,13.357980743064065,0.2593415273226564,-45.7490071779673,19.130256446292627,0.0,0.0,18.11748619993094,-5.230866461150152,-4.060190855849848,-114.91510642758126,-3.0888338712252237,0.0,0.0,-11.863000271096096,9.104403184143811,2.1740144192148843,-23.557258061083413,-23.537493575969638,-5.910659119275941,98.54693914806606,87.16274935352688,0.0,0.0,-22.41350275580247,-20.506797527883215,5.957008288461797,103.11396610886686,99.54445556296464,0.0,0.0
11.611611611611607,-3.542586298080414,-5.5017497827110455,-5.001994350883885,0.9202808921017682,0.954225377988989,-0.3241588456219553,26.00372094721488,13.360074752584586,0.28583562538438523,-45.77439852729329,19.269711640422088,0.0,0.0,18.392128305523862,-5.237438192533867,-4.010247198167167,-115.05894536519887,-3.012060731232899,0.0,0.0,-11.88032912538839,9.107016903220218,2.266591821283618,-23.39243608389489,-23.54729891814314,-5.874310456580244,98.561324309659,87.18813773541575,0.0,0.0,-22.45849390090991,-20.495646531921256,5.950940758407408,102.99227299067634,99.56227082033766,0.0,0.0
11.711711711711718,-3.549520689294294,-5.50239709727027,-5.0003075965165165,0.9200841762102103,0.9540976866006007,-0.3241515568948949,25.86013047927928,13.361203300867867,0.3120577811501496,-45.796280034147145,19.407361683054052,0.0,0.0,18.666928336012006,-5.242998449069069,-3.959759316471471,-115.19916951748348,-2.9363595976846857,0.0,0.0,-11.896862048147147,9.109105536066068,2.3586054020480463,-23.228780587834837,-23.55676703227327,-5.838769728186184,98.57754422572972,87.21326336562163,0.0,0.0,-22.50430812742643,-20.484896134339333,5.94468151397898,102.87297557165166,99.57993968985585,0.0,0.0
11.811811811811811,-3.5572634794280944,-5.502074840571572,-4.997724892765098,0.9198909569169167,0.953976654138138,-0.3241449454407741,25.71398374123923,13.360719753340007,0.33815793946346473,-45.81258961822556,19.54197278214615,0.0,0.0,18.942675997351692,-5.2467729295809145,-3.9085791238978964,-115.33362796053254,-2.861991920371035,0.0,0.0,-11.911459038935604,9.110201027628628,2.4497231441021055,-23.06739443965665,-23.565498894984653,-5.804848081050047,98.59700807953988,87.23858291575876,0.0,0.0,-22.55151934444111,-20.474962967087418,5.938529662511178,102.75760675329263,99.59616576956023,0.0,0.0
11.91191191191191,-3.5656026870083415,-5.50120922654421,-4.994814536587587,0.9196994212739404,0.953859370672339,-0.32413873705105106,25.56648463277177,13.359254622473808,0.36389078305638967,-45.82566330953019,19.67549022481649,0.0,0.0,19.21912193324959,-5.249510164718385,-3.8571847857150465,-115.46473272999499,-2.788451482606604,0.0,0.0,-11.924890933624624,9.110716379769102,2.540583884333002,-22.907330961527855,-23.573834934009344,-5.77192935734034,98.61837534143343,87.2637094615779,0.0,0.0,-22.59944345130564,-20.465376632584917,5.932301148073408,102.64443325148882,99.61101445048348,0.0,0.0
12.012012012012011,-3.5742271899949953,-5.499719949477478,-4.991368638885886,0.9195094233903903,0.9537457017447446,-0.32413303942542543,25.417677494210206,13.356716943798798,0.3892965701211222,-45.836038084741745,19.80814208881782,0.0,0.0,19.495874069487492,-5.251180694934935,-3.805475574380381,-115.59285742522722,-2.7154731997837818,0.0,0.0,-11.937557687154156,9.110523498053054,2.6308032960080086,-22.7482367726026,-23.581830855922924,-5.739537414263261,98.64112608592691,87.28872302152352,0.0,0.0,-22.64800045584885,-20.456226649655655,5.925890572427429,102.53324093257956,99.62559582132432,0.0,0.0
12.112112112112111,-3.5832620848088093,-5.497390731794796,-4.986961224997666,0.9193207525108441,0.953636586704371,-0.3241282909245912,25.267340149619283,13.352529920300302,0.41392339025024993,-45.84305790378044,19.93984374935669,0.0,0.0,19.773435472858864,-5.251349715415751,-3.7528666067043694,-115.71727092472338,-2.6431074812726036,0.0,0.0,-11.949231696418419,9.109396978391727,2.7199794286826853,-22.590345106685014,-23.589185364326994,-5.708025952904236,98.66566061320988,87.3143401059049,0.0,0.0,-22.697109968897898,-20.447549773834165,5.919251541963299,102.42438533313779,99.63998948916348,0.0,0.0
12.212212212212219,-3.5929547381297966,-5.4939568457691035,-4.981517510334334,0.919135523036036,0.953535010780447,-0.3241240741364698,25.114327466894892,13.34653062605939,0.43826971258892194,-45.84427924124691,20.069586732692027,0.0,0.0,20.051650512199206,-5.249443921245245,-3.6993613346990317,-115.8354482775549,-2.57220374826026,0.0,0.0,-11.959205979535536,9.107074943186852,2.8080606865505517,-22.434734516179844,-23.595649684120453,-5.677962385644643,98.693359149021,87.33940840301334,0.0,0.0,-22.74778614394061,-20.44001109039873,5.912545092428428,102.31984891133601,99.65334436976408,0.0,0.0
12.312312312312313,-3.603062496426426,-5.489884231127126,-4.975561344889889,0.9189520557787787,0.953437109117117,-0.3241202658958959,24.960120227158157,13.339522979681684,0.46246514999299293,-45.842737696240235,20.198175619093092,0.0,0.0,20.330217981919922,-5.246406104895896,-3.6454902823343334,-115.95044886932332,-2.5019149154914904,0.0,0.0,-11.96821044233734,9.104109075105105,2.8955763196326343,-22.280453056957956,-23.601575857345345,-5.648878285290289,98.72287444745247,87.3645724017027,0.0,0.0,-22.79925532920921,-20.433014211964966,5.905745942560561,102.21767472715415,99.6660346206967,0.0,0.0
12.412412412412404,-3.6134546309115776,-5.485515912609943,-4.969467556168836,0.9187693050907575,0.9533409138915581,-0.3241166457390724,24.80542178979112,13.332031620599935,0.486537492521857,-45.839846336236235,20.326130511404408,0.0,0.0,20.60904760724926,-5.242823938124792,-3.5915759388461774,-116.06391054196631,-2.4319813145959253,0.0,0.0,-11.976698246794129,9.100848698663663,2.982951204968639,-22.126779727984637,-23.607306748102104,-5.6202567205909215,98.75327787540806,87.38957678672071,0.0,0.0,-22.851048520689357,-20.42620923407474,5.8989323791294614,102.11652280252552,99.67859488061396,0.0,0.0
12.512512512512515,-3.624336947408408,-5.4806126042138805,-4.96276717198732,0.918588122738405,0.9532482802609274,-0.3241134397777778,24.64972373726426,13.323527656212878,0.5099929885695698,-45.834344845468465,20.453330786886887,0.0,0.0,20.888476618773108,-5.238215032587254,-3.53713192220754,-116.17424268587152,-2.3626237590887547,0.0,0.0,-11.984122575745747,9.097030179464799,3.0698086677110457,-21.97444100240039,-23.612599973498497,-5.592537666618951,98.78573136774341,87.41439014979713,0.0,0.0,-22.90341792213447,-20.419875170410414,5.89218880626727,102.01768994399832,99.69026443280447,0.0,0.0
12.61261261261261,-3.635685991681682,-5.474810200738739,-4.955432995966966,0.9184104591891892,0.953162980027027,-0.3241104743123123,24.49183303585285,13.313414669846845,0.5331851813093091,-45.82435663752253,20.577663479084087,0.0,0.0,21.16797373490391,-5.232034310177178,-3.482643297765764,-116.27884234711114,-2.2940834482612598,0.0,0.0,-11.990166541756755,9.092098097834835,3.156085325222227,-21.824307798531528,-23.617240792456453,-5.566129375099099,98.82126130017119,87.43909916653453,0.0,0.0,-22.956910679735735,-20.414377076468472,5.8855315337417435,101.92296330765464,99.70182507596998,0.0,0.0
12.712712712712719,-3.6476175544404414,-5.46826673840407,-4.947346927434768,0.9182359038872207,0.9530842319506174,-0.32410760340306977,24.332003741336337,13.302034906508506,0.5561827328782124,-45.81000423652854,20.699543266825497,0.0,0.0,21.447747179952962,-5.224365046822156,-3.427833018335334,-116.37811444766703,-2.226157519019017,0.0,0.0,-11.994755458548884,9.086248374303638,3.2416914191261283,-21.676297046317313,-23.621204133723392,-5.540745920752417,98.85968366647047,87.4629940495469,0.0,0.0,-23.011372858714047,-20.409857177339674,5.8791760433683695,101.8319400984581,99.71236015333467,0.0,0.0
12.812812812812812,-3.6596264183493497,-5.461077082299299,-4.938951962336336,0.9180638488521856,0.9530105169549549,-0.32410481663997326,24.17048014062929,13.289619915791125,0.579268659148482,-45.79275970086853,20.819338130364034,0.0,0.0,21.727206905539212,-5.215661059179846,-3.373135737603935,-116.4735130455302,-2.158440163464463,0.0,0.0,-11.99868164465232,9.079591279400734,3.326993940581251,-21.5298148527384,-23.624732093790126,-5.516300933359693,98.8999810301001,87.48706523097232,0.0,0.0,-23.066751699571903,-20.406027319653322,5.872620370464132,101.74387144986454,99.72204881822256,0.0,0.0
12.912912912912905,-3.6720353875745753,-5.453487942850851,-4.930393737931932,0.9178930085545545,0.9529391221301303,-0.3241020025565565,24.008406488289285,13.276631936098099,0.6023726920570571,-45.77394184865965,20.9379757138018,0.0,0.0,22.007022655412417,-5.206325618346345,-3.318352223499498,-116.5667255404945,-2.091005053501501,0.0,0.0,-12.001794245841841,9.07251810893093,3.4121550288078106,-21.384400439301295,-23.62792657718118,-5.492666849124124,98.94175779002803,87.51105896167768,0.0,0.0,-23.1226758326997,-20.402579099977977,5.865988833397399,101.65761063368268,99.73138336661161,0.0,0.0
13.013013013013017,-3.684801649476809,-5.445302392735402,-4.921726842311979,0.9177236725218553,0.9528710986419753,-0.3240991508758758,23.84544505677244,13.262789929027363,0.6255422031878553,-45.7530000062022,21.055376251008344,0.0,0.0,22.28700855556924,-5.196046480921923,-3.2636032481628283,-116.65691615769337,-2.0240892827097077,0.0,0.0,-12.004125842812481,9.064778816968634,3.4972217985468816,-21.240332807303634,-23.630689597947285,-5.470017124239236,98.985398644649,87.53476548725193,0.0,0.0,-23.179293325077076,-20.399544253103105,5.859128219278279,101.57364403942509,99.74053910929331,0.0,0.0
13.11311311311311,-3.6982954843216556,-5.43626911036403,-4.912494669240573,0.9175576721291291,0.952809795037037,-0.324096570410744,23.680849429343333,13.247468322576243,0.6485202623677025,-45.72781329488054,21.1695084282616,0.0,0.0,22.567138482819836,-5.1842306754250895,-3.208847274336666,-116.7415110631168,-1.9579349235702328,0.0,0.0,-12.004831923595932,9.056090161474806,3.5817494657624342,-21.098599512618613,-23.632776676147476,-5.4486141409155815,99.03207484762797,87.55748915747247,0.0,0.0,-23.23698290437938,-20.397319514260595,5.852366929540206,101.49347586834267,99.74803530513113,0.0,0.0
13.213213213213214,-3.712294349949951,-5.426368053941941,-4.902876358366367,0.9173943834604603,0.9527535335875876,-0.32409419766366365,23.515013816903906,13.230893048891891,0.6714203483663665,-45.69951284133033,21.280680093285284,0.0,0.0,22.84714833954855,-5.171052712298298,-3.1542770938648648,-116.82175205181281,-1.8922070751941942,0.0,0.0,-12.004365840506505,9.046415734072072,3.6658032291321327,-20.958611017762763,-23.63431086478879,-5.428125558540541,99.0808183505225,87.58015079399999,0.0,0.0,-23.295583036293294,-20.395810187602603,5.845587137416417,101.41625124687387,99.75453380181281,0.0,0.0
13.31331331331331,-3.727029327890224,-5.415533709905572,-4.8927218716373035,0.9172344498922256,0.9527036863103104,-0.3240920191311311,23.34769587056723,13.212886204810143,0.6938974673586911,-45.667362044801806,21.388748939855525,0.0,0.0,23.127393211516853,-5.156294613998332,-3.0998768424401058,-116.89649710821854,-1.8269204954724731,0.0,0.0,-12.002238766500835,9.035659704877546,3.749423129351687,-20.82097127024925,-23.63519193073907,-5.409104664540873,99.13266240450383,87.60306547996598,0.0,0.0,-23.355243628448783,-20.395347922130465,5.839057043143145,101.34311791986653,99.75965733673708,0.0,0.0
13.413413413413405,-3.7417129509582923,-5.40410730872339,-4.882095586994661,0.9170761803443443,0.9526579308601935,-0.3240900419496163,23.17909957103136,13.193857950021018,0.7161746908318325,-45.63300895014682,21.495291604381055,0.0,0.0,23.407341067835844,-5.1404855064067405,-3.0452806521988647,-116.96813648348416,-1.7623284601815132,0.0,0.0,-11.999750253928928,9.024195468642976,3.8326435578601967,-20.684662690303963,-23.63555238507174,-5.391000206582247,99.18606981823024,87.62588660197132,0.0,0.0,-23.415458573146815,-20.39552161233567,5.832426714666,101.27245423037505,99.76402685041641,0.0,0.0
13.513513513513516,-3.7563475448738735,-5.392364442162163,-4.871185125675676,0.9169192763153153,0.9526153445855856,-0.32408792854954954,23.009454209063062,13.174316741693696,0.7385140825315311,-45.596947535270274,21.60076794025225,0.0,0.0,23.687038810765767,-5.124060307234234,-2.9905535530090077,-117.03735339100903,-1.698156903297297,0.0,0.0,-11.99699688590991,9.012287753342342,3.915650099054055,-20.549352795315315,-23.63556936846847,-5.37357205118018,99.24079571241441,87.64846239964865,0.0,0.0,-23.476154547405404,-20.396172279279277,5.825700205846847,101.20364815833334,99.76852059953153,0.0,0.0
13.613613613613605,-3.7711993776980313,-5.38010966930297,-4.860006731438439,0.9167645725972641,0.9525769532379046,-0.32408563273106444,22.83869424129863,13.154070047154487,0.7611218767253929,-45.55848867567201,21.704477101149486,0.0,0.0,23.966457804059402,-5.106768279069069,-2.9358047491721693,-117.10317641245747,-1.6346872464791429,0.0,0.0,-11.993510135689025,8.999751613485818,3.998308829493163,-20.415307296805462,-23.63522418419353,-5.356912590365698,99.29719753177044,87.67100623615883,0.0,0.0,-23.537835741360695,-20.397425514644983,5.818752914918585,101.1376366722419,99.77243818474707,0.0,0.0
13.713713713713716,-3.786553524446113,-5.366876067665332,-4.848588772622955,0.9166128218621955,0.9525442088605274,-0.32408370652952956,22.6666488622072,13.132405943499833,0.7838212659479484,-45.51680026578845,21.805629918839845,0.0,0.0,24.245590078421763,-5.087979928139139,-2.881502277124456,-117.1640271274778,-1.5723418000290266,0.0,0.0,-11.98879976963597,8.986194601122454,4.080745253845179,-20.283323616640637,-23.634341669569572,-5.341349363484817,99.35617390325626,87.6929037547831,0.0,0.0,-23.60022688581148,-20.399343208002,5.811829209645645,101.07468419237004,99.77544444277513,0.0,0.0
13.813813813813812,-3.802393851874876,-5.353023967471471,-4.836772554677678,0.9164638434444443,0.9525169637757758,-0.3240819753503503,22.49335581453453,13.109715282223224,0.8063735564864867,-45.471957447782785,21.90437842528829,0.0,0.0,24.524591517821825,-5.068014380391391,-2.827346827554553,-117.22025491961863,-1.5108291076716711,0.0,0.0,-11.982903798635636,8.97194162951852,4.162972157733737,-20.1534821642012,-23.632926209556555,-5.327116111307307,99.41777157114315,87.7143269991011,0.0,0.0,-23.66332886101802,-20.4020415255976,5.805005185309312,101.01494178495194,99.77727394654454,0.0,0.0
13.913913913913907,-3.818549611565566,-5.338252551043377,-4.824417135429764,0.9163184872792793,0.9524970871351351,-0.3240802749029029,22.318117143537542,13.085619631342677,0.8286893557657653,-45.422892599610954,21.999503466376044,0.0,0.0,24.80298105022155,-5.046326723068736,-2.773300051310645,-117.27057546962529,-1.4506854434227574,0.0,0.0,-11.975870369350684,8.956554717709043,4.2448541943847165,-20.026442590224224,-23.630694034282282,-5.314474067851184,99.482708689683,87.73554853328162,0.0,0.0,-23.727647274901233,-20.40587354954288,5.798189734680684,100.95988785635801,99.77673963535236,0.0,0.0
14.014014014014013,-3.834758946685686,-5.323247792866534,-4.811951853840173,0.9161744689886554,0.9524798161321322,-0.3240783777177177,22.14217978637304,13.061205318474808,0.8512396129439438,-45.372467686820485,22.09339825685786,0.0,0.0,25.081102800781785,-5.024204720532867,-2.719365858669336,-117.31886531126126,-1.3910511248571904,0.0,0.0,-11.968501533985652,8.940833517917586,4.326630244057058,-19.90018424652586,-23.628290142639635,-5.3023483833656995,99.54860236269437,87.7568049687214,0.0,0.0,-23.79242004295562,-20.410037536733064,5.791263163682684,100.90634669923857,99.77599475462695,0.0,0.0
14.114114114114107,-3.85091516595095,-5.30737233098899,-4.7994219052993,0.9160331637137137,0.9524678698538539,-0.3240762483933934,21.964807988012016,13.035657490174174,0.8741698163013009,-45.31956976771271,22.184710437544542,0.0,0.0,25.35820417579078,-5.000980504154154,-2.66606292315816,-117.36301947451852,-1.3323716837887907,0.0,0.0,-11.960697520378378,8.924006264398397,4.408156662177175,-19.77528311934835,-23.625521069619623,-5.290939070909909,99.61599250984185,87.77838595348247,0.0,0.0,-23.858207830465457,-20.41495806816016,5.784056474594597,100.85584553601001,99.77428448021422,0.0,0.0
14.214214214214218,-3.867429095995663,-5.290954562557224,-4.786376649892225,0.9158954571354687,0.9524624949222555,-0.3240742259786453,21.7858363368702,13.009143705711713,0.8970164603229893,-45.26291893810044,22.273071046511852,0.0,0.0,25.634571541293298,-4.976590233930598,-2.6128960981021003,-117.40208608910378,-1.2747743584130788,0.0,0.0,-11.951755787434768,8.906536599769769,4.489345824368369,-19.652770409205203,-23.622135008889554,-5.280869052000001,99.68618111440708,87.79927696396662,0.0,0.0,-23.924920814849184,-20.420813403773106,5.777024192809477,100.80916645612612,99.77150817317451,0.0,0.0
14.314314314314313,-3.8844227186266265,-5.2736852613236564,-4.773152117464464,0.9157607130947614,0.95246299562329,-0.3240720289402736,21.605638280806467,12.981429815011344,0.9199183399969979,-45.20324428451117,22.35904492210244,0.0,0.0,25.910705951610616,-4.950922862479147,-2.5602704984781424,-117.43588877240475,-1.2184644325108427,0.0,0.0,-11.941593093123789,8.888049558550886,4.570613631210213,-19.53271007909976,-23.618127113784784,-5.272242037226559,99.75941209631033,87.81909997226992,0.0,0.0,-23.992153086044045,-20.427631831665998,5.770360271202536,100.7658110495976,99.76819238478745,0.0,0.0
14.414414414414418,-3.901742385555555,-5.2559912935615625,-4.759633800285286,0.915627972063063,0.9524671719069069,-0.32407009330030034,21.424688898198205,12.952940366636636,0.9426514991471464,-45.141534930318315,22.443297613354353,0.0,0.0,26.186684954759755,-4.924485137492492,-2.5077836958348363,-117.46654111426426,-1.1629640196006015,0.0,0.0,-11.93061002737237,8.869106217732734,4.651728927567566,-19.414151232459464,-23.6137328512012,-5.264419011663664,99.83456867227927,87.83856686442944,0.0,0.0,-24.059650881357356,-20.43481723180781,5.76390416375676,100.72417465057359,99.76408700982883,0.0,0.0
14.514514514514511,-3.9192537604721394,-5.23796683591992,-4.746074019798465,0.9154969043880549,0.9524748295468802,-0.3240678125331999,21.243013785838162,12.92405625015115,0.9656495290930941,-45.07801864540173,22.525434475767106,0.0,0.0,26.46231865033301,-4.897378593160828,-2.45552157536503,-117.49458446221453,-1.1080321851434758,0.0,0.0,-11.919103567619953,8.849678686803804,4.732792943345349,-19.296637880274268,-23.609122230774105,-5.257041815608273,99.91100955538639,87.85833806709043,0.0,0.0,-24.12773517788022,-20.44253729913914,5.7574152224137505,100.6847285883677,99.7591724610734,0.0,0.0
14.614614614614615,-3.9368547058435097,-5.219618011146482,-4.732538444702705,0.9153678689636303,0.9524860697721055,-0.324065106976977,21.060513827483494,12.894750739512512,0.9890451749713037,-45.012878403460796,22.605482373186515,0.0,0.0,26.737374225736392,-4.86984652052853,-2.403606666303306,-117.5198224846383,-1.0538082426793483,0.0,0.0,-11.907103587103105,8.82976264291625,4.81385966311311,-19.180230025374048,-23.60434509713614,-5.2500516006049365,99.98877002077477,87.8781450073737,0.0,0.0,-24.196480352158154,-20.45068828853053,5.750878823283618,100.64726078157025,99.75401408225025,0.0,0.0
14.71471471471472,-3.9546279030420424,-5.20074761242943,-4.718938875382382,0.9152418293393392,0.952502220105105,-0.32406203938138145,20.876936781194193,12.864773731434434,1.0129191342242243,-44.94544777246146,22.68287773087688,0.0,0.0,27.0116496602973,-4.841547918618617,-2.35213714049149,-117.54117779504604,-1.0007085479919908,0.0,0.0,-11.894312624511514,8.809143365823825,4.894809387612613,-19.065457552657655,-23.59928943105906,-5.243799404964964,100.06835872047448,87.89788173717918,0.0,0.0,-24.266083622176176,-20.45935922719019,5.744153146865866,100.61270144320821,99.74889538815518,0.0,0.0
14.81481481481481,-3.9728677054444455,-5.1811934976666665,-4.7049031339506175,0.9151191101111109,0.9525240374691357,-0.3240590158271605,20.692238920493825,12.833826625604939,1.0369427753086424,-44.8749496477037,22.756881709666672,0.0,0.0,27.28536315906174,-4.811941305592592,-2.301003934604936,-117.55769219829631,-0.9486194880740723,0.0,0.0,-11.880301006160494,8.787740642987654,4.975392080851854,-18.952754910333326,-23.59384645701235,-5.2386384427283925,100.15008308797532,87.91710904930864,0.0,0.0,-24.33650086980247,-20.468911144864197,5.7374585877037045,100.58148136117283,99.74323589712345,0.0,0.0
14.91491491491492,-3.9912068099986664,-5.161172487004671,-4.6907487173276605,0.9149983428164831,0.9525493220830834,-0.32405598419586257,20.506773960008005,12.802215687175508,1.061085040077411,-44.80280338935435,22.829309093926263,0.0,0.0,27.558474803031373,-4.781632150045044,-2.2502738159923235,-117.57139891811012,-0.8970530547867857,0.0,0.0,-11.865812232901234,8.765762069030696,5.055893786234571,-18.841176473904902,-23.58819174150984,-5.234095402815816,100.2328401211168,87.93641745943643,0.0,0.0,-24.40740291545379,-20.478993530510515,5.730736901100101,100.55219800984051,99.73641838210044,0.0,0.0
15.01501501501502,-4.009641495392392,-5.140328820754755,-4.67638855927928,0.9148811841531532,0.9525813668538538,-0.32405289844144136,20.319638287310312,12.769379445413415,1.0852253715465465,-44.72732153446246,22.898481431723724,0.0,0.0,27.830325632282275,-4.750062966973976,-2.20024055105005,-117.57986431147549,-0.8467519263443467,0.0,0.0,-11.850536842282281,8.742775143425426,5.136472814956958,-18.7322063228949,-23.581819811525527,-5.231110503300301,100.31874670607007,87.95463850674176,0.0,0.0,-24.47902989072873,-20.489969585362367,5.724187688017018,100.526509528008,99.72759318986587,0.0,0.0
15.115115115115112,-4.028397634918919,-5.118322767842175,-4.6622161649185845,0.9147678602539207,0.9526206922759426,-0.32404878298031364,20.131090005811473,12.735245974078746,1.1101765423740415,-44.64858203177811,22.963528145057726,0.0,0.0,28.100974616821492,-4.717095918587252,-2.1512854370066723,-117.58204491173908,-0.7980775041908561,0.0,0.0,-11.834201296588589,8.718237958637637,5.217199016397399,-18.62575722536069,-23.574718737416084,-5.229204791445445,100.40749972550353,87.97259619878614,0.0,0.0,-24.55184068444645,-20.50211157822789,5.717582691108444,100.50497137897565,99.71802792538105,0.0,0.0
15.215215215215215,-4.047294646351352,-5.095937306585252,-4.648056215061395,0.9146567251314648,0.9526637062535869,-0.3240444259169169,19.941793155618623,12.700664927678012,1.1354998635271922,-44.56817059948149,23.026288964916922,0.0,0.0,28.370952866543536,-4.683528887663998,-2.1027826428468472,-117.5813307179039,-0.749846093938941,0.0,0.0,-11.81732316435502,8.693181631408745,5.297891347473472,-18.520461801232905,-23.567403381517185,-5.227788694384717,100.49756232593192,87.99059586386787,0.0,0.0,-24.62526074735535,-20.514616479422088,5.710758100149153,100.48542314829731,99.70823418566098,0.0,0.0
15.31531531531532,-4.066372905171171,-5.07314666133033,-4.633804348288289,0.9145477705075074,0.9527106041621621,-0.3240399877957958,19.751727598483487,12.665539364696695,1.161014728027027,-44.48593501997298,23.08688865325525,0.0,0.0,28.64031175448348,-4.649209028222225,-2.054681661825826,-117.57752136105705,-0.702277866114115,0.0,0.0,-11.799850597474476,8.667601951444444,5.3785007242252245,-18.41644887803904,-23.55988254432132,-5.22701676400901,100.58900833251352,88.00868525576577,0.0,0.0,-24.69927847888889,-20.52760272822523,5.703796887,100.46808426500903,99.69783861162162,0.0,0.0
15.415415415415428,-4.0856863634317655,-5.049769450566233,-4.619240355770435,0.9144415745735737,0.952761934954955,-0.32403553472672675,19.560806994730058,12.629551286252585,1.1864926191651644,-44.40150015391091,23.14598284497531,0.0,0.0,28.90892001143978,-4.61398717275442,-2.0070341109352663,-117.56988640898865,-0.6558142059255908,0.0,0.0,-11.781561658987988,8.641343082839839,5.458959930221222,-18.314140948623955,-23.552150262649985,-5.227082664161161,100.68187313293794,88.02661083788288,0.0,0.0,-24.77372210014014,-20.541313858662996,5.697130568425093,100.45298004015048,99.6863303112516,0.0,0.0
15.515515515515517,-4.105186095196197,-5.025522651042042,-4.60451285364698,0.9143382650026692,0.9528181755645646,-0.3240310790764097,19.36893103701935,12.59242180875876,1.2121237541001,-44.314807481730064,23.202830693912915,0.0,0.0,29.176517871677014,-4.57755525881448,-1.960050617460792,-117.55805747055122,-0.6100078588551874,0.0,0.0,-11.762542235932266,8.614047605512846,5.539199064903238,-18.213555207987984,-23.54406418659927,-5.2280491873289945,100.77630818377678,88.04463597486587,0.0,0.0,-24.848964064045383,-20.555805138846512,5.6902619433810475,100.44072476899267,99.6734927463747,0.0,0.0
15.615615615615607,-4.124761406637637,-5.000633032581582,-4.58994544571972,0.9142381917637639,0.9528803890320321,-0.32402589592192194,19.17576474192493,12.554629642259261,1.238470649835835,-44.225600200475476,23.256337412627623,0.0,0.0,29.442830452366355,-4.540233608541543,-1.913905565780782,-117.54172557882384,-0.5646931713443475,0.0,0.0,-11.742888487813813,8.585831011365366,5.619563512594594,-18.114795545490495,-23.535584540546544,-5.229806277899901,100.87320536134534,88.0624139823033,0.0,0.0,-24.9251161236056,-20.570945583451454,5.683131174842845,100.43167755137138,99.65984346037237,0.0,0.0
15.715715715715714,-4.144347813458459,-4.974755781014348,-4.575532823460793,0.9141419228962295,0.9529495562138806,-0.3240195819412746,18.98110235439039,12.51578150222289,1.2656038636493163,-44.13351874080347,23.305011323597263,0.0,0.0,29.707457693745077,-4.501912321990657,-1.8688923376032691,-117.51986669281882,-0.520042620786453,0.0,0.0,-11.722596389834166,8.556211351924592,5.700022827360026,-18.018100430652986,-23.526456916033364,-5.232315305491824,100.97241484752954,88.07987409689956,0.0,0.0,-25.002191076092096,-20.587142355687018,5.67588712627094,100.42620987550819,99.64557065419785,0.0,0.0
15.815815815815819,-4.1639348555151825,-4.948309741935603,-4.561329423572238,0.9140491429506172,0.9530244682382383,-0.32401256417384044,18.785218489666,12.47632592694161,1.2933745295682346,-44.03912925005305,23.350096936209876,0.0,0.0,29.970415266248914,-4.462981455768103,-1.8250438781514844,-117.49375151415916,-0.4758256420016672,0.0,0.0,-11.70175922305305,8.525820139430097,5.780593836862862,-17.922932041721054,-23.517052021791123,-5.235463394777111,101.07295196896798,88.09716846883119,0.0,0.0,-25.08005586320087,-20.60386494282416,5.66848982908442,100.423322418672,99.6306952793527,0.0,0.0
15.915915915915923,-4.183766315488488,-4.921140186599601,-4.546970601147148,0.9139595106596596,0.9531044894774775,-0.32400552374774777,18.588461745888896,12.435840193456457,1.321206849705705,-43.94248307326727,23.392807049633632,0.0,0.0,30.23222272164464,-4.423003550802805,-1.7819802539699712,-117.46333258988186,-0.43220427869569666,0.0,0.0,-11.680087530603606,8.494578534048049,5.861071161965964,-17.82964762903504,-23.50734010236136,-5.239442337897898,101.17511218078079,88.11418308575676,0.0,0.0,-25.158509250877877,-20.621279068951953,5.661246738381384,100.42285779276577,99.61483130877477,0.0,0.0
16.016016016016014,-4.203728624214547,-4.893540323659327,-4.532671766418085,0.9138720506056057,0.9531879924454454,-0.3239981495445446,18.39099667798232,12.394842143012347,1.3492906098028026,-43.84426390130464,23.43337807541041,0.0,0.0,30.49326735948648,-4.382448092086421,-1.7394961996279619,-117.4300692792993,-0.38850711177444247,0.0,0.0,-11.657901787802135,8.462742329644644,5.941624686126792,-17.737635520624956,-23.49741961628495,-5.244052849327326,101.27865320539873,88.1310948465512,0.0,0.0,-25.237516355796796,-20.639117326894898,5.653795135055057,100.42435511488088,99.5989168187274,0.0,0.0
16.11611611611612,-4.2238205974958305,-4.865369934101102,-4.518543318724724,0.9137871111244579,0.953275273479813,-0.32399006886786785,18.192721557528195,12.353272293099765,1.3778929466806802,-43.744407578144475,23.471411826215217,0.0,0.0,30.753444312750425,-4.34123600922756,-1.6977129913670321,-117.393797979987,-0.34492818456056007,0.0,0.0,-11.635097553009007,8.430092173656323,6.022275249021023,-17.64701798791024,-23.487180691971304,-5.249304692777779,101.38389779856622,88.14779792101335,0.0,0.0,-25.317245854136804,-20.65737295125192,5.645985044337339,100.42812853150352,99.58362510922022,0.0,0.0
16.216216216216225,-4.2440143568378375,-4.836451622324326,-4.504601484396397,0.9137052750720722,0.9533676775675677,-0.3239814609279279,17.99343654140541,12.310923710540541,1.4071657771261261,-43.64236482154955,23.505975726765765,0.0,0.0,31.012265679261255,-4.299002381819822,-1.656855669198198,-117.35339757955856,-0.30116966889189245,0.0,0.0,-11.611707833414416,8.396421133765767,6.102873480099099,-17.557879413792797,-23.476761207405403,-5.2550337209099105,101.49052399015315,88.16485788713513,0.0,0.0,-25.39796569579279,-20.676279253657658,5.637886542522525,100.43499879638739,99.56769913472073,0.0,0.0
16.316316316316314,-4.264141177979979,-4.807019205005672,-4.490741146635635,0.9136261629189188,0.9534647697404072,-0.32397257048915573,17.79308804085085,12.267904232397397,1.4368263043523526,-43.53831683293627,23.53723978983884,0.0,0.0,31.26971823502702,-4.256136630435769,-1.6168447049189196,-117.30940050708844,-0.25734614511511644,0.0,0.0,-11.587991381521187,8.362066102809809,6.183666471941608,-17.47010350588589,-23.466278806854188,-5.261140584952619,101.59834154156555,88.1818237301862,0.0,0.0,-25.47904654878378,-20.695840072919253,5.629940733555891,100.4437550035402,99.55035609581114,0.0,0.0
16.416416416416418,-4.284052043428095,-4.776926185775109,-4.476778950452452,0.9135508956039372,0.9535689375455455,-0.3239633610547214,17.59127677288155,12.22391944061061,1.4667873580320314,-43.43158720080014,23.563116280866534,0.0,0.0,31.525107567261266,-4.212585128722055,-1.5778258907137137,-117.26028254629395,-0.21371445318918783,0.0,0.0,-11.56394495456323,8.326773927953955,6.264323063850519,-17.38383899112813,-23.455622100976306,-5.2673849536172845,101.70756938517818,88.19858292084885,0.0,0.0,-25.56069950491892,-20.716142507258258,5.622148083713714,100.45485162926227,99.53170033248684,0.0,0.0
16.51651651651651,-4.303893139082081,-4.746093665010011,-4.4626565985095095,0.9134789098188187,0.9536780572252251,-0.3239535849219219,17.38819251193995,12.179052801493494,1.4972274931651643,-43.32251399052053,23.58617310048649,0.0,0.0,31.778988729433422,-4.1681408000370395,-1.5394921335855858,-117.20728207476677,-0.1701235599869876,0.0,0.0,-11.539375271394396,8.290491220736738,6.344870442104101,-17.299414514358357,-23.444530514769774,-5.27452336448148,101.8183490581872,88.21544576067268,0.0,0.0,-25.642990015105102,-20.737183790026027,5.61412517158759,100.46840625987588,99.51317921335837,0.0,0.0
16.616616616616618,-4.323855119176509,-4.714566296221891,-4.448689854018353,0.9134103107564231,0.9537920270724056,-0.3239432888131465,17.184060782884227,12.133398412007343,1.528079315111444,-43.21114496424392,23.606065414302968,0.0,0.0,32.03144077233666,-4.1228242554788155,-1.5021362625922599,-117.15023011452554,-0.12660949115482376,0.0,0.0,-11.514138794716386,8.253254459394396,6.42545225738071,-17.216597319062394,-23.433160332637637,-5.2823209175205195,101.93048912268267,88.23226638908974,0.0,0.0,-25.72618481862829,-20.758787076637972,5.6057435472525885,100.48454953632366,99.49431222067868,0.0,0.0
16.71671671671672,-4.343929003109777,-4.682593751719385,-4.434682849990322,0.9133445295482149,0.9539100221785117,-0.32393285192158827,16.979152599656313,12.087153750096764,1.5591211455201868,-43.09800843792025,23.62333349941208,0.0,0.0,32.282719923853534,-4.076911349194193,-1.4654052787117096,-117.09010662083918,-0.08328373148882004,0.0,0.0,-11.488336889796795,8.21541625258525,6.505892737833837,-17.135000457301295,-23.42151396468235,-5.290553620762428,102.04378849770836,88.24893131573106,0.0,0.0,-25.810070482832838,-20.780726780869536,5.597071793335668,100.50260321914081,99.47520408420154,0.0,0.0
16.81681681681681,-4.363926715268269,-4.650182240099098,-4.4207280645765765,0.9132808042082082,0.9540313784914917,-0.32392216458858863,16.773458574870865,12.040377351269267,1.5905926458778794,-42.98349011221622,23.63854425778078,0.0,0.0,32.53294845582082,-4.030483131535535,-1.4292931388768761,-117.02750526327327,-0.040207088618618506,0.0,0.0,-11.462282220539539,8.17698513454154,6.586313668449451,-17.05431430057958,-23.40969763303203,-5.299105906936939,102.15798092437937,88.2656687323944,0.0,0.0,-25.894328301062064,-20.802908027738738,5.588243010589588,100.52187906363865,99.456153698014,0.0,0.0
16.91691691691693,-4.38381908298098,-4.616808691388724,-4.40680235974975,0.9132210209382716,0.9541591916006007,-0.32391035978378374,16.56626061866701,11.99253477293427,1.6227524728184843,-42.86612794252286,23.649445462585252,0.0,0.0,32.78107244921587,-3.983180918420423,-1.3943664197447458,-116.95967574303805,0.00211571339906369,0.0,0.0,-11.435752669432098,8.1371423731645,6.666589466205204,-16.97533255650217,-23.397460854478812,-5.307981438839505,102.27373961427662,88.28227905232532,0.0,0.0,-25.97945016757824,-20.82601657204404,5.579229482098769,100.54383859772973,99.43623635491157,0.0,0.0
17.01701701701702,-4.403535866343678,-4.58222537260694,-4.393126912240573,0.9131667357410744,0.9542962423827159,-0.32389759021888553,16.357065678961625,11.943371626379713,1.656074230620955,-42.74506774134868,23.65431246716016,0.0,0.0,33.026248677828164,-3.934552220813481,-1.3613047632716042,-116.88487195701835,0.0439203299336004,0.0,0.0,-11.408620807275273,8.095611683443446,6.746931884952957,-16.8986246645352,-23.38506285261728,-5.317326399118786,102.39140899691458,88.29911248178811,0.0,0.0,-26.06569518765098,-20.85015306997631,5.569876173040043,100.56965158515516,99.41463720065498,0.0,0.0
17.117117117117125,-4.4232169853243235,-4.547116336282282,-4.379524410279278,0.9131154937327327,0.9544378342582581,-0.3238846035585585,16.146768213294298,11.893601488156158,1.6897311275675668,-42.62195103369369,23.656705924372375,0.0,0.0,33.26991528544144,-3.8852007151321315,-1.3291182216276272,-116.80658715810209,0.08541495821321385,0.0,0.0,-11.381092238807808,8.053360217585587,6.827249594840839,-16.823078837672675,-23.372536565015015,-5.327011040999998,102.51008370948348,88.31592479027027,0.0,0.0,-26.152588182126124,-20.874685534579577,5.560286173993996,100.59731224609008,99.39266334843543,0.0,0.0
17.217217217217215,-4.442848202742743,-4.511603920850851,-4.365941568992325,0.9130665014557889,0.954582668277611,-0.32387140129562897,15.935687322247244,11.843359067368365,1.723678923521188,-42.49742066048716,23.65746688559226,0.0,0.0,33.512549738834835,-3.8353213764154157,-1.297498792115114,-116.72593374928397,0.1265644802979657,0.0,0.0,-11.353251277002668,8.010558199215215,6.907514129123792,-16.748441873484147,-23.359842832446112,-5.337062378012012,102.62960881941574,88.3328702507631,0.0,0.0,-26.239952017260926,-20.899485221396063,5.550418842760096,100.62637148211945,99.37084437963028,0.0,0.0
17.317317317317308,-4.462351643947615,-4.475377833567902,-4.35234552155489,0.9130205569909909,0.9547317678084752,-0.3238578575742409,15.723641291484828,11.792243422602938,1.7580244200974295,-42.371067364008354,23.656006096530867,0.0,0.0,33.753600828807464,-3.7847725994017374,-1.2667475110653992,-116.64206651854019,0.16711415982649136,0.0,0.0,-11.325059615094094,7.9668075583293305,6.987478847455788,-16.6748640187681,-23.346827294985317,-5.347328177949281,102.74978290545512,88.35012406198166,0.0,0.0,-26.32798679063229,-20.924565748101436,5.5401218116466495,100.65706740146446,99.34905303208141,0.0,0.0
17.417417417417425,-4.481732422444444,-4.43840864918919,-4.3389177062912925,0.9129776806506508,0.9548857014444445,-0.3238434987417418,15.51039479697097,11.740364255052052,1.7931207908338336,-42.24254718556156,23.65129091787488,0.0,0.0,33.99298654848148,-3.7335655478808816,-1.2370177531811812,-116.55437572946846,0.20694804176676654,0.0,0.0,-11.296551504661661,7.921995879137137,7.067423290067069,-16.602602102261265,-23.333585946870873,-5.357946784509508,102.87118392563362,88.36715602693793,0.0,0.0,-26.416702407036034,-20.950201476662663,5.529581771738741,100.68972981758557,99.32683396758257,0.0,0.0
17.517517517517515,-4.5008144411004345,-4.400466704174841,-4.325473806447446,0.9129393859906575,0.9550468264864863,-0.3238285445018352,15.295531628815814,11.687302941828495,1.8289841484314322,-42.111099269466465,23.64164814595529,0.0,0.0,34.22971122372373,-3.6815097534901566,-1.2085566346936922,-116.4612805118145,0.24563772333600262,0.0,0.0,-11.267725054316314,7.8758373387610945,7.147116339253922,-16.53182558639573,-23.320185231479478,-5.368461987186853,102.99359004296495,88.38416956435934,0.0,0.0,-26.506234761764432,-20.976624185131463,5.5187242068642,100.72483359444846,99.30369448833801,0.0,0.0
17.61761761761762,-4.519898216125125,-4.361623983081417,-4.312180319795462,0.9129053403596931,0.9552136009606274,-0.32381307665732395,15.079303761946951,11.633235638089094,1.8656618510724043,-41.97698797356257,23.628395939042377,0.0,0.0,34.46430337591992,-3.6283875586656675,-1.1813805315315318,-116.36370198111112,0.2841835797831161,0.0,0.0,-11.238273101822156,7.828474126715049,7.2266506016579894,-16.462522381900236,-23.306595570480148,-5.379190024209542,103.11703849307241,88.40179723000134,0.0,0.0,-26.596703466110444,-21.003580472513516,5.507364576308312,100.76225679196162,99.28114195179879,0.0,0.0
17.717717717717726,-4.538905297836837,-4.322030351040041,-4.299145550366366,0.9128745681611612,0.9553852356546546,-0.3237970267327327,14.861970684494494,11.578367801228229,1.9029095061871875,-41.84083688847147,23.611853484257256,0.0,0.0,34.69720432548849,-3.574532955543546,-1.1554648987497496,-116.26230612783681,0.3220946121961963,0.0,0.0,-11.20845278433834,7.780053235353354,7.306280428497497,-16.394435638840843,-23.292857844561563,-5.3902080794344345,103.24148617300102,88.41943671079879,0.0,0.0,-26.687813689340338,-21.031024143712717,5.495707780033033,100.80164191828429,99.25786603285488,0.0,0.0
17.81781781781782,-4.5576559015422085,-4.282013046973307,-4.286262141998999,0.9128460096299633,0.9555601552265598,-0.3237804335819152,14.643729305056391,11.523025139821488,1.940587370663663,-41.70335885714849,23.592813706923593,0.0,0.0,34.928684438425094,-3.5203459996242907,-1.1303139590120117,-116.15860513715782,0.359811659600934,0.0,0.0,-11.178595352837505,7.730997399368034,7.385901956331665,-16.327070117030694,-23.278996600792794,-5.401345704943943,103.36645955413546,88.43714599823558,0.0,0.0,-26.779360019080077,-21.058673496380045,5.483818830092092,100.84210925883116,99.23477520955723,0.0,0.0
17.917917917917922,-4.575919381481149,-4.241311980503503,-4.273389576981314,0.9128208362809478,0.955740342712379,-0.32376329917550883,14.424076535223222,11.4668108534004,1.978708650291625,-41.563835796682014,23.570525041186187,0.0,0.0,35.157883042816486,-3.46567994564798,-1.106195121602936,-116.05126926416217,0.3969034792379052,0.0,0.0,-11.148785227731398,7.680963270510178,7.465325875534535,-16.260815119112443,-23.264832176989323,-5.412701756502502,103.4922007065272,88.4547586319189,0.0,0.0,-26.87146740015649,-21.08670376212579,5.471696039183518,100.88411657362629,99.21146363329295,0.0,0.0
18.01801801801801,-4.5939120061321335,-4.199417578132132,-4.260358857315316,0.9128010906426427,0.9559279930660661,-0.323745802009009,14.202709554720718,11.409174325495494,2.0172828754564582,-41.42116071012912,23.5436578842042,0.0,0.0,35.384103030153156,-3.40986451151952,-1.0835516002612606,-115.93824295878979,0.433020932774774,0.0,0.0,-11.118427654450448,7.629347849147147,7.544232463693696,-16.196251749486485,-23.25030356887087,-5.424218843951953,103.61879336139938,88.47276564391592,0.0,0.0,-26.964589232975975,-21.115351534600602,5.458889077348348,100.92852982708108,99.18729365791593,0.0,0.0
18.118118118118115,-4.611925024221555,-4.156953739662663,-4.247573336526861,0.9127848743236571,0.9561201872045381,-0.3237276789756423,13.980210994285619,11.35095608605739,2.0564712089229227,-41.27616176159593,23.513494442266598,0.0,0.0,35.60861868641775,-3.353517544574575,-1.0618857670824158,-115.82161595021755,0.46902624148415073,0.0,0.0,-11.08756901708008,7.576911495275942,7.623089755149816,-16.132742249353022,-23.235736340845847,-5.435684437892226,103.74631371128594,88.49103296332967,0.0,0.0,-27.0585275087701,-21.14438299715082,5.445536732009343,100.97468192973074,99.16364351836037,0.0,0.0
18.218218218218222,-4.629702254369037,-4.113945563459126,-4.234925606851851,0.9127718109599599,0.956317032037037,-0.3237089696586587,13.756446783738735,11.292101371725392,2.09620844244678,-41.12893544612146,23.480431997423427,0.0,0.0,35.83123701696297,-3.2968246389155818,-1.0411679895468793,-115.70146928172873,0.5047651298491831,0.0,0.0,-11.056589569290958,7.5236636033777105,7.701873952874543,-16.070226248292624,-23.2211542561358,-5.4470296145181845,103.87462668512781,88.50907270269536,0.0,0.0,-27.15309945440107,-21.173880523870537,5.431935255985988,101.02250589374475,99.13946600146411,0.0,0.0
18.318318318318312,-4.647285649375375,-4.07024944637938,-4.2224416767457456,0.9127619322062064,0.9565184268168168,-0.3236894661901902,13.531612978508509,11.232497357552552,2.136639968554554,-40.979777506654656,23.44409090576476,0.0,0.0,36.05195591953353,-3.2396857169209206,-1.0215066461081086,-115.57782723407706,0.5401258273103109,0.0,0.0,-11.025378293218218,7.46940263080981,7.780438785789789,-16.00859113086086,-23.206453255626627,-5.458173316326326,104.00342538359662,88.5271764147798,0.0,0.0,-27.248374888065065,-21.203783222049047,5.4180354015185195,101.07193256226829,99.11496530603804,0.0,0.0
18.41841841841842,-4.664815484995328,-4.025826221000669,-4.2102045325812485,0.9127549818865534,0.9567235863860528,-0.32366942416716715,13.305898084462132,11.172099217855855,2.177743694376042,-40.82889883848816,23.404986677206207,0.0,0.0,36.27111314904638,-3.181992545753087,-1.0029737944774766,-115.45114925859325,0.5753094751851855,0.0,0.0,-10.993763921257592,7.414183851227227,7.858946090576907,-15.94790251699466,-23.19160932186954,-5.469403784495495,104.13273334936068,88.5456462512756,0.0,0.0,-27.344239669824493,-21.233972986518854,5.403791547710378,101.12257882204604,99.09031014553254,0.0,0.0
18.518518518518526,-4.682195738209877,-3.9802362870617265,-4.1981616229012335,0.9127534897530865,0.9569357424444445,-0.323648795308642,13.078648487135798,11.110313297123454,2.2195312999753094,-40.67491853585185,23.360397387802468,0.0,0.0,36.48726801840742,-3.1234085927901214,-0.9862625986419744,-115.3190280163827,0.6100484104197541,0.0,0.0,-10.96148141222222,7.357475485506171,7.937231813481484,-15.888959750925924,-23.176535559086417,-5.480839915024693,104.26269096454322,88.56489729549382,0.0,0.0,-27.441044772074076,-21.26455025980247,5.388825648530864,101.17513567445678,99.06518757075308,0.0,0.0
18.61861861861863,-4.699499494327328,-3.934000403386387,-4.186142640598598,0.9127548875435435,0.9571518532392392,-0.32362774448648646,12.850527854389393,11.047826039182183,2.2617510446666667,-40.519271376103106,23.311769271460456,0.0,0.0,36.70178926017217,-3.0641747339109124,-0.9703905766436428,-115.18388119775678,0.6450104021441432,0.0,0.0,-10.928831733942943,7.299865722338339,8.01520451982883,-15.83088348473073,-23.161294311820818,-5.4923455573023015,104.39322717351354,88.5843960929069,0.0,0.0,-27.538512062618615,-21.295381690082085,5.3733151272702715,101.22895965732133,99.04050582774074,0.0,0.0
18.71871871871872,-4.716749353511846,-3.887191306079747,-4.174050374789457,0.9127597382582584,0.9573726883997331,-0.3236061564387721,12.621500137142474,10.984654459895227,2.30432386440207,-40.36164224831765,23.257979434966966,0.0,0.0,36.91436723879179,-3.004656739919253,-0.9553490295598934,-115.04511553159493,0.679767970868868,0.0,0.0,-10.895793367787785,7.241401065571907,8.092708767918252,-15.773592937802468,-23.145865895123123,-5.503556500142809,104.52417927865133,88.60395720501569,0.0,0.0,-27.63676321998098,-21.326544108538204,5.357171202376044,101.28413731550651,99.01566464874541,0.0,0.0
18.81881881881881,-4.734180339878212,-3.8399759202312302,-4.161925922159158,0.9127669919836503,0.957596387411745,-0.32358450986953624,12.392180650227221,10.92093003148148,2.3468926807734403,-40.20266171714481,23.200622879445444,0.0,0.0,37.12579541931365,-2.94476948259793,-0.9409293206619946,-114.90383759868203,0.7146865902275623,0.0,0.0,-10.8622314517354,7.182408697325657,8.169836515423757,-15.71687872473974,-23.130508458559557,-5.514312531857525,104.6552062008492,88.6236649950744,0.0,0.0,-27.73558104046547,-21.35787972915916,5.340732305591594,101.34022203061662,98.99060838259393,0.0,0.0
18.918918918918912,-4.751782939000001,-3.7917884843963963,-4.150083141855856,0.9127795718918918,0.9578259893423423,-0.3235621556936937,12.161578250288288,10.856201303405404,2.3900245885765763,-40.04045279335135,23.136749232747743,0.0,0.0,37.33477114642342,-2.8840942016036037,-0.9280700895045045,-114.75746343331532,0.749786469990991,0.0,0.0,-10.827743308396396,7.122112043639641,8.24657748074775,-15.661532219117115,-23.115097205126126,-5.524768645963964,104.78688030968469,88.64386643498199,0.0,0.0,-27.83569711971171,-21.389439271432433,5.323342525549552,101.39821003186486,98.96573430932433,0.0,0.0
19.01901901901903,-4.769350315030697,-3.742958465676677,-4.138213646689022,0.912796112065065,0.9580607219906574,-0.3235395607981315,11.930152099453121,10.790657798207206,2.4331599727951287,-39.8761075551061,23.067361295896564,0.0,0.0,37.541546154739066,-2.8229762163653667,-0.9162080718028017,-114.60705029544211,0.7848130418558552,0.0,0.0,-10.792779022403069,7.060962243238238,8.322926907707373,-15.607316379923589,-23.099544268011346,-5.535151629912244,104.91893630860093,88.66414130153188,0.0,0.0,-27.93655700611845,-21.4213039398345,5.305440410381717,101.45774810029363,98.94037145242609,0.0,0.0
19.119119119119123,-4.7869206826683355,-3.6936628732962946,-4.126104631686351,0.9128154750734068,0.9582988230620622,-0.323516898354688,11.698175951420076,10.724493428045708,2.4760228937807818,-39.710227434757755,22.99328694200267,0.0,0.0,37.746787220622295,-2.7613899965375337,-0.9049083186966962,-114.45394262741975,0.8196800383209893,0.0,0.0,-10.75740525807841,6.999180698853517,8.398728235051054,-15.553822732223887,-23.083879330987987,-5.545345174512846,105.05120520062162,88.68445767255488,0.0,0.0,-28.037975368604272,-21.453413866146143,5.287140604443778,101.51826478965566,98.91483969353621,0.0,0.0
19.219219219219216,-4.804214683240241,-3.6439351850330324,-4.113936514677678,0.9128370333083081,0.9585399991251251,-0.3234938738888889,11.465427899155152,10.657779671628628,2.519059358213214,-39.54304944513414,22.91609023674975,0.0,0.0,37.95048188518318,-2.6996544577737733,-0.8941827235105105,-114.29854897004705,0.8544104870970965,0.0,0.0,-10.722037499833835,6.936787844379379,8.474295002402403,-15.50083950131832,-23.068157572433435,-5.555283605373373,105.18368021745343,88.70451182264564,0.0,0.0,-28.13972437107908,-21.48586100025525,5.2686909344484505,101.57951327015917,98.88868723150149,0.0,0.0
19.319319319319323,-4.821551369634301,-3.5935627967664354,-4.101787710822156,0.9128617566599934,0.958784910494828,-0.3234706309409409,11.232032585928604,10.59023133543744,2.562196591532866,-39.37406279305006,22.83401099260194,0.0,0.0,38.15256427570837,-2.6374533152652675,-0.8843846947664327,-114.14003956300203,0.8896887718915567,0.0,0.0,-10.68611855778345,6.873612510849851,8.549591328369031,-15.44886830288956,-23.0523417988682,-5.56516211573707,105.31654778023456,88.72488936382582,0.0,0.0,-28.24210346568168,-21.51853781796263,5.249810740345347,101.64192262199931,98.86258682391323,0.0,0.0
19.41941941941942,-4.838865236907574,-3.5421693955992666,-4.08970649267334,0.9128916260383717,0.9590355319362696,-0.32344704385018347,10.997363630746078,10.521358516468135,2.605567888633634,-39.20219237412947,22.746248228439107,0.0,0.0,38.352019933666,-2.574466973989991,-0.8760360027110436,-113.97682902832165,0.9258239334768096,0.0,0.0,-10.649433604456457,6.8091577875348674,8.624185013374374,-15.398146549467137,-23.036318308701368,-5.574785935454454,105.44993405990189,88.74637294802403,0.0,0.0,-28.34573264980981,-21.551305622108107,5.229774513911581,101.70605643552653,98.8380303713864,0.0,0.0
19.519519519519527,-4.856077330033033,-3.490174235379379,-4.077856997314315,0.9129246553843844,0.9592901801791791,-0.3234230606576577,10.761871938421418,10.451840569902902,2.6490135036346323,-39.02853089665565,22.656305355799805,0.0,0.0,38.54955537268468,-2.5111761954454446,-0.8687842933253259,-113.81032337125825,0.9624042378398403,0.0,0.0,-10.612531176092093,6.743843823853854,8.698616549250252,-15.348097499744743,-23.02033180379179,-5.584110475096096,105.58339791965565,88.76782591577475,0.0,0.0,-28.45007114058759,-21.584265564480482,5.209240111315316,101.77129284901203,98.81249891172374,0.0,0.0
19.61961961961962,-4.873198051121455,-3.4376667268682,-4.065786299926592,0.9129607500540541,0.959548554141475,-0.32339910170370373,10.525698177843836,10.381600290166165,2.692000618639642,-38.85311253879378,22.561615416304637,0.0,0.0,38.745281809866874,-2.447410562290622,-0.8622099346986986,-113.64076855563863,0.999343766073407,0.0,0.0,-10.57535689362729,6.677811903498497,8.772501043318652,-15.298683937856524,-23.004405566288952,-5.592897024112446,105.71695631498298,88.78930184480414,0.0,0.0,-28.555026136250586,-21.617485301529193,5.1882701241231235,101.83755248540407,98.7864905837394,0.0,0.0
19.719719719719713,-4.89027869666066,-3.3845643660030023,-4.053621592701701,0.9130001801484818,0.9598108259766434,-0.3233750260804137,10.288834650628619,10.310571757512175,2.734813091088423,-38.67592637899299,22.462294392904237,0.0,0.0,38.93907034704472,-2.383215538754754,-0.8564542230133462,-113.46800423344777,1.0369450128284956,0.0,0.0,-10.537788136374374,6.610973431007006,8.845815667303642,-15.249923301571902,-22.988477476261927,-5.601119490145479,105.85065392708707,88.81103288183417,0.0,0.0,-28.660728059869207,-21.650819561394396,5.166644745871872,101.90471080791659,98.7606501410854,0.0,0.0
19.81981981981982,-4.907382398927927,-3.3303996143393406,-4.041378816102101,0.9130443543483484,0.9600783598558558,-0.32335048913213216,10.051009880246248,10.238222849882884,2.7777392868888877,-38.496365138393394,22.357771911903903,0.0,0.0,39.13045247270871,-2.3181908737957966,-0.8520268947957957,-113.29093290742944,1.0751308203153158,0.0,0.0,-10.499380905084085,6.542781871294295,8.91836722736937,-15.202396805408409,-22.97220091822823,-5.609259324147148,105.98477266890691,88.83341980612612,0.0,0.0,-28.767432815405403,-21.684283208891895,5.143950708345345,101.97306699976578,98.73558436147145,0.0,0.0
19.919919919919913,-4.924531742975309,-3.2754893659759743,-4.029144989692026,0.9130923048191525,0.9603500909025693,-0.32332557043009674,9.812456505416744,10.164986112134802,2.8206078050153507,-38.31482019606874,22.249370984689683,0.0,0.0,39.31977194914215,-2.252763253239906,-0.8487079198491824,-113.11025509907941,1.1135071888194863,0.0,0.0,-10.460390857125457,6.4735860096413065,8.990398843102774,-15.155781619600265,-22.955762207836834,-5.617154859883217,106.11907295054955,88.85574809433167,0.0,0.0,-28.87497398884251,-21.717949449689023,5.120629876047049,102.04263116365198,98.70987477168768,0.0,0.0
20.020020020020024,-4.941509613284284,-3.219825213726394,-4.0168897306750075,0.9131440701681679,0.9606262980757425,-0.32330059425258595,9.573069328618288,10.090773997645647,2.863144788709041,-38.131343254598264,22.137830924562564,0.0,0.0,39.50666764757456,-2.186833646441109,-0.8464828228952281,-112.92578227989456,1.1524365029112444,0.0,0.0,-10.421123925742744,6.403391285643979,9.06188210276176,-15.109887831907576,-22.939334469591593,-5.624464164847515,106.25320658245678,88.8784648739306,0.0,0.0,-28.98328864264197,-21.75176804585152,5.096664177086754,102.11312090893227,98.68391988386887,0.0,0.0
20.12012012012013,-4.958380751313314,-3.163722761713715,-4.0045028881041045,0.9131981628058059,0.9609051736656656,-0.3232758166846847,9.333156553336337,10.015994210541542,2.9053840004674663,-37.94662210182183,22.024848643205207,0.0,0.0,39.69218650498598,-2.1203572354074085,-0.8448726318858858,-112.73913961341341,1.1916021137127126,0.0,0.0,-10.381700295130134,6.332606302231232,9.132885215158158,-15.064319515146144,-22.92302093361662,-5.631230002110109,106.38715786335936,88.90143744797997,0.0,0.0,-29.09206831731631,-21.78563981974174,5.072293362009012,102.18418030432733,98.65808807331629,0.0,0.0
20.220220220220224,-4.975079468929929,-3.107034205137805,-3.992125815417083,0.9132553210457124,0.961187721103103,-0.323250760347681,9.092475054835168,9.940445508066734,2.9473446092465796,-37.7602517911398,21.908629077640974,0.0,0.0,39.87571643235369,-2.0536008453550214,-0.8441450640397056,-112.54945050131832,1.2309853294704711,0.0,0.0,-10.342096535211546,6.261002469658993,9.20342275448315,-15.019408005468133,-22.90659736595996,-5.637722830794461,106.52118202163062,88.92469720623389,0.0,0.0,-29.20156341259559,-21.819537425080078,5.047127933626962,102.25615064119386,98.63246204493393,0.0,0.0
20.320320320320313,-4.991625081547214,-3.0495245287717707,-3.979631545246246,0.9133167866569902,0.9614750485065064,-0.32322550842475806,8.850997081423417,9.863776238477476,2.9888389597153835,-37.57189958232665,21.787467319131466,0.0,0.0,40.0565407856987,-1.9862999544010662,-0.8444842695478808,-112.35582655017114,1.2705304405809152,0.0,0.0,-10.302063790533868,6.188342923451115,9.273130004461798,-14.975356462822486,-22.890185308826155,-5.643473061392058,106.65524245399934,88.9480576634164,0.0,0.0,-29.31198216901268,-21.85347876234568,5.021016666601602,102.32901695704405,98.60717810744077,0.0,0.0
20.420420420420406,-5.00812523304004,-2.9911416225115124,-3.9669628163003,0.9133822406236236,0.9617666902882881,-0.323200226007007,8.608666290981981,9.785954612397397,3.030056142886887,-37.38149482539439,21.66277539232733,0.0,0.0,40.235181917788786,-1.9183082187197207,-0.845899948123123,-112.15851212998098,1.3105474244013995,0.0,0.0,-10.26147282449049,6.114579258932933,9.342068073534534,-14.932151313863864,-22.873705799314312,-5.648846177168169,106.78948566624327,88.97183298625626,0.0,0.0,-29.423267989045048,-21.88752418686186,4.994010061022023,102.40288927475976,98.58187490393293,0.0,0.0
20.520520520520527,-5.024520241431431,-2.932166359035368,-3.954189585693693,0.9134507313309976,0.9620616176262929,-0.32317509517417414,8.365917816024023,9.707277784300633,3.070602449411745,-37.189773594003334,21.534682851340005,0.0,0.0,40.41188863616983,-1.8499115253223217,-0.8481497139329326,-111.95827725674773,1.3504948035018347,0.0,0.0,-10.220591949978978,6.0400567315221885,9.410370819068735,-14.889529950053387,-22.857099768073745,-5.653798790565565,106.92352579291658,88.99578184356322,0.0,0.0,-29.53525298947981,-21.92149143989423,4.966318686632968,102.47736742139607,98.55639950537773,0.0,0.0
20.620620620620628,-5.041035786374374,-2.8726705079322663,-3.941358306756423,0.913522176047047,0.9623590898561896,-0.32314986568368365,8.122789906030029,9.627966752348016,3.1107169813883893,-36.99663225042609,21.40351182363998,0.0,0.0,40.587084367163165,-1.7812154583106445,-0.8512196465211869,-111.75557124384052,1.39061003115649,0.0,0.0,-10.179168814747747,5.964848918355355,9.478209548036704,-14.847549481832166,-22.84032462363964,-5.658513561429096,107.05750907605872,89.02034389771906,0.0,0.0,-29.64788288876977,-21.955508045586587,4.9380094087123805,102.5524858173083,98.53087429598833,0.0,0.0
20.720720720720717,-5.05731669387087,-2.812878658801803,-3.9283456947297295,0.913595930021021,0.962659308993994,-0.3231248188528529,7.879263741465467,9.548186931261261,3.150275169246245,-36.80243384528229,21.267536791753752,0.0,0.0,40.7605229949039,-1.7122835923783803,-0.8547702180120119,-111.55069438597297,1.4302622556846845,0.0,0.0,-10.137764562465467,5.889219918570571,9.545474103561562,-14.805859767801802,-22.82365710536637,-5.662559767474474,107.19119031160963,89.04472232011412,0.0,0.0,-29.7609050223033,-21.98952202142943,4.909350139048049,102.62796435572673,98.50556149063364,0.0,0.0
20.82082082082081,-5.073186419794127,-2.7521623967137137,-3.915064542996329,0.9136744761675007,0.9629655161284617,-0.3230999434387721,7.63471545246246,9.467088319112113,3.1891289591348007,-36.60586256637737,21.124854261628293,0.0,0.0,40.930709067178185,-1.6426367860347004,-0.8594380344914917,-111.34098474423222,1.469495166427094,0.0,0.0,-10.096175263275942,5.812412588313981,9.611661724079747,-14.764925322110775,-22.80696645356123,-5.665728138921254,107.32472873181882,89.06910062207808,0.0,0.0,-29.874927635962628,-22.023651201803137,4.8796163122656,102.70457449869502,98.4798823964231,0.0,0.0
20.920920920920913,-5.089036996727394,-2.6910454897947944,-3.901893271546213,0.9137553188131466,0.9632742796136137,-0.32307481937337335,7.389842864392723,9.385414816858525,3.227611722450786,-36.4082672638682,20.97876642785419,0.0,0.0,41.099413940835504,-1.5729028859699694,-0.8647651100944271,-111.12900366103572,1.50854029511545,0.0,0.0,-10.054381505070404,5.7350314661638295,9.677493629581251,-14.724355602032364,-22.790368910104103,-5.668309019052384,107.45823908974441,89.09367459601135,0.0,0.0,-29.989549218536204,-22.05771565888889,4.849230731871541,102.78172024681881,98.45442022153988,0.0,0.0
21.021021021021035,-5.104981779008008,-2.6291790594454443,-3.8886860366236227,0.9138399875925926,0.9635868662932934,-0.3230498467427428,7.144583652781776,9.302678874793791,3.265194479436437,-36.20885927134434,20.826746191638634,0.0,0.0,41.26600495408108,-1.5027382653213197,-0.8711654183913915,-110.91340234255054,1.5466845153093096,0.0,0.0,-10.011993146057057,5.65670842374174,9.74262615344144,-14.684527738091091,-22.773716437519518,-5.670380049429427,107.59151538934233,89.11888846418518,0.0,0.0,-30.10511190202102,-22.091598959754755,4.817848358005004,102.85964286854055,98.42860774946845,0.0,0.0
21.121121121121124,-5.121106944804806,-2.5669046889195837,-3.875434452148481,0.9139268744988323,0.96390150032666,-0.3230248649275943,6.899226543400391,9.219450251416081,3.30236001969503,-36.00839063322155,20.671626840728386,0.0,0.0,41.43140607032166,-1.4323871661404701,-0.8781608656813475,-110.69562162611109,1.5844207254407752,0.0,0.0,-9.969120594587585,5.577882273875206,9.807434361687688,-14.645318240409742,-22.75713744712646,-5.672173780049382,107.72486870168936,89.14425381045211,0.0,0.0,-30.22123465934135,-22.125567494979315,4.785978334795462,102.93822389717317,98.40237819318818,0.0,0.0
21.221221221221214,-5.1371341562142145,-2.5041389523733724,-3.862150444666665,0.9140163506750083,0.9642189440870872,-0.32299989581981986,6.653535556467128,9.135518049812479,3.3390566369019004,-35.80670299761094,20.51290480718785,0.0,0.0,41.59503469373674,-1.361749243552217,-0.8858567600020019,-110.47521989212346,1.6215638996272959,0.0,0.0,-9.926026610136137,5.498436835219218,9.87177079540307,-14.606684253937937,-22.74067091328328,-5.673444401415415,107.85814226314749,89.16922184050517,0.0,0.0,-30.3378687945649,-22.15960559568702,4.753714830770103,103.01732858719052,98.37612504897399,0.0,0.0
21.321321321321307,-5.153151723136135,-2.440692331784784,-3.8487426768248243,0.9141100431101101,0.9645408677667667,-0.3229750014004004,6.407525767144139,9.050645776819819,3.374676782223223,-35.6031081018989,20.346242995426426,0.0,0.0,41.755984445646654,-1.2907303515425423,-0.8945999218318319,-110.25054697143341,1.6576652623123131,0.0,0.0,-9.882452451248247,5.418034359861862,9.935198224232234,-14.56880346613113,-22.724177237842845,-5.673918437283283,107.99098443176676,89.19444767948649,0.0,0.0,-30.455482770862865,-22.193462660343346,4.7203419693923925,103.09705528363864,98.34987618318017,0.0,0.0
21.421421421421407,-5.169255634057724,-2.376840068064066,-3.83514511998265,0.9142065064974976,0.964865453443777,-0.3229502643490157,6.161420429389061,8.965161669832167,3.409510986997997,-35.39835331984518,20.174410489806142,0.0,0.0,41.91526899729663,-1.2195005832309,-0.9039450565849174,-110.023221602672,1.6931539727607607,0.0,0.0,-9.83844621596797,5.337104831487156,9.997912586296628,-14.531439593935602,-22.707736830768773,-5.673765328540207,108.1236581044698,89.21989853362462,0.0,0.0,-30.5737685644748,-22.22714160616416,4.686136356586922,103.17715128497798,98.32419305406941,0.0,0.0
21.52152152152154,-5.185386869661997,-2.312603648962959,-3.821380644554219,0.9143053200874206,0.9651922620337003,-0.3229257007874541,5.915219399886203,8.87913761318618,3.4437234101534893,-35.19268419788153,19.998293290377365,0.0,0.0,42.07306929736238,-1.1480040931040991,-0.9138529702038711,-109.7937970978525,1.7282104315338696,0.0,0.0,-9.79411425975809,5.25568264267467,10.060003818538544,-14.49448531044444,-22.69130634764598,-5.673064223008341,108.25608409856656,89.2454609617154,0.0,0.0,-30.69254994733034,-22.26066457784852,4.651372209997996,103.2575253911992,98.2986873793787,0.0,0.0
21.62162162162162,-5.201750853207206,-2.2477507313063065,-3.8075335337567564,0.9144078097567567,0.9655226075405405,-0.3229013000900901,5.669033691702703,8.792143879261262,3.4765696356666664,-34.98549698961262,19.816061127576578,0.0,0.0,42.228693776630635,-1.0762237325765773,-0.924668841198198,-109.56065401818918,1.7629430387837828,0.0,0.0,-9.749066670252251,5.173455266405406,10.121209455225223,-14.458200888693693,-22.6748468423964,-5.6717110749909905,108.38820579177477,89.27155028306306,0.0,0.0,-30.81226547735135,-22.293913513243247,4.615475517891893,103.3385290606036,98.2730489075766,0.0,0.0
21.721721721721728,-5.218097248799467,-2.1824874710980975,-3.793612549150482,0.9145124088365032,0.9658551213376712,-0.32287705636436437,5.4227948027831125,8.70455480690357,3.508786985320987,-34.77747541059226,19.630853587754082,0.0,0.0,42.382831042657656,-1.0042253959963277,-0.9360058911728378,-109.32526655323088,1.797278779796463,0.0,0.0,-9.703792661842508,5.090720483996329,10.1819101227344,-14.422313567146812,-22.658394038697033,-5.669867027892223,108.52004181724392,89.29750000386954,0.0,0.0,-30.932468561547218,-22.327094560958624,4.579056339939273,103.41983769024826,98.24737139804539,0.0,0.0
21.82182182182181,-5.234571608112447,-2.1164418208935585,-3.779590693621955,0.9146206226229563,0.9661910461274607,-0.32285271459359366,5.176516364189519,8.616025399696694,3.540423723466467,-34.56799837197464,19.441635076381708,0.0,0.0,42.534737132064734,-0.9318429107540854,-0.9483998909369363,-109.0862915530754,1.8310629092322315,0.0,0.0,-9.657882876521187,5.006993471946278,10.24181866647481,-14.387177334357691,-22.641789900379713,-5.667387248932598,108.65141982252786,89.32357987259925,0.0,0.0,-31.053471644907905,-22.360227487079747,4.541747496551887,103.5016227556263,98.22143255730529,0.0,0.0
21.921921921921943,-5.250975156255256,-2.049985112992991,-3.76542709924124,0.914731613101101,0.9665299885865867,-0.3228285912642643,4.930089661363352,8.52686149971471,3.5711327611841845,-34.357438783087076,19.248343319751744,0.0,0.0,42.68465500820822,-0.8592180224384359,-0.9615051240590591,-108.844529455029,1.8649881617057076,0.0,0.0,-9.611785666701701,4.922701016778776,10.300943886863866,-14.352386813356356,-22.625460576885885,-5.663812744044045,108.78235729477379,89.349642841016,0.0,0.0,-31.175107093500504,-22.393049115531532,4.503577654856857,103.58353907702003,98.19583892451051,0.0,0.0
22.022022022022032,-5.267417501847514,-1.9830339169075752,-3.7513135006403076,0.914845287547214,0.9668715789953287,-0.3228044843900567,4.683577879590593,8.43697838969603,3.6009915945522173,-34.1458282083667,19.050481492493496,0.0,0.0,42.832666847609936,-0.7864604136993677,-0.9754899114774773,-108.6000487498602,1.899195606456122,0.0,0.0,-9.565359941096098,4.837746069841176,10.359498729348013,-14.318069483301636,-22.609223066890223,-5.659680479524858,108.91310093960729,89.37597960798298,0.0,0.0,-31.297404863084743,-22.425627499336336,4.464551433513847,103.66592548058324,98.17001958167968,0.0,0.0
22.122122122122132,-5.28392749670971,-1.9152948281931899,-3.7372643004050716,0.9149627509292626,0.9672167087220555,-0.3227803817327327,4.437089071558546,8.345967171069734,3.6296151698128143,-33.93284478165265,18.84707946263463,0.0,0.0,42.97814000471172,-0.7134601748074714,-0.9907253135298644,-108.35169349804737,1.9340666894104128,0.0,0.0,-9.518343099566232,4.751815342461124,10.417360451275945,-14.28455490021621,-22.59281063382416,-5.655174065269603,109.04362530089557,89.4027174070507,0.0,0.0,-31.420574607084085,-22.45801745528395,4.424461104364699,103.7489548013884,98.14365510195697,0.0,0.0
22.22222222222222,-5.30039379037037,-1.8472237192962937,-3.723021473740741,0.9150819145555553,0.9675634981111111,-0.3227566567037037,4.190643838888876,8.254459509370367,3.657501913037038,-33.719306475259245,18.641028938518506,0.0,0.0,43.12229972307408,-0.640190483777775,-1.0063785334814832,-108.10157920803704,1.9691655172222244,0.0,0.0,-9.471172120370369,4.665505032962959,10.474665795888892,-14.251306013703703,-22.57645638022222,-5.650130352407406,109.17382770425927,89.42922243792592,0.0,0.0,-31.544060717407415,-22.490344615,4.384022652407406,103.83213665751853,98.11743720862962,0.0,0.0
22.322322322322318,-5.316810267885885,-1.7788228722285624,-3.7086870266636622,0.9152027181528195,0.9679119250030028,-0.3227332984140807,3.944247338145145,8.162495131254255,3.68458091585819,-33.50527585308141,18.431849235573903,0.0,0.0,43.265098661471136,-0.5666176920400401,-1.02250116695462,-107.84976455068536,2.0046759787814468,0.0,0.0,-9.423902664813479,4.578784224309977,10.531543106672004,-14.218397004736739,-22.560207839712046,-5.6445396240283605,109.30373122420922,89.45553899264398,0.0,0.0,-31.667834278873205,-22.5225619596303,4.343255556467467,103.91551256820553,98.09124550968569,0.0,0.0
22.422422422422436,-5.33309230440941,-1.7101675255462105,-3.6942817337297287,0.915325698887554,0.9682624687931265,-0.32271021271004335,3.6979858533496737,8.070116752937935,3.7105207266603273,-33.29080386793526,18.219471769303958,0.0,0.0,43.405943154201545,-0.49298205318718386,-1.03904211117751,-107.59562397196328,2.0406336489055734,0.0,0.0,-9.376606710350012,4.491696624514178,10.587857501779782,-14.185892889598264,-22.544101481763427,-5.638250218614947,109.43329741853286,89.48178169666832,0.0,0.0,-31.792203719205208,-22.554462255628295,4.301712563780113,103.99907910423057,98.06526946599233,0.0,0.0
22.52252252252254,-5.349369935585586,-1.6409465728588586,-3.680189614918919,0.9154518772222222,0.9686163837057057,-0.3226868905525525,3.451721059603603,7.976881603954953,3.735481060597597,-33.07507397290991,18.001544273558558,0.0,0.0,43.544259788729725,-0.4194655697027022,-1.0567761119429435,-107.33799099376577,2.0776492708078083,0.0,0.0,-9.32905047833033,4.4038325314054045,10.643639885810812,-14.15391928721021,-22.528232626465467,-5.631099276891892,109.56249174632732,89.50825465903004,0.0,0.0,-31.917471366795798,-22.585915900204206,4.258987159489491,104.08316578942643,98.0388178494114,0.0,0.0
22.622622622622625,-5.365570384959627,-1.5713126331825142,-3.666117878709376,0.9155804119652986,0.9689726666363031,-0.32266346772272275,3.205478888260251,7.883077753279276,3.7597318167937934,-32.85860516954019,17.780606919804463,0.0,0.0,43.68069996237037,-0.3459544272145466,-1.0752201052585924,-107.07786951220919,2.1152292051061083,0.0,0.0,-9.281305906726391,4.315411666749748,10.698969293174843,-14.122381965719384,-22.51227360398231,-5.6234632271137786,109.69144161621955,89.53506679984419,0.0,0.0,-32.043348025730396,-22.61727567632766,4.215432292617951,104.16763184312347,98.01198009651752,0.0,0.0
22.72272272272272,-5.381701414983651,-1.5010329632789436,-3.65179199191992,0.9157122554531197,0.9693321111888556,-0.3226404324701368,2.959239063573899,7.788350619443108,3.782814884376043,-32.64098754629395,17.553307652500827,0.0,0.0,43.814658698470474,-0.2720036283266577,-1.0946353708061405,-106.81444098459357,2.1534275774447798,0.0,0.0,-9.233231501840505,4.22619600759993,10.753305610024025,-14.09137498218218,-22.496306816293295,-5.614996840631298,109.81991639330863,89.56180152385453,0.0,0.0,-32.1698228210634,-22.648437973353353,4.171074023411411,104.25229241195663,97.98506313505973,0.0,0.0
22.82282282282281,-5.397781381729731,-1.4304065299159172,-3.6374905012292293,0.9158463642422422,0.9696938803603604,-0.3226177180570571,2.713142672901903,7.693017380101102,3.804765180065064,-32.42260269837438,17.320755369486488,0.0,0.0,43.94664095271971,-0.1979231947077095,-1.1147515820520517,-106.5483959732222,2.192074110174174,0.0,0.0,-9.185054301681683,4.136507737989992,10.80704187948949,-14.060768483673675,-22.480591971870872,-5.605719264018016,109.9479786031201,89.58839527917716,0.0,0.0,-32.29679142522623,-22.679173402478476,4.126045493339342,104.3370817986847,97.95837165260359,0.0,0.0
22.922922922922943,-5.413809418883883,-1.3596168885655666,-3.6231273755909235,0.9159826018168168,0.9700575985575576,-0.32259526139906575,2.4674520787444107,7.59735134992993,3.825323064689355,-32.203896659521526,17.084511741232895,0.0,0.0,44.07660444502336,-0.123933319338005,-1.1352307727694353,-106.27983649941942,2.2311415477637624,0.0,0.0,-9.136762536149819,4.04656353271505,10.860177357623622,-14.030579707680014,-22.465032707050717,-5.595755198115446,110.0755932948038,89.61481476299767,0.0,0.0,-32.424323981792796,-22.70946700004738,4.0801500396946935,104.4218781272109,97.93202611352987,0.0,0.0
23.023023023023033,-5.429876481156491,-1.2885318408668647,-3.608885476631964,0.9161206235285286,0.9704229614207541,-0.3225729329019019,2.221983007656648,7.501169823568231,3.8448801504427763,-31.984608608254575,16.845125268512504,0.0,0.0,44.20508967294828,-0.0499727644280918,-1.1562624949946607,-106.00918494286653,2.2705094068571916,0.0,0.0,-9.088261442983317,3.956244270159491,10.913058547126127,-14.000799879323656,-22.449506331965967,-5.585416221784117,110.2028842994865,89.6412915759386,0.0,0.0,-32.552209819160495,-22.739568030451117,4.033768175495828,104.50683014030633,97.90549277385153,0.0,0.0
23.12312312312313,-5.445981607129128,-1.2170377343013001,-3.5945517421561535,0.9162610541631631,0.9707905563263262,-0.3225507238698698,1.976714138190184,7.404332755448446,3.8633631202512495,-31.764507567958947,16.60154494476275,0.0,0.0,44.33170952666566,0.02406016593493714,-1.1779326023733727,-105.735940665018,2.3098213940460455,0.0,0.0,-9.039455754441441,3.865418894564564,10.965298642025022,-13.971529862898901,-22.43403483809009,-5.5743824985785775,110.32972519491291,89.66796575116916,0.0,0.0,-32.680661642812815,-22.76943871098098,3.9865182457387385,104.59198869571374,97.87846754841942,0.0,0.0
23.223223223223215,-5.462197616686353,-1.1451852549459454,-3.580043038785452,0.9164038534668002,0.9711601206856857,-0.3225292100737404,1.732013607106769,7.306861425922254,3.8802396718998984,-31.543865947267932,16.35186582707373,0.0,0.0,44.456408141762424,0.09838819692092189,-1.2000696278331673,-105.45992330045544,2.349151954951953,0.0,0.0,-8.990262970413413,3.774233759813479,11.016665905022023,-13.942636390770769,-22.41870389784918,-5.562535920794128,110.45593556120119,89.69422768633166,0.0,0.0,-32.80962093905973,-22.798924824675673,3.9386158296079414,104.6771629490127,97.85132263601835,0.0,0.0
23.323323323323326,-5.4784476112078755,-1.073108799096094,-3.565450286538204,0.9165484627821154,0.9715312688968968,-0.3225081472749416,1.4877906345568825,7.208992266232897,3.8955253992769436,-31.32289679772572,16.098333677722714,0.0,0.0,44.579313615161496,0.1728006545488847,-1.2226472098051389,-105.18150754682384,2.3886009673603636,0.0,0.0,-8.940915272564562,3.6827288340373685,11.06739446267034,-13.914092953223223,-22.40348413789156,-5.550073979110109,110.58162731450952,89.72034934515149,0.0,0.0,-32.93893650596364,-22.82798562198365,3.890161564984651,104.76230168520287,97.82406295540675,0.0,0.0
23.423423423423436,-5.494913014051051,-1.0007069418138113,-3.550868020573572,0.9166953198498499,0.9719042174264263,-0.3224873248948949,1.244145869447438,7.110598126543539,3.909512285690691,-31.101356082489485,15.840732292321315,0.0,0.0,44.70044289925826,0.2472115590720744,-1.245954669477478,-104.90049121352851,2.4281284340630633,0.0,0.0,-8.891129599936935,3.5908152491141108,11.11754648706907,-13.88604658398198,-22.38843504203303,-5.536950911831831,110.70692472625527,89.74672488623122,0.0,0.0,-33.068717710468476,-22.856656213321322,3.8409192500990983,104.84750763214716,97.79662139823424,0.0,0.0
23.52352352352353,-5.511429461168836,-0.9280806182746085,-3.536180843127127,0.9168439812689355,0.9722787140036703,-0.3224667111638305,1.0009437292952956,7.011776624167167,3.922426010500834,-30.879544329973633,15.580172510097768,0.0,0.0,44.819956935455124,0.32159043846813423,-1.269648034612279,-104.61723395797533,2.467541456880214,0.0,0.0,-8.841130771815148,3.4985852579462806,11.16714620092993,-13.858434450368701,-22.373397051991326,-5.523309401836505,110.83183035904305,89.77295775798432,0.0,0.0,-33.19894110535969,-22.885006048448783,3.7909789597447463,104.93278290053654,97.76930863555324,0.0,0.0
23.623623623623622,-5.528021240317319,-0.8550927401117759,-3.5213007912365706,0.9169947385495496,0.9726549457737738,-0.3224466494914915,0.7582585926913527,6.912296270750413,3.9337383071484835,-30.65731163326626,15.315689663563225,0.0,0.0,44.93769600201102,0.39620658745145415,-1.293776201831832,-104.3313349647761,2.5060144377374045,0.0,0.0,-8.790812891426757,3.4059605444397705,11.21602219710444,-13.831358380764431,-22.35841266030197,-5.5091068027854515,110.95619912696296,89.79888569114814,0.0,0.0,-33.32956543971672,-22.91299812068035,3.7403876940944287,105.0180062866253,97.74181899201201,0.0,0.0
23.72372372372372,-5.544625721166166,-0.7820030930720705,-3.5065725169559556,0.9171468684134133,0.9730325303263264,-0.3224268524364364,0.5161933483173117,6.812577161590589,3.9437087204264274,-30.435048575727723,15.046823345458453,0.0,0.0,45.053703983379386,0.4706851928088098,-1.318234884450451,-104.04321403000601,2.543917032248249,0.0,0.0,-8.740439259873872,3.313163717387385,11.264580269581582,-13.804586830839838,-22.343729556058058,-5.494246025084085,111.08017631535135,89.82477096328628,0.0,0.0,-33.460526639801806,-22.94061998059059,3.689179389904904,105.10332774957858,97.71446961622323,0.0,0.0
23.82382382382382,-5.561339387953955,-0.7086311433977304,-3.491653848596262,0.9173009008695363,0.9734116107567568,-0.3224075458708709,0.2746057591664939,6.712374342103102,3.952393419414414,-30.212343922558553,14.773953873076405,0.0,0.0,45.16812793308842,0.5453442013316647,-1.3432219321895245,-103.75278855495996,2.581587459703372,0.0,0.0,-8.689770490488154,3.2200279222625943,11.312365231396731,-13.778126011223886,-22.329162870482147,-5.478647007038373,111.20369930825227,89.85070963845013,0.0,0.0,-33.59194895856623,-22.967858090869203,3.6373033255111777,105.1886427901685,97.6866244254331,0.0,0.0
23.923923923923944,-5.578104868703704,-0.6349744098581901,-3.4766660993466787,0.917456997027027,0.9737925641097764,-0.3223886087110444,0.03377761181714556,6.611609681672337,3.959372193297297,-29.98941540564531,14.496963125372702,0.0,0.0,45.280366084796796,0.6199514063670357,-1.368831043975976,-103.45937312981013,2.618524340791125,0.0,0.0,-8.638868976599596,3.1265088632912894,11.35941662681515,-13.752117881658327,-22.314675190036034,-5.462411811791791,111.32664751642244,89.87671504363632,0.0,0.0,-33.72392435247381,-22.994658381425094,3.5845594820296967,105.27412953913881,97.65818738751118,0.0,0.0
24.024024024024023,-5.594939033037036,-0.5611531353373371,-3.461614438212211,0.9176150762762761,0.9741751581651652,-0.3223702126656657,-0.20621270835435776,6.510524643377377,3.9644757693503494,-29.766483123977974,14.215180720787782,0.0,0.0,45.39041044887888,0.694603543661662,-1.3947939821991995,-103.16303589117418,2.6545712531211216,0.0,0.0,-8.58779193762062,3.0327608436886884,11.405829448578578,-13.726671283055055,-22.30043443432933,-5.445401545927928,111.4490454107117,89.902433104994,0.0,0.0,-33.856218789608604,-23.020887865585586,3.5310792917267264,105.35950435942743,97.62976652920621,0.0,0.0
24.124124124124133,-5.611879392258258,-0.48711720686486737,-3.446472248118785,0.917774390022022,0.9745586427417416,-0.3223521914734735,-0.4457260082208824,6.409079743875878,3.968493359505838,-29.543398532045053,13.9313276457928,0.0,0.0,45.49929648992926,0.7694088570480456,-1.421055559127793,-102.8649688478682,2.689771441027026,0.0,0.0,-8.536501777213882,2.9387576917757783,11.451730612563562,-13.701525487134466,-22.28634830603003,-5.4278919831921915,111.57104024824757,89.92800808874708,0.0,0.0,-33.98881816455355,-23.04678267314181,3.477097105536873,105.44486115595562,97.601374228666,0.0,0.0
24.224224224224223,-5.628862173869871,-0.4130035530226858,-3.431330809735067,0.9179349331758425,0.9749430652779445,-0.3223344844954955,-0.6846078806356464,6.307378468391053,3.971175718196865,-29.320357854475134,13.644628836772096,0.0,0.0,45.606714366497506,0.8441051797544249,-1.447502977940942,-102.56491004170502,2.72426577185786,0.0,0.0,-8.485088011628624,2.844651313633629,11.49721775774675,-13.676654683686355,-22.272466563115113,-5.409829679140808,111.69266735993695,89.95351287840607,0.0,0.0,-34.121750970369376,-23.0723616576313,3.4225542874444437,105.5302296341218,97.57327198736203,0.0,0.0
24.324324324324316,-5.645999002756756,-0.3386632541801781,-3.416011620774775,0.9180976277477477,0.9753290901261261,-0.3223175795225225,-0.9226950099729793,6.205118879027024,3.9720708921171157,-29.097070675261257,13.353385457666658,0.0,0.0,45.7123219751982,0.9189039362522543,-1.4743142939549554,-102.2621475712072,2.7579405403153157,0.0,0.0,-8.433275905747745,2.750395220468466,11.542013990315315,-13.65226302465766,-22.258630001621622,-5.391125065432432,111.81368685566665,89.97878329771171,0.0,0.0,-34.25506343701802,-23.097534641684682,3.3673795111171154,105.61554745678377,97.54473074643242,0.0,0.0
24.424424424424437,-5.663140497141808,-0.26418017942042193,-3.4005397176886896,0.9182617311735066,0.9757164544541208,-0.3223012118672005,-1.1601142298782081,6.102565487449785,3.971210162277276,-28.873700375701038,13.056779112269274,0.0,0.0,45.81617236705205,0.9937646716613268,-1.5013887987937937,-101.95699791277578,2.7904641712108775,0.0,0.0,-8.381409248328996,2.6559426559876558,11.586180206142808,-13.62824375794995,-22.24491229212212,-5.371905587403072,111.93422842999465,90.00394044250618,0.0,0.0,-34.3886085626046,-23.12226604544378,3.311626177223558,105.70078899604036,97.51566049932364,0.0,0.0
24.524524524524534,-5.6804221744311,-0.18967773190022857,-3.385011779096429,0.9184272994604605,0.9761048284974976,-0.3222851662942944,-1.3965653382572696,5.999844618364024,3.9687835219132475,-28.650470109553872,12.755316393008659,0.0,0.0,45.91815310334002,1.068461766827499,-1.5286476448975665,-101.6492119261458,2.8218607630543895,0.0,0.0,-8.329341777451782,2.5613978014380985,11.629708392372041,-13.60470656309009,-22.231485663806808,-5.35194912609009,112.05428302656958,90.02890514231532,0.0,0.0,-34.522604945023694,-23.146386947185185,3.254995690159158,105.78590558644746,97.48668970395562,0.0,0.0
24.624624624624627,-5.697906307651652,-0.11517697179779615,-3.3691075337967957,0.9185943292932933,0.9764940538058058,-0.3222699994444445,-1.6319482080540595,5.896997155357355,3.9643198941731734,-28.42738497058258,12.448676591405402,0.0,0.0,46.01840057879279,1.1432717114914923,-1.5559728032392395,-101.33897763548049,2.852147636199201,0.0,0.0,-8.276991413977978,2.466849247915914,11.672313940832833,-13.581595311457454,-22.218221124047044,-5.331334376099097,112.17365064603705,90.05379647637838,0.0,0.0,-34.656909455442445,-23.169963335165168,3.197746209069069,105.87087077683182,97.4576438644024,0.0,0.0
24.724724724724723,-5.715453964763762,-0.0407073715198564,-3.35303262628762,0.9187626175835835,0.9768842306553219,-0.32225557971271274,-1.8664246480914202,5.794050357872542,3.9578905527540855,-28.204524005476816,12.138048196674681,0.0,0.0,46.11693480838538,1.2180702915648964,-1.5832754089175818,-101.02642374371773,2.8816735086493166,0.0,0.0,-8.224542929557893,2.3723762918548585,11.714339680704368,-13.558841352346013,-22.205176985299296,-5.310147617738404,112.29239509438537,90.07846989059695,0.0,0.0,-34.791313277179505,-23.193089787939606,3.1400378056913603,105.95564541518286,97.42862088754255,0.0,0.0
24.82482482482481,-5.733128907537538,0.03392676067868066,-3.33667035799733,0.9189326226346347,0.9772755667784454,-0.32224200857090424,-2.100146511927598,5.690685637690686,3.949596657429095,-27.98147012961194,11.823171481838834,0.0,0.0,46.21381220090824,1.2930817878762126,-1.6107534970183504,-100.71136118451551,2.9100951570370364,0.0,0.0,-8.171820810221888,2.277790432736735,11.755544933072072,-13.536462554534534,-22.192316175856185,-5.288205343206871,112.41047160666001,90.10281107321723,0.0,0.0,-34.92598012033967,-23.21574093516883,3.0817635387120452,106.04020207544879,97.39915398767167,0.0,0.0
24.924924924924944,-5.751011503747748,0.10859704819219207,-3.3202030699319307,0.9191036295215216,0.977667391129129,-0.3222289087317317,-2.333023998730731,5.587156556551552,3.9399568184514506,-27.758460843963963,11.504398725120117,0.0,0.0,46.30946341473073,1.368107871264264,-1.6383874348538536,-100.3943805304935,2.937914194563563,0.0,0.0,-8.118836718202202,2.183147414837838,11.796280855961962,-13.514433346006005,-22.179616519904904,-5.265809513467468,112.52816992329629,90.1272390088989,0.0,0.0,-35.06083177554154,-23.23800728791091,3.0230556124324326,106.12460714627727,97.36936113227327,0.0,0.0
25.02502502502503,-5.768958282731398,0.18314203616283287,-3.303643836090422,0.9192754890273607,0.9780596525438773,-0.322216361297631,-2.5649241325845944,5.4837311819109065,3.928692250859858,-27.53597481912812,11.18266925270402,0.0,0.0,46.403567107120125,1.4430252697867902,-1.6659450773400075,-100.07543644495061,2.965322477790791,0.0,0.0,-8.065788557999998,2.08866566948448,11.836556792257927,-13.492730529328659,-22.167092583610277,-5.242992740229561,112.64530828292425,90.15140114732264,0.0,0.0,-35.195838929410755,-23.259807803085753,2.963800164944276,106.20881281046113,97.3395970602052,0.0,0.0
25.125125125125127,-5.787138932193193,0.2575960655939299,-3.2867223702399038,0.9194488146419753,0.9784526906156158,-0.3222047136706706,-2.7954418347344108,5.380238915636967,3.9151760284037342,-27.313948312389716,10.855610369722038,0.0,0.0,46.495682920642636,1.5179185056569944,-1.6933930890573907,-99.75365586162928,2.9921402133043062,0.0,0.0,-8.012418205053716,1.9943295080814114,11.875896174303971,-13.471562890805137,-22.154716995270938,-5.219594825675008,112.76152663779378,90.17516280388523,0.0,0.0,-35.33106722133134,-23.280993250391727,2.903825442573238,106.29282253899233,97.30982626895397,0.0,0.0
25.22522522522522,-5.805355927456456,0.33200179845645605,-3.2695306686366363,0.9196235059699701,0.9788466807237238,-0.32219385206006007,-3.0249967180150152,5.276650660249249,3.89977755335135,-27.092207334927927,10.524075011276276,0.0,0.0,46.58586870818018,1.5928769414054043,-1.7208483835105106,-99.4292388594084,3.018180412567569,0.0,0.0,-7.9590125950150155,1.9000220703273274,11.914493744882883,-13.450829047324323,-22.142626443123124,-5.195450622480481,112.8772417114895,90.19875573107508,0.0,0.0,-35.466416503765764,-23.301618678123127,2.843397125300301,106.37657651148648,97.28000515077177,0.0,0.0
25.325325325325316,-5.823567361776109,0.40650986060560895,-3.252338902879879,0.9197987189546213,0.9792410374267602,-0.3221833796106106,-3.254128076981325,5.172912470779775,3.883419611930262,-26.87062086793626,10.191449922706356,0.0,0.0,46.67510637517317,1.6679485682722759,-1.7484264484154166,-99.10359456925457,3.0437837508591916,0.0,0.0,-7.90562900730864,1.8056072963973933,11.952853938232234,-13.430260384680683,-22.13070097944311,-5.171000480562894,112.99270808733199,90.22233092408541,0.0,0.0,-35.601767068727064,-23.32197966580147,2.782778436355352,106.46022308821189,97.24993529802403,0.0,0.0
25.425425425425438,-5.842003800307974,0.48098976046146086,-3.2349805936166165,0.9199750588792126,0.9796359081594929,-0.3221734967217218,-3.4819874955839145,5.069057173447114,3.8653543180937597,-26.649610380091094,9.85577617892626,0.0,0.0,46.76274507768601,1.742944038469135,-1.7760933726726713,-98.7756035581665,3.069502652302634,0.0,0.0,-7.8519236210200205,1.711272286911246,11.990579230182515,-13.41011993480781,-22.11889356255155,-5.1461296465742405,113.10762983052052,90.24583855144277,0.0,0.0,-35.73730761122422,-23.34189364185919,2.721566207884552,106.5437747288415,97.21951020845812,0.0,0.0
25.52552552552553,-5.860557131811811,0.555306547731731,-3.217317084732734,0.9201527455915915,0.9800313456546548,-0.32216457022922923,-3.7086133104574524,4.965308036305307,3.845201232973976,-26.42909878051152,9.515978731665673,0.0,0.0,46.848319645220215,1.8179674004494477,-1.8036129630700697,-98.44489477995396,3.0950691032572566,0.0,0.0,-7.798106303624626,1.6171505373863877,12.02749989528128,-13.390442306220223,-22.107374718157157,-5.120546287152152,113.22174053477076,90.26896705452153,0.0,0.0,-35.873029715687686,-23.361146016122124,2.659726154840842,106.6270686189019,97.18896431496296,0.0,0.0
25.625625625625624,-5.879370101776109,0.6295199942529212,-3.199481311996661,0.9203311421388054,0.980426699696363,-0.3221564353790457,-3.933726760149823,4.861671791316315,3.8230498697177153,-26.209519858944606,9.173485687243893,0.0,0.0,46.93212737309109,1.893026992365034,-1.83103145971238,-98.11163600285417,3.1202035661668335,0.0,0.0,-7.744075840181847,1.5231480628391703,12.063798844136134,-13.371265401522189,-22.096141146976976,-5.094471325982315,113.33516991491224,90.29200265746047,0.0,0.0,-36.00878612188489,-23.379817521179515,2.5974064076900216,106.71009793084784,97.15861316013347,0.0,0.0
25.725725725725727,-5.898269960628964,0.7036713607974661,-3.181451691742409,0.9205105567847849,0.9808224699175841,-0.3221488377717718,-4.157794400874549,4.757985393539203,3.799419841301301,-25.990480147666993,8.828724011535522,0.0,0.0,47.01429265077745,1.968045534643311,-1.8584249959456138,-97.77616183988786,3.1452480228892226,0.0,0.0,-7.689919149296628,1.4292129837977952,12.09947699325726,-13.3524781155362,-22.085063775059393,-5.067813624176841,113.44812196674775,90.31479359573875,0.0,0.0,-36.1447946405292,-23.397974053375375,2.534406768902567,106.79296726262696,97.12790707323757,0.0,0.0
25.82582582582581,-5.917204583988989,0.7778070759029034,-3.163204993452451,0.9206911267067067,0.9812189042312311,-0.32214200022822825,-4.381111547253256,4.654176484923924,3.7743250103273263,-25.771709631556554,8.482707243880876,0.0,0.0,47.09499859746847,2.0431459919169175,-1.8857885459569566,-97.43869830605405,3.170181886603603,0.0,0.0,-7.6356915721741725,1.3353761112552545,12.134596399301303,-13.334012371106107,-22.074140888312314,-5.040679121295295,113.56054265218718,90.33738423814316,0.0,0.0,-36.280913865272275,-23.415695652996998,2.4709978243523527,106.87567712996497,97.09688838851852,0.0,0.0
25.925925925925934,-5.93629941193827,0.8517531473333311,-3.144768701728394,0.9208723989876543,0.9816154647160493,-0.32213579049382723,-4.6031458543333255,4.550494426271609,3.7474093029382707,-25.553834924370378,8.133903834777787,0.0,0.0,47.17408783325926,2.1181246215678997,-1.9129791339012328,-97.0990696211852,3.1955775599753067,0.0,0.0,-7.581317529160495,1.2417711286049415,12.169141116753083,-13.315949809407408,-22.063435686148146,-5.013179631135804,113.67243305695062,90.36013777297529,0.0,0.0,-36.4170560242716,-23.432975850753085,2.4072170401358055,106.95820580574075,97.06580716332101,0.0,0.0
26.026026026026035,-5.955617042419752,0.9255704163123122,-3.126203943330998,0.921054107609276,0.9820116968575242,-0.3221301686226226,-4.82396483244745,4.447037434505505,3.7190882056212886,-25.33680394467267,7.784434016940606,0.0,0.0,47.251845533738404,2.1931408723326653,-1.940033023737404,-96.75754116479713,3.220879551180848,0.0,0.0,-7.5267919741338005,1.1483015856473142,12.203229360693694,-13.298232102087752,-22.05294748652152,-4.9852782232175485,113.78370954573775,90.38265230641774,0.0,0.0,-36.55313638422222,-23.449767966095095,2.3431539457691017,107.04050781500332,97.03457608757991,0.0,0.0
26.126126126126128,-5.974897874402402,0.9992033337777775,-3.1075626157987988,0.9212366431471469,0.9824083590630632,-0.3221251237687688,-5.04360603703303,4.343698000216216,3.6890413505495503,-25.120670662537538,7.432592623423429,0.0,0.0,47.32753353782882,2.268036945699699,-1.966852398342342,-96.41350458965465,3.2460032851771756,0.0,0.0,-7.472372240402403,1.0550201325675679,12.236819508078078,-13.280859321369372,-22.042690022753753,-4.956770036726728,113.89422571587087,90.40468628539038,0.0,0.0,-36.689226392894895,-23.46597663058258,2.278524999276278,107.12252434172972,97.0034828303063,0.0,0.0
26.22622622622622,-5.994236271034368,1.0726045505909245,-3.0886525705912575,0.9214201928515184,0.9828052280303637,-0.32212081622789457,-5.261950864839506,4.240472998413747,3.6570038720113445,-24.905376725874874,7.076872182869536,0.0,0.0,47.40121200072973,2.342822115227894,-1.9935001530490495,-96.06685554348682,3.2712053390987648,0.0,0.0,-7.417864476425426,0.962029324351351,12.269664322689023,-13.26394527016016,-22.032684495497833,-4.927697268962963,114.00410376748114,90.42653137380046,0.0,0.0,-36.825484889682016,-23.48161113988455,2.213228404871873,107.20422248511446,96.9721072455412,0.0,0.0
26.326326326326317,-6.013571831278613,1.1457733611204532,-3.069482189481149,0.9216045743840509,0.9832023816666666,-0.32211724684617954,-5.479346626246245,4.1374236655618954,3.623443912809811,-24.690812350041377,6.71894921173774,0.0,0.0,47.473184046367706,2.4175817149652965,-2.019956849533534,-95.71815016519187,3.296496491564566,0.0,0.0,-7.363392153566568,0.8692962838054727,12.301928738296299,-13.247417669164829,-22.02285047212546,-4.898233175554553,114.11333443226427,90.44820625837137,0.0,0.0,-36.96162635355956,-23.49672851462629,2.1476747931137816,107.28560981369,96.94058810792559,0.0,0.0
26.426426426426428,-6.032958001366366,1.2186018161211232,-3.0501752667367357,0.9217894553343344,0.9835996654284284,-0.3221142922822823,-5.695332917471478,4.034745944937934,3.58804438958258,-24.477490806873867,6.358426659833819,0.0,0.0,47.543208260689696,2.4921471316746766,-2.046146439366367,-95.36705827940538,3.321629138101102,0.0,0.0,-7.3090010904804785,0.776908534886884,12.333697317202203,-13.231241083133131,-22.013300668202202,-4.868269146788788,114.22186060893193,90.46971922634336,0.0,0.0,-37.09758248773073,-23.51132450998999,2.081798296943941,107.36665456774877,96.90894396602701,0.0,0.0
26.52652652652654,-6.052526689558226,1.2912552883269954,-3.030691672248581,0.9219748106750083,0.9839967170780781,-0.3221121175675676,-5.910050073688362,3.9322679550784088,3.5509627800246903,-24.265094434407736,5.996325198740395,0.0,0.0,47.61170298154554,2.566787413909244,-2.072198596467468,-95.01377083802134,3.346397153088757,0.0,0.0,-7.254509508619284,0.6847216564247554,12.365005211786121,-13.215531697551885,-22.004011039478478,-4.838029100225557,114.32975846451518,90.4913003745412,0.0,0.0,-37.23334717911712,-23.52544657831298,2.0156687684661305,107.44735672867667,96.87725183933165,0.0,0.0
26.62662662662662,-6.07200880782716,1.363670687415412,-3.0111180123867207,0.9221607318291625,0.9843939517997999,-0.32211033387354016,-6.123903906949609,3.8299628886680055,3.5126562708672013,-24.05346015346614,5.632015565191537,0.0,0.0,47.678566001138805,2.6412726191905205,-2.0979225835372017,-94.658515202976,3.3706588317981314,0.0,0.0,-7.200145272760762,0.5927807256349729,12.395898683713046,-13.200100302968968,-21.99491775137037,-4.807401507910244,114.4370648735929,90.51252685095596,0.0,0.0,-37.36902112677977,-23.53908995633967,1.9492293623046415,107.52778640547447,96.8456448013954,0.0,0.0
26.726726726726717,-6.091556769172173,1.4355829229659676,-2.991457867552552,0.9223467723933935,0.984790878094094,-0.322108909986987,-6.336237361459466,3.728306674326324,3.4730340700260243,-23.843488046603596,5.26584091734233,0.0,0.0,47.743786354503506,2.7153643862993007,-2.1232950152722725,-94.30115201961661,3.394324122916916,0.0,0.0,-7.145840664039037,0.5014040033933911,12.426385362433436,-13.184994997068069,-21.98608269588989,-4.7764129129749735,114.54375097582981,90.53324615093194,0.0,0.0,-37.504467682317326,-23.552270694065065,1.8825877137577554,107.60785162161162,96.81390733404203,0.0,0.0
26.82682682682681,-6.1113798073506835,1.5070921556649968,-2.9713948135468806,0.922533608287621,0.9851873901701701,-0.32210852618818814,-6.546945086955285,3.627041894206876,3.431536828520521,-23.63475547660628,4.898031653226566,0.0,0.0,47.8072563570654,2.7893703618858843,-2.148200468694694,-93.94137877026726,3.4174443331161157,0.0,0.0,-7.091272646672674,0.41052599847447657,12.45608718862729,-13.17042756951852,-21.977427745174506,-4.744977880899569,114.6496703124698,90.5539867270774,0.0,0.0,-37.639887596595926,-23.564816323110442,1.815452369548885,107.68758707414682,96.78211229778613,0.0,0.0
26.92692692692694,-6.131457414437104,1.5782871442082111,-2.9510890916956933,0.9227209780173509,0.9855835386026026,-0.32210889904537876,-6.7561741211995425,3.5261040108441732,3.388414713264262,-23.42701560246112,4.526122404128777,0.0,0.0,47.86926379446414,2.8633248897193884,-2.1726381640587262,-93.57941242699265,3.4395228224351024,0.0,0.0,-7.036487774756421,0.3200245587767728,12.48521390932299,-13.156278018323656,-21.969064692503835,-4.713074240253585,114.7550500756787,90.57469405884885,0.0,0.0,-37.77522917654088,-23.576826403685686,1.747946324554217,107.76703593621389,96.74996498992091,0.0,0.0
27.02702702702703,-6.151749424756757,1.6491228642342357,-2.930731750756757,0.9229083851261262,0.9859789284144146,-0.32210968533333334,-6.963947197225228,3.425659158324322,3.344273012396396,-23.22059295672973,4.152672453738732,0.0,0.0,47.93000017526126,2.937103386612612,-2.1965609956936945,-93.21555212339639,3.460368883234236,0.0,0.0,-6.981599786981981,0.2299335783783767,12.514009536117118,-13.142473685603601,-21.96102933753153,-4.680814991990992,114.85981118087389,90.59508094356757,0.0,0.0,-37.91040086527928,-23.58833626118919,1.6801285501711714,107.8462253632883,96.71783677200901,0.0,0.0
27.12712712712713,-6.172430716044712,1.7192648606696672,-2.910006045204871,0.9230959285752419,0.98637312196997,-0.32211146810510505,-7.169549778824823,3.3260736993910607,3.298238661859526,-23.01618917100701,3.7775469705205227,0.0,0.0,47.98912011185551,3.010594770313645,-2.2197224805592244,-92.84917872215718,3.4797699472882875,0.0,0.0,-6.926416265241241,0.1407161725545573,12.542074611316652,-13.129189669260594,-21.953276151559226,-4.648232632332329,114.96365874311377,90.61529784997464,0.0,0.0,-38.04537882632132,-23.599216526288952,1.6119826842158829,107.92497560477644,96.6859325637117,0.0,0.0
27.22722722722721,-6.193259349604938,1.7889729382412427,-2.8890692111468126,0.9232837016102768,0.9867668698528529,-0.3221137917243911,-7.373852406288624,3.226997295494493,3.2509546687630944,-22.813083980119785,3.400910108174499,0.0,0.0,48.047073352447114,3.0838439561044395,-2.242440755353687,-92.48106744835101,3.4980139772999657,0.0,0.0,-6.871139517655655,0.052058735895894846,12.569705762386722,-13.116222679691024,-21.94568102302302,-4.615405680479813,115.06703889777111,90.63528134832833,0.0,0.0,-38.18022229740007,-23.60974198990424,1.54365618549683,108.00342540837839,96.6538809572022,0.0,0.0
27.32732732732732,-6.214204227695696,1.8582745528298308,-2.867964727587588,0.9234718532632634,0.987160230955956,-0.32211668570870866,-7.576909744339344,3.1283831580720705,3.202408290481479,-22.611047895464463,3.02230473315815,0.0,0.0,48.103525167773775,3.156909543293294,-2.264617584104104,-92.1108968105926,3.5150916559579586,0.0,0.0,-6.815827256016016,-0.036132257337338235,12.59687941914915,-13.103628600376377,-21.93834587636136,-4.582256460905905,115.16978270117116,90.65524755245747,0.0,0.0,-38.314877903253254,-23.619762944888887,1.4750844065655653,108.0815821091021,96.62195807941741,0.0,0.0
27.427427427427432,-6.235450974109442,1.926957894981649,-2.846413740711375,0.9236604773813815,0.9875529027597597,-0.32212063835402066,-7.778254631649655,3.030464835263596,3.152114304669334,-22.410439697464458,2.6405538024457673,0.0,0.0,48.158506135362366,3.2298270400226903,-2.2858586605658995,-91.73847714467266,3.5301334358922234,0.0,0.0,-6.760282746156489,-0.12353196856523385,12.623326528853852,-13.09150967162896,-21.93124183306707,-4.5486657141541516,115.27178676325093,90.6750092702666,0.0,0.0,-38.4493455168315,-23.629195187838167,1.4062906332198843,108.15935896213713,96.59003741155655,0.0,0.0
27.527527527527532,-6.256938307720054,1.9951481039839856,-2.82460500722122,0.9238490347500834,0.9879447145969303,-0.3221253809506173,-7.978034536851524,2.9331786799272583,3.100480961434432,-22.21131856315148,2.2565490056095987,0.0,0.0,48.21230770835002,3.3026569264551227,-2.3065469620834183,-91.3642804989129,3.5440470830977646,0.0,0.0,-6.704628338926591,-0.21033912781214753,12.649358515928594,-13.079802333693696,-21.92441549335402,-4.514870104279612,115.37337023836203,90.6946499822903,0.0,0.0,-38.58347880744945,-23.638160912479147,1.3373694493206525,108.23673491381183,96.55775569638205,0.0,0.0
27.627627627627625,-6.2786770553713716,2.0628882999829834,-2.802437558876876,0.9240377563743744,0.9883354658918918,-0.3221310437297297,-8.176022521790793,2.8364593059349352,3.0470272487267263,-22.013848178243244,1.8704509440990944,0.0,0.0,48.26450731749149,3.37545895001101,-2.326592030233234,-90.98779803701402,3.556742583686687,0.0,0.0,-6.64882060288088,-0.2966169187667672,12.674666689434435,-13.068533497187186,-21.91789743855255,-4.480748297588589,115.47418130104805,90.71447117114813,0.0,0.0,-38.71743241903304,-23.646554129469468,1.2680275906476475,108.31376385504504,96.52535489491491,0.0,0.0
27.72772772772772,-6.300670757518852,2.129943290063062,-2.77999833554054,0.9242264167480814,0.9887249985732399,-0.3221373893797131,-8.372152569002,2.7405887118635315,2.9922958826870203,-21.81824574520854,1.4818349882676025,0.0,0.0,48.315148641397066,3.447992297211877,-2.345645782492826,-90.60907439144577,3.5676165658321652,0.0,0.0,-6.592878302000668,-0.382104254032698,12.699408171230228,-13.057747490572904,-21.91169416551452,-4.446291291715715,115.57420952915481,90.73389557272073,0.0,0.0,-38.85102620111611,-23.654382243169835,1.1984145128715382,108.39038952713713,96.49320096756756,0.0,0.0
27.827827827827814,-6.322788298542543,2.1960911075665654,-2.7572493788068058,0.9244151575975976,0.9891134381971971,-0.3221443671244578,-8.566421348224889,2.6457986045825845,2.936169816750417,-21.624806941388723,1.091528746300975,0.0,0.0,48.36401598429329,3.519978329554889,-2.3638106499075717,-90.22807241225159,3.5767911010974287,0.0,0.0,-6.5369214393009685,-0.46653149381414566,12.723494116471803,-13.047362088911914,-21.905725685470472,-4.4115244121574895,115.67338384616217,90.75307238357325,0.0,0.0,-38.98426399481348,-23.661634181530527,1.1286497396563238,108.46649842617083,96.4612779412289,0.0,0.0
27.927927927927943,-6.345000196987987,2.261841486624623,-2.734163216225226,0.9246041436516516,0.9895012503603603,-0.3221523701291292,-8.759320919045042,2.5514930310991017,2.878381749357358,-21.43274506953454,0.6992690154294398,0.0,0.0,48.41142856136937,3.592053207864862,-2.3813631970840823,-89.84503946211112,3.584663644885885,0.0,0.0,-6.480978072465467,-0.5504349746366339,12.74702348346847,-13.037335887537534,-21.90000076925826,-4.3764566854474465,115.77193963407206,90.77225693588889,0.0,0.0,-39.11720335583182,-23.66846247786787,1.0587829720510549,108.54219929090691,96.42919063795794,0.0,0.0
28.028028028028025,-6.367436204923924,2.3268702536059402,-2.7109157382902893,0.9247927774250918,0.9898877555825827,-0.3221609341161161,-8.950213046067402,2.458151757729395,2.819497844723055,-21.242934765964634,0.3058096362872821,0.0,0.0,48.45722016483951,3.663795370175176,-2.398044355634969,-89.45973077710411,3.591347424165498,0.0,0.0,-6.425005405532865,-0.6335174130230242,12.770151526778779,-13.02769649461161,-21.894603025430097,-4.341164526977645,115.8696643818879,90.79108596439806,0.0,0.0,-39.24956680231064,-23.67475210892726,0.9888277359002331,108.61738995009009,96.39707794793894,0.0,0.0
28.128128128128132,-6.390021279634634,2.3914197793920584,-2.687385883503503,0.9249814990006675,0.9902732818061395,-0.32216997121621616,-9.139687375607274,2.3653939534531196,2.7595130473466805,-21.054665418903568,-0.08806666725425405,0.0,0.0,48.50167433859493,3.7353470630510515,-2.414053593641975,-89.0726976605896,3.597380634317317,0.0,0.0,-6.3689297731177845,-0.7160845450577245,12.79267970606907,-13.018359818342674,-21.88937481412379,-4.305576339249916,115.9666967739336,90.80972178965968,0.0,0.0,-39.381762602056064,-23.680619009908575,0.9185622650050036,108.6923318432973,96.36519294156457,0.0,0.0
28.228228228228215,-6.412717766418417,2.455194834640641,-2.6637312621611606,0.9251697626236236,0.990657702029029,-0.3221791690960961,-9.327525108608613,2.273670069692692,2.6987097268198177,-20.86848332456156,-0.4825108915895944,0.0,0.0,48.544756734560565,3.806339370197197,-2.4292854184394406,-88.68397686147549,3.602624936764767,0.0,0.0,-6.3129285629709715,-0.7978136544254263,12.814838500129131,-13.009276553721723,-21.884352361444446,-4.269817973682685,116.06305139383485,90.8280627724084,0.0,0.0,-39.51354533682983,-23.68611910536837,0.8482299391341354,108.76693126547949,96.33350463817519,0.0,0.0
28.328328328328343,-6.435484824890892,2.5183744714861542,-2.6397060185792443,0.9253582187610945,0.991040831891892,-0.32218937525759095,-9.513386669647655,2.182691472151149,2.636305860401397,-20.684642868427755,-0.8759521661598478,0.0,0.0,48.58574414017117,3.877296579601603,-2.4437577027273956,-88.2925608371805,3.6063476816379714,0.0,0.0,-6.25696993335969,-0.8788368062302331,12.836267827886218,-13.000772148943275,-21.87964221944611,-4.233706711467132,116.15865692017118,90.84611020985518,0.0,0.0,-39.6449363366877,-23.691045599542875,0.7777074961651607,108.84102258448884,96.30170151327793,0.0,0.0
28.428428428428436,-6.4583212782005335,2.581162492299633,-2.6154038176563232,0.9255466693296629,0.9914230837797797,-0.3222004005035035,-9.697919418037038,2.0922420692559216,2.572652216650316,-20.502418541461793,-1.2686830062012036,0.0,0.0,48.6254502006016,3.948336041398065,-2.4576471626609946,-87.89937442632967,3.6092113352822834,0.0,0.0,-6.201042701519518,-0.9593700775679018,12.857222070197867,-12.992635112281945,-21.87519747827761,-4.197413137655989,116.25379919408041,90.86422095820053,0.0,0.0,-39.77598181164965,-23.69564393837971,0.7071289781795127,108.91478923139906,96.26968413518117,0.0,0.0
28.528528528528522,-6.481360321045045,2.6431891595775783,-2.5909134770740727,0.9257349231721722,0.9918040534084083,-0.3222121342942943,-9.880475398491493,2.0027976877647635,2.5078965522142136,-20.322690702978978,-1.6601052817817852,0.0,0.0,48.66351892047247,4.019024885321324,-2.4707391950380355,-87.50402641543442,3.611540123871869,0.0,0.0,-6.145079815391391,-1.0390086853023033,12.877772553454454,-12.984926276106108,-21.870981560242246,-4.160960642956954,116.34814539051152,90.8826808381021,0.0,0.0,-39.90652408446347,-23.69978632011411,0.6364405146236233,108.98811168791092,96.23779974904605,0.0,0.0
28.628628628628626,-6.504720292452452,2.7044954979122466,-2.566403530443443,0.925922720941942,0.9921830705545546,-0.32222432971438103,-10.06092360472039,1.9143712626282945,2.442475716774107,-20.145380629689356,-2.0496035571701703,0.0,0.0,48.700056195909575,4.089389098658993,-2.4828910297320643,-87.10647158139572,3.6130816728491824,0.0,0.0,-6.088952941798132,-1.117848601149817,12.898076089359026,-12.977681999240906,-21.867158370270936,-4.124370859934933,116.44160421733936,90.90101248627461,0.0,0.0,-40.03649174394662,-23.70336170791258,0.5656951989372702,109.06103575615448,96.20614658421955,0.0,0.0
28.72872872872872,-6.528251005681682,2.7653464044257596,-2.541699347845843,0.9261104428765432,0.9925610083860527,-0.3222369681037704,-10.240133670510849,1.8265343977777764,2.376540843505169,-19.969566652385712,-2.438217496075085,0.0,0.0,48.73560333819787,4.159617345171507,-2.494415699540874,-86.70758209908442,3.614390779980313,0.0,0.0,-6.032710357821153,-1.1961821112666011,12.917956983095431,-12.970677996260928,-21.863524287963294,-4.08754478636503,116.53450077152254,90.91918479147847,0.0,0.0,-40.166203664266604,-23.706537735476477,0.4948166888211545,109.13371916727094,96.17471622168536,0.0,0.0
28.828828828828836,-6.551823944366366,2.825625494483483,-2.5166007557597587,0.9262982991921922,0.9929380542702703,-0.3222504350630631,-10.417813717246245,1.7394008030900903,2.3090770144954944,-19.79582847433634,-2.8245179848018003,0.0,0.0,48.769437788387386,4.229731224702702,-2.5050993196636635,-86.30665443716516,3.615465365708706,0.0,0.0,-5.976535138219219,-1.273830630441441,12.937190248132131,-12.964099723468468,-21.860089916273274,-4.050515155762762,116.62689857981681,90.93753551327026,0.0,0.0,-40.295534767987995,-23.709352245564567,0.42380321146246314,109.20603425713213,96.14351368788587,0.0,0.0
28.928928928928947,-6.575458103694695,2.8850799985175177,-2.491029475062394,0.9264863743663664,0.9933138233900569,-0.32226471960827496,-10.593781890696366,1.653301787911578,2.24018387206573,-19.624249056716714,-3.2118382376169565,0.0,0.0,48.80132564393794,4.299628116380046,-2.5146009854324345,-85.90339354409575,3.61672425032299,0.0,0.0,-5.920424134462795,-1.3505564584768108,12.955621083305306,-12.957932901659323,-21.85688587558091,-4.013113380859527,116.71853028004439,90.95560351737971,0.0,0.0,-40.424428413661666,-23.711616093729063,0.35269846316316383,109.27793646027894,96.11232892567133,0.0,0.0
29.029029029029022,-6.5993424006910235,2.9438817892015354,-2.4654176620664,0.9266740446413081,0.9936882936302969,-0.3222789999309309,-10.768258220742746,1.5680950036579904,2.1710482582248902,-19.454508038109438,-3.599046752735736,0.0,0.0,48.83235880146714,4.369043520680346,-2.523481568466801,-85.49887154073274,3.6180312009289297,0.0,0.0,-5.864181371151151,-1.4265924357544215,12.973820302757758,-12.951955596630961,-21.85385310050517,-3.975558451345344,116.80956430671804,90.9735079472903,0.0,0.0,-40.553007622663664,-23.71354456809376,0.281555774594596,109.349581716997,96.08122796392227,0.0,0.0
29.129129129129126,-6.623540951989989,3.001466381216214,-2.439665940121121,0.9268607168498498,0.9940602387277278,-0.3222936717697698,-10.939723482217211,1.48449392106607,2.1011471306006015,-19.28902283338339,-3.985323292389377,0.0,0.0,48.86159698003704,4.437700501371369,-2.531347618498497,-85.09203239904505,3.6190060759689686,0.0,0.0,-5.807885001125127,-1.5012490110019985,12.991575892235232,-12.946512479110112,-21.8511998446997,-3.937887915456456,116.89966570953854,90.99103852882482,0.0,0.0,-40.68090628843743,-23.71490947567367,0.21030288458959195,109.42061968603102,96.0501125737928,0.0,0.0
29.22922922922923,-6.64782948815282,3.0582027496169526,-2.41372739011745,0.9270470054294296,0.9944304866476477,-0.3223088929065732,-11.109171147911251,1.4019972992235537,2.0301968000377024,-19.126289966492152,-4.371409829640651,0.0,0.0,48.888992854587585,4.505990934521857,-2.5380350843463466,-84.68292727870502,3.6195071205532194,0.0,0.0,-5.751681826444777,-1.5749380609806503,13.008904274404738,-12.941498755171839,-21.84893369311245,-3.899964063471135,116.98910046744042,91.00819993697363,0.0,0.0,-40.80815728540074,-23.715773248700366,0.13899038439839667,109.49116026470703,96.01917499021255,0.0,0.0
29.329329329329333,-6.672265926690692,3.114168097265936,-2.3875821161708353,0.9272327954574575,0.9947989177761093,-0.3223250035735735,-11.276597223192535,1.3205338617547502,1.958150453546209,-18.966446837764757,-4.755764572297319,0.0,0.0,48.9149037335639,4.574096135452457,-2.5436982911808474,-84.27180393229796,3.6190466647984634,0.0,0.0,-5.695495275715713,-1.6476580461334709,13.025859632469135,-12.936976998924925,-21.84708417271872,-3.862010175162827,117.07788909105139,91.02545049068836,0.0,0.0,-40.93475658318786,-23.716259197453454,0.06779331906072486,109.56117250783218,95.98848145554422,0.0,0.0
29.42942942942944,-6.696784277665666,3.1694826215815803,-2.3611253749359333,0.9274187041671672,0.9951663835905908,-0.3223417541801802,-11.442753776392397,1.239883131460462,1.885200073689687,-18.80821869670971,-5.140512808078084,0.0,0.0,48.9394543271031,4.64200728925025,-2.5483613717567577,-83.8589795220961,3.617949609686687,0.0,0.0,-5.639331436721723,-1.7196003766616617,13.042393811267265,-12.932906074388388,-21.845342356336335,-3.8240083219209198,117.16620694523924,91.04266988245246,0.0,0.0,-41.0608732600961,-23.716449984242242,-0.0033449912592597997,109.63078813425525,95.95808841058259,0.0,0.0
29.529529529529537,-6.721407341223555,3.2241570761294627,-2.33448244587988,0.9276042866286286,0.995532553178512,-0.3223587368995663,-11.607438186715715,1.1601473929556227,1.8118557825845858,-18.652258704167167,-5.524545714099761,0.0,0.0,48.96286464154288,4.709609884273272,-2.5523605864394394,-83.44480692190592,3.6168993929262605,0.0,0.0,-5.583197841909911,-1.7908331521654979,13.058537905430097,-12.929077155409075,-21.843765904128464,-3.7859243565962637,117.25389544645513,91.06000665075409,0.0,0.0,-41.18653568508575,-23.716309758255925,-0.07451948349716231,109.70012508133667,95.92769035247115,0.0,0.0
29.62962962962962,-6.746330661246914,3.2776062408641993,-2.307801934703702,0.9277886114691357,0.9958955396913579,-0.3223755147037037,-11.76900032004939,1.082197372098762,1.7386140869506133,-18.501247886925917,-5.903713747543227,0.0,0.0,48.98439938548148,4.776238234567903,-2.555487210296298,-83.02832575030862,3.616307645209878,0.0,0.0,-5.526995756555553,-1.8607787245061753,13.07416980788889,-12.925471548530862,-21.842460680296295,-3.7476104784320974,117.34027329197531,91.07723395881483,0.0,0.0,-41.31153830961729,-23.715522796580245,-0.1458357646913604,109.76902927003705,95.89766655372838,0.0,0.0
29.72972972972973,-6.771620496063063,3.329348051792793,-2.2810470762432433,0.9279716387567568,0.9962547334774776,-0.3223921877477477,-11.926909014054054,1.0065856799189183,1.665260616261261,-18.35559352207207,-6.278383352369367,0.0,0.0,49.00346750857658,4.841587321963964,-2.556848570522522,-82.60876280583784,3.6156117186936934,0.0,0.0,-5.47071220191892,-1.928885853873874,13.089314117378379,-12.92246024714414,-21.84162634207207,-3.7090842116666645,117.4252811428108,91.09407635114414,0.0,0.0,-41.43537146959459,-23.71406218710811,-0.21700659578378287,109.83721130071172,95.86834541635135,0.0,0.0
29.82982982982984,-6.797056875451784,3.380359429287954,-2.2541740969676347,0.9281539764351017,0.996612107942943,-0.3224091067263931,-12.082878220073406,0.9319910801398075,1.5915694491167833,-18.21292624098966,-6.651809627893887,0.0,0.0,49.021288287477475,4.906524079341006,-2.557495218169502,-82.18767160108709,3.614346788361027,0.0,0.0,-5.414456420236571,-1.9961705135128447,13.104090503086752,-12.919754108810144,-21.841055035279282,-3.670474203135801,117.50968048552787,91.11070334209342,0.0,0.0,-41.558712841006674,-23.71223277718051,-0.28823740037137036,109.90502507513611,95.83920658581013,0.0,0.0
29.929929929929937,-6.822560461352019,3.430558273506842,-2.2272208080937594,0.9283357382522522,0.9969678130690692,-0.32242640565332004,-12.237008080794466,0.8584445635915887,1.5174977225642294,-18.072998744648977,-7.024250870692704,0.0,0.0,49.03770236742276,4.971064766783452,-2.5573280612993,-81.76494893798564,3.612623982940274,0.0,0.0,-5.358305220927259,-2.0624970476349707,13.118615329389055,-12.917451567437436,-21.840746502764432,-3.6318106116856845,117.59348227895293,91.12715403688289,0.0,0.0,-41.68137571395296,-23.710039289656656,-0.3593473789726406,109.97239005996396,95.8102358436293,0.0,0.0
30.03003003003004,-6.848153078170171,3.4802302274824823,-2.1999952261761764,0.9285174637667668,0.9973222243723724,-0.32244431752152153,-12.38968290381582,0.7856509516136132,1.4423412095155146,-17.935044650688685,-7.3957756635055105,0.0,0.0,49.05271243940341,5.035507603935937,-2.5561869252282294,-81.34034048897198,3.609831218584585,0.0,0.0,-5.302188313240241,-2.1281942286566577,13.132680578559562,-12.915513202626627,-21.840674869575572,-3.5929100136626615,117.67677053934733,91.14329690312513,0.0,0.0,-41.803593637336334,-23.70749599335135,-0.4304306730900905,110.03938016490693,95.7813400894995,0.0,0.0
30.130130130130123,-6.873747247219218,3.5291488609606274,-2.1725839015418735,0.9286987458598599,0.997674952433767,-0.3224630118011345,-12.540559965550557,0.7138822758685344,1.3664994463063025,-17.800092527883542,-7.764536477733072,0.0,0.0,49.06619292853287,5.099738204216218,-2.553955249884219,-80.91398747632732,3.606443641236571,0.0,0.0,-5.246226184755756,-2.1929468764290965,13.14649421864965,-12.914098710378713,-21.840930952493824,-3.554128770849516,117.75949850705437,91.15960590458826,0.0,0.0,-41.925074144747086,-23.70471149831031,-0.5013332411458118,110.1058700681228,95.75261179139139,0.0,0.0
30.230230230230223,-6.899359029776444,3.5774376858191523,-2.144985912205537,0.9288798028895563,0.9980267057147147,-0.32248195364331,-12.69026682472706,0.6429959780874215,1.2900999975145127,-17.66703994521822,-8.131752459712049,0.0,0.0,49.078544769374375,5.163662808572573,-2.550988423259258,-80.48639301503904,3.6024134413009663,0.0,0.0,-5.190389952423422,-2.2569902777120445,13.15996969095562,-12.912969676656322,-21.841333807578913,-3.5152998753056375,117.84181646507474,91.17604274994595,0.0,0.0,-42.0461546529673,-23.70169870214815,-0.5722074479089094,110.17213060920687,95.72409872547014,0.0,0.0
30.330330330330348,-6.925113127636637,3.6245788706326296,-2.117582231925925,0.9290598894774774,0.9983763593063062,-0.3225002794254254,-12.837870197005003,0.573747329114118,1.2140689138168166,-17.53714673675976,-8.496996556850842,0.0,0.0,49.089422900803804,5.2265133717397365,-2.5470107332972987,-80.05694831282183,3.597495937297297,0.0,0.0,-5.134635223050052,-2.3198322560180147,13.1733657748008,-12.912014778119119,-21.8419915584975,-3.4763262536026027,117.92315665015114,91.19242073233534,0.0,0.0,-42.16658822628729,-23.698205168757756,-0.6429713344084058,110.23804059866966,95.69587104717418,0.0,0.0
30.43043043043043,-6.950842163463465,3.6705325937187205,-2.090287615147814,0.9292390162068734,0.9987241728281615,-0.32251826819419416,-12.983230723358696,0.5060954535645623,1.138229813663663,-17.411189153399395,-8.859484469384059,0.0,0.0,49.09848551321422,5.288371540121457,-2.5419412970667326,-79.62548555977511,3.591216517030361,0.0,0.0,-5.079204518282614,-2.381382247912915,13.186655741586254,-12.91133209629596,-21.84285050138572,-3.4372942517637597,118.0036181867628,91.20887956433266,0.0,0.0,-42.28620326691226,-23.694338717031695,-0.7135134127580931,110.30342058710175,95.6676011426253,0.0,0.0
30.530530530530534,-6.976673427625959,3.7150597767507514,-2.0629697554881536,0.9294167854317651,0.9990689118495162,-0.32253586268601936,-13.125717258435438,0.4404753574951604,1.0625465460133459,-17.290412072774775,-9.21769093338939,0.0,0.0,49.10562972170471,5.3490854650507185,-2.53584137384251,-79.19199413826024,3.5833345239679657,0.0,0.0,-5.023969512742408,-2.4414125096429777,13.199564712420752,-12.911049419686018,-21.844053496363696,-3.398313336882213,118.08303081775475,91.22500395709243,0.0,0.0,-42.40492646551351,-23.690059361512844,-0.7839867827440785,110.36846083848347,95.64000808183717,0.0,0.0
30.63063063063064,-7.002555478915918,3.7588609350660676,-2.035634925753753,0.9295938091771774,0.9994116455435436,-0.32255337660060057,-13.266321234147153,0.37587206256155925,0.9867247809699675,-17.172804003771766,-9.57347265204806,0.0,0.0,49.111375993087094,5.409248833921923,-2.5289953421231237,-78.7567681251231,3.574028146489488,0.0,0.0,-4.96886707538138,-2.5006384742342367,13.212227946039041,-12.91110590052853,-21.845532190495497,-3.3593951386396363,118.16191699775375,91.24073318555857,0.0,0.0,-42.52300175472673,-23.685458415027025,-0.8543854029459478,110.43314429218017,95.61273788809909,0.0,0.0
30.73073073073072,-7.028653099993994,3.801824710577246,-2.0080600924481127,0.9297705498792126,0.999752801978979,-0.3225712172048715,-13.405335338983656,0.3123768913533503,0.9105355888124759,-17.057448983249575,-9.928337279670687,0.0,0.0,49.11601935454722,5.468875289325995,-2.520979234981648,-78.32004109192758,3.5641384366613265,0.0,0.0,-4.91364096871905,-2.558933257856192,13.224552057633966,-12.911437291066733,-21.847100250542546,-3.3203223837844513,118.24026576709109,91.25642186078012,0.0,0.0,-42.64061155070737,-23.68060469205172,-0.9247180864347697,110.4973967006046,95.58563875797265,0.0,0.0
30.830830830830855,-7.054732936342008,3.8440277446266258,-1.9802503071171174,0.9299470911314648,1.0000927792519188,-0.32258946618084755,-13.542916169254255,0.24988994431064476,0.8334779553623622,-16.94452048630397,-10.282234044249243,0.0,0.0,49.11917871436503,5.528108789127794,-2.511893780095763,-77.88167533818286,3.5535472467560894,0.0,0.0,-4.858583756640642,-2.6163536330253576,13.236526832372036,-12.912123214561896,-21.848880319174175,-3.281153510863196,118.31820688801236,91.27205799781947,0.0,0.0,-42.757631260999666,-23.675506212669333,-0.9949767172208862,110.56128087506741,95.55891970276377,0.0,0.0
30.930930930930934,-7.080761213229229,3.8854430292152164,-1.9524156330930929,0.9301230902232234,1.0004310084274275,-0.32260752136736737,-13.678849406594598,0.1885166767167154,0.7564959059659643,-16.834659314396394,-10.633456530151154,0.0,0.0,49.12082620214714,5.586714408077077,-2.5018718699189195,-77.44163745246246,3.541494750377376,0.0,0.0,-4.8037583735585585,-2.6729258195365375,13.24837764197397,-12.91323128517217,-21.850873654044044,-3.2421080798658637,118.39560990614716,91.28758473657658,0.0,0.0,-42.873935534893896,-23.67023975722222,-1.0650631926396399,110.62481604946247,95.53243630165066,0.0,0.0
31.031031031031034,-7.106558992173841,3.925746879980649,-1.9244537364681338,0.9302978790367034,1.0007661053193193,-0.3226260996970304,-13.812113966458792,0.12868706455622156,0.6799841634961614,-16.73030832093326,-10.977686617435108,0.0,0.0,49.12012197144211,5.644925023460796,-2.490817662142809,-76.99939053897997,3.527182214025357,0.0,0.0,-4.749441813885218,-2.728230771499834,13.259720189759758,-12.91480762436303,-21.853348493043708,-3.203020594770102,118.47180666080814,91.30308504635636,0.0,0.0,-42.988889430190525,-23.664445220633635,-1.134857189911912,110.68771478575077,95.5063322538168,0.0,0.0
31.131131131131134,-7.132129903890222,3.9648540016292957,-1.8965436608772115,0.9304711497854521,1.0010980131378047,-0.32264440166766767,-13.94253321413213,0.0705784595315325,0.6041736231418098,-16.63197763585252,-11.314388041133125,0.0,0.0,49.11704066099533,5.7022621439285945,-2.478966905079411,-76.55491488845946,3.510621904075406,0.0,0.0,-4.695696650368703,-2.7822788981951945,13.270625738467132,-12.91664858847314,-21.856201020325994,-3.163857483266598,118.54686939804006,91.31825006801935,0.0,0.0,-43.1027927823657,-23.658118680543545,-1.2045864905969283,110.75013759408876,95.48088163119085,0.0,0.0
31.231231231231213,-7.157692080450454,4.003000207176179,-1.8684326306286252,0.9306435238498498,1.0014275255275276,-0.3226626976156156,-14.070841995206218,0.013938857971967344,0.5282228266926868,-16.537428364263256,-11.649091998326355,0.0,0.0,49.11212247145345,5.758974330152157,-2.466136909466467,-76.10834706531827,3.492384345973973,0.0,0.0,-4.642207224986983,-2.8353389003193246,13.28096137514915,-12.918736297982983,-21.859386334075072,-3.1245521473833806,118.62109088137439,91.33289239311011,0.0,0.0,-43.21595435433435,-23.6513730921001,-1.2741850889869926,110.81219237797498,95.45578195004404,0.0,0.0
31.33133133133135,-7.183365644088423,4.039818747878881,-1.840483207706037,0.9308147024637969,1.0017547646436438,-0.3226804892856189,-14.196701112662339,-0.04095938904471432,0.45292873493326224,-16.4470986254431,-11.981422042370053,0.0,0.0,49.105618533338344,5.814542309751087,-2.452035112337338,-75.65999890434733,3.4736503550780804,0.0,0.0,-4.588853549951951,-2.886953887704374,13.291227323198864,-12.92104096511645,-21.862794093299964,-3.085184214671006,118.69446083586054,91.34768461787856,0.0,0.0,-43.32826978204972,-23.644168680183515,-1.343599420373042,110.87376497858693,95.43113278218819,0.0,0.0
31.431431431431427,-7.209092463043378,4.075443031700034,-1.8128046784584577,0.9309847704120788,1.002080057311645,-0.3226975438988989,-14.3204419138979,-0.0942009847470815,0.3782919122048685,-16.360510887368697,-12.311057060367371,0.0,0.0,49.097649062666335,5.868972664432768,-2.437069438001002,-75.21013812916883,3.4546082792222217,0.0,0.0,-4.535698888949282,-2.937322796460128,13.301583348019019,-12.923638888172505,-21.866405752027696,-3.0458898563907226,118.76706233815382,91.3625672488088,0.0,0.0,-43.43981176662796,-23.63660237074408,-1.4128593185258587,110.93496491878277,95.40677386560327,0.0,0.0
31.531531531531535,-7.235010678825825,4.10978032065165,-1.785193425372374,0.9311540911471472,1.0024030245405406,-0.32271418744444447,-14.442074227873869,-0.1457663154384364,0.3042759475855893,-16.27749503531532,-12.637254930519505,0.0,0.0,49.08846477642343,5.922204151324323,-2.420843320522523,-74.75895196934536,3.435048101144145,0.0,0.0,-4.482489787702705,-2.986311319150148,13.311911107303306,-12.926587111918916,-21.870228101414416,-3.0065733416006024,118.839000056988,91.37754843096998,0.0,0.0,-43.550668571324316,-23.62882258654955,-1.4819581152492474,110.99578886150452,95.38278921746847,0.0,0.0
31.631631631631638,-7.2608269149042375,4.143133424303306,-1.7577883381324646,0.9313225538762095,1.0027239398451786,-0.32273063350050046,-14.561704618729399,-0.19606213565132063,0.23097598991557922,-16.198314426035697,-12.960907603168843,0.0,0.0,49.07770570913046,5.974649930101103,-2.40371631181348,-74.30626958526457,3.41412143068802,0.0,0.0,-4.429590491325991,-3.0341545234344363,13.322295162588256,-12.929914005874537,-21.874374942588922,-2.967350672710375,118.91013280818954,91.39223528925791,0.0,0.0,-43.66065971990357,-23.620750723439436,-1.550789654512847,111.05618736429597,95.35920812519686,0.0,0.0
31.73173173173172,-7.286381052671004,4.175528944872208,-1.7306439373453457,0.9314900004524524,1.003042474472139,-0.32274625910610616,-14.679237867669338,-0.24495175442843165,0.15903403071271113,-16.123972307324983,-13.278630510912581,0.0,0.0,49.06507638806006,6.026023476942944,-2.386085010305973,-73.8520038396223,3.391585746764098,0.0,0.0,-4.377231065424424,-3.0809723558995685,13.33266541476176,-12.933593897515848,-21.87877915741842,-2.928349635980981,118.98045579185518,91.40644025105104,0.0,0.0,-43.76971511468402,-23.612526328950285,-1.6193122761808467,111.11615546355888,95.33579800927295,0.0,0.0
31.831831831831845,-7.311776241407408,4.2069752548999,-1.7036171682322316,0.9316565329409409,1.0033589014814814,-0.3227614542592593,-14.794808105327329,-0.29254957032932893,0.08790851510010152,-16.053550720676675,-13.592292929780783,0.0,0.0,49.050537248269265,6.076611993090091,-2.3674290738038026,-73.3957939321031,3.3683424119159127,0.0,0.0,-4.325262432177176,-3.1267989672342344,13.342866208337336,-12.937490589982982,-21.88340309908809,-2.8892884895815776,119.05001187642742,91.42090834389589,0.0,0.0,-43.877687749995,-23.603909357768764,-1.6875436026546555,111.17560327376978,95.31281768060661,0.0,0.0
31.931931931931945,-7.3370031344764755,4.237378147934936,-1.676668834205202,0.931822248289623,1.0036733825795794,-0.3227763475448782,-14.908566804799808,-0.3387564735332009,0.017572118199861285,-15.98703934602769,-13.90158522251553,0.0,0.0,49.03431451749817,6.126393298502171,-2.347847396831165,-72.93818580405605,3.344852792959626,0.0,0.0,-4.273687193453453,-3.17148952916183,13.352865744617617,-12.94161260083817,-21.888243574707374,-2.850201201726393,119.11886800236202,91.43549475748748,0.0,0.0,-43.984818812725386,-23.594943465205542,-1.7555764627013695,111.23469312498564,95.29044798892559,0.0,0.0
32.03203203203203,-7.3620161625412095,4.26632138312713,-1.6502417791134456,0.9319860264424424,1.0039846576850184,-0.3227901341868535,-15.019094355477487,-0.3829044038698727,-0.05106942619019443,-15.927478881356683,-14.202762903313664,0.0,0.0,49.01576015364431,6.174646437852188,-2.3273533192108764,-72.47860477476141,3.3211562476109444,0.0,0.0,-4.222753070675006,-3.2146298938468485,13.363022515723724,-12.946039492404736,-21.893502251564897,-2.811272477093426,119.18659981526461,91.44987144485485,0.0,0.0,-44.09063675358492,-23.5855755648692,-1.8232956598551897,111.29322465998632,95.26854311986054,0.0,0.0
32.13213213213213,-7.387123908816818,4.294404127828829,-1.6239211752472453,0.9321489473273274,1.0042938232592593,-0.3228034058988989,-15.127742425157162,-0.4258383190250251,-0.11912566384384418,-15.871431504495495,-14.499642775978993,0.0,0.0,48.996016999973975,6.222062741606608,-2.306145313369368,-72.01771495311507,3.2971377587717674,0.0,0.0,-4.171888984038036,-3.2568941488858876,13.373117678484485,-12.950725773711714,-21.898923806751753,-2.77239603281281,119.25377963935034,91.46420099911211,0.0,0.0,-44.19584161775275,-23.575969585215212,-1.890916360629634,111.35150493901901,95.24707971313913,0.0,0.0
32.23223223223224,-7.412225032339005,4.321145801233902,-1.5981181593393392,0.9323103728088087,1.0045999942682682,-0.3228152653340007,-15.233930777024359,-0.46685138358024847,-0.1856712361364703,-15.820369760914911,-14.79198136460126,0.0,0.0,48.974795842124124,6.267946224657325,-2.2845346179402743,-71.55555170631065,3.2723601925729064,0.0,0.0,-4.121306327927595,-3.2977738419205878,13.383394779895562,-12.955604522010011,-21.904512790416085,-2.7337191001895222,119.3198663487731,91.47843255828829,0.0,0.0,-44.300199375009676,-23.566079801021353,-1.9582624843606937,111.40950736519153,95.22596370675508,0.0,0.0
32.33233233233234,-7.437271934337673,4.346955989375377,-1.5724011580040027,0.9324711991758428,1.0049044019205875,-0.3228265086429763,-15.338471143662332,-0.5066172403199884,-0.25186747875742715,-15.77244257527227,-15.081438106136485,0.0,0.0,48.95200328378546,6.312842136416419,-2.2619703799095743,-71.0917056952182,3.247144390913578,0.0,0.0,-4.070927042196528,-3.337668831955291,13.393586973338007,-12.960748047602602,-21.91026875284685,-2.6949920159536176,119.38552189736636,91.4923100540394,0.0,0.0,-44.403834287539205,-23.55592217047314,-2.025414940215218,111.46716271242644,95.20530546706271,0.0,0.0
32.43243243243245,-7.462282154153153,4.371779668486488,-1.5469168683513514,0.9326311936486487,1.005206348954955,-0.32283740189189186,-15.440843379909916,-0.5451273776756779,-0.3167963212522542,-15.728948043468467,-15.365674244531533,0.0,0.0,48.927755482360354,6.35684387073874,-2.2384700771801795,-70.62661883892793,3.22169145873874,0.0,0.0,-4.020744806891891,-3.3764413168018037,13.403820590594595,-12.96628002736036,-21.916366089666667,-2.656276214054055,119.45041511656757,91.50591542131531,0.0,0.0,-44.50667533274775,-23.545458874027027,-2.0923933899189207,111.52445377515316,95.18506619433333,0.0,0.0
32.53253253253253,-7.487185116139472,4.395203904615283,-1.521536724178511,0.9327896268358359,1.0055048496439773,-0.3228478804814815,-15.53977939553754,-0.5817290258852192,-0.3797892167207223,-15.693034610072738,-15.640938033525535,0.0,0.0,48.90121596786887,6.399658305019021,-2.213836619241575,-70.15950443039972,3.1956989946126106,0.0,0.0,-3.970999776726393,-3.413725994439107,13.413720751435767,-12.972159729432434,-21.922878891613948,-2.617504034073405,119.51427755221157,91.51946561146714,0.0,0.0,-44.608317829508515,-23.534569876689353,-2.1591370469135827,111.58121773481147,95.16512198302402,0.0,0.0
32.63263263263263,-7.511730995631299,4.417354472796465,-1.4966322170577229,0.9329467386222889,1.0058004410954289,-0.3228573610650651,-15.636377764603273,-0.6166823964658009,-0.44056547385819317,-15.662524670633298,-15.90955388270605,0.0,0.0,48.87261768710243,6.441187992206208,-2.188168163086086,-69.69091555379646,3.1703348501524857,0.0,0.0,-3.9218813644938253,-3.4496021013703726,13.423793732589923,-12.978316465980981,-21.929701027701366,-2.5789250878892225,119.57705802780615,91.53310853358592,0.0,0.0,-44.708615533052054,-23.52335435959459,-2.2254529770557236,111.63748579083116,95.14582155309344,0.0,0.0
32.732732732732735,-7.5358324643373376,4.438433640407406,-1.4720390200730722,0.9331024462782782,1.0060931272212212,-0.32286579980780783,-15.73089522287788,-0.6500282573493479,-0.49956724388888807,-15.637258322353356,-16.17280896650651,0.0,0.0,48.84181200967467,6.481637671306307,-2.162063559629629,-69.2207082943043,3.1458205002812796,0.0,0.0,-3.8735295656736732,-3.484400285381381,13.433750382666664,-12.984616137732733,-21.936720355096096,-2.5406052052342334,119.6387529321111,91.54660339721222,0.0,0.0,-44.80762692858358,-23.51182109308008,-2.2912997828868873,111.69329754777678,95.12721713742643,0.0,0.0
32.832832832832835,-7.559852929267602,4.458341056097097,-1.4475378507387384,0.9332573898428429,1.00638374093994,-0.3228736110930931,-15.823578684656658,-0.6817672315281944,-0.5582064791908559,-15.615662966809811,-16.433812087421426,0.0,0.0,48.80923629250284,6.520959586812145,-2.134929376631297,-68.74878955158158,3.120913827273605,0.0,0.0,-3.8254891947370693,-3.517946041278612,13.443612519568566,-12.991250476127124,-21.94397966600367,-2.5022805110183497,119.69989324595129,91.5597902367364,0.0,0.0,-44.90574133065032,-23.499996045925258,-2.356865048781117,111.74876351847715,95.10916067906305,0.0,0.0
32.93293293293294,-7.583770174979646,4.4772761631648335,-1.4234222141868522,0.9334112153486821,1.006672206592259,-0.3228806023993994,-15.914249951783788,-0.7122426236399765,-0.6153531874451168,-15.598413068527856,-16.69093421238673,0.0,0.0,48.77538500032399,6.559216285952955,-2.107097899952286,-68.27593949093492,3.0956932776970314,0.0,0.0,-3.777785209678344,-3.55044387578779,13.453600395833163,-12.998052184617952,-21.951451769051054,-2.4640153137117116,119.76021830718253,91.57301306018284,0.0,0.0,-45.00309016609744,-23.487858613855522,-2.422209367605606,111.80388275260927,95.09139288543244,0.0,0.0
33.03303303303302,-7.607529387624626,4.495005288290293,-1.3999674424864856,0.9335636447017016,1.0069580596336336,-0.3228863607387387,-16.002212337486494,-0.7412830714244285,-0.669871064492497,-15.587124980773762,-16.94261331061964,0.0,0.0,48.739957202869874,6.595970823678681,-2.078544028752751,-67.80200866396095,3.070675627159159,0.0,0.0,-3.7305086691351326,-3.581624809071074,13.464004318567566,-13.005156741618617,-21.959181678219217,-2.4259429706056026,119.8195828124074,91.58606879565366,0.0,0.0,-45.09945998360862,-23.47540691359459,-2.487317267496499,111.85856290767067,95.07400789161761,0.0,0.0
33.13313313313313,-7.6311895038241575,4.511564514984984,-1.3768719656132788,0.9337147334581248,1.0072409468064731,-0.32289128726159494,-16.08774842437204,-0.7686686756009349,-0.7225313404367727,-15.580898919614953,-17.18936372416517,0.0,0.0,48.702886592331666,6.631621053699033,-2.049206486179847,-67.32671236252217,3.0453216232018683,0.0,0.0,-3.6835908903707035,-3.6115541693203213,13.47442487564498,-13.012460351302304,-21.967227317822154,-2.387840546075408,119.87787473206772,91.59917397174542,0.0,0.0,-45.19484061151251,-23.46259739272806,-2.5520833025138483,111.91281095961862,95.05704280468002,0.0,0.0
33.233233233233236,-7.654503378965299,4.526993431950285,-1.3540506500280256,0.933864858479813,1.0075211826776775,-0.3228953212268936,-16.171328967630636,-0.7945100013199891,-0.773691302529868,-15.579306362139798,-17.432568135660013,0.0,0.0,48.6638947244748,6.666090042857528,-2.019013168059724,-66.85013868612744,3.019685061642641,0.0,0.0,-3.6372500420734033,-3.6402565179245934,13.484811288617617,-13.020047004210545,-21.975511528717384,-2.3499070142258907,119.93526195906009,91.61217083034167,0.0,0.0,-45.28907911140807,-23.449584418001333,-2.6164676727290654,111.96665750599266,95.04053811082849,0.0,0.0
33.33333333333333,-7.677348225666668,4.541127976000001,-1.3314001626666652,0.9340140234444444,1.0077991491111111,-0.32289870988888886,-16.253172358111115,-0.8186168278888915,-0.8239175712222272,-15.582116298999996,-17.67452227366668,0.0,0.0,48.62267400433333,6.699367202888891,-1.9878647199999997,-66.37198440866665,2.993369020444444,0.0,0.0,-3.591695293888887,-3.6675231130000023,13.495055533000002,-13.027918132222222,-21.984057658666668,-2.312114601111111,119.99196504211113,91.62504356344444,0.0,0.0,-45.38223092411111,-23.436225402555554,-2.680478249444446,112.02019236633335,95.02469237644445,0.0,0.0
33.43343343343344,-7.699700248776777,4.553739661682348,-1.3093558021861849,0.93416139580981,1.0080742110437106,-0.3229004144314314,-16.332349991144145,-0.8407079079626285,-0.8716949244371046,-15.591436195400401,-17.910086006488825,0.0,0.0,48.5791126262746,6.730757034332332,-1.9558016355909238,-65.89225548721988,2.9661481419999993,0.0,0.0,-3.547049140411077,-3.6931793933366697,13.50547005563063,-13.035950552816484,-21.99287893258425,-2.2744934185485484,120.0475365765639,91.63825890402836,0.0,0.0,-45.473880788018356,-23.42255479596764,-2.743954062410077,112.07310065870736,95.00904013751284,0.0,0.0
33.53353353353354,-7.721885710778446,4.565440521395731,-1.287694956948282,0.9343077989976643,1.0083471303640306,-0.3229011819546213,-16.409570676771104,-0.8616676311891911,-0.9179196710747426,-15.605223328272606,-18.14190551274041,0.0,0.0,48.53421279720654,6.761021020042375,-1.9231580995308637,-65.4116343765182,2.93850061934668,0.0,0.0,-3.5027677738261596,-3.717888674952621,13.516009121728729,-13.044200537037373,-22.001877206161495,-2.23699147657524,120.10240574191089,91.65154559799298,0.0,0.0,-45.56465925439839,-23.40871906339406,-2.8071892045215217,112.12571866739772,94.99386141630997,0.0,0.0
33.63363363363362,-7.7438996545845855,4.576519990782785,-1.2660302578658655,0.9344537127647647,1.0086182368028027,-0.3229018418598598,-16.485605919107112,-0.8817292604874909,-0.9634933095865914,-15.621782107067059,-18.37226441201603,0.0,0.0,48.488072314652655,6.7908980307447475,-1.8900277282372364,-64.93019764277777,2.9102615314104128,0.0,0.0,-3.458832775010009,-3.741929742935939,13.526318983500499,-13.052693626914916,-22.010967510723724,-2.199655384694695,120.15666294475977,91.66488277367367,0.0,0.0,-45.65483943420721,-23.394680030609607,-2.8702655576336342,112.17817394177777,94.97910738688388,0.0,0.0
33.73373373373373,-7.765582332681683,4.586634451410077,-1.244374468912912,0.9345988085038371,1.0088865711084418,-0.32290216384284287,-16.559812019186527,-0.9003806365201887,-1.0077685312499216,-15.642765527780444,-18.599050039587272,0.0,0.0,48.43996851090189,6.820044637559896,-1.8561116323149807,-64.44750130285317,2.881758683564232,0.0,0.0,-3.4154962661307957,-3.7649537268335016,13.536296232457124,-13.061497943092425,-22.020225872553556,-2.1625272144100762,120.20998837307677,91.67801941552253,0.0,0.0,-45.74407718833867,-23.380329798084414,-2.9331171246363064,112.23026876761097,94.9648006618295,0.0,0.0
33.83383383383386,-7.78665715726293,4.595235625805473,-1.2232191778168153,0.9347422755251917,1.0091511448271606,-0.32290098425759095,-16.631517749620627,-0.9169251935498842,-1.0488410513650348,-15.669978660650651,-18.821495127781795,0.0,0.0,48.38932199570404,6.847500814986321,-1.821254392728394,-63.96325605208807,2.852232208853855,0.0,0.0,-3.373147266881213,-3.786344358263931,13.546367544770437,-13.07068762233367,-22.0298094819009,-2.1258210705742413,120.26183260301869,91.69059532430964,0.0,0.0,-45.83163119637571,-23.365717875978646,-2.995346208243245,112.28177532697097,94.95127135765333,0.0,0.0
33.933933933933936,-7.807431915050051,4.6026683157968,-1.2024062334134114,0.934884718046046,1.0094133212652652,-0.3228987673673674,-16.70141689011812,-0.9319308270370381,-1.0881535044344366,-15.701376352072069,-19.04104166561763,0.0,0.0,48.337021370167164,6.873615830068071,-1.785406425113112,-63.47790255048146,2.8222490729439396,0.0,0.0,-3.331328740760758,-3.8064621602672704,13.556516344149149,-13.080097530753756,-22.03970353830931,-2.089144188525522,120.31283536227427,91.702864334,0.0,0.0,-45.91809524892393,-23.350828882569566,-3.057260950006009,112.33289637735936,94.93821929713314,0.0,0.0
34.03403403403404,-7.82785830684084,4.609059809936938,-1.1820285578178176,0.9350263287337338,1.00967360107007,-0.3228954579389389,-16.76970790417618,-0.9456975544484489,-1.126275317917583,-15.73666417933533,-19.25744736133467,0.0,0.0,48.28329219765199,6.898387190958959,-1.7487047244290967,-62.99190505818952,2.792077223875206,0.0,0.0,-3.290038615956623,-3.82541536312646,13.5667692062656,-13.08956373819386,-22.049741094596598,-2.052429867891557,120.36319596978944,91.7153629880744,0.0,0.0,-46.00380797394395,-23.335613367137135,-3.118991534695361,112.3836624301495,94.92550368440007,0.0,0.0
34.13413413413412,-7.84807676909009,4.614622339750086,-1.161767474462461,0.9351670717767767,1.009931669904905,-0.32289176916616613,-16.83651073064765,-0.9582029895618973,-1.1634270682692733,-15.775638359786111,-19.469167316706706,0.0,0.0,48.228147787554555,6.922535344791795,-1.711417971495496,-62.50489112615951,2.7616358177180516,0.0,0.0,-3.249157327572239,-3.843492614317318,13.576821004314647,-13.099136783450115,-22.059965471742075,-2.015695205468802,120.41282788527228,91.72827312411246,0.0,0.0,-46.08877795256256,-23.32011540620254,-3.1803858279666324,112.43418703259726,94.91302006501768,0.0,0.0
34.23423423423425,-7.868061078858858,4.618889748870872,-1.1416370774324331,0.9353064604654655,1.0101864423123124,-0.3228874058018018,-16.90100168548048,-0.9689088437327319,-1.1989240276666646,-15.81984324801201,-19.67569480013813,0.0,0.0,48.170965746522526,6.945453187885884,-1.6732720676666688,-62.01648825623424,2.730363058333331,0.0,0.0,-3.2088785168198206,-3.8601579597627627,13.586637338864865,-13.109053664528528,-22.07039363335736,-1.979241137174173,120.46158484781981,91.74141632776876,0.0,0.0,-46.1724773704985,-23.30428299115615,-3.2413789609849837,112.48436877095796,94.90106932342943,0.0,0.0
34.33433433433435,-7.887505398740741,4.622030328011346,-1.12153513818485,0.9354446668418419,1.010437059800467,-0.3228824903129796,-16.963180158687024,-0.9778759528101453,-1.231728866922261,-15.870321802591253,-19.876131978557233,0.0,0.0,48.111209028568574,6.967474503753422,-1.6342808041861887,-61.52662923693894,2.696635829805805,0.0,0.0,-3.1695230280226894,-3.875656893163498,13.5959996114658,-13.119481765742407,-22.081059923412077,-1.9432987969265922,120.50883119546147,91.75442399641841,0.0,0.0,-46.254502988737734,-23.288155865922924,-3.301829449622957,112.53406994637336,94.88967102991924,0.0,0.0
34.43443443443443,-7.9065255432799475,4.623769241164833,-1.101667820391723,0.9355817761444778,1.010684799349683,-0.3228764427954621,-17.023563473696367,-0.9849500991618306,-1.2625432017003713,-15.925217005647644,-20.074824922455136,0.0,0.0,48.04965857946179,6.987912924273276,-1.5942998094941596,-61.03597633911777,2.662331241442108,0.0,0.0,-3.1308957345588904,-3.889657245059729,13.605237029152821,-13.130163034066735,-22.09193878909009,-1.9075735739202528,120.55501834019019,91.76723596010143,0.0,0.0,-46.33536897310845,-23.271795469654656,-3.3619049971578265,112.58331766285485,94.87869647617484,0.0,0.0
34.53453453453454,-7.925191684472473,4.624435408303304,-1.0821053104494485,0.9357180298908909,1.0109305305605605,-0.32286946924724724,-17.082610407410407,-0.9906038476376384,-1.2922116922802829,-15.983428981792793,-20.272333188390398,0.0,0.0,47.98673644574675,7.007160982679681,-1.5535378845105128,-60.54471711598099,2.6273321590870857,0.0,0.0,-3.092845938584585,-3.902491800220221,13.614518894726725,-13.140995982219218,-22.103000740328326,-1.87191586763063,120.6003817773894,91.7800074166046,0.0,0.0,-46.41536650784985,-23.255227321838838,-3.4216449700870895,112.63220083214517,94.86800849935636,0.0,0.0
34.634634634634615,-7.943478366993328,4.624403377182849,-1.0630076906986972,0.9358532063299968,1.0111736256419754,-0.32286142057257255,-17.13992280309543,-0.9952307466956947,-1.3201753157394038,-16.04626592554421,-20.462812972063738,0.0,0.0,47.922388944450105,7.025490951298965,-1.5125034528705357,-60.05300023825057,2.5911693987660946,0.0,0.0,-3.0554186774114105,-3.9145740588775446,13.623973716618286,-13.152083994394062,-22.114186862448452,-1.8366224597006984,120.64479114079245,91.7927355145966,0.0,0.0,-46.49431225031165,-23.23862322017117,-3.4809918960286956,112.68071974216215,94.85783812053488,0.0,0.0
34.734734734734744,-7.9613041259809805,4.623495330428095,-1.0440774549939937,0.9359874845775776,1.0114142632472476,-0.3228527410333667,-17.195740498287954,-0.9986400532726059,-1.3469755943546875,-16.113134769354687,-20.64928997298732,0.0,0.0,47.856245326138136,7.042907100792125,-1.4708735860306998,-59.560439144302975,2.5543204286686674,0.0,0.0,-3.018723258683017,-3.92572201417918,13.633248346055387,-13.163364723511176,-22.12553280339773,-1.8015350969846502,120.68840280606108,91.80586955737337,0.0,0.0,-46.57209489475175,-23.22178542761328,-3.539908262544877,112.72888013861261,94.84808125798764,0.0,0.0
34.83483483483485,-7.978725847951952,4.621542566995998,-1.0251689665185182,0.9361206338968968,1.0116505986216218,-0.32284370765765763,-17.249128342491495,-1.0005003436316335,-1.3720210213753778,-16.18632134584684,-20.82811479100701,0.0,0.0,47.787629443819824,7.059475579183184,-1.428642365922925,-59.06662345345446,2.5164791962942936,0.0,0.0,-2.982794222573573,-3.935748964140142,13.641970480753752,-13.175114578645644,-22.13695448514014,-1.7669988239259247,120.73085331076977,91.81973050574375,0.0,0.0,-46.64857123867668,-23.20456488727928,-3.5984530031331348,112.77678434361762,94.83884498406107,0.0,0.0
34.93493493493493,-7.9957846254431075,4.618252330525194,-1.0067801144457786,0.936252501214548,1.0118833444224227,-0.32283324695795795,-17.30017988340407,-1.0005859055492183,-1.3941002644708071,-16.265188047653314,-21.000988786339,0.0,0.0,47.71716345730664,7.074355118175845,-1.3855491282972991,-58.5720828665696,2.478226394491493,0.0,0.0,-2.947519939049717,-3.9442940955458807,13.650791664301632,-13.18717718065432,-22.148598055463463,-1.7326850276312982,120.77197908267135,91.83332328249983,0.0,0.0,-46.72368616025059,-23.186993924723392,-3.6565328203386698,112.82419107297596,94.83002117588923,0.0,0.0
35.03503503503503,-8.012637802436105,4.61382143547781,-0.9885307449669647,0.9363834663099766,1.0121135276166164,-0.32282211400533867,-17.349640108530867,-0.999072694589923,-1.4148155971571617,-16.347858833236906,-21.169948364053063,0.0,0.0,47.645319212527184,7.088103240720723,-1.3414078618041356,-58.076852489649625,2.439431404086419,0.0,0.0,-2.9127211393440087,-3.9515857283753753,13.659451869554553,-13.19945245545145,-22.160477251546876,-1.6984072149759761,120.81221406011011,91.84677641197165,0.0,0.0,-46.79794123755623,-23.16912307347247,-3.714356809684353,112.87125965699633,94.82148224608208,0.0,0.0
35.135135135135144,-8.02918493481982,4.608630452027027,-0.9705275223063055,0.9365135978288286,1.0123419125045046,-0.32281032355855854,-17.397924687342343,-0.9964988910810814,-1.4342222652252263,-16.433608565126125,-21.335604861576584,0.0,0.0,47.57226122591892,7.101058073279279,-1.2965996298018017,-57.58097215753153,2.399907153765764,0.0,0.0,-2.878454537612612,-3.9580297514774783,13.66815076799099,-13.21185209944144,-22.17254878081081,-1.6641869673603593,120.85165102545946,91.86014321927928,0.0,0.0,-46.87127581575676,-23.151065195801802,-3.771777204306307,112.91798029251352,94.81324160728829,0.0,0.0
35.23523523523524,-8.045387315865865,4.602486733465132,-0.9526899133226563,0.9366428034734735,1.012568420201535,-0.3227978763703704,-17.445007888126128,-0.9925923888498506,-1.452495511539872,-16.5225524771378,-21.498271849479483,0.0,0.0,47.49778492172839,7.113045570865199,-1.25126738308108,-57.084345076047384,2.360175569347347,0.0,0.0,-2.8448067930276943,-3.963456455574241,13.67683792791091,-13.224444318772441,-22.184823362568235,-1.630113733473807,120.89051963038068,91.87337651753187,0.0,0.0,-46.94362561907508,-23.132881795610277,-3.8287653134064072,112.96445083612579,94.80542083835336,0.0,0.0
35.335335335335344,-8.060878471190858,4.595399501350017,-0.9352680198922243,0.9367710586219552,1.0127922623833832,-0.3227841170530531,-17.49063588486287,-0.9873967078181515,-1.4696618069969973,-16.61604627008942,-21.656955465539216,0.0,0.0,47.421449743770765,7.123655316489488,-1.2056259200283599,-56.58752803429361,2.3201074713186496,0.0,0.0,-2.8121533784647967,-3.9678717464204203,13.685507477762764,-13.23729480932099,-22.197134042592594,-1.5964226642392383,120.92833472943312,91.88669858736169,0.0,0.0,-47.01479332212713,-23.114630197484484,-3.885339913354689,113.01060713673004,94.7980926119663,0.0,0.0
35.43543543543545,-8.07576110767267,4.587007124351354,-0.918248108134134,0.9368980828898898,1.0130117742662663,-0.32276899160760764,-17.53376064923524,-0.9804687372542571,-1.4837421000860882,-16.716412817305297,-21.80751946268869,0.0,0.0,47.34271154530832,7.132592547726728,-1.159607672526531,-56.090173185487515,2.280442992865866,0.0,0.0,-2.780442949483485,-3.970918733845848,13.694056867217213,-13.250586501765763,-22.209570029494493,-1.5633430968468447,120.96488647775975,91.90042288659859,0.0,0.0,-47.08429430509209,-23.09613848805906,-3.9414264010170164,113.05635716590591,94.79138057837838,0.0,0.0
35.53553553553553,-8.090190489323657,4.578038062176178,-0.9013267840040035,0.9370243690694027,1.0132281371981982,-0.3227534659536203,-17.575314575145814,-0.9726550055522211,-1.4966357429075783,-16.821282467810803,-21.953004005618283,0.0,0.0,47.26234499823023,7.140904136436771,-1.1134703843413423,-55.59268265586221,2.240613353439442,0.0,0.0,-2.749445118638973,-3.9733556345552223,13.702216569482482,-13.264145081089088,-22.222048389825492,-1.530666937847181,121.00040481052288,91.91443986082514,0.0,0.0,-47.15294073438538,-23.077387392045377,-3.997359748612611,113.1018241651218,94.78485564449248,0.0,0.0
35.63563563563564,-8.104413042214548,4.5680210469823175,-0.8846140025285274,0.9371494968151483,1.0134413992992992,-0.32273738187721057,-17.61485129520087,-0.9634298109295981,-1.507870526710048,-16.930945477379705,-22.092151425060404,0.0,0.0,47.180395489608614,7.148159940717386,-1.0665495632796143,-55.094431817859515,2.2006382124664676,0.0,0.0,-2.7189594871081075,-3.9746299511618313,13.710194176143807,-13.277913442425426,-22.234797445541872,-1.4980783283516845,121.03507051824056,91.92888310888287,0.0,0.0,-47.22049785651151,-23.0582130481368,-4.052915792276943,113.14689382594028,94.77857376151218,0.0,0.0
35.73573573573574,-8.118190756389389,4.557515588743743,-0.8682718781961954,0.9372739245915916,1.01365299208008,-0.322720615993994,-17.65338544743844,-0.9535271854764762,-1.5178684663143138,-17.043584236446446,-22.227866700559566,0.0,0.0,47.09732613394094,7.15478747034935,-1.0190550922292272,-54.59605904905705,2.160373993079078,0.0,0.0,-2.68912103841141,-3.9753007641961964,13.718259120939942,-13.291759910427427,-22.24769919569069,-1.4655379711781777,121.06877915242242,91.94314854911013,0.0,0.0,-47.287305003842846,-23.03884140671071,-4.108185536178181,113.19167392433334,94.77253273830931,0.0,0.0
35.835835835835844,-8.131262940369371,4.5458145927277265,-0.8522390686129457,0.9373971643740407,1.0138608596416416,-0.3227028097524191,-17.690178103972972,-0.9419046928551875,-1.5257010909272581,-17.161387730087093,-22.35861291489857,0.0,0.0,47.01206315029196,7.160122057040373,-0.9707825862248878,-54.0972628408535,2.11993655731498,0.0,0.0,-2.6603607237420723,-3.974684725488822,13.726201058127462,-13.305977864575244,-22.260726879782116,-1.433353814766431,121.10105141738006,91.9572270022002,0.0,0.0,-47.35245186193795,-23.019290327224887,-4.162695909411079,113.23594220354289,94.76695298566565,0.0,0.0
35.935935935935944,-8.143594762742408,4.533117015315315,-0.8366217963163163,0.9375192041294627,1.0140644157807808,-0.3226839927143811,-17.724644905574245,-0.9289526103033033,-1.5311261739479485,-17.285432459324987,-22.484644238503172,0.0,0.0,46.92437188409577,7.164231133512514,-0.9220295174884882,-53.59830470376009,2.0799449573820494,0.0,0.0,-2.6327002426189523,-3.9729712211361354,13.73386163693093,-13.320493295344345,-22.27388192252686,-1.401558319837171,121.13182105527594,91.97167761531163,0.0,0.0,-47.41594021626092,-22.999288753490152,-4.216674402738404,113.27973154137203,94.76183974607375,0.0,0.0
36.03603603603602,-8.155241564900901,4.519341102684686,-0.8212734186996995,0.9376402050870869,1.0142647757627627,-0.3226639816126126,-17.757418324426432,-0.9144954605165191,-1.534397269987991,-17.414623733231224,-22.60653968187388,0.0,0.0,46.83464036918618,7.166920636813813,-0.8731906850450464,-53.09910924393093,2.0402867658588595,0.0,0.0,-2.606043969945946,-3.970142297711713,13.741367137597596,-13.335377966903902,-22.287146832555557,-1.3703637531741726,121.16159912853452,91.98641818609609,0.0,0.0,-47.47796689390991,-22.97923908651652,-4.270156270822823,113.32316020514114,94.75713072581382,0.0,0.0
36.13613613613613,-8.166472087860528,4.505105932454789,-0.8061327379679668,0.9377606518588589,1.0144633933463463,-0.3226435538231565,-17.789220321462466,-0.8994342043156502,-1.5370948754020701,-17.546597003994666,-22.72818530361896,0.0,0.0,46.74379259628195,7.169075953332334,-0.8242124292922928,-52.59999928125323,2.0014555114220873,0.0,0.0,-2.580004110187855,-3.9667961233570255,13.748817042344678,-13.350415225542543,-22.30051234442042,-1.3394275407013674,121.1906699711415,92.00142484015849,0.0,0.0,-47.539238118766434,-22.959092578763098,-4.323348892634637,113.36631735846879,94.75258935468734,0.0,0.0
36.23623623623623,-8.177632600967636,4.48999841324925,-0.7913056160073403,0.93788010591992,1.014659689603604,-0.32262247035301966,-17.81941064608609,-0.8832757940410435,-1.5379476088665383,-17.682318478015674,-22.844304828073074,0.0,0.0,46.65202947608409,7.170243948102103,-0.7746277294324345,-52.10055227601335,1.9629049652696082,0.0,0.0,-2.5542465591438104,-3.9624751259315993,13.75637346355055,-13.365687857173175,-22.314056055148814,-1.3086839672656012,121.21909120474943,92.01631535760895,0.0,0.0,-47.599738924877876,-22.93870852395629,-4.376244303591589,113.4092252523013,94.74835431337804,0.0,0.0
36.336336336336345,-8.18837306142042,4.474188326891892,-0.7767281596156149,0.9379987598128128,1.0148538137807808,-0.3226006771821822,-17.848515870879886,-0.8661050577317327,-1.5372396542012052,-17.821651773525524,-22.954334606081087,0.0,0.0,46.55894211434534,7.170554708085087,-0.7248449149159155,-51.6007539487097,1.9249224875585582,0.0,0.0,-2.5291453960840835,-3.957370650834835,13.76395420840841,-13.381250056623625,-22.327668798004005,-1.2783299396526524,121.24678666205207,92.0312959027948,0.0,0.0,-47.65911568755856,-22.918285791566564,-4.428609961765766,113.45186284934331,94.74434011860662,0.0,0.0
36.436436436436445,-8.198190978866533,4.457180988987985,-0.762445593353353,0.9381165048672007,1.0150450955715715,-0.32257794104504506,-17.876295125722056,-0.847442678173838,-1.5342564170643942,-17.965704100197875,-23.062392143515183,0.0,0.0,46.463627143795456,7.16945065038572,-0.6747485036312924,-51.10080736653717,1.8864953861578229,0.0,0.0,-2.505337542700032,-3.9509830616459767,13.77136649722022,-13.39715929064865,-22.341453164814816,-1.2483536637887875,121.27349259784819,92.04613034817683,0.0,0.0,-47.71713751399433,-22.89762149467267,-4.4805253848528555,113.49415643669536,94.74077048221054,0.0,0.0
36.536536536536524,-8.207109115859193,4.439142995172171,-0.7487676800036704,0.9382330335642308,1.0152327316973637,-0.3225536001351351,-17.902002225909577,-0.8274612111464783,-1.528372227780779,-18.11581184256891,-23.166512705608614,0.0,0.0,46.36615878564597,7.166725087063393,-0.624189804719383,-50.60135777932798,1.8488592161237907,0.0,0.0,-2.482820671166499,-3.9434572585802448,13.778696926627296,-13.413255240970306,-22.355348216193192,-1.2186966001608277,121.29860894521289,92.06111805387755,0.0,0.0,-47.77342219089723,-22.876570277366035,-4.531900813584585,113.53590457564799,94.73757742687187,0.0,0.0
36.636636636636624,-8.21498653388889,4.4206968525885895,-0.73560373487087,0.9383481263413413,1.015414677013013,-0.3225284246896897,-17.92504822283484,-0.8067522424554578,-1.5205355777507548,-18.273842721276274,-23.261935228535542,0.0,0.0,46.26601499900401,7.163410995273276,-0.5738190213533556,-50.10312204344444,1.8122908881171171,0.0,0.0,-2.4618204723433426,-3.9355029119379394,13.78568275995095,-13.42975719946046,-22.369263104203206,-1.189744452400399,121.32160754704005,92.07661607694895,0.0,0.0,-47.82781041266567,-22.855352732962963,-4.582654694801804,113.57704000805907,94.7348244824935,0.0,0.0
36.73673673673676,-8.222542732745413,4.4019650560116785,-0.7227120774664663,0.9384626080567233,1.0155946578001334,-0.3225029730700701,-17.946821345518522,-0.7857247748178182,-1.5117279802779446,-18.435105061364027,-23.357645637730066,0.0,0.0,46.16463965034201,7.159777210006673,-0.5231002693720388,-49.60453519727528,1.775580331774441,0.0,0.0,-2.4413088039676345,-3.9272053444327666,13.79265346751051,-13.446462873787453,-22.383230768407408,-1.1610570127310633,121.34382586611112,92.09266649212347,0.0,0.0,-47.8813138832259,-22.833988913327993,-4.632998885627293,113.61789535025791,94.73221727280247,0.0,0.0
36.83683683683684,-8.229827429864866,4.382920368811147,-0.7099978776453099,0.9385765791338004,1.0157732590326993,-0.3224772457901235,-17.967820718779446,-0.7642929433717078,-1.5023336728318373,-18.598586803585242,-23.452565944963297,0.0,0.0,46.062499019246246,7.155747241632635,-0.4723201113330022,-49.10601439103338,1.7386139191314662,0.0,0.0,-2.421221464003671,-3.918557980779114,13.79963944159159,-13.463344799703037,-22.39723505957424,-1.1325853299125794,121.36557199532133,92.10884625027529,0.0,0.0,-47.93424864817818,-22.812580308864533,-4.683089889445112,113.65855071087621,94.72978336403203,0.0,0.0
36.93693693693694,-8.236485437447447,4.363138958525526,-0.6973557774444439,0.9386899596276276,1.0159492759369368,-0.32245091214714716,-17.98787968727027,-0.7418641699219215,-1.4913831999429454,-18.765655009294292,-23.54478132098198,0.0,0.0,45.958888646489484,7.150739177519519,-0.42168538688888846,-48.60761371114715,1.7009674930000003,0.0,0.0,-2.402029824597597,-3.909140464138139,13.806286888564566,-13.480569840075074,-22.41115818170571,-1.1046615406456468,121.38647128463666,92.12522648345046,0.0,0.0,-47.98600099363363,-22.791057241963962,-4.7327939652882876,113.69893238135134,94.72756661424324,0.0,0.0
37.03703703703705,-8.24240249519753,4.342595847506173,-0.6849877977037041,0.938802644234568,1.016122907074074,-0.32242386622222224,-18.00690779837037,-0.7184378526666658,-1.4784513562592558,-18.93667605196297,-23.631560367518514,0.0,0.0,45.85343463480247,7.1447897102716045,-0.3709829218765425,-48.109019848567904,1.6632423394938243,0.0,0.0,-2.383855333308643,-3.8989081498888885,13.812875669098768,-13.49806370050617,-22.425201200913584,-1.077005787012345,121.4066525164568,92.14158937393827,0.0,0.0,-48.036552274567896,-22.76938092893827,-4.78205424991358,113.7390671265679,94.72561677719753,0.0,0.0
37.137137137137124,-8.247713342484817,4.320891247183516,-0.6731966987717714,0.9389139849933267,1.0162929745475473,-0.3223956687931264,-18.023617985743407,-0.6936287375098422,-1.4627583983523522,-19.113922557923253,-23.713457796558558,0.0,0.0,45.74596373712413,7.137346378159826,-0.3196194070613945,-47.61035298312913,1.6266424703600262,0.0,0.0,-2.3666607888238245,-3.8873689228758748,13.819465645585584,-13.51585126874608,-22.43948744370237,-1.0495184445659005,121.42556603153321,92.15781543869836,0.0,0.0,-48.08577113869869,-22.747231160138806,-4.830909521028359,113.77883616784652,94.72390010857657,0.0,0.0
37.23723723723726,-8.252205678617617,4.298521844612612,-0.6617517882442445,0.9390242837387387,1.0164603685825826,-0.32236667867467467,-18.038990052553554,-0.6679654407907899,-1.4455641638048025,-19.295774194517513,-23.789353270923932,0.0,0.0,45.63667985555155,7.128992357909908,-0.26795773884083907,-47.11199164211611,1.589963325809809,0.0,0.0,-2.350645249862862,-3.875064373335335,13.825961515862863,-13.53389188148949,-22.45389125542743,-1.022390451488487,121.44342858097698,92.17436757097796,0.0,0.0,-48.133394158285284,-22.72493573324424,-4.879154540551553,113.81817475208909,94.72246920084885,0.0,0.0
37.33733733733733,-8.255681033739737,4.275798785157827,-0.6505602469319314,0.9391338287057056,1.0166252713353354,-0.3223371103159826,-18.053368226590926,-0.641822432750087,-1.4281462307998027,-19.482027004510503,-23.85952742162329,0.0,0.0,45.52578498360962,7.120016561882219,-0.21616415916183254,-46.61478994068137,1.5532001001941969,0.0,0.0,-2.336012557301302,-3.8623336214451136,13.832128312625958,-13.552085481324658,-22.46827243194428,-0.9955913122722725,121.45996582912815,92.19107826064499,0.0,0.0,-48.17979133566267,-22.702456844486825,-4.926985128051717,113.85709510403004,94.72121667463963,0.0,0.0
37.43743743743744,-8.258013156743743,4.253081455636973,-0.6395788784457779,0.9392425921214548,1.0167855101161163,-0.3223070659973307,-18.066522301949952,-0.6153394576606642,-1.4095327594481204,-19.67383471875541,-23.919035867436765,0.0,0.0,45.412706461982324,7.111022972532538,-0.16483424629596657,-46.11923387216653,1.5165373660236925,0.0,0.0,-2.322900368634969,-3.84972387564398,13.837884240878543,-13.57078156253687,-22.482458515064394,-0.969742724684352,121.47467193047548,92.20824375169168,0.0,0.0,-48.22459712435168,-22.68018563525292,-4.974244528283948,113.89552871464267,94.72015318542876,0.0,0.0
37.537537537537546,-8.259963093781781,4.230185128795796,-0.6286361123773759,0.9393511954374374,1.0169448259719718,-0.32227705503303306,-18.079273396745748,-0.5887318701000999,-1.390733052365367,-19.867075105784785,-23.982820223093093,0.0,0.0,45.29882622543143,7.10188929301802,-0.11343497409409435,-45.623817600042045,1.4793133805585572,0.0,0.0,-2.310295957357358,-3.8369131014804814,13.84346429866967,-13.589576587184183,-22.49667022475876,-0.9440233798488478,121.48894169198797,92.2253752469049,0.0,0.0,-48.26890144366067,-22.6578070695025,-5.021332555285285,113.93383424303904,94.71922160558958,0.0,0.0
37.63763763763762,-8.26120034690724,4.206719268821154,-0.6177363574611278,0.9394591483717051,1.0171021676499834,-0.3222468152696029,-18.091223765991323,-0.5614114180864187,-1.3711954526326333,-20.063385603755428,-24.048286713368363,0.0,0.0,45.18338256709042,7.0921793138698686,-0.06182403039138924,-45.1284819198692,1.4413241471284604,0.0,0.0,-2.2987121582502508,-3.8234847293013003,13.848708394700035,-13.608537275756092,-22.510993578635638,-0.9185411349476149,121.50244095596963,92.24250801281347,0.0,0.0,-48.31198393126126,-22.63524607025726,-5.067942682842174,113.97183687254221,94.71853096599666,0.0,0.0
37.73773773773775,-8.261155849650985,4.182912604934933,-0.6070718431301296,0.9395660600357024,1.0172560088638638,-0.3222159118541875,-18.101812704253923,-0.5335621031081057,-1.350446629213213,-20.265069030766767,-24.110520969080085,0.0,0.0,45.06565750167701,7.081899701988654,-0.010117972676007624,-44.63457270342875,1.4027649952859504,0.0,0.0,-2.288894902853186,-3.8096898615125108,13.853431240030028,-13.627697962990325,-22.525284797401735,-0.8934971114204208,121.51435276404206,92.25966545685017,0.0,0.0,-48.35319147524591,-22.612511792208206,-5.113902502118451,114.00933823165698,94.71814932359625,0.0,0.0
37.837837837837824,-8.260160128333336,4.158634359513513,-0.5966519503693688,0.9396720944504505,1.0174068869639639,-0.3221846146486486,-18.11110100363964,-0.505182902036035,-1.3283083616486517,-20.471575286324324,-24.168145626396395,0.0,0.0,44.94619663928829,7.071016506405405,0.04152376023423528,-44.14179813411711,1.3644101687387393,0.0,0.0,-2.2804164890090077,-3.7953355599009,13.857798860063061,-13.647183297612614,-22.539559816081077,-0.8690298889549549,121.52512421702704,92.27720816220722,0.0,0.0,-48.39289096250451,-22.589656903612614,-5.1593047032612604,114.04645767175676,94.71803510254054,0.0,0.0
37.93793793793794,-8.257973252302637,4.134091714816485,-0.5861500151885215,0.9397777679759759,1.0175546648692027,-0.3221535783983984,-18.119759425650322,-0.47650526223490247,-1.3061217087127115,-20.681834542220543,-24.22599376190157,0.0,0.0,44.824740617965304,7.060040791870205,0.09296245068668618,-43.6503561085539,1.3250842529653002,0.0,0.0,-2.273463104535869,-3.7806860788705388,13.86151422787187,-13.667005717684352,-22.553760612023357,-0.8452448961995316,121.53460133811078,92.2952581636036,0.0,0.0,-48.4311976294044,-22.566795996658325,-5.20429117225025,114.0832198433637,94.7180778106156,0.0,0.0
38.03803803803806,-8.254966143068403,4.108983685098433,-0.5758027107914572,0.9398828401878546,1.0177000368895563,-0.32212213524891553,-18.127751590920923,-0.4470264947200553,-1.2828463146700084,-20.895346973340004,-24.279695092529202,0.0,0.0,44.70159877149716,7.048492177955292,0.14487964329729378,-43.15933578861795,1.286661332846514,0.0,0.0,-2.267635295686019,-3.7654728283977335,13.865055928493158,-13.687102980006006,-22.568037569440772,-0.8217491126012693,121.54306476265768,92.31305251502903,0.0,0.0,-48.468568508886214,-22.543831701538533,-5.248883515905907,114.11965666645344,94.71830090918284,0.0,0.0
38.13813813813812,-8.251120773474474,4.0833841496216206,-0.5656586737147131,0.9399873588358357,1.017843007043043,-0.3220900288938939,-18.135019265580585,-0.4167927191401392,-1.2576353111501497,-21.112445163843848,-24.32737522812112,0.0,0.0,44.576679547138134,7.036309166560562,0.19683844873774015,-42.668588647837836,1.2476672770340336,0.0,0.0,-2.2629264708228227,-3.7497609146586575,13.86839702148148,-13.707506790017018,-22.582278114972972,-0.7985834065245225,121.55065183534134,92.33077037894995,0.0,0.0,-48.50466428955155,-22.520856842085085,-5.2930084572872875,114.15581491569068,94.71856523932634,0.0,0.0
38.238238238238246,-8.246236732371704,4.057457520567234,-0.5558348970350354,0.9400908560567235,1.017982836898565,-0.32205727179646315,-18.140822112588587,-0.38613724728328214,-1.2315015877947926,-21.334783921183863,-24.36848658530196,0.0,0.0,44.4500038369603,7.023428335706373,0.24844958843643491,-42.17940468759493,1.2075010001334636,0.0,0.0,-2.2596891742135488,-3.733692728855188,13.871306982986653,-13.728006806404068,-22.59650477856623,-0.7755362211658327,121.55688973727362,92.34827994800234,0.0,0.0,-48.53931334510544,-22.49758105509643,-5.336739064628629,114.19158328231165,94.71909006344177,0.0,0.0
38.338338338338325,-8.240657083503503,4.031197296181179,-0.5461282588682004,0.9401938379102435,1.0181207830286954,-0.32202431742876214,-18.145956793308642,-0.3550091408935588,-1.2045734900006706,-21.560185101602276,-24.40452271381348,0.0,0.0,44.32197039728895,7.0102079869926595,0.3003528990143509,-41.690601909610265,1.1670176226399733,0.0,0.0,-2.2574317548154816,-3.717213578556555,13.873992842250583,-13.748751174115117,-22.610720793076407,-0.752837704258259,121.56227064050083,92.36616425179612,0.0,0.0,-48.57291093105907,-22.47423424112379,-5.380048772711043,114.22708225959158,94.71964645795529,0.0,0.0
38.43843843843843,-8.234096434760762,4.004731937699698,-0.536266388168167,0.9402959875115116,1.0182559546846845,-0.32199161221321326,-18.15033337566667,-0.3235461628528501,-1.1780889866966924,-21.789082305861875,-24.438587072588593,0.0,0.0,44.19282237887287,6.9968563224514515,0.3520756682832866,-41.20426484369166,1.1265837766005973,0.0,0.0,-2.256578103823824,-3.700489970369368,13.87589138617017,-13.769654798199198,-22.624897335088093,-0.7306125605985965,121.5664566096887,92.38392767712213,0.0,0.0,-48.605291392499495,-22.45076686528929,-5.423007438326328,114.26223204126727,94.72021875721421,0.0,0.0
38.53853853853855,-8.226668723015013,3.977882311062062,-0.5263714557377376,0.9403975206593259,1.0183883228084751,-0.3219589729165832,-18.1540992985639,-0.2914440946319643,-1.1510634628908907,-22.021149630756764,-24.46841019691525,0.0,0.0,44.062102863547544,6.983288194907239,0.40421411581047745,-40.71899066693392,1.0866293178568558,0.0,0.0,-2.256939339902903,-3.683300773779446,13.877436802086418,-13.790879745394061,-22.639170441049384,-0.7088214467337342,121.5695731602269,92.4019681563717,0.0,0.0,-48.63630489762596,-22.427321888728056,-5.465311315647317,114.29700425064364,94.72093271563996,0.0,0.0
38.638638638638646,-8.21834438282616,3.9505126530547208,-0.5166860498014675,0.9404984545565567,1.0185179949686354,-0.32192589729896565,-18.15715933191325,-0.2587052854447779,-1.1223988092155512,-22.256786171567235,-24.49221680577177,0.0,0.0,43.92967183999733,6.969143777757425,0.45653256655322194,-40.234562529742746,1.0474230131471487,0.0,0.0,-2.2584734437911242,-3.665582637378712,13.878816075095425,-13.81242164951118,-22.653450177027025,-0.6874322842435777,121.57178419489624,92.41995461306706,0.0,0.0,-48.666027931004336,-22.403896511616956,-5.507092541174842,114.33148808122655,94.72189137375742,0.0,0.0
38.738738738738746,-8.20931832345045,3.9228185392852866,-0.5069615771261253,0.9405988903813813,1.0186448945045046,-0.32189273433933935,-18.159624444069074,-0.22544382139339553,-1.0924497907627662,-22.49514376856155,-24.51314045993394,0.0,0.0,43.79620033383784,6.954779974300304,0.508310781987988,-39.751915678144144,1.0086893030991007,0.0,0.0,-2.2609791289879864,-3.647532195825826,13.879756864573574,-13.834333615624624,-22.66761067190991,-0.6665836554174188,121.5731763824054,92.43813759698799,0.0,0.0,-48.69446515549549,-22.380659681639635,-5.548383125129128,114.36564541371472,94.72308099664866,0.0,0.0
38.83883883883884,-8.199446967649983,3.894956660191525,-0.4972479574397731,0.940698854061061,1.018769241761428,-0.32185941514381045,-18.16137407129663,-0.191921738614281,-1.062404154436437,-22.73683347430064,-24.530451784853852,0.0,0.0,43.661490558168836,6.940158385551885,0.5598428622238915,-39.27097192385618,0.9703389932445768,0.0,0.0,-2.2646554182872873,-3.629302388824158,13.880204004679012,-13.85651937874141,-22.681609238818154,-0.6460915463533539,121.57345185980117,92.45630618025258,0.0,0.0,-48.721721489046715,-22.357365617572242,-5.589278707996998,114.39944131810378,94.72432151675476,0.0,0.0
38.93893893893893,-8.18848224065165,3.867018599643977,-0.48758586725925906,0.9407977995375376,1.0188895776409743,-0.32182607423690357,-18.161648713992324,-0.15829517439472687,-1.0319808328535216,-22.983829319757426,-24.541580597916244,0.0,0.0,43.52515592482549,6.925386287261928,0.6110285969866531,-38.79261662276976,0.931300215353685,0.0,0.0,-2.2699177161081088,-3.6109797147063722,13.879847404963964,-13.878932608553887,-22.69552090232199,-0.6259000959502832,121.57214554599432,92.47411193636904,0.0,0.0,-48.74754877418652,-22.333786076203204,-5.629826298850184,114.43278303814047,94.72559867931798,0.0,0.0
39.039039039039054,-8.176560854029029,3.8391836232442436,-0.47801490957457365,0.9408959322712713,1.0190063371391394,-0.32179241834434436,-18.160820126481482,-0.12459939519119141,-1.0022350729819844,-23.235092434573577,-24.54857919501702,0.0,0.0,43.38756577782682,6.9104763328318315,0.6621184952152168,-38.31694740496195,0.8925007224294316,0.0,0.0,-2.2765617017527515,-3.5927599361000992,13.878871665740741,-13.901566243597596,-22.709156312763763,-0.6062675397737738,121.56900341469368,92.49197554655856,0.0,0.0,-48.77203076465066,-22.31011507747748,-5.669937422232233,114.46565497268668,94.7268879827948,0.0,0.0
39.13913913913915,-8.164167525581913,3.811204710548881,-0.4682353867647649,0.9409935404864864,1.0191214702192193,-0.32175903851484816,-18.159653778572576,-0.09057683922822654,-0.9724122022705988,-23.488045005352028,-24.55355054953587,0.0,0.0,43.249548101126116,6.895543251931265,0.7130004529562906,-37.842981481718034,0.8541690876566552,0.0,0.0,-2.2839302321364707,-3.5743718780854175,13.87740223550784,-13.92424639011912,-22.72276152985085,-0.5867932047330658,121.56541912695063,92.50972227531199,0.0,0.0,-48.7957656324034,-22.286343658301632,-5.709845735332667,114.49837812096766,94.72825686269637,0.0,0.0
39.23923923923924,-8.150900356225893,3.7829966787834506,-0.4586351694854855,0.9410904896910244,1.0192336573413414,-0.32172547571604937,-18.157805104449118,-0.05625490212612805,-0.9416009240457137,-23.744551176669667,-24.550537347165506,0.0,0.0,43.11005176198265,6.880403082282949,0.7638911349903241,-37.37047623181348,0.8173703957240622,0.0,0.0,-2.2924736968471784,-3.555694511966299,13.875811091296294,-13.947416775254254,-22.73636240958325,-0.5679242174541208,121.56088819090189,92.5275578012506,0.0,0.0,-48.81786026672906,-22.26291340832399,-5.748965194038038,114.530730176676,94.72985355975109,0.0,0.0
39.33933933933931,-8.136934899713713,3.7542025027937904,-0.44905716220720737,0.9411867694374376,1.0193427937667667,-0.3216918838748749,-18.15508688491892,-0.021131253947944816,-0.9093151536986988,-24.004488607835857,-24.541972412820822,0.0,0.0,42.96916611829729,6.864833108105103,0.8150092852672735,-36.898997961683655,0.7811234842692684,0.0,0.0,-2.3020202819189195,-3.5363601074544517,13.873908234269269,-13.971056566783783,-22.750065747270273,-0.5494122240020015,121.5554716618989,92.54527011192191,0.0,0.0,-48.838804386993,-22.239494173845845,-5.787579483622625,114.56282303792693,94.73166908299198,0.0,0.0
39.439439439439425,-8.12215310210544,3.725105236586586,-0.4394897563693697,0.9412822316102769,1.019448504701368,-0.3216581090477144,-18.15140202558492,0.01444242274040688,-0.8764944437327324,-24.26813194938805,-24.530473067131467,0.0,0.0,42.827175848255266,6.848871965259593,0.8655784320160164,-36.429909075485824,0.7453954139102448,0.0,0.0,-2.3127535756102766,-3.516713359277277,13.871408071832168,-13.995007309798467,-22.763610562723724,-0.531421402164499,121.54884552371473,92.56307198695094,0.0,0.0,-48.85851086084217,-22.216054419930593,-5.825849266898231,114.59463727697864,94.73350963360994,0.0,0.0
39.539539539539554,-8.106452473326659,3.6959435076136105,-0.4299761126162821,0.9413771034374374,1.0195506104120788,-0.32162427097797797,-18.14668695462896,0.05014221955555938,-0.8433790700807482,-24.535667029767453,-24.5153732229356,0.0,0.0,42.68370185081714,6.832725312330328,0.9161052996246288,-35.96306276799497,0.7106197827317289,0.0,0.0,-2.324762380346681,-3.4969442344941584,13.868386949268602,-14.019327376192862,-22.776907976242246,-0.513857868813479,121.54087953444912,92.58076060983284,0.0,0.0,-48.87664837363631,-22.192611656658322,-5.863532437547548,114.62595833960393,94.73531757730464,0.0,0.0
39.63963963963964,-8.090061890066064,3.6669060054324305,-0.4205015527927925,0.9414710715465464,1.0196500651141143,-0.3215903774024024,-18.140932124924923,0.08571672127027279,-0.8107013764684681,-24.806677857972982,-24.496813245561558,0.0,0.0,42.53971147518618,6.816513081126125,0.9659032960270301,-35.49918775316215,0.6766669207327314,0.0,0.0,-2.337819485195196,-3.4773076034174153,13.864786540570572,-14.043624223909907,-22.79014382764264,-0.4963592548618614,121.53180612612914,92.59801876370871,0.0,0.0,-48.89393117678979,-22.168937710978977,-5.901071301111113,114.65695256320421,94.7372242272883,0.0,0.0
39.73973973973973,-8.073050145063396,3.638269025600265,-0.4111357713313318,0.9415644461044378,1.0197463570920922,-0.3215563394531198,-18.134438455438104,0.1208020479779794,-0.778334694005336,-25.079970770607282,-24.477519201001,0.0,0.0,42.39513327065767,6.800677678185852,1.0152879651187876,-35.03831381729161,0.6436665843626961,0.0,0.0,-2.351734429792793,-3.458130792392724,13.860927220761095,-14.068307641094759,-22.803153443138473,-0.4794173807250587,121.52153623326726,92.61497937919485,0.0,0.0,-48.90987285156557,-22.14571706120954,-5.937961018887221,114.68747221268669,94.73925301332365,0.0,0.0
39.839839839839826,-8.055260231937938,3.6094848937444106,-0.4019377562869536,0.9416571661378045,1.0198401355595597,-0.32152206570337005,-18.127117461793794,0.15615751728128052,-0.7447966543206554,-25.356671824537532,-24.45423080035102,0.0,0.0,42.24950418176711,6.78457137522756,1.0643409402088762,-34.579343856851516,0.6116113641428125,0.0,0.0,-2.3667286174314297,-3.4387796567307296,13.856803759244244,-14.093379714587252,-22.81594633865999,-0.4629058224841508,121.51023926653019,92.63188178661295,0.0,0.0,-48.92458450612345,-22.12253965855889,-5.974379798546213,114.71758632509075,94.74151653794928,0.0,0.0
39.93993993993995,-8.03664661951151,3.5802628501981983,-0.39267180635034954,0.9417493042622624,1.019931211077077,-0.32148799492092095,-18.119236417869867,0.19220275361561417,-0.7100128769939985,-25.636400391644656,-24.426794708929926,0.0,0.0,42.1027149771061,6.768186905697701,1.1133553024054046,-34.12223535454253,0.5807374213213197,0.0,0.0,-2.3828776473663673,-3.418894507338339,13.852220525724723,-14.118881830626629,-22.8287764160981,-0.44676153123823853,121.49809307452854,92.64847395490791,0.0,0.0,-48.938118820449446,-22.099373304055057,-6.010386371514516,114.74743495567267,94.74376918645446,0.0,0.0
40.04004004004005,-8.016962066725393,3.5507153403099743,-0.3835385400253586,0.9418402392228895,1.0200183928728728,-0.3214537626539873,-18.110006813789457,0.22875868830263837,-0.6733026650463764,-25.92145699620221,-24.39094810244678,0.0,0.0,41.95460535648048,6.751376547545877,1.1615494120323704,-33.66825148336635,0.5507675058064726,0.0,0.0,-2.4005838550073397,-3.398653085990989,13.846997847044046,-14.144665188454121,-22.84148727054021,-0.43095989488288283,121.4846331591131,92.66490961190958,0.0,0.0,-48.95010391275976,-22.075992609310976,-6.046025811606941,114.7769573175946,94.74610590921822,0.0,0.0
40.14014014014013,-7.995952968562227,3.5213265453603597,-0.3743304911511508,0.9419297032409075,1.0201015405428762,-0.32141980314814816,-18.099658131396062,0.26504516641975473,-0.6373561780754089,-26.211092628990002,-24.35256334738404,0.0,0.0,41.80546273894794,6.734626452571239,1.2080938807847863,-33.21926943421153,0.5209030277640945,0.0,0.0,-2.4202570330143502,-3.378533180079079,13.840819830597264,-14.170557547553889,-22.85403057070671,-0.4153720415565562,121.46968216505036,92.68081876761963,0.0,0.0,-48.960196758417084,-22.052540609540877,-6.081058179820154,114.8059951500624,94.74824213763297,0.0,0.0
40.24024024024026,-7.974311071436435,3.4923380571691687,-0.3649930116196189,0.9420185801201202,1.0201819435685686,-0.32138610985085087,-18.088784080301302,0.3008004797217221,-0.6024704106316333,-26.50258346234736,-24.314265162645636,0.0,0.0,41.65588085265165,6.718367740665667,1.254245032429432,-32.77336218407906,0.4910627574514491,0.0,0.0,-2.4408257895355367,-3.358871459553554,13.83411404931932,-14.196657309187188,-22.866405494616618,-0.40011721156956914,121.45372137064965,92.69623784859759,0.0,0.0,-48.96915152523624,-22.02937091819319,-6.115612807263264,114.83465156666368,94.75039050891492,0.0,0.0
40.34034034034032,-7.952375087933267,3.463520988974307,-0.355620051366699,0.9421072053957291,1.0202608711067735,-0.3213522563033033,-18.07756634225526,0.33646184820654057,-0.5678225725241864,-26.795218844339683,-24.275730552079075,0.0,0.0,41.50611361787286,6.702187490289623,1.300163084379381,-32.329059066686995,0.46162404807106877,0.0,0.0,-2.46180589993994,-3.339446911401068,13.827119695332664,-14.222843895368035,-22.87859982021488,-0.385035998617618,121.43705162975576,92.71138632539139,0.0,0.0,-48.97768540896731,-22.006290691557556,-6.1500280768241575,114.86312448944209,94.75256028615817,0.0,0.0
40.44044044044045,-7.929595351337336,3.4346841749572916,-0.34639331985619026,0.9421952693023024,1.0203360826379715,-0.32131821623523527,-18.065358119249915,0.37229057752919426,-0.5327203213563614,-27.091480758394397,-24.234577514901563,0.0,0.0,41.35513033441008,6.685832343557226,1.3461972444934944,-31.88730499774141,0.4350562974667997,0.0,0.0,-2.4839156518298315,-3.3199903185362034,13.8198073397304,-14.249591990640976,-22.890492235750415,-0.37061786756656795,121.41872502258225,92.72651902539909,0.0,0.0,-48.98475203518451,-21.983443065412075,-6.183768592991323,114.8910077380157,94.75505818793427,0.0,0.0
40.54054054054056,-7.906463983126125,3.405678255162163,-0.3371856798918911,0.9422830303873873,1.020409693306306,-0.32128418144144144,-18.05273799838739,0.4084237902792789,-0.49702200691891835,-27.38942047632433,-24.190804379405403,0.0,0.0,41.2035769613063,6.669335243432434,1.3922425284774782,-31.446421919171165,0.40916345592792813,0.0,0.0,-2.506503995153153,-3.300317075171172,13.812326804774774,-14.276601952945947,-22.902284462639635,-0.3565321663783777,121.39986057490088,92.74174285121622,0.0,0.0,-48.99111540707207,-21.96071984072072,-6.217198957171172,114.91866786417117,94.75753789281983,0.0,0.0
40.640640640640626,-7.882764052124459,3.3763847503383397,-0.3280505325385382,0.9423702467167168,1.0204801850270269,-0.3212500304504505,-18.03933825621288,0.444997584405737,-0.46038614674474765,-27.69016923242608,-24.143075828587254,0.0,0.0,41.05129203094795,6.652510373724391,1.4381635559709707,-31.007779270820503,0.3831051561141153,0.0,0.0,-2.529909848796128,-3.2803096209539553,13.80450664409743,-14.304099613718051,-22.91394778784284,-0.3429136661061058,121.38005880063665,92.75650482078213,0.0,0.0,-48.99633825397998,-21.938140541466133,-6.250268430395728,114.94613487453955,94.76006361118986,0.0,0.0
40.740740740740755,-7.8579745237283944,3.3475457516172824,-0.3188512996049372,0.9424563364444444,1.0205469481728395,-0.32121601053086424,-18.025180636938277,0.48098706235802746,-0.4244952677160498,-27.994317869530875,-24.09181219802469,0.0,0.0,40.8982056858395,6.636070520864196,1.4829863031604966,-30.573545049876525,0.3567688906419737,0.0,0.0,-2.5548813489012354,-3.2608245264074056,13.795964125654319,-14.331909864049384,-22.925286643049382,-0.3297964127407397,121.35881247213578,92.77101685798765,0.0,0.0,-49.0000897837037,-21.915750670753084,-6.2828873027407415,114.97322432037035,94.76263236648148,0.0,0.0
40.84084084084081,-7.832117943277277,3.3191368540310306,-0.3092644900080081,0.9425409133713714,1.0206100766126125,-0.3211825721071071,-18.01008415199099,0.516766469995996,-0.38889084499599674,-28.30242910836637,-24.035655122479476,0.0,0.0,40.74478457197698,6.6202799555965965,1.5265162198168178,-30.144893977749746,0.3302097220720717,0.0,0.0,-2.5814922728498506,-3.2418378549339337,13.78629284471171,-14.359835486656658,-22.93632140124725,-0.3167451349479471,121.33631587059858,92.7848859265095,0.0,0.0,-49.00212096332633,-21.893528693381377,-6.314889701757758,114.99995163320622,94.76520375319619,0.0,0.0
40.94094094094094,-7.80518979048415,3.2909635056132793,-0.29949408186286236,0.9426243006850183,1.0206695626876878,-0.3211496992409076,-17.994107386041712,0.5522734182399083,-0.3536791409529487,-28.614148056367707,-23.976967919838167,0.0,0.0,40.5905797227107,6.604878677891557,1.5690820469329345,-29.720606220010332,0.30452374099599455,0.0,0.0,-2.6096783061074413,-3.223081701610944,13.775798450423423,-14.388009837774106,-22.94724841707474,-0.3039048393767089,121.31247835741775,92.7981392877978,0.0,0.0,-49.002541421254925,-21.8713900822032,-6.346266591963631,115.02612817188722,94.76787462481916,0.0,0.0
41.041041041041055,-7.777819844838506,3.262916659537871,-0.2897257020120122,0.942706789454788,1.020726120522189,-0.3211169354818152,-17.977171966702368,0.58772451055689,-0.31857098270036727,-28.928431842738405,-23.91627598687387,0.0,0.0,40.43629902626627,6.589681539939605,1.6110632594200869,-29.299722303752084,0.27949434629262593,0.0,0.0,-2.6385911858682016,-3.2044538196806807,13.764816489734068,-14.416378069690023,-22.957979003028697,-0.2913816861144486,121.28766946172573,92.81131173968602,0.0,0.0,-49.001958441676,-21.84936157196129,-6.377325915223556,115.05191879716214,94.7705670884825,0.0,0.0
41.14114114114113,-7.749795921520521,3.234711805917918,-0.27977037326426424,0.9427885521121121,1.0207791634474472,-0.3210844077877878,-17.959475152795797,0.6234769766676654,-0.2840338934044061,-29.245548372957956,-23.85285932101301,0.0,0.0,40.28151388401501,6.57432157806907,1.6527975580790795,-28.88212192110411,0.25415264633633744,0.0,0.0,-2.6684571519149136,-3.185636220250251,13.753191830983983,-14.445240776368365,-22.96850782702002,-0.27932868042542613,121.26178269126527,92.82381294531031,0.0,0.0,-49.00010495620521,-21.82756523986787,-6.4079623506346355,115.07748969494097,94.77318931358059,0.0,0.0
41.241241241241255,-7.720895184663997,3.206820296697697,-0.26946484857824415,0.9428696821264596,1.0208285517494162,-0.3210525634654655,-17.941261039484484,0.6589329651918595,-0.2503588777303979,-29.56508518732266,-23.788218053996662,0.0,0.0,40.125942466120456,6.559468906047714,1.6944726338258267,-28.468004594203865,0.2278229787097092,0.0,0.0,-2.6995215242629307,-3.167152484115115,13.740667757682349,-14.474485371729395,-22.978787530703705,-0.26765642992959504,121.2346620065172,92.83538393130897,0.0,0.0,-48.99700640640574,-21.806100596307974,-6.438232943976978,115.10273316871005,94.77585317505972,0.0,0.0
41.341341341341305,-7.691355579142143,3.1790165389412737,-0.25901656822122066,0.9429503983283283,1.0208751874948283,-0.3210209199022356,-17.92258825083316,0.6942438779389406,-0.21738814816049734,-29.88655508558427,-23.722593338668002,0.0,0.0,39.969789319084086,6.544689283358357,1.735874599886889,-28.056554641255254,0.20149718010210407,0.0,0.0,-2.731443879031698,-3.1487615307370693,13.727634473814481,-14.504129850233904,-22.988828560645647,-0.25626286675241766,121.2066258062833,92.84619112914815,0.0,0.0,-48.992809704799456,-21.784900020445445,-6.468121037431432,115.12765119172938,94.7786961487047,0.0,0.0
41.441441441441434,-7.6611953050120105,3.151441938039037,-0.24840877277777781,0.9430302493063063,1.0209194473213214,-0.3209896728798799,-17.903341998705706,0.7292753431021044,-0.18483963324624492,-30.21015686347449,-23.655782792816815,0.0,0.0,39.81336980136636,6.530262107183181,1.7762831359819855,-27.648287135786767,0.17518413831531615,0.0,0.0,-2.764321450384386,-3.1306138735495477,13.71397624381081,-14.533898490783788,-22.998709200495497,-0.24498600893093042,121.17773618488289,92.85653030733634,0.0,0.0,-48.987644181579576,-21.763744466036037,-6.497738331816817,115.15224596346548,94.78152783712612,0.0,0.0
41.54154154154157,-7.6307473466686675,3.123975569144144,-0.23770989913947282,0.9431088010914246,1.0209596465789124,-0.3209586662479146,-17.882655139086758,0.7642546974117457,-0.15278371820386724,-30.53681766529329,-23.58771539114781,0.0,0.0,39.65727800644878,6.5160272058485145,1.8159661585365374,-27.244485514357347,0.14956374632565658,0.0,0.0,-2.797792252810478,-3.1125936081765095,13.699676515408743,-14.564023176151817,-23.008388605182184,-0.2341864599799795,121.14746941435135,92.86669944856922,0.0,0.0,-48.98136945794395,-21.742740272849847,-6.52691827459793,115.17636684806507,94.7841933675749,0.0,0.0
41.64164164164162,-7.599771461680014,3.096870280096764,-0.22672642429896595,0.9431859395482147,1.0209966558655323,-0.3209281906399733,-17.861007583492487,0.7989079538848836,-0.12163194594127451,-30.866245407249586,-23.517382848206204,0.0,0.0,39.50144688595962,6.502379182688356,1.8542297692198861,-26.845391099226553,0.1239570249279283,0.0,0.0,-2.8322298470947604,-3.0949694736032702,13.684501625605941,-14.594182313052054,-23.017859360505504,-0.22341237316783485,121.11618376432065,92.87658353108642,0.0,0.0,-48.97395064272105,-21.721856166467802,-6.55570649750751,115.20022908684719,94.7866656945719,0.0,0.0
41.74174174174175,-7.568420588900902,3.06971609098999,-0.2154219002562563,0.9432623778828828,1.021030446075075,-0.3208981240800801,-17.83854672679079,0.8339198341721715,-0.09062093662963004,-31.197760412024024,-23.44635788869269,0.0,0.0,39.34575493251251,6.4890470250981,1.8919536174914924,-26.450211927220217,0.0980338630250274,0.0,0.0,-2.867321047712712,-3.077302510825825,13.668447581548548,-14.624586050908908,-23.027012252993995,-0.2127484668918928,121.08390584290991,92.88612759213414,0.0,0.0,-48.96558948043944,-21.701203255314315,-6.58414530697097,115.22376834334334,94.78914669782884,0.0,0.0
41.84184184184183,-7.536674857405738,3.042871793682017,-0.20389288039372735,0.9433380152589255,1.02106077898999,-0.32086839465565564,-17.815306126851848,0.868474226172171,-0.06062140581848698,-31.53090799606041,-23.375280661417413,0.0,0.0,39.190242196805805,6.476095874267936,1.9293870719656319,-26.059409578428422,0.07358343883917114,0.0,0.0,-2.9030665476670023,-3.0599703920256935,13.651789594366367,-14.65534520930664,-23.03589952165599,-0.20226656421921946,121.05069337097396,92.89476983471971,0.0,0.0,-48.95594830135735,-21.680991906171503,-6.612011150233235,115.24690491838336,94.79169582648349,0.0,0.0
41.941941941941934,-7.50440910554388,3.01627184460427,-0.19222521489956607,0.9434127884564563,1.0210877827891225,-0.3208388852228895,-17.791168931681682,0.9027530377213886,-0.031453882440773205,-31.86637752330164,-23.305157153096765,0.0,0.0,39.03460699844745,6.463300626359024,1.9664212976950286,-25.67239957889256,0.04830341378344878,0.0,0.0,-2.939616501139805,-3.04290801157157,13.63458722512012,-14.686543152115783,-23.0444925690367,-0.19214078358458445,121.01629520695863,92.90253346687086,0.0,0.0,-48.94509463539606,-21.66108037803837,-6.63937617149049,115.2696542331618,94.7944250938929,0.0,0.0
42.04204204204207,-7.47167075774374,2.989812957118117,-0.18036954260560495,0.9434864174084083,1.0211109085995995,-0.3208097203713714,-17.765893850663662,0.936939452071073,-0.0033343503753740624,-32.20456631326029,-23.234835869195187,0.0,0.0,38.87902836014213,6.4506938734694685,2.0030492898708725,-25.28977756315613,0.02332217742342335,0.0,0.0,-2.976937841765769,-3.026007459869869,13.616756570357357,-14.71825207294495,-23.052752145142144,-0.18253888629529486,120.98074013893593,92.90980403957359,0.0,0.0,-48.93288882579979,-21.641484060875875,-6.666274064887889,115.29204877958156,94.79717458412513,0.0,0.0
42.14214214214212,-7.438424239673006,2.9633845331928597,-0.1684471875809157,0.943559076225559,1.0211306537053721,-0.3207808188451785,-17.73968408099733,0.9710321740377029,0.02382496277510917,-32.545350187087756,-23.163116218380715,0.0,0.0,38.723319774687354,6.437985345379046,2.039072667062729,-24.910750487471475,-0.0022163416249557422,0.0,0.0,-3.0150290317047044,-3.0090872891498157,13.598415147749753,-14.750396827950619,-23.060771364036036,-0.17332944226259706,120.94412596965631,92.91651630330264,0.0,0.0,-48.91939197652319,-21.62220103349983,-6.692737762364698,115.31410158741141,94.80012168678412,0.0,0.0
42.24224224224225,-7.405090436041041,2.937341215541876,-0.1565075240296962,0.9436308629299299,1.021147752048048,-0.3207520643259926,-17.712612669042375,1.0046415495672327,0.050779239130799,-32.88757946101235,-23.09204071707407,0.0,0.0,38.56805785318718,6.425750052430766,2.0741301293783794,-24.53490630372772,-0.027089623681346976,0.0,0.0,-3.053390110991324,-2.9926134530357027,13.579738177328661,-14.78278553334034,-23.068625202937934,-0.164340731943944,120.90670885509408,92.92304031531467,0.0,0.0,-48.90527387035569,-21.6031095736026,-6.719013910565231,115.33594689524458,94.803194684007,0.0,0.0
42.34234234234232,-7.37177886071171,2.911709958822823,-0.14433848090690712,0.9437012255855854,1.0211601094714715,-0.3207237301561562,-17.68391001134835,1.0377496091081073,0.07735365671471592,-33.232016355979,-23.021455917381374,0.0,0.0,38.41379738524323,6.4141846938678695,2.1078754710750767,-24.164807344011997,-0.05076580681081096,0.0,0.0,-3.0920294988018044,-2.9766155119639652,13.560256521555553,-14.81550857381682,-23.076159434735736,-0.1554516353543544,120.86803696014715,92.92871527549549,0.0,0.0,-48.89007394045646,-21.584343354801806,-6.744879517249251,115.35734637471174,94.80629495400902,0.0,0.0
42.44244244244243,-7.338056653613947,2.886669636075408,-0.1321176343430089,0.943770302904905,1.0211682292268935,-0.32069564917517523,-17.653988147007674,1.0700048885922597,0.1026699994354395,-33.57905625000269,-22.95149259336803,0.0,0.0,38.26007938721021,6.4031687096369705,2.1397217887691027,-23.800537756658976,-0.0727342369729734,0.0,0.0,-3.1314313555038376,-2.9612972987394057,13.540084922781782,-14.848579337297299,-23.083355457857856,-0.14685161715015022,120.8280058837651,92.93380339539172,0.0,0.0,-48.8737391661982,-21.56579731432933,-6.770416812025694,115.37839552904904,94.809156593354,0.0,0.0
42.54254254254256,-7.303356534743746,2.8620891776987,-0.11958820620253655,0.943836929018018,1.02116986371338,-0.3206678915635635,-17.6222359358038,1.101962694483815,0.1266206511424774,-33.93083067000167,-22.880129227681348,0.0,0.0,38.10707113416383,6.392680258812146,2.1697970055769096,-23.446060042247925,-0.09331464869002053,0.0,0.0,-3.172470494170501,-2.9466010760653996,13.51856727773874,-14.882031818694362,-23.090015750630293,-0.1384245381541554,120.78603940434871,92.93735937019353,0.0,0.0,-48.855022598514175,-21.54782676572072,-6.79516909616183,115.39890446064965,94.81183700763566,0.0,0.0
42.64264264264261,-7.268120737804803,2.8376993648007995,-0.10683409352051987,0.9439024874214214,1.0211674855255255,-0.32064057786386385,-17.589416350638636,1.1336026266186203,0.14879552641941632,-34.285239318476485,-22.808854880727726,0.0,0.0,37.9542991007127,6.382329283165164,2.1990423419369374,-23.096753661505495,-0.11387887860360388,0.0,0.0,-3.2143179355285314,-2.932087354138137,13.4963057316016,-14.916026037054056,-23.096328397824827,-0.13040900502402267,120.74281910114613,92.94003825455255,0.0,0.0,-48.83485264924825,-21.530332823647647,-6.819351938694696,115.41903399462262,94.81451736873674,0.0,0.0
42.74274274274275,-7.23275442192192,2.81346992103904,-0.09394119272405721,0.9439672633259928,1.0211631393279947,-0.32061346338204877,-17.555971140669005,1.1651243924704697,0.17049861743009456,-34.640789147928935,-22.737135777171503,0.0,0.0,37.801967234042706,6.372262437853855,2.228123361064733,-22.750363247126455,-0.1343347459719733,0.0,0.0,-3.2564429413723737,-2.917766428013682,13.473678867914916,-14.950172141912244,-23.1025353584698,-0.12248179678044799,120.69909532015015,92.9423156768642,0.0,0.0,-48.81399939880281,-21.51314164553787,-6.843227770024692,115.43899782615081,94.81727666929797,0.0,0.0
42.84284284284281,-7.197418818455121,2.7892924115165147,-0.08083362348715335,0.9440312767273941,1.0211555060023358,-0.3205865467380714,-17.521539814220887,1.1965408504648,0.19107718188488787,-34.99759670410511,-22.665595996339334,0.0,0.0,37.65034782660594,6.36231104425125,2.2570792628521867,-22.407879197041694,-0.15454456108642053,0.0,0.0,-3.298668214551886,-2.9035039434591248,13.450557386302302,-14.98476809172539,-23.10851397871438,-0.11483217398832153,120.65455445657157,92.94389449630063,0.0,0.0,-48.79237510237905,-21.4963908675015,-6.866731748964964,115.45867204646247,94.82008313019385,0.0,0.0
42.94294294294296,-7.1620439819919905,2.7653575028348363,-0.06753645501201158,0.9440949077967968,1.0211455424514515,-0.32055999744244246,-17.486386545849854,1.2276160850990971,0.2104281052622608,-35.35554253336237,-22.594049979148146,0.0,0.0,37.49910501946646,6.352650233851855,2.2855090602722727,-22.068144843976974,-0.17406962763663758,0.0,0.0,-3.3410033722572585,-2.889486194695697,13.427002351216217,-15.019689961952954,-23.11417208793694,-0.10741581688288378,120.60925173672771,92.94488839568469,0.0,0.0,-48.7701364038008,-21.479919903084085,-6.889899865890891,115.47802967081982,94.82292911032332,0.0,0.0
43.04304304304308,-7.1264907464808145,2.741904987450786,-0.054382799725057926,0.9441569625081747,1.0211305249542875,-0.32053357022188855,-17.449423067898568,1.258027709430761,0.22845016742175125,-35.7167397035849,-22.520840428346013,0.0,0.0,37.34858643442176,6.34358779742743,2.3122605906473113,-21.734439234156845,-0.19188673797597716,0.0,0.0,-3.383860249537201,-2.8760023024187538,13.402797800849182,-15.054915131604606,-23.119358168753422,-0.10009509682615984,120.56245758942912,92.94490690405439,0.0,0.0,-48.7467109665629,-21.463638371812483,-6.912875242585251,115.49690017272471,94.82503626717251,0.0,0.0
43.14314314314313,-7.090729391205869,2.71881246882349,-0.04129752106072626,0.9442177797837836,1.0211119570954286,-0.3205073370477144,-17.411090848195528,1.2880525329746417,0.24626285548448323,-36.0809491171812,-22.44212753233833,0.0,0.0,37.198364451448775,6.3348046405849185,2.3381470358581944,-21.404585525848496,-0.20747748193560564,0.0,0.0,-3.4271780397123828,-2.8628789901024363,13.378235489509843,-15.09051536258392,-23.124302179271268,-0.09293945600967604,120.51460279523022,92.94470132325692,0.0,0.0,-48.72212785529029,-21.44767141453887,-6.935268281811813,115.5153661748872,94.82742582450418,0.0,0.0
43.24324324324324,-7.054841688855854,2.6963169551171147,-0.027829100927927453,0.9442772269369369,1.0210900947117119,-0.3204819148018018,-17.371729020936932,1.31731296892793,0.2628003001531545,-36.44680163912616,-22.36262307123423,0.0,0.0,37.04902809096396,6.326931610990989,2.362950144972975,-21.079688110702683,-0.2223980759009007,0.0,0.0,-3.470911639900904,-2.8504128375225215,13.352856847567569,-15.126221853738741,-23.129006398873873,-0.08581018758558515,120.46587734589188,92.9436477237117,0.0,0.0,-48.696566548927926,-21.43199859009009,-6.9573022968648655,115.53349903054955,94.82972816481981,0.0,0.0
43.34334334334337,-7.018799318788455,2.674072584586253,-0.014243954531531332,0.944335515694361,1.0210651278895562,-0.3204567188521855,-17.331419482448116,1.346190624275276,0.2788589500864193,-36.81402911526225,-22.283874277607943,0.0,0.0,36.9003196320594,6.319321053341341,2.387401705668001,-20.75893592162863,-0.23680161310510614,0.0,0.0,-3.515017775689356,-2.8382254169843177,13.326981785285284,-15.162141301894227,-23.133539737409073,-0.07885033652218887,120.41632793856857,92.94182299387089,0.0,0.0,-48.66999041107341,-21.416766843044382,-6.97899494404304,115.55129223713479,94.83227318418017,0.0,0.0
43.443443443443456,-6.982506935068734,2.652770228988989,-0.0005512741935258525,0.9443922572475809,1.0210365530780778,-0.3204318715935936,-17.28998855354254,1.3739734012098765,0.29390436337337505,-37.18327813206742,-22.20549078008541,0.0,0.0,36.752525875027345,6.312828527041377,2.410481025881552,-20.443963765403048,-0.25140199651718553,0.0,0.0,-3.5596857077434123,-2.8271354639863207,13.300446597412412,-15.198283429458126,-23.137690892641977,-0.07199782790690712,120.36570935924055,92.93962937170404,0.0,0.0,-48.64236215391358,-21.401982486575907,-7.000412667696696,115.56892531117917,94.83487969116216,0.0,0.0
43.54354354354357,-6.946212536268268,2.6318636543623635,0.013202380133132418,0.9444475443193194,1.0210037903603604,-0.32040717315315315,-17.24704359532032,1.4011902686966933,0.3076484088688664,-37.554768016956956,-22.125588984213216,0.0,0.0,36.60581585068868,6.306635032904906,2.432775613887887,-20.134445080678677,-0.2656147747717722,0.0,0.0,-3.6045553404524524,-2.816473456874875,13.27335083363063,-15.23469894219119,-23.141521603466465,-0.06529207156556609,120.31400919576375,92.93654605493091,0.0,0.0,-48.61349973555656,-21.38771466173173,-7.021353379792794,115.58618777717717,94.83761974636137,0.0,0.0
43.64364364364362,-6.90991293015649,2.611301184754422,0.027140975687687606,0.9445018039305972,1.0209673329586253,-0.3203828933717051,-17.202931733095433,1.427875211487153,0.3199009446883547,-37.92797274417283,-22.045050730859526,0.0,0.0,36.46003368585219,6.300791937986988,2.454237073576911,-19.82969699230498,-0.279808048417753,0.0,0.0,-3.64955338393093,-2.8061723793363376,13.24563098324291,-15.2714019951655,-23.145116243240576,-0.0586707434834846,120.26140375536902,92.93304648224792,0.0,0.0,-48.583760453471804,-21.373793889147148,-7.041907546635969,115.60309789455023,94.84057830590224,0.0,0.0
43.743743743743735,-6.8734488236970295,2.590746635798132,0.041152065532197836,0.9445550254240909,1.0209270729793125,-0.32035860196763427,-17.157546826576578,1.454613088663662,0.33137281845178174,-38.303390986816154,-21.962749415898564,0.0,0.0,36.31508460484618,6.294967254292627,2.474756218962627,-19.530543842482817,-0.29347968523556955,0.0,0.0,-3.694917363543211,-2.79587957444678,13.217380351128128,-15.308543566839173,-23.148324277536197,-0.05202974390390445,120.20779276066166,92.92870948673273,0.0,0.0,-48.55286458657757,-21.360290477040373,-7.061938374209542,115.61958984040741,94.84375820885052,0.0,0.0
43.843843843843885,-6.836825514025023,2.5702586812792787,0.055143436927928405,0.9446076224434433,1.0208848659999998,-0.32033433582982984,-17.11139436259459,1.4812867003443446,0.34212127167167133,-38.68032392496499,-21.87979892844344,0.0,0.0,36.170352773178166,6.289215444522523,2.4950100157167183,-19.23408000634733,-0.30686479502502656,0.0,0.0,-3.7405730987097137,-2.785641423364365,13.188921406413414,-15.345992194585587,-23.151243812875872,-0.045493586681681464,120.15357064059461,92.92417361483683,0.0,0.0,-48.521233500371366,-21.347014403434436,-7.081620656280281,115.63583174705907,94.84695562557059,0.0,0.0
43.94394394394395,-6.800091183545545,2.5500420154647996,0.06919008518551913,0.9446587715979314,1.0208387433543542,-0.3203100883229897,-17.063948974632634,1.507580220287286,0.35192704146846643,-39.059140050521854,-21.79772024948515,0.0,0.0,36.02654137821021,6.283694070390725,2.5147083018868868,-18.942946449215547,-0.3199473673963982,0.0,0.0,-3.7865553067347357,-2.7757530239369386,13.160043804307639,-15.383866950143144,-23.153887797156155,-0.03926677982482616,120.0982419752676,92.91871902230764,0.0,0.0,-48.488403290328655,-21.334310095130128,-7.100692013298632,115.65170098042708,94.85012490467568,0.0,0.0
44.044044044044064,-6.7634142203533525,2.530355709788121,0.08353930583283313,0.944708109591258,1.0207857602512511,-0.3202862960867534,-17.014642128025027,1.5329123903777124,0.35931244626726705,-39.440311011897904,-21.716595424884883,0.0,0.0,35.88464462092793,6.278704707570904,2.5326701968895575,-18.66077986860293,-0.3320111402429082,0.0,0.0,-3.832661823881883,-2.7665661641047707,13.13011317121855,-15.422363551959961,-23.156204309220552,-0.033715463068401876,120.04106353643911,92.91211194350015,0.0,0.0,-48.45436680758926,-21.322404591602936,-7.119352391525192,115.66718577193326,94.85287225639107,0.0,0.0
44.144144144144136,-6.726332273717716,2.511446635363364,0.09813675398498622,0.9447554820210211,1.0207276332912911,-0.3202627028888889,-16.964105721297297,1.5572351327297296,0.36557426372672913,-39.823571507945964,-21.63734273177477,0.0,0.0,35.74402748044744,6.274490224324326,2.548307504309312,-18.386548325840824,-0.3436350259369367,0.0,0.0,-3.879528342291293,-2.7583383328078086,13.099265743048045,-15.461275739210214,-23.158140107471475,-0.028435938330330403,119.98240085813816,92.90388773503004,0.0,0.0,-48.418871357606605,-21.31106390435736,-7.1377494722972985,115.68241492812312,94.8553484770961,0.0,0.0
44.244244244244264,-6.68912720909109,2.4930172608141468,0.1131291006860196,0.944800761365699,1.0206636243987321,-0.3202398204774775,-16.91163346654988,1.5808007462208882,0.3691097109713042,-40.20946031083417,-21.559812280374707,0.0,0.0,35.60519563115616,6.270987814943944,2.5623190873029693,-18.121416841118112,-0.3546617883416768,0.0,0.0,-3.9268436489269285,-2.750659486508842,13.06720666806373,-15.500476017813147,-23.15962704874441,-0.02310646045145113,119.92225449628526,92.89468442257223,0.0,0.0,-48.38182414186254,-21.30021150303236,-7.155638098785786,115.69711876424692,94.85752584991727,0.0,0.0
44.34434434434438,-6.652149655045713,2.4746158736346344,0.12823915799366076,0.9448449111017684,1.0205950384801468,-0.3202172858385051,-16.85744272766833,1.604190252222222,0.37098052190957637,-40.59720089733,-21.485257624003335,0.0,0.0,35.46785841031332,6.2674712069723055,2.575200504175508,-17.862597487192193,-0.3648007309656328,0.0,0.0,-3.9740489110393726,-2.742922674799466,13.034560117287288,-15.540178350202535,-23.160732359488826,-0.017773684817484182,119.86095262734234,92.8845667197314,0.0,0.0,-48.343602861909574,-21.28979201403437,-7.172984409758425,115.71137062119253,94.85969650436337,0.0,0.0
44.44444444444444,-6.615192954555555,2.456164071555555,0.1433665657777774,0.9448883327777778,1.0205245762222224,-0.32019469785185184,-16.80270040559259,1.6275774649259254,0.3728173237407411,-40.98549639007409,-21.410331772740744,0.0,0.0,35.33113489807407,6.263823615851851,2.5878645779999987,-17.60645760111111,-0.375118307666667,0.0,0.0,-4.021344136407408,-2.7351186566666668,13.001706571518516,-15.579928704740741,-23.161810631888887,-0.012381799148148787,119.79930012892592,92.87388876014816,0.0,0.0,-48.30482510911111,-21.279612335444444,-7.190062999777778,115.72543809103703,94.8619101688889,0.0,0.0
44.54454454454458,-6.578468701889555,2.4378222169069073,0.15854148095562196,0.9449310678928929,1.0204512476710044,-0.32017236537971305,-16.747041590380377,1.6505819155388717,0.3744706143410058,-41.37429507853587,-21.33586737795262,0.0,0.0,35.195264192363354,6.260303042473473,2.6002893694981646,-17.353659275243576,-0.38539269489856487,0.0,0.0,-4.068480908769771,-2.7273992968765435,12.968515752475142,-15.619864640398067,-23.16282604449416,-0.006959117612946741,119.73698997186852,92.86253496877177,0.0,0.0,-48.2654430227651,-21.269720030005672,-7.20683320711745,115.73917549774976,94.86405537686753,0.0,0.0
44.644644644644636,-6.541627195790456,2.4201356223236576,0.17397972569235892,0.9449720841985318,1.0203735185925924,-0.3201508093373373,-16.68989980317117,1.6728822088118114,0.3751865932449091,-41.76510836870972,-21.263450511886884,0.0,0.0,35.06041274533901,6.257701716870872,2.6120804707320655,-17.107082809608606,-0.39586695746713413,0.0,0.0,-4.11601657194528,-2.7203612341164507,12.93442009008108,-15.660114979394725,-23.163359484619953,-0.001969150718385393,119.67317830163297,92.85143069522056,0.0,0.0,-48.22486284056122,-21.26025790159426,-7.223236468885217,115.75234299618384,94.86660893812946,0.0,0.0
44.74474474474476,-6.504719235021018,2.402616905483483,0.18943818676877067,0.9450124813413414,1.0202941640270269,-0.32012943394594595,-16.632102670953948,1.6949360528668689,0.37521096581681757,-42.15681312474777,-21.19197431018018,0.0,0.0,34.925816156585576,6.255294017211211,2.62388849202903,-16.86255485587186,-0.40622576339539507,0.0,0.0,-4.163706612998,-2.713481060242242,12.900119182202198,-15.700570029314317,-23.16370298658158,0.002744431603603559,119.60878914331731,92.84041185172472,0.0,0.0,-48.18373281187086,-21.251021250392395,-7.2394287572832825,115.76528527794093,94.8692437650991,0.0,0.0
44.84484484484487,-6.467689665549216,2.3854294899422754,0.20500440997864536,0.9450519070567234,1.0202128208211545,-0.32010841728194855,-16.573420355584254,1.716582990893227,0.37368753425359064,-42.54978547654955,-21.121172161051383,0.0,0.0,34.79170762194828,6.253405078171839,2.6359662674351023,-16.62122835716816,-0.41616075492859633,0.0,0.0,-4.211643581207875,-2.706960629710043,12.865397994971635,-15.741016208957955,-23.16374175532299,0.007244949066399897,119.54369241675776,92.82908538077643,0.0,0.0,-48.14190330475875,-21.242115787929926,-7.255393196721387,115.77795212555489,94.87175365141708,0.0,0.0
44.94494494494494,-6.430398866195864,2.3687319490293635,0.2207365754457781,0.9450895935669001,1.0201273914547881,-0.32008740452185525,-16.51345132401168,1.7376949841721703,0.3707963644838191,-42.9444639035392,-21.052320537170505,0.0,0.0,34.658885702937944,6.252218367243243,2.6475093925692343,-16.387295126423766,-0.42566256681781656,0.0,0.0,-4.260116014246245,-2.7010948170577254,12.829954422140474,-15.781594719647313,-23.163320058246914,0.011805284109109592,119.47733459493193,92.8168325188385,0.0,0.0,-48.09870026730264,-21.233918391635303,-7.270773427383716,115.79019468938839,94.87407865897866,0.0,0.0
45.04504504504508,-6.393150231708708,2.3526000379369387,0.2367117721021029,0.945125333897898,1.0200366385285284,-0.32006669381981984,-16.451972483834833,1.7579332948017998,0.36666638456756206,-43.34085413162163,-20.98310714496096,0.0,0.0,34.52792019622221,6.251612760411414,2.6573764837747755,-16.161361113135133,-0.4350549985225244,0.0,0.0,-4.308777839834837,-2.69588179902703,12.793726336657654,-15.822440846732736,-23.162621418474476,0.016322811501500212,119.40971141416517,92.8027293525045,0.0,0.0,-48.054135785261266,-21.226465381801802,-7.285527736108108,115.8020780366126,94.87618372936939,0.0,0.0
45.14514514514513,-6.355896062847847,2.3378694038712027,0.2529579257607608,0.9451587330407072,1.0199402406199531,-0.32004667038338336,-16.388666047300298,1.7765574735829177,0.36102517522222555,-43.73936562966501,-20.91493238936069,0.0,0.0,34.39925557156055,6.252714048180512,2.6654210964177505,-15.945422575295279,-0.4449413726726726,0.0,0.0,-4.357713259946615,-2.6922770341451434,12.756504580821822,-15.863546972676676,-23.16137994364965,0.021064899952953554,119.34056847215848,92.78734624798565,0.0,0.0,-48.00796083297697,-21.220016204695696,-7.29952232154488,115.81360797818652,94.87809743704337,0.0,0.0
45.24524524524525,-6.318657144540541,2.3237896827887883,0.26954846816182865,0.9451911160270271,1.019840578126126,-0.3200274873003003,-16.324257915412414,1.794342081405406,0.35373532555488957,-44.13930522769003,-20.84702318581181,0.0,0.0,34.27144345007875,6.25472346322656,2.672892372225893,-15.734083035660657,-0.4544174198578558,0.0,0.0,-4.406766697084083,-2.6893599745505496,12.718515176203201,-15.905015724170173,-23.15969751008175,0.025687665473806832,119.27040834263262,92.77165518259025,0.0,0.0,-47.961034142804465,-21.213942834826828,-7.313236885106773,115.82490883403139,94.87992071811345,0.0,0.0
45.345345345345365,-6.281648341697698,2.3098928977677686,0.2862182053213217,0.9452222435805806,1.0197359474304304,-0.3200086579549549,-16.2580332906977,1.8115742540110094,0.3441647968168171,-44.54129564285885,-20.780091051292295,0.0,0.0,34.14507914434334,6.256804606510513,2.6793099245996026,-15.529050593401399,-0.46415759920420474,0.0,0.0,-4.455646543058057,-2.6866009037317324,12.679924681833835,-15.9471180059009,-23.157646790463463,0.030073374550550015,119.1989829603023,92.75582857503302,0.0,0.0,-47.91303097545645,-21.208294857875877,-7.326553504295295,115.83573244409911,94.8817853494975,0.0,0.0
45.44544544544544,-6.2447138586469775,2.2962522794471125,0.3029350539509513,0.9452525975385386,1.0196280832585918,-0.31999010156456453,-16.190593054113776,1.8283226134671349,0.3329436566363038,-44.94495077272909,-20.713544973908235,0.0,0.0,34.01974249535234,6.259075573120454,2.6845275236192867,-15.328753129838493,-0.47413622315916043,0.0,0.0,-4.504473614409746,-2.684093855187187,12.640894726704037,-15.98957366268068,-23.15529912988188,0.03428963952619242,119.12654591935168,92.73993583298798,0.0,0.0,-47.86430153493527,-21.202935889591252,-7.339560643597932,115.84615017315082,94.88373345352053,0.0,0.0
45.54554554554557,-6.207971385456124,2.282693894309309,0.3196552188595258,0.9452816755378711,1.0195160966589925,-0.31997139692692694,-16.121795824157825,1.8448576156146146,0.32112865098498705,-45.34980950671839,-20.645981630199863,0.0,0.0,33.895691076224225,6.261358502849516,2.689307541459126,-15.133954425657993,-0.48364638694060885,0.0,0.0,-4.553189612228229,-2.681705260803136,12.601478270762764,-16.0323157000337,-23.152786248927598,0.03817974575308689,119.05317469505272,92.72408892963398,0.0,0.0,-47.814708081177514,-21.198078368985314,-7.35226974651318,115.85619212920756,94.88598255793994,0.0,0.0
45.64564564564562,-6.171537173281282,2.2692995729379373,0.3364243681541537,0.9453097358758761,1.0193999636606605,-0.3199528382892893,-16.051913423943937,1.8607808029409416,0.30888749499699675,-45.75536942179582,-20.57766616386186,0.0,0.0,33.77326061546146,6.263694206237237,2.6924490636536524,-14.944759849261256,-0.49249110081881764,0.0,0.0,-4.601609209880883,-2.6794947757317313,12.56162100761962,-16.075280953381384,-23.15025296881982,0.04208189304904799,118.97898181897395,92.70757616146948,0.0,0.0,-47.764419469261256,-21.19355895191391,-7.364632786776778,115.86594684533031,94.88797062249249,0.0,0.0
45.74574574574576,-6.135378414358025,2.255780858765431,0.35333013759726456,0.9453361527877879,1.0192786430477143,-0.319933890995996,-15.980584874965297,1.8768293623860544,0.29658703468034936,-46.16176950627262,-20.50931312477544,0.0,0.0,33.652655461141805,6.265741479889556,2.6952227226262915,-14.762388892007333,-0.4996237350383715,0.0,0.0,-4.649867347356357,-2.677173191724724,12.521277398673671,-16.118642116187853,-23.14759385014381,0.04586354259492822,118.90395613626261,92.68992187502401,0.0,0.0,-47.71295348564264,-21.189758077937935,-7.376595357183518,115.8754097022132,94.8901079459039,0.0,0.0
45.845845845845886,-6.099590321163495,2.242408315993327,0.370726502997998,0.9453615591438105,1.0191536884504506,-0.31991557738638643,-15.908318622505837,1.892763291262262,0.28402781964197643,-46.568129710803156,-20.44219038004137,0.0,0.0,33.53316654180914,6.2683633825388725,2.698779851519853,-14.584149976061052,-0.5056247789923259,0.0,0.0,-4.69783548981882,-2.6750147023773776,12.480245535908908,-16.162341354641974,-23.144779934822825,0.04938490317550901,118.82834830099098,92.67194296140674,0.0,0.0,-47.66089089062729,-21.186534713200867,-7.388299880427428,115.88477046006139,94.89203380729262,0.0,0.0
45.94594594594594,-6.063698805468469,2.229615598387386,0.38821138771171143,0.9453856993783782,1.0190256243153155,-0.31989724936036035,-15.835148966711714,1.908041951846848,0.27032315265765877,-46.97545457107206,-20.376885909702704,0.0,0.0,33.414960754738736,6.271705005567567,2.701685794702704,-14.411951496540535,-0.5112324453063062,0.0,0.0,-4.746019962495494,-2.6736215837117103,12.438775218459462,-16.2062257940991,-23.141631897324324,0.05297568816216085,118.7518767829099,92.6530324906937,0.0,0.0,-47.60793693690991,-21.183999719171172,-7.399531173639639,115.89391874556755,94.89369572279278,0.0,0.0
46.046046046046065,-6.027814450192193,2.2176496089549564,0.40574051062495764,0.9454082250236903,1.018892421913914,-0.31987915405372036,-15.760367203888222,1.922200846938269,0.25485004564297375,-47.384759538395386,-20.312213414472808,0.0,0.0,33.2985922697234,6.275858181508843,2.702831468915248,-14.248151763227236,-0.5175862045902581,0.0,0.0,-4.794315117145477,-2.6731853434100783,12.396559470444448,-16.250360005815484,-23.138041591147147,0.05654115051551471,118.67385598620555,92.63318215338639,0.0,0.0,-47.55382776167134,-21.182182014640308,-7.410395622549548,115.90270517012911,94.89492024692626,0.0,0.0
46.14614614614614,-5.992034467358023,2.206625837737404,0.4232792730613951,0.945428963500167,1.0187535679556226,-0.3198617198998999,-15.683308584546879,1.934891483419419,0.2367467574978291,-47.79694072656325,-20.247249207419415,0.0,0.0,33.184389091182176,6.281157915060395,2.7024779410170163,-14.094224595002999,-0.5229157071835167,0.0,0.0,-4.8425907323857205,-2.6737388370390396,12.353505434527857,-16.294633179219886,-23.133813328466466,0.060251443824824946,118.59401544986888,92.61243397555289,0.0,0.0,-47.498393600572896,-21.18101066201735,-7.420737606280615,115.91082734469603,94.89585229148983,0.0,0.0
46.24624624624626,-5.956265710806807,2.1960644725465466,0.4407886669589587,0.9454485557507507,1.018611688901902,-0.3198442153023023,-15.605284020415414,1.9470395636046056,0.21792301338739004,-48.21030560265466,-20.180955292648644,0.0,0.0,33.07141981629129,6.286908997630629,2.7013188150770775,-13.945567390334332,-0.5275499248828825,0.0,0.0,-4.890934380218217,-2.674829857499499,12.310088906767769,-16.33894415283884,-23.129330741403404,0.0640359998968961,118.51326968531232,92.59106320930431,0.0,0.0,-47.4421842772953,-21.180241962155154,-7.43080046835936,115.91865265797398,94.89666864528729,0.0,0.0
46.34634634634638,-5.920358125478813,2.185948037164164,0.458159245411745,0.9454666987874543,1.0184667393573574,-0.3198263628038037,-15.526223663580245,1.9587203365328658,0.19891070009709794,-48.62549924930564,-20.11302789491959,0.0,0.0,32.95929928387188,6.292833197612612,2.6988138600727383,-13.80134513496163,-0.5315099743016344,0.0,0.0,-4.939613247117116,-2.676462064681682,12.266416092994328,-16.383500322164167,-23.12463267501668,0.06748336899332515,118.4314616757998,92.56954768823957,0.0,0.0,-47.38507150632733,-21.1797848826997,-7.440571427458792,115.92616738221423,94.89763358364198,0.0,0.0
46.44644644644643,-5.885043254966634,2.1763641457797793,0.4757781826583252,0.9454835517050384,1.0183175959883215,-0.31980889373707044,-15.445791456498167,1.9696260210603946,0.17973814626860077,-49.04150146043976,-20.044189781859195,0.0,0.0,32.848792491135804,6.2993580971274605,2.695442594225226,-13.661834013601265,-0.5364829548251586,0.0,0.0,-4.987761574543542,-2.678728727019686,12.222007166729394,-16.428191872473473,-23.119669523240574,0.07079705590623923,118.34863485536371,92.54800606105873,0.0,0.0,-47.327431080546546,-21.17961327787788,-7.450159955432097,115.93349118656388,94.89846610129129,0.0,0.0
46.546546546546566,-5.850039874811811,2.167086471139138,0.49346468460060056,0.945499775106106,1.018165843774775,-0.31979178832232236,-15.36413170664564,1.9797874069699701,0.15882768846746817,-49.45857299919521,-19.975180075390387,0.0,0.0,32.73920092165265,6.306120730502501,2.692001341958958,-13.525364079227222,-0.540951135927928,0.0,0.0,-5.035566518311311,-2.681264550224223,12.177223486752752,-16.47301421191592,-23.11431570648749,0.07404490636736619,118.265057754004,92.52597149307607,0.0,0.0,-47.26932397553153,-21.179632839177174,-7.4595312946566565,115.94056771483983,94.89934443072673,0.0,0.0
46.64664664664665,-5.815238111263931,2.158300933028028,0.5113965469145806,0.9455146725512179,1.018010570212546,-0.319775151971972,-15.281177502785118,1.9892335846129456,0.13651612437503785,-49.87642911747915,-19.906706173943608,0.0,0.0,32.631168581898564,6.313674090768435,2.6890928229916584,-13.394963597352685,-0.5446329151751759,0.0,0.0,-5.08325894984718,-2.684361934788788,12.13183011981615,-16.517882300608942,-23.10862553888088,0.07727375804671262,118.18068993699801,92.5032581937107,0.0,0.0,-47.21031386890625,-21.18029624327928,-7.468416504963296,115.94733635367535,94.90010123488187,0.0,0.0
46.74674674674675,-5.781250981884552,2.149842669227562,0.5296928422048721,0.9455286104521188,1.017849366994995,-0.3197594019646313,-15.196493490182515,1.9977337898952274,0.11251805962162013,-50.29459833373338,-19.838589631376376,0.0,0.0,32.52519189324291,6.321646388206874,2.6859544256186196,-13.270696755751754,-0.5492069300156841,0.0,0.0,-5.129976226869869,-2.687701273983318,12.085741557851854,-16.563448799616616,-23.102758968491827,0.08025000104204097,118.09528877786788,92.48063787653521,0.0,0.0,-47.15036393810077,-21.181696168399736,-7.476840218127793,115.95379832569003,94.90065190967333,0.0,0.0
46.84684684684687,-5.747997624786788,2.1416940286696686,0.5482660471111106,0.9455411970540541,1.017681215855856,-0.3197442812882883,-15.109827502345343,2.0052829168258275,0.0870594668438452,-50.713439349339346,-19.770462493663665,0.0,0.0,32.42180474711112,6.330080921822821,2.6818845768768758,-13.155362190960961,-0.5546545628438415,0.0,0.0,-5.17585408072973,-2.691386442387387,12.038888436285287,-16.609522331456457,-23.096786362816818,0.08326321603002818,118.00862968515017,92.45806113593994,0.0,0.0,-47.089279993030026,-21.183955176954953,-7.484616267063063,115.95977886931232,94.90089758722522,0.0,0.0
46.94694694694693,-5.714679003534533,2.134251344231232,0.5669876301581586,0.9455526373747078,1.017508111752419,-0.3197292449239239,-15.022067254120117,2.0118169202726053,0.06000391301367902,-51.13334301343344,-19.702613954911243,0.0,0.0,32.320112408112784,6.339348054430765,2.676055583630297,-13.048447114000334,-0.5624360030073415,0.0,0.0,-5.2218031227464135,-2.695987855169837,11.991408445279948,-16.65609045140107,-23.090500764519184,0.08652057632999614,117.92072006119619,92.43505028000868,0.0,0.0,-47.027070880561226,-21.187180923820822,-7.491703139343008,115.96547933030831,94.90073938580747,0.0,0.0
47.04704704704706,-5.681431852192526,2.127054819452119,0.5855802426236237,0.945563380449783,1.017332846822489,-0.3197140822866199,-14.9336164832686,2.017840589215882,0.03259887948314748,-51.5538385136907,-19.63480188521121,0.0,0.0,32.21929067333633,6.348778894499833,2.6693401934647976,-12.945070525564566,-0.5705948027764423,0.0,0.0,-5.267696053649983,-2.700871879503503,11.943832117422089,-16.70275337508709,-23.084106880149818,0.0898088978992316,117.83229517382081,92.41170516974441,0.0,0.0,-46.9643212987027,-21.190687674276276,-7.498529706883883,115.97097383272674,94.90049579781315,0.0,0.0
47.147147147147145,-5.6481996533203205,2.1205432856246222,0.6039698725365366,0.9455730408568568,1.017154553817818,-0.31969894395295295,-14.844045619122122,2.0228271904344366,0.004461746849851056,-51.97546835859159,-19.567316727377378,0.0,0.0,32.119364802420414,6.358911891244242,2.6617554704314315,-12.84642983552251,-0.5780139021971974,0.0,0.0,-5.313639499283283,-2.7065325867607593,11.895991624846847,-16.749430508050054,-23.07739605834034,0.09302457326426357,117.74298190344946,92.38803892803504,0.0,0.0,-46.90093196204104,-21.19462199374975,-7.505123608991992,115.97623114633234,94.90012600228329,0.0,0.0
47.247247247247245,-5.614934950632298,2.1143535798171484,0.6224074959502832,0.9455820017417416,1.0169744064948283,-0.31968402236569904,-14.753919648608269,2.027346193166834,-0.02423581312012113,-52.39750027066302,-19.50094671104504,0.0,0.0,32.01992515802602,6.3694422543683675,2.6541988189442765,-12.750512211142803,-0.5857543563873864,0.0,0.0,-5.359679616434771,-2.7125273884871524,11.847880017902567,-16.7961594239296,-23.070534701158827,0.09600388189422766,117.65313996015348,92.36431066605672,0.0,0.0,-46.837089796883554,-21.198857409074073,-7.511588339069069,115.98133001034701,94.89960177628896,0.0,0.0
47.347347347347366,-5.5815654637754415,2.1084765450100096,0.6409101783403405,0.9455895162452451,1.0167903394240907,-0.3196690252048716,-14.662891701191858,2.031428489951284,-0.05333916654321029,-52.82002686692359,-19.43674813558925,0.0,0.0,31.921681983345344,6.380143273290958,2.6463723080960957,-12.660536133117782,-0.5934310095365363,0.0,0.0,-5.4059669916219555,-2.7188634326670003,11.799167692133132,-16.842872022785453,-23.063526846518183,0.09874522578545139,117.56222008120656,92.34021881882516,0.0,0.0,-46.77236210674641,-21.203535499764097,-7.517845580944945,115.98611860680981,94.89907879248048,0.0,0.0
47.44744744744744,-5.548296310553552,2.102861170417416,0.659474808108108,0.9455956402062062,1.0166026041831833,-0.3196540371961961,-14.570752901226223,2.035070544745747,-0.08279640254854484,-53.24329053144345,-19.37361477808809,0.0,0.0,31.82460097684584,6.3910595541010995,2.6381456616936916,-12.575719251444436,-0.6007211709479485,0.0,0.0,-5.452299967131132,-2.7254955946026014,11.74997604240941,-16.889787415785786,-23.056317549962962,0.10112173713613579,117.47028759896295,92.31609292753355,0.0,0.0,-46.706765080460464,-21.208608450717715,-7.523814839676677,115.99058357498598,94.89872802293394,0.0,0.0
47.54754754754755,-5.515712588908242,2.0977136498091413,0.6779537014544539,0.9456007867530865,1.0164101211344678,-0.31963898988488487,-14.476930879370704,2.0377264763680367,-0.11271509393159758,-53.66726956618819,-19.311480048529866,0.0,0.0,31.729493725551215,6.402325294649648,2.6290641536563224,-12.496718288782109,-0.6083936455231874,0.0,0.0,-5.497859842975975,-2.7326873680854167,11.70043276318819,-16.93692225603203,-23.04883603997464,0.1035455773480141,117.37726787419419,92.2914447080167,0.0,0.0,-46.64039917378445,-21.214198041265263,-7.529396156412412,115.9947504981051,94.89813032565732,0.0,0.0
47.64764764764764,-5.483027746174509,2.0938255392038707,0.6966101688341666,0.9456050797857858,1.0162128292909576,-0.3196246062545879,-14.381711050039375,2.0383451764544533,-0.14562403916916639,-54.09255213771771,-19.250633631398735,0.0,0.0,31.63568122223824,6.415146703643979,2.619583450979311,-12.425657960965633,-0.6172142328551865,0.0,0.0,-5.543440575404403,-2.7413213612048715,11.65010532978512,-16.984387766028696,-23.04062379047047,0.1061105354864857,117.28271789333766,92.26626378246047,0.0,0.0,-46.572937359936944,-21.220788061479812,-7.534350962573572,115.99855941915516,94.8970289197631,0.0,0.0
47.747747747747766,-5.450358043459459,2.091387366105106,0.7154683044444448,0.9456078603183183,1.0160093804354355,-0.31961086483483486,-14.284493212261253,2.03691584623123,-0.1818487897387405,-54.52000923606609,-19.190539515567572,0.0,0.0,31.543904863663663,6.429670086126126,2.609572252372373,-12.36496033761862,-0.6261750172222227,0.0,0.0,-5.5889547250420435,-2.7515544113063077,11.598840125297297,-17.032190653903903,-23.031564328735733,0.10865657503303261,117.18633067915013,92.2403949529219,0.0,0.0,-46.50419012204805,-21.228535451525524,-7.538832838813812,116.00191814997,94.89537741372371,0.0,0.0
47.84784784784789,-5.417935652928595,2.0891529155098407,0.7342122779412739,0.9456099646039373,1.0158030118535202,-0.3195973216816817,-14.186382103162163,2.034844198055058,-0.21849465806272733,-54.94776309302104,-19.12965733159159,0.0,0.0,31.452964789799797,6.444477102652984,2.59950492405472,-12.307778887308638,-0.6332478296009326,0.0,0.0,-5.634217071348015,-2.761973264932597,11.547409216302302,-17.08007131393627,-23.02241192878045,0.11102276683716923,117.08936895688456,92.21447668057324,0.0,0.0,-46.43497035303003,-21.236589220289954,-7.5430640124921595,116.00499659794761,94.89350670517818,0.0,0.0
47.94794794794795,-5.38562880182249,2.0871576888098096,0.7531702183199858,0.9456110294357691,1.0155928566740071,-0.31958409298832163,-14.087549335372037,2.0323061467127124,-0.2556838891898532,-55.375616041834505,-19.067976056594595,0.0,0.0,31.36293040639773,6.459647034633633,2.5895259428318305,-12.254926549158828,-0.6375268709049028,0.0,0.0,-5.679473814672005,-2.7726217035131793,11.49541375274241,-17.1281327986026,-23.01308331424391,0.11295604707574185,116.9916614871535,92.18841340934767,0.0,0.0,-46.36512342412179,-21.245163632152483,-7.547048668452453,116.00791500293963,94.89125333463764,0.0,0.0
48.048048048048045,-5.353633998588587,2.0853105838328334,0.7721247977567574,0.9456114442122121,1.0153803566636637,-0.31957094454954954,-13.987963208273271,2.029432197223221,-0.29299114553653915,-55.803559402858866,-19.00700139141241,0.0,0.0,31.273883929311307,6.474953593816816,2.579408724344343,-12.20493666732232,-0.6420531921971973,0.0,0.0,-5.724422167530531,-2.783419340066067,11.443233342264262,-17.176213802955953,-23.003718184095096,0.11486725582983012,116.89346906598296,92.1623005675065,0.0,0.0,-46.29482084736736,-21.253958316056053,-7.550822344955954,116.01060961686485,94.88878463716016,0.0,0.0
48.14814814814814,-5.322123518197531,2.0835781471481485,0.7910225912098771,0.945610848654321,1.0151632442098766,-0.3195578945679013,-13.88695934325926,2.0260874416913586,-0.3305939497283936,-56.231608143,-18.94666986491358,0.0,0.0,31.186396529864197,6.490401479308642,2.5692940813209884,-12.160350300728394,-0.64512674180247,0.0,0.0,-5.768837243827161,-2.7943305484691363,11.390738265851851,-17.22437565474074,-22.9943828205679,0.1168584010617284,116.79453184228396,92.1360462161605,0.0,0.0,-46.223819748148145,-21.26321445855556,-7.554196501234567,116.01299071086419,94.88628022,0.0,0.0
48.24824824824827,-5.291028324071736,2.082299726166833,0.8098296635335338,0.945609449294628,1.0149421749626293,-0.31954523197564233,-13.784728590056384,2.0216367882439115,-0.3686702776463143,-56.65989954491827,-18.886129640089088,0.0,0.0,31.100334409378377,6.506344618096096,2.558887433190523,-12.12093310909643,-0.6501362619536202,0.0,0.0,-5.812741401664667,-2.8057050831257926,11.337892843636633,-17.272607593302638,-22.98493761381081,0.11893042990023339,116.69468401067101,92.10980709195596,0.0,0.0,-46.15217923288789,-21.27283036631932,-7.557193727627293,116.01499004547179,94.88353256930232,0.0,0.0
48.34834834834838,-5.260365551908908,2.0817918822352364,0.828378267189189,0.9456071676646646,1.014714800876877,-0.3195326124714715,-13.680828282292287,2.0155328482642627,-0.40793184535035215,-57.08852346570673,-18.82605241757257,0.0,0.0,31.015979904594595,6.522868935588589,2.5475514626416427,-12.08886627636637,-0.6579793999519508,0.0,0.0,-5.856014632564564,-2.8179213850460476,11.284726439176175,-17.32129417985986,-22.9752761808028,0.12093342697697587,116.59337393545346,92.08398642403904,0.0,0.0,-46.079418554501494,-21.28334561318018,-7.559581467779777,116.01653221260662,94.8804697344785,0.0,0.0
48.448448448448445,-5.2296965569589595,2.0822962108458456,0.8468195787167158,0.9456035689152487,1.0144827138134802,-0.3195200186569903,-13.575570398551552,2.0078419171698365,-0.4486004332238892,-57.51839621472506,-18.767609142837834,0.0,0.0,30.933179009696026,6.540222212835834,2.5346374274287613,-12.064453900095765,-0.668064752397729,0.0,0.0,-5.899324066963963,-2.8312816149496163,11.231014504957624,-17.370246583585587,-22.965177833480478,0.12266219421287908,116.49050536495827,92.05826470553187,0.0,0.0,-46.00563592984785,-21.29458490962663,-7.5616329700874205,116.01772381039405,94.87723622987355,0.0,0.0
48.548548548548546,-5.199407215258259,2.083881660014346,0.8654228946329656,0.9455991644457791,1.0142452097147145,-0.3195078587654321,-13.468828335884549,1.9985054468441785,-0.4909039645368714,-57.94917892934636,-18.710392165572905,0.0,0.0,30.852127421775105,6.558688774339336,2.5210242409939947,-12.047113782134794,-0.6817982175175155,0.0,0.0,-5.942136950539538,-2.8458485606369677,11.176615080533534,-17.419643284273278,-22.954525836472804,0.12432805864931425,116.38621822802368,92.03235669675175,0.0,0.0,-45.93105461110877,-21.30674624194394,-7.563348701976311,116.01879614902002,94.87338427808443,0.0,0.0
48.64864864864863,-5.169404409675676,2.0861391794594586,0.884175844072072,0.9455937697207208,1.0140039549369368,-0.3194963906216216,-13.360769732234235,1.9879355241621635,-0.5346801099909897,-58.380658305891885,-18.65317075203604,0.0,0.0,30.77249430156757,6.57809076326126,2.5074072040000015,-12.035419518126123,-0.694297211927924,0.0,0.0,-5.984630876918917,-2.8610925576216206,11.121644846540542,-17.469099877396395,-22.94352097091892,0.12610907222522344,116.28099265781081,92.00599876030631,0.0,0.0,-45.8557847906937,-21.319409450810813,-7.564652462063063,116.01949297511712,94.8693584152973,0.0,0.0
48.74874874874876,-5.13977662652119,2.088499863351683,0.9030469055181838,0.9455877801277944,1.0137601558161493,-0.31948539571638307,-13.25185636377211,1.9769862254624644,-0.5787637320860839,-58.812196645672316,-18.595508105592927,0.0,0.0,30.693781551916583,6.597762025351683,2.493984353989658,-12.026625387815482,-0.7058792531301259,0.0,0.0,-6.026735051281277,-2.876402456556554,11.066329548409412,-17.518585335424753,-22.93245961143443,0.12784318795528585,116.17537810613949,91.97968524348349,0.0,0.0,-45.7802484308592,-21.3322699282676,-7.565777876362364,116.02000868238738,94.86520644545479,0.0,0.0
48.848848848848874,-5.110520507271605,2.09111267519119,0.9218346795959287,0.9455809473827159,1.0135128899963297,-0.319474658038038,-13.141876201153485,1.9653413408855536,-0.6230531769459446,-59.2438212793687,-18.5366386633657,0.0,0.0,30.616206207335672,6.617759252220219,2.480718931161162,-12.021910812956623,-0.7171442006242886,0.0,0.0,-6.06846686951418,-2.8919564183713704,11.010768676968635,-17.568034388440438,-22.921336212223892,0.12954724038671905,116.06915270126626,91.95337699940772,0.0,0.0,-45.70417026510444,-21.34539246517684,-7.566638945048046,116.02021873885317,94.86080034488855,0.0,0.0
48.948948948948946,-5.081382141166167,2.094153033873873,0.9404263527127114,0.9455731354644646,1.0132622334294294,-0.3194637093633633,-13.030984420583582,1.9528436338208208,-0.6676421668168167,-59.67580402551651,-18.477670885506505,0.0,0.0,30.539670619232236,6.638047877022021,2.466841129135134,-12.021893555065068,-0.7297423860580565,0.0,0.0,-6.110124452370369,-2.907974839599598,10.954982236507508,-17.617471385133133,-22.9099798168008,0.13105467887187067,115.96201014394094,91.92685869918918,0.0,0.0,-45.627443551359356,-21.358899706387383,-7.567263938949949,116.02016924346847,94.85608848585085,0.0,0.0
49.04904904904907,-5.052537204143143,2.0974959112772757,0.958994825495161,0.9455645521104439,1.0130079183536869,-0.3194527300720721,-12.919181614037038,1.9397351403830516,-0.7123869602028705,-60.10772451707675,-18.418814001997,0.0,0.0,30.464288735857856,6.658525104195192,2.4528657672355694,-12.026282125645972,-0.7419015910540535,0.0,0.0,-6.151475916734068,-2.9242900179736386,10.898891377217216,-17.66705430357758,-22.898482261076413,0.1324633325235233,115.85408323039105,91.90038212474174,0.0,0.0,-45.55005406471472,-21.372860648437772,-7.567612851035034,116.01988196606874,94.8511335631388,0.0,0.0
49.149149149149125,-5.024178265980646,2.1017979576733383,0.977465999185519,0.9455548468898899,1.012748152568235,-0.31944224557290624,-12.805982494602267,1.9247723042996339,-0.7575911897374035,-60.53964362470572,-18.359527152607942,0.0,0.0,30.390733105078077,6.680101568300299,2.4387290325772426,-12.037711129025684,-0.7568629121601592,0.0,0.0,-6.192312007161496,-2.941590692979311,10.84235822027227,-17.71680284804505,-22.88663696809276,0.13359452567300636,115.74492619441241,91.87378491043344,0.0,0.0,-45.471672410005,-21.387685358428428,-7.5674657358942286,116.01927938646114,94.84538125859225,0.0,0.0
49.24924924924925,-4.996288926329331,2.1067362174024007,0.9958499463893891,0.9455443753103102,1.0124827516406407,-0.3194322852022021,-12.691314203225229,1.908428583841843,-0.8038319775215198,-60.97164778072472,-18.29952667852953,0.0,0.0,30.318797542802805,6.702360368423422,2.424344031923924,-12.05587810407507,-0.7705629221681646,0.0,0.0,-6.232511966144142,-2.9594811662582563,10.785488791992995,-17.766966104674673,-22.87455636357057,0.13452073413213023,115.63463437984583,91.84771824073773,0.0,0.0,-45.392390479305305,-21.403351969260257,-7.566840849034034,116.01823712428329,94.8391349978929,0.0,0.0
49.34934934934939,-4.968748138686019,2.1121681797213876,1.0143177842842834,0.9455332958932268,1.0122136000146815,-0.31942275474708043,-12.575698779725396,1.8912627465425422,-0.8505296525582248,-61.40364681857189,-18.239288574901234,0.0,0.0,30.247990214721057,6.725263749377708,2.410218917675341,-12.07845594911578,-0.7822217456553163,0.0,0.0,-6.272314564060059,-2.977867680847513,10.728221822110779,-17.817349283309643,-22.862329092989988,0.13536130770136695,115.5236856755619,91.82165312905906,0.0,0.0,-45.312612607502835,-21.41953648042175,-7.565895903259927,116.01710447045812,94.8325715941715,0.0,0.0
49.449449449449446,-4.941483980902904,2.118286756529195,1.032912302952953,0.9455206194054055,1.0119395452565896,-0.3194139051968635,-12.458652899582917,1.8729361221531537,-0.89814768535736,-61.83595940501201,-18.179604211333,0.0,0.0,30.17895641997731,6.748974723619284,2.396280547483485,-12.108376873574574,-0.7945288214968309,0.0,0.0,-6.311906391648981,-2.996914297104103,10.670220527010011,-17.867741353027363,-22.84994586144478,0.13609693624724564,115.41175653460796,91.79567476979545,0.0,0.0,-45.23211311083751,-21.436291211160498,-7.564627237606272,116.01590086707309,94.82578723586185,0.0,0.0
49.54954954954957,-4.914196097324326,2.1251313945435415,1.0511814086876863,0.9455064935795798,1.0116620700300298,-0.3194049611111111,-12.340504825975975,1.8533362730930953,-0.9461631503633612,-62.2693228019099,-18.118064361564567,0.0,0.0,30.110951572714715,6.773230895615612,2.3817260633063047,-12.143640787828826,-0.8060983233063078,0.0,0.0,-6.351646757735733,-3.0167522409399377,10.61194295325826,-17.917954486549554,-22.837325476921922,0.13671150175375288,115.2986817973213,91.76945401463664,0.0,0.0,-45.15087723567568,-21.453308633309305,-7.563085007453454,116.0142217391081,94.81894447705406,0.0,0.0
49.64964964964962,-4.887098833642643,2.1326150494734737,1.0695774496126123,0.9454915181097764,1.0113803748208208,-0.319396794380714,-12.221376014728392,1.8324278490453783,-0.9953038423093087,-62.70272052069937,-18.056520362944276,0.0,0.0,30.044312770485483,6.798318131634635,2.3668582472245583,-12.184871560086423,-0.8196027806309599,0.0,0.0,-6.391146161274941,-3.0372134342786117,10.553105032481481,-17.968388599339004,-22.824514624296633,0.1371545440517174,115.18463202708442,91.74348309220053,0.0,0.0,-45.06901110160127,-21.470932414036373,-7.561166729868536,116.01229014381416,94.81152884899635,0.0,0.0
49.74974974974975,-4.860206903959959,2.1406481481528195,1.08744896265065,0.9454754424511178,1.0110943518368367,-0.3193882900780781,-12.10102765982082,1.8100689979709716,-1.0443976174708032,-63.13668459625493,-17.992809343119454,0.0,0.0,29.97944449377611,6.823808712601935,2.3504562522392387,-12.233520982450115,-0.8330234759279289,0.0,0.0,-6.4304027865265265,-3.0583115277337343,10.494155546340007,-18.018629668423088,-22.811410253963295,0.13755197252886156,115.06924708888155,91.71760509409276,0.0,0.0,-44.986461980015676,-21.48878809447681,-7.558927774546879,116.00989194508611,94.80342308770904,0.0,0.0
49.84984984984989,-4.833647492746747,2.14919654222222,1.1053255760460463,0.9454587246826828,1.0108042938238238,-0.31938008049349353,-11.979813832085082,1.7867311960270293,-1.094144361074072,-63.57051476764467,-17.927236356166166,0.0,0.0,29.915810666628623,6.849788083223221,2.333532704427426,-12.286739067295292,-0.8473093851641593,0.0,0.0,-6.4692701754995,-3.0799334422952938,10.434820481471471,-18.06903572147548,-22.798156969346344,0.13797361036035874,114.9529900838318,91.69215765958359,0.0,0.0,-44.90334805264064,-21.50713942237838,-7.556321526065067,116.00725094637237,94.79477660944346,0.0,0.0
49.94994994994994,-4.8073899908571915,2.157924538705371,1.1231520315695682,0.9454417186369704,1.0105121850337002,-0.31937191531531534,-11.858013283534204,1.763032230337671,-1.1438431972399077,-64.00439165332698,-17.861062876012348,0.0,0.0,29.85294884220888,6.8759522047240536,2.3164603644974973,-12.342085202204533,-0.8613536981791761,0.0,0.0,-6.507775176822153,-3.1017692752001986,10.375344752879217,-18.119453554873537,-22.78488215564231,0.13844828274507676,114.83636360130932,91.66678871909477,0.0,0.0,-44.82005102185486,-21.52566049394561,-7.553623698356023,116.00451110015749,94.78587527817385,0.0,0.0
50.05005005005006,-4.781353256348349,2.167015126247246,1.1411820076329664,0.9454242583296629,1.0102177138955621,-0.3193642669823156,-11.735661027513851,1.7387006943129815,-1.1941206603319965,-64.43820626906705,-17.795163385813147,0.0,0.0,29.790843866037704,6.902665464147479,2.2994917204114116,-12.399968145963959,-0.8746616600103421,0.0,0.0,-6.546039804245245,-3.1239747948448437,10.3154841096967,-18.170026156413076,-22.771507533054056,0.13888726987921096,114.71930998473574,91.64139739886221,0.0,0.0,-44.736494975784794,-21.544563688910912,-7.5507414861214555,116.00178239007342,94.77681699083016,0.0,0.0
50.15015015015012,-4.755620909728728,2.1766762473573573,1.1592964624054063,0.9454060905245246,1.0099195189429429,-0.3193570422132132,-11.61235822525525,1.7134228628028019,-1.2449956574724754,-64.8721417137688,-17.728254289811808,0.0,0.0,29.729937011925927,6.930007083221222,2.2824274680100087,-12.462366310584589,-0.8873321453813826,0.0,0.0,-6.583935007162163,-3.146796240807808,10.255173482105103,-18.220739804835837,-22.758009207588586,0.13932899312812702,114.60147776463164,91.6159524450911,0.0,0.0,-44.65245666458759,-21.56392814686286,-7.547606780305306,115.99885005319622,94.76742722545245,0.0,0.0
50.250250250250254,-4.730439998264265,2.18672273707474,1.1771845827934595,0.945386757950951,1.0096167607030364,-0.31935007061494824,-11.487647950429094,1.6871851598958987,-1.2955597197754405,-65.30605241000268,-17.659722710119457,0.0,0.0,29.670617725414747,6.957854579337669,2.2654744172592594,-12.530172251684018,-0.8974658558224853,0.0,0.0,-6.6212447415522195,-3.1700158194661308,10.194616910910911,-18.27130653139373,-22.744476301103102,0.139734195778777,114.4827761860357,91.5906201409176,0.0,0.0,-44.56775013452419,-21.583577019394397,-7.544211288953287,115.99547539477544,94.75760547488521,0.0,0.0
50.35035035035038,-4.705557703793124,2.1974323032976315,1.1951380956332993,0.9453660030707376,1.0093099393340006,-0.31934356682349013,-11.36174890544677,1.6597411564150781,-1.3466903112759456,-65.74004485891093,-17.59128206667767,0.0,0.0,29.612750831810807,6.9864705336323,2.247941700137802,-12.603497348380722,-0.9080526980780759,0.0,0.0,-6.658362006545214,-3.1939001406683363,10.133456955114779,-18.32190397766667,-22.730776376239238,0.13999446894794723,114.3630999593073,91.56508709987888,0.0,0.0,-44.482258403851176,-21.60371233762529,-7.540397494522521,115.99189902652753,94.7472239096243,0.0,0.0
50.45045045045044,-4.681095150597598,2.208766647948949,1.2129167683783777,0.9453440175435436,1.0089988447747749,-0.3193375593903903,-11.23464161389189,1.630966332351352,-1.3979675631591593,-66.1738207678048,-17.523237015405407,0.0,0.0,29.556392766981986,7.015864865822822,2.2302097385975976,-12.682113614843844,-0.9150969292852846,0.0,0.0,-6.695068408231231,-3.2183607509189196,10.07208416418018,-18.372655494327326,-22.716981013402407,0.13986798727327282,114.24271969243543,91.53983691215316,0.0,0.0,-44.396094903495495,-21.624466542780777,-7.536139243942943,115.98817750978978,94.73608459528228,0.0,0.0
50.55055055055056,-4.65690503619386,2.2206687098738733,1.2307828664728062,0.9453210846149481,1.0086836663206538,-0.31933215376710045,-11.106553814433436,1.601157685146481,-1.4495959338061377,-66.60739405412012,-17.456014069232232,0.0,0.0,29.50132837428729,7.045961695701368,2.2127607256616604,-12.765802510840839,-0.919430781731396,0.0,0.0,-6.731495863747748,-3.2433647595088417,10.010173728820487,-18.42349659812646,-22.703128062612613,0.1396542500223557,114.121568357327,91.51500524542575,0.0,0.0,-44.309379278383716,-21.645720827832832,-7.5315555582102105,115.9844154406353,94.72461317161462,0.0,0.0
50.65065065065063,-4.633264661215883,2.233367849140473,1.248813943536536,0.9452967057911245,1.0083627867407408,-0.319327556652319,-10.976942464451785,1.569918801007008,-1.5020539053483488,-67.04070649071338,-17.387926708149816,0.0,0.0,29.448310901726735,7.076917275894559,2.1956848619009004,-12.85687630417284,-0.9241081184094059,0.0,0.0,-6.767353897870537,-3.2691069644988304,9.947596299713046,-18.47459197935202,-22.689051685778107,0.1392326020704015,113.99931075198865,91.49102433551317,0.0,0.0,-44.22162803398532,-21.66778167642609,-7.5265728329896575,115.98038573614315,94.71258955987788,0.0,0.0
50.75075075075075,-4.609884892111113,2.246575490987988,1.2669227850840836,0.9452716185185187,1.0080386994274275,-0.31932357214014007,-10.846510182680678,1.5377070784564548,-1.5551075970240251,-67.47383428936037,-17.319727726884885,0.0,0.0,29.396243542344344,7.108455944656657,2.1787856837347332,-12.951663368904907,-0.9298176587587577,0.0,0.0,-6.80293501499099,-3.2953036613803803,9.884659252269268,-18.525790296482484,-22.67481148114114,0.13869752949849784,113.87636490513815,91.46736644791191,0.0,0.0,-44.13329007121322,-21.690278638200198,-7.521314202929929,115.97602495809808,94.70022252296496,0.0,0.0
50.850850850850875,-4.587033234068068,2.260464709568234,1.2852183058855509,0.9452450087811144,1.0077094996022689,-0.31932051566132796,-10.714654527711705,1.5041667731221224,-1.6088221099342683,-67.90660948996198,-17.251213540070403,0.0,0.0,29.345745820199532,7.14082878347047,2.161561099715713,-13.051460032313651,-0.9394444561948608,0.0,0.0,-6.838021820891892,-3.322127248968301,9.821001567824826,-18.576945742644984,-22.66044051532566,0.13805801173139684,113.75243913559294,91.44373165175709,0.0,0.0,-44.0442686661932,-21.71324124916149,-7.5157534199663,115.97127709108943,94.68730124148951,0.0,0.0
50.95095095095096,-4.564252683172504,2.2750244518792124,1.3032849832932931,0.9452171609632968,1.0073769451791794,-0.3193175191468135,-10.582035391565231,1.4693486079566245,-1.6625208552142134,-68.33942644559326,-17.18266014339206,0.0,0.0,29.29616742436836,7.173795123956623,2.1438113019663003,-13.155580189653653,-0.9503675630216861,0.0,0.0,-6.873171580978314,-3.3496523735425425,9.756960266551886,-18.627822425349684,-22.645862605420085,0.13737581778578623,113.62752881271805,91.41992808891625,0.0,0.0,-43.95470109138838,-21.736476149217886,-7.509976989305306,115.96632005813981,94.67371203889222,0.0,0.0
51.05105105105106,-4.542004866921922,2.290351402613613,1.32097756323023,0.9451876343793794,1.0070388594234234,-0.3193150698878878,-10.447748627360362,1.4327502600140147,-1.715445849175173,-68.77196618475878,-17.112389783365366,0.0,0.0,29.24879996722522,7.207884506293293,2.124969558866865,-13.267909877808808,-0.9622987300290269,0.0,0.0,-6.90777244077978,-3.3779795194704705,9.692497176582583,-18.67840418372873,-22.631111223107105,0.13659208286386465,113.50121932191192,91.39641099927428,0.0,0.0,-43.86416994456157,-21.760052619426425,-7.503802512793794,115.9608053715045,94.65940795868468,0.0,0.0
51.151151151151126,-4.520002934174507,2.3060384276469796,1.338523937995328,0.9451569871915249,1.0066984869836504,-0.3193129339406072,-10.312693161253254,1.395296742430098,-1.7681346276179493,-69.20442056461762,-17.041088154287955,0.0,0.0,29.202545765931934,7.242453002308308,2.105539660395727,-13.383963750625957,-0.9743453704331009,0.0,0.0,-6.942194870991659,-3.4066624514451114,9.627806634404404,-18.728789869617618,-22.61629363914715,0.13571155633500176,113.37429018553021,91.37314921055255,0.0,0.0,-43.77321832926126,-21.783755147692357,-7.497461813741076,115.95504082133202,94.6449590581218,0.0,0.0
51.25125125125125,-4.498397947694694,2.322545921871872,1.3558203290704038,0.9451245673730397,1.0063529600313648,-0.319311358957958,-10.176161864336667,1.3562017241961946,-1.8209330176770109,-69.63673767092092,-16.969263030450115,0.0,0.0,29.15803286578211,7.277870681591257,2.0862920489252557,-13.506619498992995,-0.9866969659069074,0.0,0.0,-6.976293877377046,-3.436093433595263,9.562835858791122,-18.779279194959624,-22.601271294835833,0.13435832321354618,113.24625203452486,91.35091169758357,0.0,0.0,-43.68123012757291,-21.808049997855186,-7.4905365291277946,115.94890628802068,94.6300218940387,0.0,0.0
51.351351351351376,-4.477183963027027,2.339486758954955,1.3733792803153146,0.9450911396306308,1.0060035965675675,-0.3193105816846847,-10.038594079378374,1.3162723109729713,-1.8743211837387406,-70.0688172200901,-16.898230797486487,0.0,0.0,29.114833803585583,7.313889943180181,2.067726452171168,-13.633533038270278,-0.9983032507387426,0.0,0.0,-7.010007541945946,-3.4658909083153153,9.497287994072071,-18.82992945042343,-22.58612476472973,0.13280280866666522,113.11742953758558,91.328973229009,0.0,0.0,-43.58859985007207,-21.83274343263063,-7.483300803198199,115.9425428424054,94.61471893185586,0.0,0.0
51.451451451451454,-4.456216652896898,2.356917871066065,1.3911374662706026,0.945056642098098,1.0056505948044712,-0.31931058510777444,-9.90020738268402,1.2753323305025035,-1.9282764697487482,-70.50040117429964,-16.8271811776273,0.0,0.0,29.07267828957324,7.350537684583581,2.049652661350349,-13.76470272645479,-1.009860742633633,0.0,0.0,-7.0435857067610925,-3.4960728644507824,9.431226280043713,-18.88078188368602,-22.5708683761358,0.13102766565265256,112.98792320698331,91.30727199800067,0.0,0.0,-43.49513626118852,-21.858009897410078,-7.475654158822488,115.93603906381915,94.59905516815817,0.0,0.0
51.551551551551576,-4.435458132079413,2.3746254798335005,1.409024824808807,0.9450211948978978,1.0052951923169835,-0.3193110263329997,-9.761307683762086,1.2337903576109412,-1.9822325035228576,-70.93141532787891,-16.75558190282149,0.0,0.0,29.031501494596263,7.38751743493427,2.0314799616853483,-13.899074613461469,-1.0213107672025352,0.0,0.0,-7.077103949380046,-3.5264859849616292,9.364714536093427,-18.931550701824825,-22.555612902597595,0.12930221415749016,112.85792855900934,91.2859513173033,0.0,0.0,-43.40117478718385,-21.883488606852183,-7.467780237230228,115.92938436366667,94.58309690230064,0.0,0.0
51.65165165165162,-4.4148717507007005,2.392691293565565,1.4269407638348341,0.9449850614054055,1.0049375398298297,-0.31931171267767766,-9.62185244276577,1.191700009831834,-2.0362371881321293,-71.36233686860258,-16.68414613822923,0.0,0.0,28.991039064895897,7.42487048931031,2.013460923511511,-14.035952280693689,-1.0323521252792776,0.0,0.0,-7.1104819570320315,-3.5572633501891877,9.297874676261262,-18.982261676642644,-22.540314598331328,0.12763479394394323,112.72742243522521,91.2649462734945,0.0,0.0,-43.306923139342345,-21.909198620006006,-7.4597213126376385,115.92261238792491,94.56693718614314,0.0,0.0
51.75175175175174,-4.3943915565428755,2.411327868558894,1.4448673989899912,0.9449479292102101,1.0045768423563561,-0.3193126886099432,-9.48181933197063,1.1486560416820126,-2.09034545917618,-71.79315611556125,-16.611960769393058,0.0,0.0,28.95142601302636,7.462831803140145,1.9952531721611606,-14.176368881869882,-1.041596406847181,0.0,0.0,-7.143839603599268,-3.5886231060977662,9.230502465859187,-19.032807526328664,-22.5248811279663,0.12592712424657967,112.5961859742666,91.24405961844879,0.0,0.0,-43.21230496909442,-21.935210478440773,-7.451554608558224,115.91577881910544,94.55032793847315,0.0,0.0
51.85185185185187,-4.374064331728395,2.4303974904691366,1.4628921040370366,0.9449099842345678,1.0042135653703705,-0.3193141347283951,-9.341286120444442,1.1048319490123435,-2.1447161468641998,-72.22378357554321,-16.53945140223457,0.0,0.0,28.912647065407405,7.50130965732099,1.976708788839505,-14.319678320925926,-1.0457389419629657,0.0,0.0,-7.177103264012345,-3.620394148098766,9.162684571382718,-19.08329148445679,-22.50936035665432,0.12418101839506157,112.46431003977777,91.22316699781481,0.0,0.0,-43.11738507727161,-21.961508577839503,-7.4432466530246915,115.90883487172839,94.53315530085186,0.0,0.0
51.95195195195195,-4.353988188745747,2.4500611918628614,1.4809086521211206,0.9448707147237236,1.0038472601131132,-0.31931616028528526,-9.199935339545544,1.0598301010060065,-2.1989658677227206,-72.65422705775276,-16.46667494728028,0.0,0.0,28.875268756627626,7.540512874053052,1.9573081506856833,-14.467371480808804,-1.0472282665655621,0.0,0.0,-7.210184231324322,-3.6527482666326323,9.094386443917916,-19.133606462059063,-22.493677531290295,0.12235040426326194,112.33146188371771,91.20234887634435,0.0,0.0,-43.0219639537968,-21.988093369827823,-7.434699295786788,115.9016304576116,94.51543569661261,0.0,0.0
52.05205205205207,-4.334038320702036,2.470299717882216,1.4989578822732725,0.9448298990400399,1.0034785174731398,-0.319319067694361,-9.05787463090557,1.0135727495795777,-2.253173295438773,-73.08404594896629,-16.392654171081084,0.0,0.0,28.838898122513505,7.580503286714714,1.9365845978391707,-14.618823326963962,-1.047833407770438,0.0,0.0,-7.243292041592925,-3.6856040056783455,9.0255492199673,-19.183671963275945,-22.47803413945612,0.1204845505809132,112.19799161235503,91.1819988281962,0.0,0.0,-42.925984627311976,-22.014949158768097,-7.425769543281281,115.89415369389724,94.49688366146044,0.0,0.0
52.152152152152134,-4.314261383558559,2.4907688192906234,1.5170427430957616,0.9447882273193194,1.0031076312689358,-0.3193224135915916,-8.91520387335869,0.9668537873546874,-2.3074242611314664,-73.51377996134701,-16.31776164058425,0.0,0.0,28.803213197570575,7.620838962794794,1.9159420957701012,-14.772812028912245,-1.0464377344971676,0.0,0.0,-7.276299464708041,-3.7186335958341674,8.956370693084418,-19.23366005572906,-22.462366384289624,0.11857946531598067,112.0640870601812,91.16193258229428,0.0,0.0,-42.82966728541743,-22.041942455876544,-7.416639430103773,115.8866153349289,94.4780513887097,0.0,0.0
52.252252252252255,-4.294748885681682,2.5119278051531526,1.5352714964864858,0.9447441000720721,1.002732202897898,-0.31932675980780784,-8.771306518105098,0.9188535681621618,-2.3613051298318317,-73.94300160095499,-16.2408360811982,0.0,0.0,28.76915394443543,7.662196027486486,1.8950807322612584,-14.932889642591599,-1.0401037372822812,0.0,0.0,-7.3093555426216215,-3.752248733807807,8.886309250438439,-19.28335003691892,-22.44661905826426,0.11643858739339237,111.9292853549069,91.14198758321922,0.0,0.0,-42.732349825936936,-22.0693287757988,-7.407135176444444,115.87887099769969,94.45862687205405,0.0,0.0
52.35235235235236,-4.2756677795669,2.5338355979222547,1.553412888579912,0.9446983505538873,1.002351879275609,-0.3193320701277945,-8.626175480825497,0.8693144940680698,-2.4148927424257574,-74.3716250634788,-16.16280455160494,0.0,0.0,28.736617287562563,7.704572102220887,1.8743694710280299,-15.098398751683343,-1.029350295589254,0.0,0.0,-7.342090614432097,-3.7865138421845166,8.815851196732735,-19.33303674413213,-22.430748973270273,0.11384621920253543,111.79360765191726,91.12221740513213,0.0,0.0,-42.63408282897198,-22.09722403852586,-7.397125034938606,115.87060858298966,94.43854621162596,0.0,0.0
52.45245245245244,-4.2575513976092765,2.5564525413917245,1.5716079432509165,0.94465025190357,1.001965232595262,-0.3193390405241908,-8.478969450643978,0.8180391920677346,-2.4688940244277604,-74.7996218898732,-16.084136841435434,0.0,0.0,28.706763266992663,7.747957919562896,1.8542597099102411,-15.271633398356352,-1.0124772012292294,0.0,0.0,-7.373972743787118,-3.8211883431781772,8.744907849759763,-19.383226632169503,-22.41479901732699,0.11045632803737071,111.65697708768637,91.10348786675776,0.0,0.0,-42.53409079782216,-22.12581356449316,-7.386109086563897,115.86178732107942,94.41810191163563,0.0,0.0
52.552552552552584,-4.239859661409409,2.5793693449479487,1.589888927028028,0.9446004055045044,1.001575668292292,-0.3193466567197197,-8.330607051231222,0.7660824532702672,-2.522714083304307,-75.22709100828331,-16.00569657333333,0.0,0.0,28.678228845453454,7.791832219353355,1.8340634082602594,-15.44863526471472,-0.9936297519339321,0.0,0.0,-7.405586021666667,-3.856099978981984,8.673437395709707,-19.43317578136637,-22.398913121805805,0.10703124028728546,111.51974960888688,91.08545586637638,0.0,0.0,-42.43347582792792,-22.154522796875874,-7.374855654693694,115.85269940439139,94.39764527942442,0.0,0.0
52.652652652652634,-4.222342276317318,2.6026363258992324,1.608285709008675,0.9445492179459458,1.0011839389749748,-0.31935485742676006,-8.181575624419414,0.7134380949919923,-2.576453703691358,-75.65407708835437,-15.926572888097429,0.0,0.0,28.65065723125258,7.836215353625292,1.8135282244607933,-15.628953680168166,-0.9732602764677972,0.0,0.0,-7.437203015910576,-3.8913147915602275,8.601421569852183,-19.482875717755757,-22.383035371003,0.1036457338875529,111.38195408811744,91.06789547394327,0.0,0.0,-42.33239834411077,-22.183309237422087,-7.363412673162164,115.84338039411844,94.37681638621721,0.0,0.0
52.75275275275275,-4.205272479974642,2.6266362032612607,1.6270620420123443,0.9444958098078079,1.0007886374280948,-0.3193642512746079,-8.031276513335001,0.6595091828248248,-2.630295018686019,-76.08054880312379,-15.845784463701369,0.0,0.0,28.62496298988055,7.881689485304304,1.7924147510994306,-15.814726267759761,-0.9578066485121832,0.0,0.0,-7.468575699711711,-3.927203413191524,8.528330536116451,-19.532258589565565,-22.36701364495462,0.10022184765498672,111.24310069793259,91.05060674348381,0.0,0.0,-42.23055585241875,-22.212324983570902,-7.351709237280282,115.83372833424892,94.35547034617417,0.0,0.0
52.852852852852855,-4.188355387583583,2.6513282703693695,1.6462039444454444,0.9444395832052053,1.000390372938939,-0.3193747754204204,-7.880069309293293,0.6043792374814821,-2.68381525626226,-76.5061910636907,-15.763421249680686,0.0,0.0,28.60092339826226,7.928191105102103,1.7710114584984964,-16.00560510138338,-0.9390482183753817,0.0,0.0,-7.50017828605105,-3.9637468727547542,8.45417853748749,-19.581135475174175,-22.350954687786786,0.09672100927927936,111.10342968587989,91.03406522436936,0.0,0.0,-42.12789216430231,-22.241662846794792,-7.339683047760762,115.82384861938738,94.33323620007408,0.0,0.0
52.95295295295294,-4.171847388431764,2.676644665133801,1.6658726988978987,0.9443812799899899,0.9999893232262261,-0.3193865688101435,-7.727794976916582,0.5482834791705024,-2.7377535895495515,-76.9314341729503,-15.680009110765429,0.0,0.0,28.578386659558554,7.9756125799275965,1.749473932376377,-16.199619851781783,-0.9252415908425103,0.0,0.0,-7.531566946575244,-4.000841117641976,8.379083611598261,-19.629774289974975,-22.334764050055053,0.09309991720653947,110.96302408813013,91.01789685926293,0.0,0.0,-42.024593459020686,-22.271299536882218,-7.327441984736069,115.8136578361288,94.31060931778246,0.0,0.0
53.05305305305308,-4.155409335527528,2.7023342817687683,1.6857027003543537,0.9443215355281949,0.9995861794557893,-0.3193988451668335,-7.5749331040627315,0.491599731375043,-2.791593082576576,-77.35640423503304,-15.59593885162396,0.0,0.0,28.55672555792192,8.023557611676342,1.7280625953750413,-16.39659606388755,-0.9119075024200924,0.0,0.0,-7.563070137733066,-4.038308616019686,8.303368307510512,-19.67808185714548,-22.318552439356687,0.08946742556289529,110.8220382774501,91.00201085170303,0.0,0.0,-41.92088507643677,-22.301070972689022,-7.315111204781448,115.80337205776478,94.28764164511645,0.0,0.0
53.15315315315313,-4.1391418319489475,2.7283204670090115,1.7056849234894902,0.9442608520870872,0.9991811535045045,-0.3194116002702703,-7.421582252444433,0.4344318563273214,-2.8453161516186234,-77.78093665941745,-15.510866640483476,0.0,0.0,28.535922903087084,8.071974675441448,1.7065632798348318,-16.596150343369384,-0.8942271089609621,0.0,0.0,-7.594519470618621,-4.076061917705709,8.227232590177172,-19.726253823954956,-22.302322123015013,0.0857952583033029,110.68067200327327,90.98653897796096,0.0,0.0,-41.81683874732432,-22.330972598453453,-7.302641763861861,115.79283658383785,94.26438044359159,0.0,0.0
53.25325325325324,-4.123209483861528,2.754614476492493,1.7259634242332331,0.9441984994080748,0.9987728915965967,-0.3194253871941942,-7.267321805667666,0.3766249780840838,-2.898870390788455,-78.20478720178647,-15.424604576431431,0.0,0.0,28.51655898907374,8.12100138394361,1.6853515593790451,-16.799935240509175,-0.8720249593340051,0.0,0.0,-7.625838406206542,-4.113997980025025,8.150331332415416,-19.774349842653656,-22.28618156317217,0.08203305802369024,110.5385826465055,90.97145752713348,0.0,0.0,-41.71206590401501,-22.361110053578578,-7.289761550477143,115.78207083404406,94.24090792509142,0.0,0.0
53.35335335335335,-4.107556894990991,2.781448513379713,1.7464309234397732,0.9441341939182516,0.9983618296226225,-0.3194402007691024,-7.112207736601265,0.31775052434134,-2.9523928691201204,-78.62804681170238,-15.337600310842173,0.0,0.0,28.498760679794135,8.170780735328995,1.6640204382779413,-17.008187986439445,-0.8479589507854566,0.0,0.0,-7.657129082514848,-4.152346821263931,8.072819910330661,-19.822420072769106,-22.270013148085418,0.07790834322155468,110.39576325724624,90.95668095517617,0.0,0.0,-41.60636242015515,-22.39157348753987,-7.276360750625959,115.77101903124858,94.2172655051468,0.0,0.0
53.453453453453434,-4.092224257310311,2.8089744820050058,1.7673126168858844,0.9440673334984986,0.9979483836056057,-0.31945643722422423,-6.956067410400399,0.2576913392902889,-3.0058950187047047,-79.05085751342344,-15.249513397883884,0.0,0.0,28.482831563948956,8.221590552195197,1.6425268822132106,-17.221170867573576,-0.8236998519959977,0.0,0.0,-7.688402492624624,-4.191280232749751,7.994488509271273,-19.870464218397395,-22.253686430667663,0.07324534933833782,110.25212554257857,90.94241805306507,0.0,0.0,-41.49943668371171,-22.42235412605305,-7.262376779429429,115.75950718411812,94.19369569406707,0.0,0.0
53.55355355355357,-4.077141406922922,2.837110237771771,1.7883339617914593,0.9439983249506172,0.9975313012866198,-0.3194738159516183,-6.798817566023021,0.19636121316216326,-3.059210246983649,-79.47295756890459,-15.161790470109441,0.0,0.0,28.46839273014881,8.27337049956056,1.6213858628738724,-17.439295943743076,-0.7989759378475159,0.0,0.0,-7.719671335298631,-4.230727085375042,7.91552159883917,-19.91839466870037,-22.23727864083383,0.06823189069002247,110.10769063123124,90.92873599564064,0.0,0.0,-41.391320556337,-22.453470185640974,-7.2477897777634315,115.74758076757325,94.16984834173675,0.0,0.0
53.65365365365362,-4.06232572034301,2.8655619089796476,1.809461005075076,0.9439274466566566,0.9971122905175175,-0.3194919758875542,-6.640649727199194,0.13428817679545937,-3.112259789950953,-79.89444232820287,-15.073553101322656,0.0,0.0,28.455007582730065,8.325668068591261,1.600374723672338,-17.66047763451119,-0.7733467373673676,0.0,0.0,-7.750918782815818,-4.27040534150851,7.8360216818505135,-19.966001818835167,-22.220895639738735,0.06315810776676507,109.96267994536167,90.9157489537641,0.0,0.0,-41.28248204465699,-22.484670824907912,-7.232937088487153,115.73532728889691,94.14578993874673,0.0,0.0
53.75375375375374,-4.047943838069069,2.894806504954957,1.8308664916676676,0.9438529907417419,0.9966905979729731,-0.3195112647377378,-6.481057188888886,0.07070947044143897,-3.1646452981131157,-80.3146788668869,-14.983906118842842,0.0,0.0,28.443709637725725,8.37904021495896,1.5786405861901884,-17.886905841086094,-0.7440509139619662,0.0,0.0,-7.782252169586587,-4.310828373263265,7.7555045349439435,-20.012860156563562,-22.204414248506502,0.05803642629929975,109.81661748541842,90.90390579404004,0.0,0.0,-41.17240793451151,-22.516066480135134,-7.21768009675976,115.72230145077978,94.12111672683984,0.0,0.0
53.85385385385388,-4.033861394609276,2.924259809953287,1.8524306665845849,0.9437764730850849,0.9962673803490156,-0.31953120489823156,-6.320437714770769,0.006591512240906622,-3.216584163184519,-80.73407442807309,-14.894277831809479,0.0,0.0,28.43338355807674,8.432814132420422,1.556840902902567,-18.11612505288789,-0.7093581351755163,0.0,0.0,-7.813579613471473,-4.351357502179179,7.674411605934265,-20.059477261551216,-22.18795826265966,0.05277635128862172,109.67005771743443,90.89245803384752,0.0,0.0,-41.06151152366767,-22.54757037623223,-7.20201060193727,115.70904157082516,94.09585781561594,0.0,0.0
53.95395395395393,-4.019975098485818,2.953992499025694,1.874134226324325,0.9436981696766769,0.9958424500156824,-0.3195518826066066,-6.158934696830822,-0.058099899013684286,-3.2681397051931973,-81.1528192361662,-14.80462677271204,0.0,0.0,28.4239229730377,8.48710989546013,1.5350327917884545,-18.348341865503183,-0.670901645026692,0.0,0.0,-7.844949530209543,-4.392072945824827,7.59265500454454,-20.105790938217222,-22.171580392672666,0.04753926816916838,109.52290601600767,90.88133361464665,0.0,0.0,-40.94996615945845,-22.57910559380147,-7.1860131986639955,115.6955546848415,94.07013848841474,0.0,0.0
54.05405405405406,-4.006228246234235,2.984081393090091,1.8959425099279286,0.9436175162072071,0.9954156160000001,-0.3195732076396396,-5.996428551180178,-0.12344338390090237,-3.3189606991531533,-81.57073074110812,-14.715922148072073,0.0,0.0,28.415571532162165,8.542089838297297,1.513197569225222,-18.584122653666668,-0.6269451911531583,0.0,0.0,-7.876497918378378,-4.433086449954956,7.510152444891891,-20.151606320180182,-22.155272847054057,0.04220807346846769,109.37509637474776,90.8707931317928,0.0,0.0,-40.83773782403604,-22.610708957360362,-7.169819612828829,115.68200105799099,94.04427410643243,0.0,0.0
54.15415415415415,-3.992724096405072,3.014822215052051,1.9180348899422757,0.9435340595495495,0.9949867350794127,-0.31959611760827494,-5.832878173473812,-0.19024137949849526,-3.3696994110153478,-81.98797631901,-14.627044300126466,0.0,0.0,28.40911090458359,8.598149469185518,1.4914366685648985,-18.82510820729929,-0.5748122112205555,0.0,0.0,-7.9081474121721715,-4.474573493599932,7.42701422480147,-20.197397949404404,-22.13874448134301,0.03609747248648567,109.22642446984287,90.86117563520119,0.0,0.0,-40.72390878419954,-22.642541814388057,-7.152641316258925,115.6676593772439,94.01868836753654,0.0,0.0
54.25425425425426,-3.97942087263797,3.0461952179576257,1.9408154697774447,0.943447502327661,0.9945557208291624,-0.3196208010493828,-5.668329318316977,-0.25811568075208735,-3.42035595661862,-82.40418921138941,-14.537789192862196,0.0,0.0,28.40444058827394,8.655443103961298,1.4699927468812122,-19.07087551502537,-0.5156803967637652,0.0,0.0,-7.940034604999333,-4.51660483616817,7.3425920642979605,-20.24277087910978,-22.12211919596429,0.02964706986920298,109.0769415713537,90.85239823946613,0.0,0.0,-40.60897928439006,-22.6745689822676,-7.13505681263697,115.65268532498666,93.99302784252352,0.0,0.0
54.35435435435437,-3.9666212906706706,3.078499130166168,1.9641005082562562,0.9433570113553553,0.9941212382122122,-0.3196476074114114,-5.502131613539534,-0.3278240594184216,-3.4710416741061083,-82.81935753901102,-14.447827800340338,0.0,0.0,28.4026381441031,8.714132663780783,1.4485916349699672,-19.324116245063074,-0.4502936891611601,0.0,0.0,-7.971966926311312,-4.5593610656686705,7.2570789178928905,-20.28809981461161,-22.105363670968966,0.022439041055054787,108.92634344612611,90.84457575484885,0.0,0.0,-40.4918615594995,-22.70703330601602,-7.116241748776775,115.6367162608969,93.96730112049349,0.0,0.0
54.45445445445442,-3.954320555781115,3.1110314147077083,1.987553490683683,0.9432639253219886,0.9936837450080078,-0.31967538727894557,-5.334402612594925,-0.3982295111151172,-3.5211595402919587,-83.23340811974575,-14.358482642107774,0.0,0.0,28.402532716013013,8.773369401447116,1.4270548065462119,-19.58201321859493,-0.3785584245355361,0.0,0.0,-8.003740037942944,-4.602198913626628,7.1709205991211205,-20.333366229854853,-22.088777584027696,0.015075507766433915,108.77508012564097,90.8370908181912,0.0,0.0,-40.37327629289189,-22.739627791517513,-7.096728096204872,115.62025037673838,93.94187398454454,0.0,0.0
54.55455455455457,-3.942089206610943,3.1436656144057418,2.0110055767220554,0.9431697874270937,0.9932457284784786,-0.3197034452195529,-5.166298925765089,-0.46893613864064604,-3.570951184802472,-83.64706340724794,-14.268639102740735,0.0,0.0,28.402950732562896,8.832705727821159,1.4053261785291935,-19.841283591791807,-0.304604544604271,0.0,0.0,-8.035610405930933,-4.64504094990958,7.084587510853181,-20.37852359114448,-22.07220282476743,0.0075461023873852895,108.62347356410176,90.82966579181782,0.0,0.0,-40.25412595031999,-22.772278511442444,-7.076939332911911,115.60361839181947,93.91646163259693,0.0,0.0
54.65465465465464,-3.9300317817327324,3.176685540264265,2.0347298127907907,0.9430734402712713,0.9928075057237237,-0.31973216568668666,-4.997345634717716,-0.5402997886796806,-3.6203604980730733,-84.0598445771912,-14.178631656694696,0.0,0.0,28.40398985569369,8.892627664213213,1.3837898428028006,-20.102230073300298,-0.2293141619359393,0.0,0.0,-8.067656968286286,-4.68821872834935,6.99747563782082,-20.42323999192993,-22.0555602988018,-4.464493093188082e-05,108.4713321438999,90.8232103929029,0.0,0.0,-40.134237648992,-22.80496214763063,-7.056929703556557,115.58668593844543,93.89107705187988,0.0,0.0
54.75475475475476,-3.9181175919149154,3.2100946799322636,2.058712032656655,0.9429753115548882,0.9923687763530197,-0.31976156617150486,-4.827717140065074,-0.6123071267233853,-3.669560904654986,-84.4718876195532,-14.088408014247255,0.0,0.0,28.405593603219216,8.953101843197862,1.3624798539916596,-20.364765782343323,-0.15317213049383155,0.0,0.0,-8.099851663391387,-4.731734007895559,6.909648406120459,-20.46757030873173,-22.038839972558556,-0.00770075486019337,108.3186361272843,90.81752835531998,0.0,0.0,-40.01377551081682,-22.837674578323988,-7.036794704590925,115.5694638727144,93.86559248377411,0.0,0.0
54.854854854854864,-3.9060948379823146,3.243924900077077,2.0828769943707046,0.9428749578895562,0.9919296943717051,-0.3197916046386387,-4.657499194068068,-0.6849790984257597,-3.718184168776778,-84.88305894205405,-13.998025366059727,0.0,0.0,28.40783966905072,9.014271310355355,1.3417761397424082,-20.630087030978977,-0.07076381387587825,0.0,0.0,-8.13256322792893,-4.775619593315315,6.821068790903903,-20.511342895132135,-22.02212983529229,-0.015370245055723685,108.16544766022157,90.81257648280847,0.0,0.0,-39.892552382999,-22.870412107931266,-7.01641378009276,115.55184093059727,93.83994354401402,0.0,0.0
54.954954954954914,-3.8941482966516525,3.2780813971201197,2.107406810954955,0.9427727133723725,0.9914905126756757,-0.319822483024024,-4.486710110732735,-0.7581692151471453,-3.7664977859729722,-85.29349917388589,-13.906927805678682,0.0,0.0,28.41095244286486,9.075907830594593,1.3212314798588594,-20.897445154834827,0.015268374816808952,0.0,0.0,-8.165518399378376,-4.819739380573573,6.731746715210212,-20.5548696664985,-22.005377302060058,-0.023142012447448936,108.01148547466366,90.80767854434836,0.0,0.0,-39.770517161129135,-22.90326699668769,-6.995704958453454,115.53377171336638,93.81437028196095,0.0,0.0
55.055055055055064,-3.882319490321321,3.3125888147721065,2.132157658523856,0.9426688871898564,0.9910507920603937,-0.319854033692359,-4.315347893452452,-0.831856862370039,-3.814655485882214,-85.7035858128265,-13.81533818956623,0.0,0.0,28.41481405808208,9.138035488514515,1.300731831530528,-21.16651410656323,0.10215772670236449,0.0,0.0,-8.19857242647414,-4.864148175353354,6.6419160770737395,-20.5981952897661,-21.98858678519853,-0.03096674169102407,107.85701413192926,90.80311322194461,0.0,0.0,-39.647915305116456,-22.936246793562564,-6.974743753548216,115.5153883333744,93.78877185477411,0.0,0.0
55.155155155155136,-3.870432423056724,3.347684411206539,2.1573123417420748,0.9425626088682015,0.9906112851638305,-0.3198865504748082,-4.143451080599602,-0.9064367205742409,-3.86261770048148,-86.11282087075209,-13.72285620116917,0.0,0.0,28.419323081573907,9.200887803312312,1.2802901482575888,-21.437436579039037,0.18786616133599812,0.0,0.0,-8.232131029829828,-4.9090464171654995,6.551155809920255,-20.641017529389725,-21.97164095711612,-0.03892342257057173,107.70181578628929,90.79912234225426,0.0,0.0,-39.52444049001602,-22.96941339456456,-6.9534446999149155,115.4966155707958,93.76272720435702,0.0,0.0
55.25525525525525,-3.8586598498898903,3.3833390513453465,2.1828380382862878,0.9424539413453452,0.990170886856857,-0.3199200547657658,-3.970759987069067,-0.9818467724424433,-3.9101114582432444,-86.52118444102902,-13.629720545091093,0.0,0.0,28.425008788659664,9.264593997307308,1.2600978617857832,-21.71145796582583,0.2766310721881765,0.0,0.0,-8.26595761874975,-4.9544203353673675,6.45944419595195,-20.683347421217217,-21.954615474256258,-0.04694202437337545,107.5458110478218,90.7957146025085,0.0,0.0,-39.40015526813213,-23.00276014566166,-6.9318464213723745,115.47741571897998,93.73660166323924,0.0,0.0
55.35535535535538,-3.846900575280948,3.419624683670002,2.208965812027693,0.9423419983173174,0.9897290193550216,-0.3199548663923924,-3.7971658338058107,-1.058109497444776,-3.9570439257500816,-86.92821736522188,-13.53663468573574,0.0,0.0,28.432181429285624,9.32949796744344,1.2400724100236904,-21.989865133060384,0.3704512627744368,0.0,0.0,-8.30031826327127,-5.00037994864531,6.366533605454457,-20.7251560643003,-21.937489870746745,-0.05513925021387962,107.38902173709678,90.79303923340841,0.0,0.0,-39.27462491527562,-23.036402307947615,-6.909733901399733,115.45739739474375,93.71038537695162,0.0,0.0
55.45545545545544,-3.8355020979212533,3.4560449784891554,2.235234454673006,0.9422278952946279,0.9892858921187855,-0.31999018016349684,-3.622346847703708,-1.1346723744050708,-4.003217273565564,-87.33421761639906,-13.442620170021025,0.0,0.0,28.440140663249245,9.394893425951953,1.2204542464220864,-22.27083953250316,0.4745349752021939,0.0,0.0,-8.334598321529198,-5.046431205451116,6.273011008253921,-20.76670314513246,-21.920407559535203,-0.06342571293193196,107.23170786347414,90.79122659762163,0.0,0.0,-39.14827008519687,-23.069969042692357,-6.887289268763766,115.43692145958626,93.68425134676912,0.0,0.0
55.55555555555556,-3.8243079944074063,3.493156466666668,2.2615375475925927,0.9421099554444444,0.9888430361481481,-0.32002655944444447,-3.4459969165555515,-1.2126880267037072,-4.048451860259261,-87.73875987537039,-13.348968669148146,0.0,0.0,28.448896552777775,9.461224009703706,1.200292746111107,-22.55463792522223,0.5817293681111118,0.0,0.0,-8.369304057000003,-5.09302810662963,6.178574063851849,-20.807507414259256,-21.903323334777774,-0.07182140629629892,107.07351774929627,90.79023089548149,0.0,0.0,-39.02005485325926,-23.103396197222224,-6.864304763888889,115.41575035948146,93.65845047440742,0.0,0.0
55.65565565565563,-3.8134316312582577,3.530543534713381,2.287915846264931,0.9419890242602603,0.9884000198805472,-0.3200635876670003,-3.268167226116117,-1.2912948179612957,-4.092758508567234,-88.14197846049115,-13.255082096709042,0.0,0.0,28.458505123509507,9.527948978231233,1.179514332883883,-22.840819466282618,0.6962720678138091,0.0,0.0,-8.404041321107105,-5.139779838608942,6.083491079512512,-20.847947541397065,-21.886146181994327,-0.08057012324157675,106.9144885184965,90.79026130255222,0.0,0.0,-38.8902630997027,-23.136718166897897,-6.840570323508511,115.39396476015517,93.63317194683016,0.0,0.0
55.75575575575577,-3.802761739761761,3.5683109398511874,2.314632405664999,0.9418658995318653,0.9879571856756757,-0.3201013455899233,-3.0894852417604235,-1.3705334029986702,-4.136740545830833,-88.54439557676778,-13.160133330057391,0.0,0.0,28.46893265714582,9.595200331415086,1.1590537353400017,-23.128807520898242,0.8138565083256507,0.0,0.0,-8.438905611762431,-5.186831181323994,5.987648066579576,-20.888104948815812,-21.868789829874537,-0.08952043576610044,106.75476882503536,90.79092361420086,0.0,0.0,-38.75952001586453,-23.17015765353987,-6.816394199355022,115.37167481193225,93.60801838197732,0.0,0.0
55.855855855855886,-3.792436825828829,3.6067690103213224,2.3416337496546555,0.9417393217537537,0.9875144617687688,-0.3201399331261261,-2.90944263866366,-1.4509352500030053,-4.18001120524925,-88.94584330756156,-13.064225753714712,0.0,0.0,28.480847917786786,9.66340074422823,1.1386228503633615,-23.420062404945956,0.9373448574564579,0.0,0.0,-8.473932187723724,-5.234545885384387,5.891149517894894,-20.92807972272373,-21.851018871528527,-0.0991452272822837,106.59409036861862,90.79274946533033,0.0,0.0,-38.626874894423416,-23.203709913267268,-6.791147609105105,115.3480808282072,93.58319541027927,0.0,0.0
55.955955955955936,-3.782625407996663,3.645834593898897,2.3690890401925264,0.9416082909509511,0.987071185917918,-0.32017975393526854,-2.727436350353694,-1.532358181300297,-4.222412599188186,-89.34548364504737,-12.96775066061195,0.0,0.0,28.4944981727027,9.732608498103435,1.1183536247200534,-23.71497383886285,1.0663917394747964,0.0,0.0,-8.509119463206872,-5.282776839775106,5.793521626238241,-20.96752959353253,-21.833148402187856,-0.1091074557400745,106.43240257388057,90.79591327545646,0.0,0.0,-38.492203268834174,-23.2374834577027,-6.76494363808442,115.32351179983118,93.55926427380847,0.0,0.0
56.05605605605605,-3.7735408929716385,3.68539877453687,2.3965786310714057,0.9414741067103771,0.9866273802585919,-0.3202199501888555,-2.5434158398228255,-1.6147800663049712,-4.26384274757858,-89.7433929183737,-12.871921629499834,0.0,0.0,28.509284454978314,9.802315225312311,1.0974795222889537,-24.012033360643635,1.1985484144257506,0.0,0.0,-8.543923866132799,-5.331447819502168,5.695301662585586,-21.00669018157958,-21.815141133136137,-0.11942431208441917,106.26959925241911,90.80007824978244,0.0,0.0,-38.35565663811512,-23.271345137937942,-6.7376722454701365,115.29832988240973,93.53628043403337,0.0,0.0
56.156156156156136,-3.7648694310090094,3.725388595347347,2.424587777435436,0.9413363996896896,0.9861838365425426,-0.32026109593493496,-2.357817658935935,-1.697746915601601,-4.304425892457457,-90.13991734350051,-12.77494438225826,0.0,0.0,28.525119762869867,9.872788470913914,1.0769775623763764,-24.311075931456454,1.33539155927127,0.0,0.0,-8.578823783636636,-5.3804979411681675,5.5960206499089065,-21.04550849124424,-21.796947610929926,-0.12994920459259304,106.10561718686586,90.80536143445644,0.0,0.0,-38.21764238471873,-23.305297070174177,-6.7098779754224225,115.27223453114414,93.51444788174675,0.0,0.0
56.256256256256265,-3.7564109776733394,3.765752831096433,2.452913500022357,0.9411965211064398,0.9857410776369703,-0.3203028024691358,-2.1712825162038576,-1.7812314129649724,-4.344488211748418,-90.5355692697461,-12.678034780986312,0.0,0.0,28.541513976403404,9.943790564811483,1.0569210080480442,-24.611126199926616,1.4719782948018074,0.0,0.0,-8.613868480880218,-5.429908268576581,5.495960423710704,-21.08387548750951,-21.778622036554218,-0.14050175773073229,105.94094190770002,90.8114984278702,0.0,0.0,-38.07889854503002,-23.33927677802169,-6.68189447437404,115.24570265023189,93.49294858267234,0.0,0.0
56.35635635635638,-3.7481452487757765,3.8065529736990333,2.481547759188521,0.9410544983993994,0.9852988280704038,-0.3203451558044711,-1.9838380760367031,-1.8653342069783119,-4.383926090209209,-90.9302734141982,-12.581215526590926,0.0,0.0,28.558477047566903,10.015463230812482,1.037377335782115,-24.912549128034705,1.6099874784474502,0.0,0.0,-8.649091308837503,-5.479718451257925,5.395094442289958,-21.121806670275607,-21.76019535744978,-0.15110035715615594,105.77563961645413,90.81837046795629,0.0,0.0,-37.939367578607275,-23.373289921842844,-6.653670019851518,115.21858496471104,93.47163858279013,0.0,0.0
56.45645645645643,-3.7400714409339337,3.847574012873877,2.5102476707767787,0.9409111107527528,0.984856897187187,-0.3203876484794795,-1.7957077321471353,-1.9498067852232293,-4.422904235287289,-91.32437983640543,-12.484150232333329,0.0,0.0,28.57574681674675,10.087470902722728,1.0182602583683664,-25.214613253732754,1.7496062761451525,0.0,0.0,-8.68433880953754,-5.529747411129133,5.293939026748743,-21.159580587730733,-21.741616933329325,-0.16185992713113392,105.61006655356354,90.8258036046046,0.0,0.0,-37.799107473840834,-23.407369445184184,-6.625085600174172,115.19083756345944,93.45039848666765,0.0,0.0
56.556556556556544,-3.732432405680681,3.888843869437771,2.5390393583400077,0.9407653397390725,0.9844154865151818,-0.3204304380223557,-1.6062111368181493,-2.0347826428281626,-4.461110345665666,-91.71729545055256,-12.387217912230565,0.0,0.0,28.59340568025692,10.15977193386787,0.9988225817113777,-25.51705454009443,1.8877686030360334,0.0,0.0,-8.719459859378713,-5.579985856055389,5.192240972403401,-21.196979976740074,-21.72284243154554,-0.17286283928261703,105.44375694556022,90.83402264588256,0.0,0.0,-37.657609744962635,-23.441338768058394,-6.59588504746313,115.16248196023523,93.42942764270738,0.0,0.0
56.656656656656686,-3.725094021657992,3.930538136551218,2.568071234170171,0.9406163507584253,0.9839750653860527,-0.32047389612078747,-1.4153540733713676,-2.120485666637971,-4.49838890107641,-92.10898543570205,-12.290421690625294,0.0,0.0,28.61189210498666,10.232609894408409,0.9788134463456787,-25.82092632665799,2.0254423998231545,0.0,0.0,-8.754760443167168,-5.630567842395395,5.089788229091423,-21.233911610694697,-21.703773599842506,-0.18427401688254968,105.2765553863924,90.84318552614681,0.0,0.0,-37.514421929089096,-23.47525236587788,-6.56584793097898,115.13324223158159,93.40891211298833,0.0,0.0
56.75675675675676,-3.7181191164864855,3.9723098055135155,2.5972531788108117,0.940465559891892,0.9835354935225226,-0.32051773355855856,-1.2234445860450385,-2.2065213536756785,-4.535165349288288,-92.49980299073874,-12.194041891441438,0.0,0.0,28.630927363540543,10.305588884639642,0.9589733187207182,-26.125485784333343,2.165100228243248,0.0,0.0,-8.789936886441442,-5.681157956792795,4.9869529855495465,-21.270666998117115,-21.684568872153154,-0.19584486696396172,105.10880446953152,90.85273734701802,0.0,0.0,-37.37010375981982,-23.509193841936934,-6.535190062261262,115.10336936362162,93.38859908965766,0.0,0.0
56.85685685685687,-3.7113532375875864,4.014404307579582,2.6270361614020716,0.940311716418752,0.9830971419586252,-0.32056237500400403,-1.0303893606182764,-2.292951701274279,-4.571203362366369,-92.88906940534636,-12.097723693804467,0.0,0.0,28.65086119205272,10.379161639589594,0.9398448636192833,-26.43210198376345,2.309830271894894,0.0,0.0,-8.825422098711048,-5.731997859804807,4.88298016551651,-21.306910477128795,-21.665156179456453,-0.20757062497597686,104.94015458645379,90.86307693727694,0.0,0.0,-37.22455727023256,-23.543352145965635,-6.504030834634634,115.07257058679514,93.36866205039072,0.0,0.0
56.95695695695692,-3.7047832534964953,4.056843342980651,2.657110253366702,0.940154850584251,0.9826597298742076,-0.32060735724190853,-0.8361068761404628,-2.379729634033708,-4.60609527660027,-93.27690873926196,-12.001026395884544,0.0,0.0,28.67160168827761,10.453280139764104,0.9213827436760059,-26.740959971402752,2.4647336986576596,0.0,0.0,-8.861183682163167,-5.783154672341679,4.77822205074407,-21.34267412600634,-21.645451690246908,-0.21948039470270436,104.77032083221488,90.87446567816616,0.0,0.0,-37.07774511583416,-23.577551366996328,-6.472374226249582,115.04058065966333,93.34937341639507,0.0,0.0
57.057057057057044,-3.6988078662702706,4.0993298314504525,2.6873224153463466,0.9399944702692693,0.9822226263573575,-0.3206525561391392,-0.6397040546266234,-2.466618460954957,-4.639629289930933,-93.66257914365967,-11.90579990179079,0.0,0.0,28.69277934106907,10.52769549430531,0.9030664694184175,-27.05058994225026,2.6269676587257256,0.0,0.0,-8.896806323455456,-5.8343160497367395,4.672592338086083,-21.377910516251255,-21.625734512837834,-0.2315010612192207,104.59971765676376,90.88710598147247,0.0,0.0,-36.92961599632532,-23.61161424111612,-6.440489505679679,115.00785965864964,93.33143241430932,0.0,0.0
57.15715715715718,-3.6936848948735403,4.141724499596262,2.717596109057391,0.939831674154154,0.9817861753997331,-0.32069790813346677,-0.441141553772776,-2.55342919707474,-4.672101130898898,-94.04663239642508,-11.811314075190861,0.0,0.0,28.71416235524224,10.602223108736736,0.8851487755288616,-27.359581548016006,2.793989063682007,0.0,0.0,-8.931761155685685,-5.885367839139137,4.566477040977312,-21.412963761732403,-21.605988766946616,-0.24359878958224962,104.42847126555655,90.90086546525758,0.0,0.0,-36.780452579867536,-23.645382763973974,-6.4083751299569585,114.97441915339304,93.31469776851718,0.0,0.0
57.25725725725725,-3.688905243185519,4.184124232235233,2.7479369734617936,0.9396663101014348,0.9813512338391727,-0.32074331583717053,-0.24101022941509154,-2.6401840528945564,-4.703407885979312,-94.42907014792925,-11.717581825464139,0.0,0.0,28.735565385572905,10.676879712280611,0.8674962201017704,-27.668709614547197,2.9677424764270874,0.0,0.0,-8.966681740195863,-5.9363818204371,4.45979549134802,-21.447652994477142,-21.586199852570907,-0.25573460060560593,104.25660832920889,90.91534126418387,0.0,0.0,-36.630087049660006,-23.6789956954708,-6.375764841637639,114.94045064702702,93.29893593744379,0.0,0.0
57.3573573573574,-3.6849984481381375,4.226751269574576,2.778260914690692,0.9394974634354354,0.9809182825545545,-0.32078881245245244,-0.03844305712011327,-2.727576087254257,-4.733250838098098,-94.80934446960262,-11.623123244500496,0.0,0.0,28.757632032919922,10.751670415131134,0.8499264120740712,-27.978700325111117,3.147676423027026,0.0,0.0,-9.001113760542545,-5.98753564954855,4.3527025271941895,-21.48204661388288,-21.565923072670667,-0.26832394508908786,104.08349569647046,90.93083214017918,0.0,0.0,-36.476893267512516,-23.712426654583584,-6.341392865214214,114.9050604621071,93.28412400016416,0.0,0.0
57.45745745745744,-3.6814213637707693,4.269511002060064,2.808642761978982,0.9393264747550886,0.9804865981965298,-0.3208340995238572,0.165395795107794,-2.815129405855196,-4.7620145726329675,-95.18822960324128,-11.529370361558216,0.0,0.0,28.77989454334601,10.826585681655995,0.8329206764688006,-28.289232999236265,3.3335613873129986,0.0,0.0,-9.035531486967638,-6.038826127489827,4.245158757476799,-21.516146472119786,-21.54537411886553,-0.281142587393059,103.90988435645345,90.94738077420587,0.0,0.0,-36.322643375513834,-23.745876719034374,-6.306483687283614,114.86885033699234,93.26982165767836,0.0,0.0
57.55755755755755,-3.6782514726366364,4.3125512574738085,2.8390958419346015,0.9391527860196864,0.9800568958228227,-0.3208793910764097,0.3709354334417794,-2.9031651653994004,-4.789481763239574,-95.56502575457026,-11.436322723311644,0.0,0.0,28.80200855776176,10.90165772063397,0.8155651256656664,-28.599337654427096,3.522608701019692,0.0,0.0,-9.069913762441441,-6.090347041262597,4.137005313390388,-21.549790121073073,-21.524368668354022,-0.2944555328251598,103.73527716839506,90.96538554928995,0.0,0.0,-36.166552173105444,-23.77910340843477,-6.27062341331131,114.83189359976711,93.25645945656656,0.0,0.0
57.65765765765767,-3.675423806732733,4.355617942333337,2.869552058567571,0.9389776717597597,0.9796285520870871,-0.32092435853753754,0.577533283630645,-2.9912179029970036,-4.816185301090092,-95.94050714956458,-11.342664392162153,0.0,0.0,28.823804845654657,10.97657516788589,0.7985343672432403,-28.90843232575678,3.712414559312319,0.0,0.0,-9.104116535210212,-6.141906966495499,4.028506018807799,-21.58310397864264,-21.503181302474474,-0.30770171453453604,103.55997899393091,90.98403232185886,0.0,0.0,-36.00980691772972,-23.812188892393394,-6.234568461720718,114.79457617234534,93.24367767877477,0.0,0.0
57.757757757757744,-3.6725338169916575,4.398792950891891,2.9005255765395384,0.9387995394100768,0.9792032144020688,-0.3209697623013013,0.7851809143506786,-3.0792634806910213,-4.842021976971637,-96.31407580501701,-11.24931260407708,0.0,0.0,28.845423907767433,11.051785581287952,0.7821631188852198,-29.217665079485148,3.9035728475555516,0.0,0.0,-9.138921356526193,-6.193556178500833,3.9190622483046402,-21.616058961071403,-21.481759733519855,-0.3210643627157129,103.38383743519353,91.00364372437203,0.0,0.0,-35.85155574108475,-23.845450018683344,-6.197861318621624,114.75627594247347,93.23200594655223,0.0,0.0
57.857857857857894,-3.669912762636636,4.442248095656657,2.9316017053046366,0.9386186482092091,0.9787803242095429,-0.3210153023790457,0.9943959318248254,-3.1676591890600627,-4.866627166156824,-96.68533420209076,-11.15617201790824,0.0,0.0,28.86652715784117,11.1273434360991,0.7662068077674318,-29.526113510455122,4.097679690194863,0.0,0.0,-9.17386572322289,-6.2454297476409755,3.8088999297387396,-21.648457831671337,-21.460245364572906,-0.33422988272005527,103.20674474408474,91.02380263921489,0.0,0.0,-35.69200497177545,-23.878706036314313,-6.160676271474474,114.7173303416777,93.2210887194531,0.0,0.0
57.95795795795793,-3.667443670696695,4.485829658482484,2.9628069965825836,0.9384358109079078,0.9783590806666667,-0.32106073866566565,1.204678841476482,-3.2560577390370407,-4.890282762232234,-97.05511721705307,-11.063667531597599,0.0,0.0,28.887498588234234,11.20300953935736,0.7507420952332332,-29.834545979177182,4.294548760333337,0.0,0.0,-9.208950635902907,-6.297427500794795,3.6981954374394355,-21.680442298913913,-21.4385388097998,-0.34748517310710836,103.02903417913414,91.04475880766066,0.0,0.0,-35.53168548735235,-23.912006702909913,-6.123253391195196,114.677882300984,93.21085397894294,0.0,0.0
58.058058058058045,-3.665392245581247,4.529370030863197,2.9942636355638985,0.9382502481564898,0.9779398368595261,-0.32110598590056727,1.416485554769444,-3.344213906897233,-4.91302022822122,-97.42300825224592,-10.97115798168602,0.0,0.0,28.90845205965966,11.278618679059061,0.7355022474224222,-30.14218878546714,4.489743279507179,0.0,0.0,-9.243999639747418,-6.349384122271273,3.5867560291224505,-21.71198728027027,-21.416604093648317,-0.36084292284851516,102.85076567417418,91.0668698745996,0.0,0.0,-35.37046284571905,-23.945284462662663,-6.08572853267601,114.63792270206606,93.20218965205038,0.0,0.0
58.158158158158166,-3.6637518894644634,4.572983461157492,3.0257326188315,0.9380631038304973,0.9775219314801469,-0.32115090498698695,1.629553755798808,-3.432426665745082,-4.9348529503973975,-97.7895999133794,-10.878633546875205,0.0,0.0,28.92923591339339,11.35420453672573,0.7203575572205534,-30.449130840413762,4.686226698050056,0.0,0.0,-9.278816343921926,-6.401435373696698,3.4750609419823086,-21.743330372972974,-21.39437635873173,-0.3743473882649308,102.67179676703036,91.08961679231733,0.0,0.0,-35.208084850500825,-23.97844339290557,-6.047598741761094,114.5972421235956,93.19463302149384,0.0,0.0
58.25825825825825,-3.662692676424424,4.616687245475479,3.0571921098458494,0.9378746342122122,0.9771055044314314,-0.32119561645645645,1.8441200256686845,-3.520745695991998,-4.9556793605395395,-98.15471245220625,-10.78612348212712,0.0,0.0,28.949761375534536,11.429827187193201,0.7055635537477464,-30.754954034711737,4.882820974065076,0.0,0.0,-9.313146646279282,-6.45358962734535,3.3631520848108005,-21.774541496652656,-21.371885275727728,-0.38800584016516415,102.49216789649248,91.11273963520321,0.0,0.0,-35.044563604669655,-24.011498102271272,-6.008825232900899,114.55574329256456,93.18778883187788,0.0,0.0
58.35835835835839,-3.6626098749646303,4.660656890754423,3.0885176201137816,0.9376833092806139,0.9766917958865532,-0.3212397811221221,2.061471503312649,-3.6093180164704735,-4.974702023763096,-98.51728143399234,-10.694170386098431,0.0,0.0,28.969674777625624,11.505679383353023,0.6912066357704363,-31.058442256771446,5.078556726727062,0.0,0.0,-9.34679637807541,-6.506045565386055,3.2508381073189816,-21.80554808027427,-21.348852603690357,-0.40201258592425687,102.31148229139339,91.13770177066567,0.0,0.0,-34.878915839438775,-24.044185601088422,-5.968910457118786,114.5125997619019,93.18276015029964,0.0,0.0
58.45845845845846,-3.6629333850810815,4.70480631925759,3.1199840777407406,0.9374900339459458,0.9762797245445445,-0.3212838915382049,2.2801760516846796,-3.698005414293957,-4.992660062365698,-98.87830127037736,-10.602010489470475,0.0,0.0,28.989447727727395,11.581723882938602,0.6773965730013357,-31.361478531888885,5.273600079089748,0.0,0.0,-9.380322341716049,-6.558664802949281,3.1379280898795487,-21.836279789015347,-21.32549899539673,-0.4162370961758418,102.13030819709344,91.16351683086285,0.0,0.0,-34.71229523557224,-24.07674970425959,-5.928695068125461,114.46868608902938,93.178458624314,0.0,0.0
58.55855855855858,-3.663477220630631,4.749054441903906,3.1515910862912917,0.9372957413603604,0.9758694909939939,-0.3213280117357358,2.49969932743244,-3.7868010631111155,-5.010018418123122,-99.23799065333935,-10.50965067415015,0.0,0.0,29.00886302404505,11.657734217549551,0.6640476106906901,-31.66373995250151,5.466471110918921,0.0,0.0,-9.413769558681683,-6.611340315777779,3.024635133093089,-21.866775934885887,-21.301912257792797,-0.43048967212612566,101.9485710646216,91.18957940245946,0.0,0.0,-34.54500401112312,-24.109291535978976,-5.888207782141142,114.42457998544144,93.17467250640841,0.0,0.0
58.658658658658666,-3.6641970212102093,4.793170354923258,3.1833996723636986,0.9370987004461128,0.975463673948949,-0.3213718179025692,2.7207749051248014,-3.875328987964635,-5.026182529728062,-99.59489527970672,-10.41817557682649,0.0,0.0,29.027240534113787,11.733439016787457,0.651505068690022,-31.96429389306408,5.6604813380777514,0.0,0.0,-9.447474697557896,-6.66383803372239,2.910716733274934,-21.896904285377712,-21.277929037274607,-0.4446989619609608,101.76576603743776,91.21650099000968,0.0,0.0,-34.37607931655889,-24.141807643223224,-5.846918441814481,114.37984045601601,93.17207014097531,0.0,0.0
58.758758758758745,-3.664848699779779,4.837423970403071,3.2153138522419105,0.9368992852595927,0.9750618637370705,-0.32141513050717385,2.9430531219339437,-3.9637707488028076,-5.040996514089089,-99.94940460418486,-10.3265123337721,0.0,0.0,29.044131617152154,11.80918115707708,0.639468192256255,-32.26287637158026,5.856281576388391,0.0,0.0,-9.481678406210213,-6.71646134627194,2.796194770231892,-21.926625435931264,-21.25357696884251,-0.45901135475875987,101.58220820300198,91.24452558990691,0.0,0.0,-34.205955315633624,-24.174343988068404,-5.805251555822823,114.33446527188055,93.1707207038472,0.0,0.0
58.85885885885888,-3.665353967604603,4.881768688144147,3.247227452909912,0.9366977702812813,0.9746633943533535,-0.321458103996997,3.1662233438358465,-4.052123069727733,-5.054752871388389,-100.30177977390693,-10.235053630409404,0.0,0.0,29.05971467326026,11.884918259483488,0.6275608296776766,-32.55936169914416,6.051648466647658,0.0,0.0,-9.516436276435439,-6.769106067232235,2.6811436017987904,-21.955864462473475,-21.229001080874873,-0.4735454477687691,101.39847084888387,91.27393683193694,0.0,0.0,-34.0347713109089,-24.20696116747748,-5.763263699026025,114.28859020682982,93.1702011116947,0.0,0.0
58.958958958958966,-3.6659869545985986,4.926316390169839,3.278970004934938,0.9364947802632633,0.9742669812379046,-0.3215008452535869,3.390457592802477,-4.14068529055289,-5.067327060813482,-100.65211477253189,-10.141964957378708,0.0,0.0,29.07416475165499,11.960690677521525,0.615744306469804,-32.85389311691026,6.248085450139145,0.0,0.0,-9.551267800095095,-6.821926450515518,2.565758207806802,-21.984678956656328,-21.20437201176977,-0.48799826245011796,101.21417360937471,91.30365974554421,0.0,0.0,-33.8626738646026,-24.239490085476145,-5.721088201012677,114.24234464563128,93.17040748328361,0.0,0.0
59.059059059059074,-3.6677954143933924,4.970736645228561,3.3104987123827163,0.9362902824748082,0.9738730527881213,-0.32154261661027694,3.61730152470937,-4.228977608681346,-5.0783477234527865,-100.99980536759394,-10.048001131077081,0.0,0.0,29.087681838479476,12.036020444899899,0.6042210108358362,-33.14479319003903,6.445010135338327,0.0,0.0,-9.584897053611613,-6.874762354490488,2.450282120798132,-22.01346293168735,-21.179356542352355,-0.502535312572572,101.02925637051418,91.33430040921488,0.0,0.0,-33.689509979896904,-24.271525166845844,-5.678798619851188,114.19507389665664,93.17303729863264,0.0,0.0
59.15915915915919,-3.670285107252252,5.014880311865866,3.3419488523263268,0.9360841991911913,0.9734830160800799,-0.3215835323523523,3.8462753459039027,-4.3165104317977985,-5.087798855358359,-101.34464407105706,-9.9541985952983,0.0,0.0,29.099497454736735,12.110961969846846,0.5937523501041031,-33.431800204720716,6.641880785882878,0.0,0.0,-9.617975659760763,-6.92731121252052,2.334510698134133,-22.042311027237236,-21.15399674978078,-0.5171876265275269,100.84419440797498,91.36627789304504,0.0,0.0,-33.51556605481382,-24.30331440128228,-5.63640884838839,114.14736222698097,93.17707566091292,0.0,0.0
59.25925925925924,-3.6734568071851847,5.059045958234568,3.37339394180247,0.9358755548888888,0.9730960351358025,-0.32162389535802466,4.077477546370369,-4.403874860197531,-5.095779881074074,-101.68704384949385,-9.860366271728394,0.0,0.0,29.110647936320994,12.185850975333334,0.5840302551851837,-33.71713983732099,6.8417542691358,0.0,0.0,-9.650700440333333,-6.979881019012344,2.2183683525925906,-22.07109265462963,-21.128131117444447,-0.532016994222222,100.6584023781605,91.39918292837038,0.0,0.0,-33.339857936320996,-24.334800176666665,-5.593099444444446,114.09853713630864,93.18294021958023,0.0,0.0
59.359359359359374,-3.676903211641308,5.103231382504508,3.404695651443113,0.9356651547921256,0.9727125733713713,-0.32166356382682687,4.310313517475832,-4.4910767727047105,-5.102260174518518,-102.02715652997234,-9.767440238303296,0.0,0.0,29.120588912066733,12.26053426638439,0.5749638748792122,-34.000560130125145,7.044608760685702,0.0,0.0,-9.68339860991425,-7.032449904193531,2.1020775343776985,-22.099640392422423,-21.101770466642975,-0.5469909074461121,100.47183302076675,91.43290372928496,0.0,0.0,-33.162471070534856,-24.36605379584652,-5.548779788589255,114.04895645850115,93.19008390294961,0.0,0.0
59.45945945945946,-3.6805275796036043,5.1473869040180205,3.4357719281261274,0.9354534644414414,0.9723328736126126,-0.32170250431531533,4.54452291578379,-4.577967630837838,-5.107341191432434,-102.36462128409912,-9.67436185303603,0.0,0.0,29.12889594418919,12.334839035360362,0.56661408554955,-34.28105536421622,7.24967132425226,0.0,0.0,-9.716058191432435,-7.084938433873876,1.9856086724144102,-22.12787014962162,-21.075045672378376,-0.5622296703153149,100.28456111967567,91.46798139880181,0.0,0.0,-32.98410045188288,-24.397258503414417,-5.504123508738738,113.99896049627027,93.19844616409009,0.0,0.0
59.55955955955957,-3.684369912174842,5.191329607304973,3.466547932498499,0.935240541327661,0.9719566840033368,-0.32174037244344345,4.780038144439446,-4.664374247713382,-5.111075249751084,-102.69952670810544,-9.581361908761423,0.0,0.0,29.135578489846846,12.408493546196866,0.5582394788308316,-34.5583071006313,7.453196657353024,0.0,0.0,-9.748601276277943,-7.137276655028697,1.8690128351708346,-22.155634977240908,-21.048078335769436,-0.5772228028375055,100.09663451151985,91.50320264180448,0.0,0.0,-32.80489503397163,-24.42802873467501,-5.4591305146439755,113.9486648854718,93.20797856947146,0.0,0.0
59.65965965965968,-3.6883397324774783,5.235171709843177,3.4971378650967644,0.9350270867867868,0.9715824800587253,-0.3217777363770437,5.016315327046053,-4.750490968668671,-5.113942415793127,-103.03303279870804,-9.488607967411076,0.0,0.0,29.141200601571576,12.48185179933367,0.5500826892355702,-34.833497814513194,7.656537325068408,0.0,0.0,-9.781059344367701,-7.189506193217552,1.7524322085388686,-22.183341377159827,-21.021013322153486,-0.5922794549509499,99.90875792532098,91.53851679548782,0.0,0.0,-32.62520911895996,-24.458759638999,-5.4139638685996,113.8982026338989,93.2181479637197,0.0,0.0
59.75975975975973,-3.692450510106106,5.278751529544547,3.527469507032034,0.9348121546706706,0.9712122724974975,-0.3218141222342343,5.253952326276285,-4.835961493018021,-5.115301721556557,-103.36366844033735,-9.39626645634434,0.0,0.0,29.14461492551151,12.554563227633636,0.5422989414104098,-35.104702407119134,7.857871342442448,0.0,0.0,-9.813575713798802,-7.241406892771773,1.6357451349399337,-22.210851300018017,-20.993748493630626,-0.6073416684884899,99.7208947893113,91.57412657071873,0.0,0.0,-32.444509266332325,-24.489426312744747,-5.368369882475474,113.84751741586385,93.22937525251152,0.0,0.0
59.859859859859874,-3.696738871876209,5.322064129098099,3.557352247754088,0.9345967831568235,0.9708453996633299,-0.32184922858825493,5.492789430731403,-4.920738658503171,-5.115080619138804,-103.69196749365099,-9.303630104411077,0.0,0.0,29.146075026004006,12.626551098338007,0.5353442396036043,-35.37267320447181,8.059791003393064,0.0,0.0,-9.845890431956624,-7.293075469254255,1.5192248096049348,-22.238317172793128,-20.966271373985656,-0.6224631759796451,99.53271865500301,91.6108254487057,0.0,0.0,-32.2633634359256,-24.51996205793894,-5.322729380737069,113.7966647736243,93.24160167390558,0.0,0.0
59.95995995995995,-3.700981984771437,5.365207920249586,3.586953009103106,0.9343810849032366,0.970481815253587,-0.32188330960827494,5.732346368569579,-5.005022880827498,-5.113723141324992,-104.0180843348849,-9.210581708468798,0.0,0.0,29.145626216088424,12.698026787515854,0.5290916560533858,-35.63796069155056,8.263241822399404,0.0,0.0,-9.87828793568102,-7.344592406997331,1.4027073794334253,-22.265668448970974,-20.93858914653854,-0.6373746200116794,99.34417097007606,91.64796624899031,0.0,0.0,-32.08187889487253,-24.550357880768775,-5.277029723863197,113.7458360714598,93.2544180240981,0.0,0.0
60.06006006006008,-3.705218976396396,5.4084420706806835,3.616399400348351,0.9341647728518521,0.9701200666766766,-0.3219167670900901,5.972451625554565,-5.089289714685689,-5.111652311821823,-104.34309853528529,-9.11761788229629,0.0,0.0,29.144229401851852,12.76943245812513,0.5230328380710705,-35.90179228876278,8.467454687161169,0.0,0.0,-9.910810926885889,-7.396241491379382,1.2861313075825744,-22.292783761615613,-20.910634746341337,-0.6521613346386387,99.15490152607407,91.6854090487117,0.0,0.0,-31.89989819053053,-24.58068136290591,-5.231140065163163,113.6946030291922,93.26778244426728,0.0,0.0
60.1601601601602,-3.7096001175799125,5.451408103782786,3.645464665119788,0.9339477323777112,0.969763291649316,-0.3219493765979312,6.213935854978992,-5.172902521067405,-5.108014545816817,-104.66498416345848,-9.025186869713039,0.0,0.0,29.14054841974808,12.840055914371044,0.5178198728628629,-36.16154839586355,8.668229123909589,0.0,0.0,-9.943208698722392,-7.447557251398068,1.1696531745218466,-22.31991433093126,-20.882420615502834,-0.6669688891695017,98.96563086033032,91.72302184893927,0.0,0.0,-31.716984411692682,-24.610809530640974,-5.184852061005003,113.64321605713012,93.28257998257925,0.0,0.0
60.260260260260246,-3.714220080984318,5.49404719167501,3.674313913289288,0.9337291341995329,0.9694118128274942,-0.3219810249906573,6.45721985527228,-5.255558736930266,-5.102541631388387,-104.98334912731698,-8.933533018146473,0.0,0.0,29.13428527627327,12.90992110705172,0.5134003882455779,-36.416624942370376,8.862444878384057,0.0,0.0,-9.975551195587588,-7.4984239832972985,1.052928960918583,-22.34697043697464,-20.85393631729296,-0.6820348656059393,98.77697390568167,91.76125686124124,0.0,0.0,-31.53304627054721,-24.64071397916016,-5.138296981181847,113.59153718955122,93.29899178076343,0.0,0.0
60.36036036036037,-3.720182809693694,5.536260264816816,3.7028722458258265,0.9335088098528528,0.9690651168258257,-0.32201123028528533,6.703829464825826,-5.33707847318919,-5.095010517636636,-105.29750297396997,-8.84371828486787,0.0,0.0,29.126277877759765,12.97895243433033,0.5094436099549572,-36.665806467333326,9.052582305030025,0.0,0.0,-10.00653235836937,-7.548972734987987,0.9360700846606592,-22.374216070741745,-20.825110775684685,-0.6972948415195207,98.588608767012,91.80041550996097,0.0,0.0,-31.34838672501802,-24.66999383983483,-5.0921578829939955,113.53913450366967,93.31843766624925,0.0,0.0
60.460460460460446,-3.726785400559558,5.578207885085086,3.7308032936833513,0.9332869745862528,0.9687236790630631,-0.32203944797797796,6.95281825582249,-5.417744584548549,-5.085573510942609,-105.60782861851385,-8.754674789518853,0.0,0.0,29.11569048428562,13.047111160442778,0.5057862312545878,-36.90918801568937,9.241565586377378,0.0,0.0,-10.036973052789794,-7.5993548115335345,0.8194406444317606,-22.40111934730964,-20.79570637158725,-0.7124180229282624,98.39936513101401,91.84047952167268,0.0,0.0,-31.16248322097931,-24.698620183975308,-5.045489398732068,113.4865366238485,93.33929403365967,0.0,0.0
60.560560560560575,-3.7333734740290274,5.620067251036706,3.7583407970383726,0.9330647725215215,0.968385634156156,-0.3220668751568235,7.2026750043910654,-5.498019938105108,-5.074979095651651,-105.91618186431099,-8.665712370252916,0.0,0.0,29.10299355641208,13.114890007968304,0.5025465405048377,-37.149013171860204,9.430556171806145,0.0,0.0,-10.06747412666233,-7.649587609128463,0.7031062384904846,-22.42805170808608,-20.766071864992323,-0.7276346208882218,98.20989889322655,91.88103392821522,0.0,0.0,-30.975863075099095,-24.72722458052285,-4.998495891271605,113.4337535949683,93.36097402554854,0.0,0.0
60.660660660660696,-3.7399561934884873,5.6617491585155175,3.7855531343033064,0.9328424186536536,0.9680505254244245,-0.3220937452372372,7.453240643116123,-5.577758220082084,-5.063291617816817,-106.22266291416618,-8.57633856978278,0.0,0.0,29.088697826875876,13.18217393492493,0.4998429911781773,-37.38624833342443,9.619177549234236,0.0,0.0,-10.097959422489492,-7.699562971103106,0.5869430192212142,-22.455010549883887,-20.736325780360357,-0.7429434064264294,98.02060597143543,91.92174816535237,0.0,0.0,-30.788753363067066,-24.75567621361862,-4.9513125133003015,113.38091793385783,93.38320275494996,0.0,0.0
60.76076076076074,-3.7463500628191526,5.703035353141478,3.812472034773107,0.9326198694004004,0.9677194890760761,-0.3221198511511511,7.70438836670905,-5.656646309842846,-5.050521588324324,-106.52674666231098,-8.486964428428426,0.0,0.0,29.072076275914583,13.248742716533538,0.498003843078746,-37.620164476094104,9.808632030240247,0.0,0.0,-10.128681110722727,-7.749030477087423,0.47090018051684546,-22.482151279843848,-20.70647414403737,-0.7582526984034045,97.83174678509377,91.9621937788999,0.0,0.0,-30.60121262630964,-24.784030865013342,-4.903953007594259,113.32821344718619,93.40641915310309,0.0,0.0
60.86086086086086,-3.752901296351685,5.743851750290291,3.838851580843177,0.9323974768495162,0.9673924457090424,-0.3221445462482483,7.956732334454787,-5.734471970292627,-5.036183291453453,-106.82810114372174,-8.397552872953286,0.0,0.0,29.05297022711011,13.314291503680348,0.49669202739139295,-37.84979601240007,9.998577652021691,0.0,0.0,-10.159104887416415,-7.798060395990324,0.3552083573506836,-22.509355034580246,-20.676427249502506,-0.7735457210253569,97.64310762531666,92.00285175808642,0.0,0.0,-30.413340552211878,-24.811938437239906,-4.8564837253366715,113.27557238864131,93.43081759544377,0.0,0.0
60.960960960960946,-3.7597161889259256,5.784034332699702,3.864327089017017,0.9321747832912914,0.9670717884924924,-0.322167071957958,8.211047289442446,-5.810914362033036,-5.019467812292293,-107.12495718441642,-8.309328890377376,0.0,0.0,29.030221204170168,13.378287248037037,0.49551647538037924,-38.07277999336037,10.186930286115118,0.0,0.0,-10.18910956383884,-7.846486057016017,0.23993327392091812,-22.53627800466366,-20.64601820631331,-0.7885945602112125,97.45437967062863,92.04386242844244,0.0,0.0,-30.22455157295396,-24.83886002679279,-4.808515441307309,113.22322791616519,93.45734961845346,0.0,0.0
61.06106106106107,-3.7664844283043033,5.823824183799133,3.889264685685687,0.9319517441384718,0.9667554651895228,-0.32218839292225565,8.466369105883214,-5.88639332864965,-5.001333923037706,-107.41895004407543,-8.221288797614282,0.0,0.0,29.004995928244245,13.441397490525194,0.49479895817517594,-38.29180430593526,10.374601995309307,0.0,0.0,-10.21914686586987,-7.894459830486819,0.12495485347213757,-22.56322617257758,-20.615498420906572,-0.8036573230757436,97.26603933942008,92.08509462282917,0.0,0.0,-30.035361788829164,-24.865482032947277,-4.760543913754757,113.1711922791208,93.48484913190624,0.0,0.0
61.1611611611612,-3.773111814127126,5.86329646646413,3.9135798526693364,0.9317290138381715,0.9664435682772773,-0.3222086287937938,8.722379839742404,-5.9610322905752415,-4.98186175941475,-107.71020293912845,-8.133254579822491,0.0,0.0,28.977009656473477,13.503725350739739,0.4947733198208195,-38.50655380630563,10.563170499878206,0.0,0.0,-10.249195085433433,-7.942041348834833,0.010357927006005827,-22.59027143569903,-20.584960701720057,-0.8185928220787465,97.07825405567702,92.12625560637706,0.0,0.0,-29.845854743661665,-24.89178989189723,-4.712561750063067,113.11943249732767,93.51331074336102,0.0,0.0
61.26126126126128,-3.779787490249249,5.9023524325555545,3.9372345388678673,0.931506195081081,0.9661359919219219,-0.3222273368258258,8.97937745053754,-6.034680552897898,-4.961079421417417,-107.99867533264565,-8.045504826684684,0.0,0.0,28.94641582528228,13.565172150798798,0.4952777816396403,-38.716887193945944,10.752996918534533,0.0,0.0,-10.27910806476877,-7.989210433087088,-0.10379869078378656,-22.617428516423423,-20.55435214827628,-0.8333653073183163,96.89073562550752,92.16744733062762,0.0,0.0,-29.656165407204202,-24.917832502099102,-4.664880628513517,113.067772193,93.5427667262102,0.0,0.0
61.36136136136137,-3.786767094034701,5.940852472704039,3.9601548246246274,0.9312832155505504,0.9658332449673006,-0.3222443951621622,9.237918124877881,-6.106988982146148,-4.938698480382049,-108.28367755159861,-7.958128626393058,0.0,0.0,28.913319712418417,13.625467038396067,0.49622178266600014,-38.92222466769437,10.941773778308313,0.0,0.0,-10.308548360320655,-8.03580220130931,-0.21744316502870026,-22.644857645800137,-20.52362868464264,-0.8483622012719388,96.70372350517484,92.20931174060426,0.0,0.0,-29.466297604151816,-24.94367756549016,-4.6175245529766435,113.016424662348,93.57317868264064,0.0,0.0
61.46146146146144,-3.7939659305715723,5.978683058702368,3.9822996036393072,0.9310603335675675,0.9655353749472806,-0.32225965833933934,9.497799664455792,-6.177764180421756,-4.914629915722723,-108.56523111508443,-7.870896856113447,0.0,0.0,28.87748537454521,13.684475576947282,0.4977776394134156,-39.12265217277344,11.130656043632964,0.0,0.0,-10.337609569403403,-8.081688060958959,-0.330507466995998,-22.672627002550552,-20.49283062901535,-0.8633877391765103,96.51723809826026,92.25128953557191,0.0,0.0,-29.27643401637004,-24.96927199566066,-4.570468676680014,112.96552656354822,93.60456807386552,0.0,0.0
61.56156156156156,-3.8012256292472477,6.016399586272272,4.0040221704414405,0.9308366696406406,0.9652422027027028,-0.32227354260160157,9.759033898817815,-6.247909978892893,-4.889112492459459,-108.84384348316416,-7.783707055932936,0.0,0.0,28.838916756626627,13.742877806097095,0.49986550674574615,-39.3184152992052,11.31909919947447,0.0,0.0,-10.366780692426426,-8.127439038088088,-0.4433548911271262,-22.7003831778058,-20.46155477825726,-0.8785302356756745,96.33031010195195,92.29336661249049,0.0,0.0,-29.085797491367373,-24.994726307435432,-4.523258075638642,112.91430801610711,93.63716182537938,0.0,0.0
61.66166166166171,-3.808523210552886,6.053911393810813,4.025472973744747,0.9306130931257925,0.964951760721388,-0.322286928670337,10.020800888728406,-6.317488470201203,-4.862868747943276,-109.12076525902236,-7.696412167655986,0.0,0.0,28.798924530007675,13.800767317538206,0.5022159286987,-39.511580100890896,11.506259253529537,0.0,0.0,-10.395854179346681,-8.172918004085421,-0.556022329533541,-22.728207087233233,-20.4301933274985,-0.8938069523700355,96.14389495356689,92.3353003537828,0.0,0.0,-28.894941679926262,-25.02008729838672,-4.476051695213881,112.8633681870347,93.67033974308109,0.0,0.0
61.761761761761775,-3.8158167008535195,6.090105828360363,4.045945657705708,0.930391245977978,0.9646688118084752,-0.3222987201901902,10.283772572958643,-6.384634097039711,-4.834450188760759,-109.39261619670742,-7.609606128230889,0.0,0.0,28.754447752069062,13.856498579183187,0.5056139020887571,-39.69773434565434,11.693136495188204,0.0,0.0,-10.424361337871208,-8.216888119029033,-0.6679766975365464,-22.756473241050053,-20.399182150674342,-0.9086134120854201,95.95990652553486,92.37594696035737,0.0,0.0,-28.704539621436417,-25.04430448148182,-4.429291385796459,112.81366728262928,93.70508613679979,0.0,0.0
61.86186186186187,-3.823108216287287,6.125796583756759,4.065955843673675,0.9301698143203204,0.9643893322222222,-0.3223098821681682,10.547325684739752,-6.450700704935942,-4.805103859515514,-109.66217380292294,-7.522704181379373,0.0,0.0,28.70813387651051,13.911366508369372,0.5095209461771759,-39.8806753472873,11.877977994697707,0.0,0.0,-10.452701171784788,-8.260226496764767,-0.7796508353353426,-22.784963053985987,-20.3683289419039,-0.9234129166206249,95.77694333093892,92.41634230436937,0.0,0.0,-28.51432406579979,-25.068214494015017,-4.382820155656654,112.76458280928327,93.74079110068969,0.0,0.0
61.96196196196193,-3.8305091849099084,6.161017864753085,4.08545976589423,0.9299486397647648,0.9641138858318319,-0.32232012232999663,10.81173258530697,-6.515611219705368,-4.774666629410746,-109.92897976930196,-7.434703239622957,0.0,0.0,28.659879962538536,13.965324861536871,0.5137514631291304,-40.060007600215215,12.060702226479814,0.0,0.0,-10.480761339933936,-8.303014022573572,-0.8910742199693047,-22.81360588967835,-20.33759082008375,-0.9382101278958969,95.59494540977845,92.4564507380327,0.0,0.0,-28.324368563729394,-25.09172534504171,-4.33673906587254,112.7161145034291,93.77690651813012,0.0,0.0
62.06206206206207,-3.8379603492255576,6.195538524012346,4.104095900537538,0.9297280722595929,0.9638445284411079,-0.3223284284551218,11.07717595568403,-6.578865437873875,-4.742714294013345,-110.1917054467701,-7.346562649085416,0.0,0.0,28.608343151253916,14.017834616895566,0.5185024443636974,-40.23363598318686,12.241157363601276,0.0,0.0,-10.508516244832501,-8.345049879118452,-1.0019061383964027,-22.842461996057057,-20.306719593038036,-0.9529574245265282,95.41359554736067,92.49667525452419,0.0,0.0,-28.134513769646976,-25.11477708801635,-4.291058578511511,112.66849672016383,93.81377821804438,0.0,0.0
62.162162162162204,-3.845661718333332,6.229385947486488,4.121717237477478,0.9295075171531533,0.9635817384774775,-0.32233435764864865,11.344227512333337,-6.640534905666668,-4.70893348836937,-110.44999552182882,-7.258538952234234,0.0,0.0,28.553135768558555,14.068828845783788,0.5237084587027038,-40.400411608801804,12.42030596592793,0.0,0.0,-10.53586144254955,-8.386414748441442,-1.1118794259279297,-22.871585560828827,-20.275575723405403,-0.9677231169639644,95.23269901825225,92.53647006690991,0.0,0.0,-27.94438794389189,-25.137450165153158,-4.245680747612612,112.62150663292792,93.85129588601802,0.0,0.0
62.26226226226227,-3.8534158542342354,6.262647556673005,4.138344935980314,0.9292872452829496,0.9633256762879545,-0.32233850972238903,11.612804592929256,-6.7007180054414395,-4.67313430171238,-110.70426771986854,-7.170026806773441,0.0,0.0,28.49407865236236,14.118408747801132,0.5291037545462147,-40.56057104183249,12.598808738075737,0.0,0.0,-10.56297858080013,-8.427078655714713,-1.2210940234667982,-22.90069667576977,-20.244236950087753,-0.9823722809372695,95.05241278608509,92.5753820481515,0.0,0.0,-27.75341524970071,-25.159134152170502,-4.199730785324661,112.57480976571905,93.890629756673,0.0,0.0
62.36236236236236,-3.8610855165722375,6.295598764528863,4.1542999561318,0.9290675187230564,0.9630733599502836,-0.32234152434234237,11.882032682700377,-6.760024440303971,-4.636192002074408,-110.95619584,-7.081271522709704,0.0,0.0,28.432801446013343,14.167168107356357,0.534817537924592,-40.71728349329964,12.778199511286962,0.0,0.0,-10.59000919591325,-8.467372269899233,-1.3296634551014412,-22.930115147103105,-20.212804777492824,-0.99710774224558,94.8726102829396,92.61397225601803,0.0,0.0,-27.562163281699025,-25.180646964527533,-4.153705157630296,112.52846133194228,93.93061651457992,0.0,0.0
62.462462462462426,-3.8686435852722725,6.327882930746748,4.169485495576578,0.9288489390550551,0.9628252916936937,-0.32234325087087085,12.151718944618628,-6.818018071487489,-4.5981037358968955,-111.20515892097899,-6.993312440310308,0.0,0.0,28.368935915697698,14.214701948521522,0.5409738757427431,-40.86991401957658,12.957388039323328,0.0,0.0,-10.616847187080081,-8.506965304574575,-1.4377644339869913,-22.95962678791492,-20.181499316414413,-1.0114202560510521,94.6934971114064,92.6526142464044,0.0,0.0,-27.371437414233224,-25.201479493461466,-4.108289860927926,112.48281838634634,93.9717794678038,0.0,0.0
62.562562562562576,-3.8759731549215872,6.35944238720387,4.1838051220180175,0.9286315222038706,0.9625826908441777,-0.32234369259592927,12.421941845519859,-6.8743880682482486,-4.558759790116448,-111.45058321607476,-6.905621310233229,0.0,0.0,28.30221879555355,14.260908118689688,0.5476687672362363,-41.01809747358359,13.13521928211712,0.0,0.0,-10.64356000803904,-8.545721087546548,-1.545159211903573,-22.989439986697363,-20.150411557338003,-1.025598839463132,94.5159642862102,92.69058043410446,0.0,0.0,-27.181223073156154,-25.221460673700367,-4.063292105308309,112.43836386958458,94.01374143651918,0.0,0.0
62.6626626626627,-3.8838594705855862,6.38955544604638,4.196978037748748,0.9284155665702368,0.9623456151911911,-0.3223423495498832,12.693915391120793,-6.928100557884885,-4.517502057006673,-111.69150994475675,-6.818091147020352,0.0,0.0,28.23218339755889,14.304983129544876,0.5551700268952289,-41.1599811728959,13.31269015828629,0.0,0.0,-10.669049414301636,-8.582928654098097,-1.6515734173523533,-23.01996090285352,-20.11989228144511,-1.0395306523640309,94.34094113254355,92.72740229072872,0.0,0.0,-26.99219352386253,-25.240444471349683,-4.0193379656333,112.39539156909943,94.05654424116585,0.0,0.0
62.76276276276277,-3.891814543141141,6.419101080389391,4.209540160765767,0.9282003483783783,0.9621115679969972,-0.32233990533933937,12.96658695541542,-6.980674633464467,-4.475263110109108,-111.93029818203703,-6.730464428180177,0.0,0.0,28.159978171152154,14.348122012733734,0.5629199762542567,-41.29819219104305,13.490647017974975,0.0,0.0,-10.694220065385386,-8.619479238035037,-1.7573719739439468,-23.050770091825832,-20.08941121105906,-1.0533678980400407,94.1663825676857,92.76322288813114,0.0,0.0,-26.803254260797793,-25.259192009454452,-3.9754501731531526,112.35299723884285,94.09954599796097,0.0,0.0
62.862862862862855,-3.899697681288621,6.44805531972506,4.221298152231233,0.9279859185972639,0.9618822195352019,-0.32233618663697033,13.239907759375388,-7.03185668903537,-4.431934881115113,-112.16604324625527,-6.643118010569232,0.0,0.0,28.085167292535534,14.390111939054725,0.5710559850680677,-41.43210227395095,13.666294701400073,0.0,0.0,-10.71917928786954,-8.65532346891525,-1.8624513687540918,-23.082064487796465,-20.059021279220218,-1.0673219044254267,93.9930522334758,92.79852898020854,0.0,0.0,-26.614487255701356,-25.277725133844513,-3.9319116654060706,112.31153454733567,94.14321662910511,0.0,0.0
62.96296296296293,-3.9075187115925933,6.4762780632716055,4.232332286802469,0.9277721417530864,0.961659822962963,-0.32233094677777785,13.513913373913581,-7.081314981950618,-4.387554998444443,-112.39727754370372,-6.556067306950618,0.0,0.0,28.007363299185187,14.4306353884321,0.5795352955925935,-41.56098403676543,13.838579545246915,0.0,0.0,-10.743972947209876,-8.690288046049384,-1.967051516691359,-23.113901898469134,-20.028820791888887,-1.081257759469134,93.8214538108148,92.83278032064196,0.0,0.0,-26.426025189827165,-25.295924915592593,-3.8890222973950634,112.27099970301235,94.18679212598764,0.0,0.0
63.06306306306307,-3.915353632942942,6.50371730734835,4.242843827072072,0.9275591001681682,0.9614423819339339,-0.322324646981982,13.788742683255274,-7.129263775609613,-4.342255079810807,-112.62513051194897,-6.469173302345338,0.0,0.0,27.926769579870864,14.469821259495498,0.588440230888889,-41.68513363324926,14.009873912753767,0.0,0.0,-10.768563565930934,-8.724340667033037,-2.071376669609617,-23.145778924312314,-19.998737065921922,-1.0950743285375386,93.65092165654654,92.86665940243243,0.0,0.0,-26.237890426003,-25.313136784867872,-3.8464102413213213,112.23121830766665,94.23114719164565,0.0,0.0
63.16316316316319,-3.9232005379813146,6.5303691323990645,4.2526176179629624,0.9273471778778779,0.9612303403693694,-0.322317209327661,14.064357440077405,-7.1755838993917225,-4.295785933344345,-112.84923179616248,-6.382577224732399,0.0,0.0,27.843289019666667,14.507619604576911,0.5978494920200201,-41.80429344034067,14.178896529315642,0.0,0.0,-10.792782606206874,-8.757486248040708,-2.175094051875207,-23.17791200444578,-19.968679789284288,-1.1089066886770094,93.48140204643845,92.90030166322255,0.0,0.0,-26.050025839221558,-25.329625890567232,-3.804149752123459,112.1923492104955,94.27627825828327,0.0,0.0
63.263263263263276,-3.9310361437053727,6.55618322051585,4.261383219827828,0.9271370977070404,0.9610235583263262,-0.3223084009312646,14.340517930437112,-7.2201251470583925,-4.248106277379379,-113.06974527758526,-6.296346505439103,0.0,0.0,27.757019213108105,14.543916019416082,0.6073931544761438,-41.918804662789455,14.346305675821494,0.0,0.0,-10.816473614095097,-8.789655705961628,-2.2777958682505868,-23.2104964398325,-19.9388156492309,-1.1224947766162807,93.31316459007773,92.93268570770738,0.0,0.0,-25.862525573333663,-25.345528992203203,-3.7621929303420103,112.15471316742943,94.32214529861362,0.0,0.0
63.3633633633634,-3.9390346700490495,6.581226037015017,4.269303099642643,0.9269281344874875,0.9608208535815816,-0.32229856047947947,14.617481770961973,-7.263077893121124,-4.199369634416415,-113.2872921383924,-6.210400363460456,0.0,0.0,27.66862890517117,14.578947553625625,0.6171550618558561,-42.02938120213214,14.51242849937438,0.0,0.0,-10.839566715682682,-8.82097119398899,-2.3797752925195246,-23.24344204597698,-19.90939210871371,-1.1357698483893905,93.14651718705804,92.96389735310309,0.0,0.0,-25.67566777247547,-25.36085276147047,-3.7207587976506473,112.11826265375575,94.36850249692992,0.0,0.0
63.46346346346344,-3.9473452409996668,6.6053199541137815,4.276359085628629,0.9267202756649985,0.960622482193527,-0.3222875110483817,14.89548333322056,-7.304126210700704,-4.1494097026393035,-113.50150713338071,-6.124856085977977,0.0,0.0,27.57787821830998,14.612504436052387,0.6274954781344692,-42.13536186103137,14.676747500048716,0.0,0.0,-10.86191162258959,-8.851225216396065,-2.4810514825522203,-23.27691201118719,-19.880417527197864,-1.1488873353463458,92.98169275189322,92.99434365057492,0.0,0.0,-25.48969807262896,-25.375547965548883,-3.680168118420086,112.08306257482184,94.41556895699367,0.0,0.0
63.56356356356356,-3.9560194396826835,6.628001859370038,4.282266354616951,0.9265140363800468,0.9604311946876877,-0.3222745922125459,15.17479142460962,-7.342538445927593,-4.097963808588586,-113.71039202198533,-6.040385414241571,0.0,0.0,27.48334634306773,14.643846047189857,0.6386780565622296,-42.234161008334674,14.83707627085486,0.0,0.0,-10.88330503672606,-8.87990997321021,-2.581460651223561,-23.311047892647647,-19.851971724025024,-1.1617877904461118,92.819470441342,93.02348147016717,0.0,0.0,-25.30516316514681,-25.389206227339002,-3.641000323418088,112.04970662498366,94.46305615227261,0.0,0.0
63.66366366366369,-3.9646000787887887,6.6497931505865875,4.287448231140142,0.926309177103103,0.9602462334244244,-0.32226053553653655,15.454621451719735,-7.379105850079081,-4.045522993019016,-113.91505985009312,-5.956739612289285,0.0,0.0,27.385817817991985,14.67369071713714,0.6501868253783797,-42.32813845619521,14.994960386500509,0.0,0.0,-10.904393240836843,-8.907497092761764,-2.6813183725815897,-23.34569608186687,-19.82385953942242,-1.1745752351311332,92.65917661331531,93.05087505347048,0.0,0.0,-25.12136744088788,-25.402244843744747,-3.6024601512162144,112.01767257242344,94.51032559393596,0.0,0.0
63.76376376376377,-3.972970439016015,6.670517450749418,4.2919093114604605,0.9261062584834834,0.9600688629999998,-0.32224551466533197,15.734721792290642,-7.413664932057058,-3.9921458810226853,-114.11462992343445,-5.8734566078054655,0.0,0.0,27.284858747001657,14.701738560634634,0.6622520901454811,-42.41677394018452,15.150565919055065,0.0,0.0,-10.925242248487155,-8.933739764473476,-2.780611617631304,-23.38067345354355,-19.79587701099666,-1.1874187478298321,92.50112180053853,93.07734136162162,0.0,0.0,-24.938353735701018,-25.414288866267604,-3.564488482535532,111.98730660159727,94.5580365222369,0.0,0.0
63.86386386386389,-3.9815558456720064,6.690030079288952,4.295107114201868,0.9259051241107773,0.9598968684964966,-0.32222865791624955,16.015791040714376,-7.44592922472539,-3.937531855239908,-114.31004110960426,-5.790824468072743,0.0,0.0,27.18109563917718,14.727780647033365,0.6742141250920932,-42.50040891019519,15.304484026379376,0.0,0.0,-10.945239155239571,-8.958601145480477,-2.878551232640639,-23.416154928014016,-19.76823432825592,-1.199909264350683,92.34466113925525,93.10127422724423,0.0,0.0,-24.75577575914648,-25.42558800225225,-3.5268515092465806,111.95849839305272,94.60600137747882,0.0,0.0
63.963963963963934,-3.990212192246246,6.709019125558557,4.297686074027026,0.9257049952702705,0.9597277887477478,-0.32221105003903905,16.297193894408416,-7.476997166396394,-3.882425671834833,-114.50331669173572,-5.708399847606608,0.0,0.0,27.076151517855852,14.752919597195193,0.686136088255256,-42.58185711585885,15.457433383888892,0.0,0.0,-10.964820884177175,-8.982873037864863,-2.975862268144148,-23.45202064502402,-19.740823937276282,-1.2124111545375371,92.18945090796396,93.12444643577778,0.0,0.0,-24.57360012652853,-25.43663775917417,-3.4895203250690714,111.93063222315618,94.65410483184084,0.0,0.0
64.06406406406406,-3.99876906904104,6.727350431630964,4.299694321233902,0.9255059000623957,0.9595636185648981,-0.3221925536986987,16.57874933907141,-7.506605136069069,-3.8267329021698364,-114.69332445311177,-5.626211337169502,0.0,0.0,26.969196054456454,14.776954606784452,0.6983484078328343,-42.66010907723323,15.608886364050054,0.0,0.0,-10.984217646424426,-9.006343111921254,-3.0726729128174877,-23.488453196291626,-19.713569245485818,-1.2252102318104778,92.03590988796496,93.14679287220254,0.0,0.0,-24.392079893738075,-25.447313222892227,-3.4528355696850186,111.90413848582617,94.70218659468102,0.0,0.0
64.16416416416419,-4.00732496816116,6.745108641107109,4.301233300829498,0.9253076478481816,0.9594028135178514,-0.32217346077010345,16.860692148444446,-7.535044952209877,-3.770380787633966,-114.88097112207609,-5.544318521907574,0.0,0.0,26.860563213302306,14.800120590600935,0.7107260608985663,-42.73561106508042,15.759569378859528,0.0,0.0,-11.003324928251251,-9.029111020334334,-3.1690936591618297,-23.525230430641646,-19.686558426195532,-1.2379513910824191,91.88348204005739,93.16811383557925,0.0,0.0,-24.211094303340673,-25.45749958306039,-3.4165845772168852,111.87862227844275,94.75019435674275,0.0,0.0
64.26426426426426,-4.015763741504505,6.762071495655656,4.3021592120700705,0.92511083598999,0.9592469048348349,-0.32215362491191196,17.14301129806007,-7.562060830667669,-3.7131913466196167,-115.06520741559159,-5.462414373104101,0.0,0.0,26.74926814148148,14.822075880522522,0.7234439820600606,-42.80695263351352,15.909123470324328,0.0,0.0,-11.022149335900902,-9.050933795374373,-3.26506480002503,-23.56219728474975,-19.659898014126128,-1.250297611275276,91.73225335413014,93.18869458045945,0.0,0.0,-24.03073603409709,-25.46657406334635,-3.3807393709969964,111.85406140868068,94.79814445958259,0.0,0.0
64.36436436436439,-4.023936457150483,6.778410555119786,4.302309563226561,0.9249154623259926,0.959095409319653,-0.3221329096206206,17.42537124254121,-7.587496826988987,-3.655387924217551,-115.24657059231633,-5.380803826869535,0.0,0.0,26.63598544195195,14.842978179870205,0.7362789823626976,-42.87528503154222,16.057990743900234,0.0,0.0,-11.040822087906575,-9.072057366661664,-3.3604002758401763,-23.599414277710046,-19.633713942572903,-1.2623552484090752,91.58258742083883,93.20836101180615,0.0,0.0,-23.851062816497496,-25.475044573333,-3.345431825215215,111.83052651793894,94.84618067695929,0.0,0.0
64.46446446446448,-4.032227468824492,6.793857178033366,4.301589435371704,0.9247221085962629,0.9589492001044378,-0.32211150934634636,17.70826535254388,-7.611156321478811,-3.596828107613278,-115.42391854674608,-5.2999196949389376,0.0,0.0,26.520350739856855,14.862529967067067,0.7494262059309319,-42.93923620173607,16.20506401749717,0.0,0.0,-11.058762078156155,-9.092138313809809,-3.4552659076366368,-23.636986993022024,-19.6085924277988,-1.2736106541331336,91.43583197107542,93.22561932317585,0.0,0.0,-23.673351114119786,-25.482325440413078,-3.311466782477479,111.80884223759992,94.89375858617417,0.0,0.0
64.56456456456455,-4.040705431338338,6.807776479593594,4.299490434928929,0.9245314526216217,0.9588103154314312,-0.32208832141541544,17.991949154519524,-7.631974422696698,-3.5370408210840845,-115.59561150853952,-5.219908260912913,0.0,0.0,26.400749856157155,14.879761070456459,0.7631139981681689,-42.99612404727527,16.35064701701301,0.0,0.0,-11.075758807762764,-9.110461263953953,-3.548925621352354,-23.67542486293894,-19.58435437008108,-1.2842597875395392,91.29217248045046,93.24049080775777,0.0,0.0,-23.4973937712042,-25.48836480494895,-3.279106482476476,111.78952675643943,94.9415429346046,0.0,0.0
64.66466466466468,-4.049916307206874,6.819856873107108,4.296326877925592,0.9243432932839506,0.9586786500020021,-0.32206366830597266,18.27700828218618,-7.649718755861531,-3.4761755311658327,-115.76112481684183,-5.140362517130134,0.0,0.0,26.27774071897131,14.894367772607941,0.7774451113266607,-43.0460717093994,16.49430241898198,0.0,0.0,-11.091202341276942,-9.126653076309642,-3.6415681236156123,-23.71468137551752,-19.56058125806173,-1.2950356524294295,91.15151849136438,93.25350085581917,0.0,0.0,-23.32299916685519,-25.493279165814144,-3.2479409231501513,111.77255304897164,94.9896984419813,0.0,0.0
64.76476476476475,-4.059508290855188,6.8307281414658,4.292246685538205,0.9241574348641975,0.9585524994454453,-0.3220381013079746,18.562809452244583,-7.665241138628295,-3.4144818201808453,-115.92218975121622,-5.061120644878877,0.0,0.0,26.152301895253252,14.907165157859193,0.7917387209282627,-43.09135867745546,16.636102877291293,0.0,0.0,-11.105526164774108,-9.141387822565232,-3.7332718879129145,-23.75457488097064,-19.537387583292624,-1.305592315428429,91.01325808067801,93.26404318480513,0.0,0.0,-23.14981780505539,-25.49713576339106,-3.217578761951618,111.75764022314715,95.0377097602556,0.0,0.0
64.8648648648649,-4.0691401324144145,6.840737256117118,4.287672034306307,0.9239732282972973,0.9584314243333333,-0.3220120320450451,18.84861177972073,-7.679059680153154,-3.35253807242342,-116.07968414114414,-4.981912209666666,0.0,0.0,26.025129078918912,14.91868394763964,0.8063752803873889,-43.13361431332434,16.776115902207216,0.0,0.0,-11.119378522684686,-9.155072069225225,-3.8244915312072094,-23.795017075162168,-19.51437197572072,-1.316584435270272,90.87708985087387,93.27402118639641,0.0,0.0,-22.977462147648644,-25.500462748783786,-3.18767762773874,111.74420561889187,95.08568962047748,0.0,0.0
64.96496496496498,-4.078577114044377,6.850316276275275,4.282687551542542,0.9237902431224561,0.9583141327470805,-0.3219855894264264,19.13422598045946,-7.691874911099431,-3.290327322581915,-116.23473841763396,-4.903174180148147,0.0,0.0,25.896307201028357,14.929535479593927,0.8212309540470468,-43.17336260971038,16.914889936391724,0.0,0.0,-11.133167826844845,-9.168201188783115,-3.9155612977851186,-23.835721050634636,-19.491820826404403,-1.3272229570070073,90.74243133803171,93.28311995577812,0.0,0.0,-22.80611706801736,-25.503168036482815,-3.1586877008958987,111.73212314181148,95.13387965390358,0.0,0.0
65.06506506506506,-4.0877265745412075,6.859332564104771,4.277161665135469,0.923608820265599,0.9582018109429429,-0.3219587398388388,19.419522841267266,-7.703472159034701,-3.2278163720240256,-116.38661152105706,-4.824202050269603,0.0,0.0,25.765390476825825,14.939467951380712,0.8363138898021358,-43.209918885434774,17.051732271830495,0.0,0.0,-11.146891170274277,-9.18060524167968,-4.006310125592927,-23.8768334368989,-19.469956635656324,-1.3374620375989317,90.60965509639507,93.2909982168385,0.0,0.0,-22.635786295046046,-25.505265301715713,-3.1305052441644996,111.72124913154153,95.18144497363865,0.0,0.0
65.16516516516518,-4.096945331283284,6.867707361166166,4.2709978435185185,0.9234293341081081,0.9580934435075076,-0.3219315154974975,19.704837737530532,-7.713742579598599,-3.164879223929929,-116.53543931759759,-4.745648576514514,0.0,0.0,25.63277163442242,14.948483236733733,0.8516236857467467,-43.24346503282683,17.187448369794794,0.0,0.0,-11.16000397186987,-9.192205440565566,-4.096503730042044,-23.918546861630627,-19.448666408959962,-1.347402275346346,90.4788383721932,93.29745900562763,0.0,0.0,-22.466551180820822,-25.50676351653153,-3.103192841159161,111.7118831457107,95.22875898601,0.0,0.0
65.26526526526526,-4.106829232102102,6.874695011091092,4.263982577092092,0.9232523769773107,0.9579911221901902,-0.32190358943209885,19.9908752254291,-7.7214908395392055,-3.1015894757574243,-116.67897862188855,-4.667517424219554,0.0,0.0,25.498199226092424,14.955545610363364,0.8672086609042384,-43.27255154737237,17.32132847862062,0.0,0.0,-11.171606740903568,-9.20213954870904,-4.185878334549217,-23.96109354164231,-19.428041680847848,-1.3573820346543204,90.35124581729261,93.3012829282172,0.0,0.0,-22.298926051493492,-25.507461593545212,-3.0769521096319643,111.70504558201435,95.27560062969738,0.0,0.0
65.36536536536539,-4.116869139198865,6.880206423185186,4.256065795124791,0.9230783274507841,0.9578964609312646,-0.32187459076743413,20.27703129541577,-7.726695250360026,-3.03786584277577,-116.81669514264934,-4.5894567763790395,0.0,0.0,25.360697526217205,14.960343183052052,0.8829321792622645,-43.29661292347148,17.453189449659,0.0,0.0,-11.182321237085086,-9.210243536023357,-4.274333029773446,-24.004425985773782,-19.40788820663797,-1.367471235725392,90.22668931076109,93.30266406304172,0.0,0.0,-22.132593569066056,-25.507350860320656,-3.051439835088422,111.70079381947849,95.32151062146681,0.0,0.0
65.46546546546547,-4.126891511476477,6.884816406486486,4.247674749415415,0.9229059183613613,0.9578062489219219,-0.3218451788368369,20.563283971164175,-7.730232364994994,-2.9739248916656633,-116.95100669245446,-4.511608179378376,0.0,0.0,25.221349518918913,14.963949121566566,0.8990737822872885,-43.31759456754254,17.583920249097098,0.0,0.0,-11.192620210755754,-9.217232054227226,-4.3625110451161175,-24.048056065586593,-19.388323761915913,-1.3774598087327337,90.10442501382582,93.30280112473073,0.0,0.0,-21.96776552606907,-25.506363421735735,-3.02688389253053,111.6981361810831,95.36728506028828,0.0,0.0
65.56556556556555,-4.137001113046379,6.88827250290724,4.2385049919893225,0.9227361735055053,0.9577222695498833,-0.3218151325051718,20.849667488777786,-7.731608218918585,-2.909698461573573,-117.08055080248448,-4.433486832376042,0.0,0.0,25.07925944699299,14.965937160792459,0.9155258614524534,-43.33375166344378,17.712530166297633,0.0,0.0,-11.202148893231564,-9.222822376183517,-4.450204967239242,-24.09213423670571,-19.36974778868602,-1.3868801101081085,89.98478954159425,93.30120044750082,0.0,0.0,-21.804989543921586,-25.503955180063397,-3.00366914698632,111.69733284701167,95.41208760480681,0.0,0.0
65.66566566566567,-4.147347895169836,6.890807775019352,4.228609292533866,0.9225684598688689,0.9576423891644978,-0.32178473033299965,21.13640957810911,-7.731492279805472,-2.8450356655101765,-117.20647578316684,-4.356265679981647,0.0,0.0,24.935187925517518,14.966717592144144,0.9322951263273275,-43.34605616891825,17.839762150012014,0.0,0.0,-11.210828734939605,-9.227290594868867,-4.537221223533868,-24.136810366188183,-19.35198769704204,-1.3958163987707697,89.86742360442743,93.29785212198264,0.0,0.0,-21.64360987534835,-25.500541310494825,-2.981599317571573,111.69821338301536,95.45683240581347,0.0,0.0
65.76576576576575,-4.157723355231232,6.892817571963964,4.218322759357356,0.9224021308498498,0.9575651340570571,-0.32175405039939936,21.42314987362163,-7.73038897402102,-2.780207463135133,-117.3303082266937,-4.279795919006004,0.0,0.0,24.789935662252248,14.966760880480482,0.9492086595405411,-43.35628727355255,17.966264403997002,0.0,0.0,-11.219112280885886,-9.231131021618618,-4.623821685453455,-24.181870761558564,-19.334617157186184,-1.404575412474474,89.75144980921621,93.29382075065767,0.0,0.0,-21.482849353363356,-25.49671962438138,-2.9598944045855875,111.6999516188949,95.50153066096996,0.0,0.0
65.86586586586589,-4.167939069957292,6.894185454053053,4.207548709817816,0.9222382046956957,0.9574935473650316,-0.3217231114834834,21.709288194935954,-7.727886978799131,-2.715348282823486,-117.45037989254521,-4.204102221000331,0.0,0.0,24.64270727290222,14.965819768014677,0.9662858868388395,-43.36340542725892,18.091115211645317,0.0,0.0,-11.227074858133467,-9.23410497537504,-4.710142257299305,-24.227481178296294,-19.317920358545884,-1.4130087866302954,89.6381048039713,93.28829331117852,0.0,0.0,-21.323566990874202,-25.49231212663797,-2.939131691060395,111.70388751190424,95.54557103565134,0.0,0.0
65.96596596596596,-4.1783239892002,6.894330410716049,4.196128988366032,0.9220771233363363,0.9574291242292292,-0.3216916819102436,21.995211230492156,-7.723095801842841,-2.650347550723055,-117.56504657204638,-4.1287514636503175,0.0,0.0,24.49299486066166,14.96320804345846,0.9839303905679018,-43.36602041779346,18.214180860503504,0.0,0.0,-11.234159496115781,-9.235537749370371,-4.795993416963629,-24.2739357322676,-19.301801471263268,-1.4216713259659652,89.52791477477744,93.28094591086354,0.0,0.0,-21.166162243764102,-25.487029415196528,-2.919462489141476,111.71042522668968,95.58881591698331,0.0,0.0
66.06606606606604,-4.188893127789788,6.893520354831833,4.1841974108028035,0.9219185115355355,0.9573694262962963,-0.3216602168508509,22.281116486207203,-7.716537377833833,-2.585361912056056,-117.67571651362364,-4.054209100228226,0.0,0.0,24.34159661464164,14.959396119255256,1.0019332865405408,-43.36549244891593,18.336020036813814,0.0,0.0,-11.240386206727731,-9.23577461706907,-4.881461452914914,-24.32094110832933,-19.286596580028025,-1.4298816055915915,89.42049331617218,93.27156306063864,0.0,0.0,-21.010609557960965,-25.480736155841846,-2.9010055233013023,111.71881147319718,95.63163459826025,0.0,0.0
66.16616616616616,-4.199654480864198,6.891558384814481,4.171788836773773,0.9217620513953954,0.9573151744841507,-0.3216287432322322,22.567077704755434,-7.7082438564924916,-2.5204779408431746,-117.78160810995162,-3.980366513985983,0.0,0.0,24.188353350201194,14.954084459339672,1.0201771702946296,-43.36154538759426,18.456264624175514,0.0,0.0,-11.245854706319985,-9.234497719266267,-4.96663737063397,-24.36837123803404,-19.27229924008842,-1.4377559297964624,89.31595315614649,93.2592325468859,0.0,0.0,-20.85712718703136,-25.47328466377578,-2.884111576461128,111.72930043505474,95.67355667281015,0.0,0.0
66.26626626626626,-4.21061355640574,6.888832488988655,4.158890962957625,0.9216076531291291,0.9572651646990323,-0.32159712483950614,22.852968751269277,-7.698744902638305,-2.45557274178712,-117.88402760674107,-3.907353626457791,0.0,0.0,24.033682118300298,14.947687958166501,1.0386024905558904,-43.354625610151146,18.575602406196865,0.0,0.0,-11.25059831117284,-9.232271538377375,-5.051406443873542,-24.416233023365372,-19.258734682240906,-1.4454871198324994,89.21364421977344,93.24561747112011,0.0,0.0,-20.705015608744745,-25.465129040410744,-2.867931257576578,111.74124133727926,95.71480109963262,0.0,0.0
66.36636636636638,-4.221550889880882,6.885223301540539,4.145650236870869,0.9214553154454455,0.9572197407757759,-0.3215653425185185,23.138374806034037,-7.687735377780778,-2.390937678672671,-117.98308421015516,-3.834887686897898,0.0,0.0,23.877547046343345,14.940104797575575,1.0572350527187195,-43.3453104611021,18.69333537765165,0.0,0.0,-11.25488882681982,-9.228922924344344,-5.135818909093095,-24.464648491392392,-19.245675849793795,-1.4533079211731725,89.11367343068369,93.23073672636038,0.0,0.0,-20.55404350338038,-25.456460637368373,-2.852276763088091,111.75473630497497,95.75526899404905,0.0,0.0
66.46646646646647,-4.232533090311312,6.8806540313570235,4.131771120658992,0.9213063383713713,0.9571808408461795,-0.321533344367701,23.423116983166175,-7.674818686051052,-2.3264097594037363,-118.07720519122356,-3.76371035930397,0.0,0.0,23.71903171598665,14.931306545406406,1.076470744409744,-43.33181347858158,18.808026195940606,0.0,0.0,-11.258396428618953,-9.224361004983649,-5.21976047914715,-24.513993788934272,-19.233470317437103,-1.460889344281949,89.0169560260227,93.21427194153955,0.0,0.0,-20.405155505120455,-25.446833528802465,-2.8380603958832173,111.77079003620119,95.79523646706207,0.0,0.0
66.56656656656654,-4.243911852109442,6.875228042187187,4.117403656490824,0.9211597934898231,0.9571461136159491,-0.32150127439873205,23.708033380039375,-7.660540061203536,-2.261901038241907,-118.16743657238669,-3.692891841298298,0.0,0.0,23.55902855360627,14.921414745850182,1.095982787785786,-43.315174088743746,18.92032309273974,0.0,0.0,-11.260851576929596,-9.218701129497163,-5.303305548022356,-24.564015960532537,-19.22205149863197,-1.4681011150090106,88.92284268804005,93.19555726707675,0.0,0.0,-20.25776903761528,-25.43641452784985,-2.8248957600433777,111.78911309955254,95.83422785898867,0.0,0.0
66.66666666666666,-4.255182374777777,6.868974203888888,4.1025634707777785,0.9210162823333334,0.957117264111111,-0.32146917033333333,23.99216820133334,-7.6446796261111105,-2.1976415299999994,-118.25339825199998,-3.6229275305555553,0.0,0.0,23.396891065666665,14.91043027011111,1.115867085555556,-43.295139889777786,19.030068742888893,0.0,0.0,-11.262786312000001,-9.211928884222221,-5.386467010333336,-24.61483063111111,-19.211442006000002,-1.4751579231111118,88.831780871,93.17523460966666,0.0,0.0,-20.11202011388889,-25.425295246555557,-2.8127253952222238,111.80962434688888,95.87252285677778,0.0,0.0
66.76676676676675,-4.266827102522857,6.861815371918584,4.087507898974975,0.9208740814908243,0.9570919036526526,-0.3214371824531198,24.276693813128144,-7.627484555308638,-2.133541066875204,-118.33581396999098,-3.5537408272489115,0.0,0.0,23.23362276384317,14.898358042010011,1.136091232515517,-43.27264816054221,19.138508746933276,0.0,0.0,-11.263923126721721,-9.20398312932966,-5.469516531634973,-24.666006121078418,-19.20138368680714,-1.4820029112966318,88.74262970756989,93.15235365870403,0.0,0.0,-19.96744190859792,-25.413510127599597,-2.8014713998575242,111.83177957818953,95.9101670555352,0.0,0.0
66.86686686686689,-4.278334680550217,6.853715833133466,4.0719748230360375,0.9207352256843511,0.9570739536953621,-0.3214052330717384,24.56020079351919,-7.60879775644211,-2.069651733505507,-118.41298255804038,-3.4861126349686353,0.0,0.0,23.067852337511844,14.884972438917583,1.1567249281381389,-43.245902358522514,19.244459163630967,0.0,0.0,-11.264570167207207,-9.19476762408842,-5.552226210260597,-24.717833125994666,-19.192115571708378,-1.4890581570056736,88.65641869414213,93.1285240246303,0.0,0.0,-19.824946255571568,-25.400798337763096,-2.79122485519753,111.85586697185718,95.94644508614714,0.0,0.0
66.96696696696696,-4.289542161074075,6.844702169513512,4.055901770743745,0.9205999462782781,0.9570633822512512,-0.32137307393093095,24.842361473850865,-7.58834832062062,-2.0060730328198195,-118.48517934516217,-3.4194970171201193,0.0,0.0,22.899475195910906,14.870331814470472,1.1777377903573587,-43.215091039895896,19.34769863976377,0.0,0.0,-11.26485195358859,-9.18433147868068,-5.634464043733738,-24.770417878750756,-19.183548295878875,-1.4960849022022025,88.57324974534234,93.10376610666466,0.0,0.0,-19.684152816566563,-25.387338394538542,-2.781906270822824,111.8822681831812,95.98208041836736,0.0,0.0
67.06706706706709,-4.3012845471244585,6.8347551647831155,4.039128294335668,0.9204676365045044,0.957056913902903,-0.32134043441741744,25.124612819747096,-7.566298951130127,-1.9425955359486118,-118.55332761536904,-3.3529969725862494,0.0,0.0,22.729659493832163,14.854352090760091,1.1986934525662343,-43.180723107172845,19.448368156769774,0.0,0.0,-11.263821250152484,-9.172792905065062,-5.716037360090096,-24.823793009945614,-19.175919672496164,-1.5027907121644972,88.49307918435804,93.07713451427762,0.0,0.0,-19.544964521100763,-25.372982645544212,-2.773553672026697,111.9107694801528,96.01716335858758,0.0,0.0
67.16716716716715,-4.313014581052053,6.824189456137804,4.0221985860213545,0.9203370718111443,0.9570540784411076,-0.3213081106259593,25.406452566522866,-7.543320187664328,-1.8793745619766415,-118.61862598023922,-3.287456685107106,0.0,0.0,22.558676376872864,14.83760414617117,1.2198775245408755,-43.14444060050684,19.54776357302736,0.0,0.0,-11.262416136444779,-9.160381744984317,-5.7975345246019385,-24.87754146306807,-19.168868900157157,-1.5093499513390058,88.41469929670637,93.04899445239572,0.0,0.0,-19.40688320151618,-25.358127556679012,-2.765777871736071,111.94053972399134,96.05141354245279,0.0,0.0
67.26726726726724,-4.3247468925665675,6.812825836197196,4.005055064645645,0.920208482923924,0.9570554377177178,-0.32127593965765766,25.687826973948965,-7.519008334324323,-1.8165359525845808,-118.68053954094796,-3.222855069604601,0.0,0.0,22.38628126096696,14.819950829914912,1.2415041153513529,-43.10575480678879,19.64553924441442,0.0,0.0,-11.260553120136136,-9.146913469221222,-5.8789329383813875,-24.931738503965967,-19.162461252263263,-1.5157536904424416,88.33859354606707,93.01917147265165,0.0,0.0,-19.27030926173473,-25.342700053685686,-2.758895297945948,111.97191990442244,96.08485222585986,0.0,0.0
67.36736736736738,-4.336557310569903,6.800444512837503,3.9876278203750424,0.9200827416890224,0.9570621867577579,-0.32124395815015017,25.968399064247922,-7.493043378156486,-1.7543072799145798,-118.73794815213346,-3.159138883238903,0.0,0.0,22.21227809888855,14.801148150209206,1.2637379514758107,-43.06402839367401,19.74106069686153,0.0,0.0,-11.257996540453453,-9.13212468659159,-5.960156211939944,-24.986524918057732,-19.156836949006006,-1.5219378832148824,88.26520998901434,92.98740523145378,0.0,0.0,-19.135757159916917,-25.326481517579914,-2.753199195273608,112.00508214199567,96.11739635900467,0.0,0.0
67.46746746746746,-4.348424296968636,6.787062511442775,3.9700183560830844,0.919960187179513,0.9570751850126792,-0.3212124077440774,26.248058085914927,-7.465739267616615,-1.692677415113112,-118.79056840502972,-3.0962634030256906,0.0,0.0,22.036386534109436,14.78113645892726,1.2865372174531213,-43.01899158663998,19.83386432067835,0.0,0.0,-11.254762461665333,-9.115951675238904,-6.041260975661,-25.041903771046385,-19.15184415844044,-1.5283041819986667,88.19461788232898,92.95433682088087,0.0,0.0,-19.003077346286283,-25.309540524253922,-2.7486075111628288,112.04049351192859,96.14856737327327,0.0,0.0
67.56756756756758,-4.360269189036037,6.7729695398378365,3.952293406342342,0.9198406027207205,0.9570930533063061,-0.32118132784684683,26.52680460696397,-7.43738960344144,-1.6317284114054051,-118.83936234254054,-3.0336372493063055,0.0,0.0,21.858776225576573,14.760350898288285,1.3100445758558565,-42.971017531873876,19.924859521072072,0.0,0.0,-11.251003348198198,-9.098789679657656,-6.122366877369373,-25.09789525481982,-19.14769182753153,-1.5344956214504513,88.12661117114413,92.92054158227928,0.0,0.0,-18.8722578346036,-25.291862256477476,-2.7449649048828837,112.07770354543243,96.17904898302703,0.0,0.0
67.66766766766771,-4.372345800919254,6.757867501311978,3.9341515982859514,0.9197245095945945,0.9571162764377711,-0.3211506004891558,26.805097991178524,-7.407612829415413,-1.5712313096730024,-118.8832997272586,-2.9715395255515493,0.0,0.0,21.679272175691683,14.73828325058058,1.3338351557971315,-42.919502173001995,20.014106383536873,0.0,0.0,-11.246227613412412,-9.0802515374024,-6.203194739400403,-25.154744971902907,-19.144845812624297,-1.5401793107884556,88.06234400670103,92.88442728171604,0.0,0.0,-18.743515055538538,-25.273217588973303,-2.7424977191895246,112.11749536072038,96.20824852377544,0.0,0.0
67.76776776776774,-4.384359028240242,6.742236271375374,3.9156241455288607,0.919611021657324,0.9571445484287621,-0.32111973094527857,27.082457017000696,-7.37676094234334,-1.5112029908775402,-118.92338851681714,-2.910166776707037,0.0,0.0,21.498108548418735,14.715489122244241,1.3579279657904597,-42.864916584589245,20.1012355221575,0.0,0.0,-11.241041005172503,-9.061038578414411,-6.283714219100441,-25.212152952250925,-19.142863448109114,-1.5455632547300633,88.00050836992226,92.84711372446813,0.0,0.0,-18.616068167102092,-25.254161543343677,-2.7405270747360695,112.15902533623125,96.23654863341841,0.0,0.0
67.86786786786787,-4.3962632329069065,6.725666397189189,3.8968047882972976,0.9195011650210212,0.9571794703323322,-0.32108904120520515,27.358312755966967,-7.344461184785786,-1.451942313424425,-118.95863271923824,-2.849779934694695,0.0,0.0,21.315037111856856,14.691553566311313,1.382465988702704,-42.80712561868468,20.185241168119124,0.0,0.0,-11.23531885457057,-9.04053549578278,-6.36398853386787,-25.270426085057057,-19.141562909673674,-1.5510811430380365,87.94169428378578,92.80768914297099,0.0,0.0,-18.49062982392993,-25.234294794628628,-2.7396560525955964,112.20271892347648,96.26369248103904,0.0,0.0
67.96796796796795,-4.408119035502836,6.708110888261928,3.87795972682816,0.9193945366483149,0.9572205307310643,-0.321058936314648,27.632827998077424,-7.310859621011342,-1.3935327184954915,-118.98930462633834,-2.789593064168832,0.0,0.0,21.13026010644577,14.666537054698363,1.4077975703930607,-42.746470013439435,20.26592995631632,0.0,0.0,-11.229064781802801,-9.018668802222223,-6.444265539364035,-25.329409937714384,-19.1408120174321,-1.5570142417657638,87.88572130934867,92.76723154200266,0.0,0.0,-18.367232590877876,-25.213773482254588,-2.739914571988325,112.24828205321555,96.28975371501936,0.0,0.0
68.06806806806809,-4.419984724696364,6.689759389813479,3.8589663437057062,0.9192900268658659,0.9572654601067736,-0.3210291742305639,27.90677581364766,-7.276087737533866,-1.3355252685085075,-119.01671240330529,-2.7301070924954938,0.0,0.0,20.94399489577911,14.640694186203538,1.433751492835169,-42.68323992353887,20.34447684291258,0.0,0.0,-11.222337371803803,-8.995731999848848,-6.524374269999337,-25.388986151865872,-19.140581225737403,-1.563023158795796,87.83179017060459,92.72596973862463,0.0,0.0,-18.245370602328997,-25.192652591271603,-2.7410898962025385,112.29517802871138,96.31537081682214,0.0,0.0
68.16816816816821,-4.431955495083084,6.6707333191071045,3.8399954571171167,0.919187602835836,0.9573138955505506,-0.32099989272872864,28.1801165051792,-7.2404744112332295,-1.2781891778017995,-119.04109471365764,-2.670839993455453,0.0,0.0,20.756773137730722,14.614076818607606,1.4601094576266287,-42.618133626217215,20.421073812871875,0.0,0.0,-11.215098793772773,-8.971855708634632,-6.604556140181186,-25.448994022305307,-19.14104637094294,-1.5688341923893903,87.77990958576275,92.68386578474374,0.0,0.0,-18.124897405617613,-25.171081140929928,-2.7429027291101127,112.34352041837037,96.3401049628979,0.0,0.0
68.26826826826824,-4.444012049738406,6.650807254154152,3.8209810427734388,0.9190886052899566,0.9573680208581916,-0.32097102115448783,28.452185966281956,-7.203615458727391,-1.221883792633967,-119.0608650195729,-2.6117727284491155,0.0,0.0,20.5680810641745,14.586348729837502,1.4869512626136148,-42.55022350708007,20.494863809958293,0.0,0.0,-11.207142056642642,-8.946766505940937,-6.684781385997999,-25.509586541474476,-19.142335159940274,-1.5744205981071073,87.73077169603371,92.63998797592126,0.0,0.0,-18.0062573540337,-25.148851563264596,-2.745569873725061,112.3937799868839,96.36392044939774,0.0,0.0
68.36836836836837,-4.456319344266601,6.6296666265839175,3.8016954955832505,0.9189943436966967,0.9574297485505505,-0.32094241832932935,28.722793667826828,-7.165026333747082,-1.1668370794998333,-119.07423550674739,-2.55333240615015,0.0,0.0,20.37738464935769,14.557151900420422,1.514523873710377,-42.47824766966333,20.56483923698632,0.0,0.0,-11.198012414079413,-8.920084841051718,-6.764731937131799,-25.571139423761093,-19.144828795510513,-1.5798147102902909,87.6855313667057,92.59412123307773,0.0,0.0,-17.889792075312315,-25.125905750737736,-2.7490037676553234,112.44682401205804,96.3858381246393,0.0,0.0
68.4684684684685,-4.468571435942944,6.60779902947147,3.7822355422192175,0.9189033303963964,0.9574970833063062,-0.3209141097177177,28.992070459528556,-7.125437067276273,-1.1125103269789733,-119.08346950543243,-2.4951963049939887,0.0,0.0,20.18502001179578,14.527145289654651,1.5426764284894916,-42.40344619582582,20.63200033282283,0.0,0.0,-11.188395762045044,-8.892392109258257,-6.844502202666672,-25.633471657318324,-19.148046529054053,-1.58539884798198,87.643038172,92.54716255946246,0.0,0.0,-17.774889970210204,-25.102488987789787,-2.753085103078081,112.50175045184986,96.40628183871772,0.0,0.0
68.56856856856858,-4.480771754077078,6.5852335526036025,3.7627539568712054,0.9188149804951617,0.9575690233623625,-0.32088628810643977,29.260177028798143,-7.084991637757758,-1.0589641483650305,-119.0891409973123,-2.437903879289287,0.0,0.0,19.991318475623288,14.496421057026359,1.5714771323149832,-42.32639724351785,20.69659739389523,0.0,0.0,-11.178389072247914,-8.863706140661993,-6.924163219828165,-25.696570305156825,-19.15186176797931,-1.5911735135041702,87.60283817958425,92.49951987914214,0.0,0.0,-17.661358454875206,-25.078595006245244,-2.757770237112112,112.55834383840006,96.425812704653,0.0,0.0
68.6686686686687,-4.49297858612646,6.561716062958624,3.7431355716179504,0.9187300675909242,0.9576464839295962,-0.320858912058058,29.527132676205895,-7.043223840970302,-1.0062541141307935,-119.09032428274243,-2.3801598248772065,0.0,0.0,19.795884916083743,14.464603136926593,1.6008023006826846,-42.246301858629295,20.758584848928262,0.0,0.0,-11.167712256224892,-8.833721785231898,-7.003717315547552,-25.76041321581415,-19.156634237154826,-1.5967134681267927,87.56563903023023,92.45086087594728,0.0,0.0,-17.550092471796795,-25.054090300574575,-2.763601462043046,112.61659076979848,96.44459309439874,0.0,0.0
68.76876876876874,-4.505269548884888,6.537148858431429,3.723625047948949,0.9186483874264265,0.9577290732312314,-0.32083238237537537,29.792801539545565,-7.000327868711709,-0.9545994195525512,-119.0871509831992,-2.32273762862562,0.0,0.0,19.599233746309302,14.43158573477377,1.6307648275905933,-42.16389986742242,20.81807062727228,0.0,0.0,-11.1563256775015,-8.802296530526524,-7.083345545454462,-25.824826441758763,-19.162193270558554,-1.6023415666306302,87.53083391671069,92.40123688211611,0.0,0.0,-17.440661308006995,-25.0288823451011,-2.770285812570571,112.67639803403503,96.46269509107306,0.0,0.0
68.86886886886886,-4.517517978286621,6.511924825556887,3.704063715457456,0.9185690478685352,0.957815542997998,-0.3208059996282949,30.05743168216852,-6.956488231693024,-0.9036903464084058,-119.08067669141606,-2.2660158497450746,0.0,0.0,19.401494823460116,14.397816616598595,1.6611240998545225,-42.079619576390385,20.87530467778479,0.0,0.0,-11.144594021920586,-8.770004730164164,-7.162990162800805,-25.88969396375976,-19.168244759824827,-1.6079057443660343,87.497899170326,92.35051132122022,0.0,0.0,-17.33259374672072,-25.003223677712043,-2.777692285644979,112.73756108030598,96.48012026804572,0.0,0.0
68.968968968969,-4.52979545547147,6.486090969051051,3.6843652515749072,0.9184920124367701,0.9579055751538205,-0.32077964331231235,30.32114249685019,-6.911707333073406,-0.8534023701508167,-119.07143333330664,-2.209764226227226,0.0,0.0,19.20272436398532,14.36335637053987,1.6918172584004005,-41.993511144168835,20.93086984560761,0.0,0.0,-11.132384034074073,-8.736928521328661,-7.242439737681684,-25.955131646923252,-19.174717899022692,-1.6134393427404068,87.46683005300969,92.29887717033367,0.0,0.0,-17.225547008225565,-24.97724349721755,-2.785500922623961,112.79979299818085,96.49710190028061,0.0,0.0
69.06906906906907,-4.542039189327328,6.4596859647337315,3.6646973593403382,0.9184177855195195,0.9579999710700701,-0.3207536637137137,30.583592059236263,-6.866208807889886,-0.80391433038538,-119.05913568522524,-2.1538185208178118,0.0,0.0,19.00272981916515,14.328285126618614,1.7231416826946977,-41.90537917137336,20.984221825723733,0.0,0.0,-11.119741504719716,-8.703040397839837,-7.3217850492142205,-26.021245485047054,-19.18162352015315,-1.6191789612522534,87.43774122595894,92.24690456572174,0.0,0.0,-17.119544287178165,-24.951054260376377,-2.7934536815965982,112.86316945441743,96.51329556207708,0.0,0.0
69.16916916916921,-4.5542660391988665,6.4323957669089085,3.6450198684921573,0.9183475217147146,0.9581005529112447,-0.3207282348828829,30.844525142837522,-6.819645224214879,-0.7555443028118075,-119.0420081111882,-2.0979623069245865,0.0,0.0,18.800883511467454,14.292216427919922,1.755077097498501,-41.81395856994561,21.034608734323662,0.0,0.0,-11.106491244505838,-8.66788698893093,-7.401067886165839,-26.088192993437445,-19.189491181260923,-1.6249457557327307,87.41169361189655,92.194253997999,0.0,0.0,-17.015727208818813,-24.924299457920917,-2.8023366361698385,112.9284288338662,96.52848928623457,0.0,0.0
69.26926926926923,-4.566338221976976,6.404202010518851,3.625209928989321,0.9182821618772106,0.958208652575242,-0.3207031124931598,31.103257183855202,-6.771894846871871,-0.7083711564891535,-119.0191741837751,-2.042784818148811,0.0,0.0,18.596695939556884,14.255137602729395,1.7877162328331682,-41.71855840890824,21.081124080066736,0.0,0.0,-11.092632402421087,-8.631478775233232,-7.4799298626780155,-26.15625718068069,-19.198181451545206,-1.6310736871985303,87.38895880708608,92.14149219363097,0.0,0.0,-16.913486591372703,-24.897077198384046,-2.8114451112545895,112.99570941717153,96.54223497701769,0.0,0.0
69.36936936936937,-4.578364111759762,6.375241327681679,3.6053564635795765,0.9182196831771771,0.9583211871261261,-0.3206782559369369,31.360640082909935,-6.723241535492487,-0.6620203981201156,-118.99279337732432,-1.987585039894887,0.0,0.0,18.391283113993975,14.217183434942942,1.8208842260930964,-41.62102438682882,21.125119609378388,0.0,0.0,-11.078342718825823,-8.594028063654653,-7.558623127321328,-26.22495731987388,-19.20732193226126,-1.6374490890960949,87.36814497528529,92.08810816329128,0.0,0.0,-16.8126176791111,-24.86947905271772,-2.8211615371591616,113.06432445836337,96.55527431312613,0.0,0.0
69.46946946946949,-4.590364581690692,6.345465818202536,3.5855944163900566,0.9181602234581249,0.9584385999449451,-0.32065394716016016,31.616690367602615,-6.673744560503167,-0.6168738505498823,-118.9620359344428,-1.9329246555949235,0.0,0.0,18.18452226630263,14.178326951058391,1.8546954928154846,-41.52119238141408,21.166601075277615,0.0,0.0,-11.063564984058392,-8.555471507363697,-7.637565780716389,-26.294165120279615,-19.21732950427394,-1.6434669804788105,87.3500424843667,92.03261095336403,0.0,0.0,-16.713535716048714,-24.841548355226895,-2.8318264029279296,113.13474684548751,96.56748820522591,0.0,0.0
69.56956956956957,-4.602295639310644,6.314844617208541,3.5658714645705714,0.9181036016359693,0.9585605448912243,-0.3206299918835502,31.871218667895555,-6.623134411567234,-0.5727965070460463,-118.92755055746245,-1.879021865771105,0.0,0.0,17.976597181113455,14.138535207367369,1.8891729657000322,-41.41930012604304,21.20462401749883,0.0,0.0,-11.048393708224223,-8.515786778668335,-7.716481209723722,-26.3640580859683,-19.227920604677344,-1.6496714773146486,87.33407510810042,91.9763709388602,0.0,0.0,-16.616091151687023,-24.813169235006008,-2.843068283382048,113.20667896698833,96.57855633292058,0.0,0.0
69.6696696696697,-4.614194380292292,6.2835327008168145,3.5462323519539547,0.9180497099609608,0.9586868315605604,-0.32060649020720716,32.124465024448455,-6.57184020633233,-0.5296664656156157,-118.88965041166868,-1.8258798812512496,0.0,0.0,17.767683002575573,14.097952471574576,1.9241530197867882,-41.31564371144945,21.240228352313313,0.0,0.0,-11.032820924669668,-8.475126864512509,-7.795448628137142,-26.43438171926727,-19.23901110043143,-1.6560649915805823,87.31990271191792,91.91999899925426,0.0,0.0,-16.520124783030028,-24.78441765712212,-2.85484328366066,113.27982635018517,96.58879442310612,0.0,0.0
69.7697697697698,-4.626066904059726,6.251447176182183,3.526711801859195,0.9179993981721722,0.9588183367857859,-0.3205836312719387,32.37600709489122,-6.519828789056058,-0.4875750076633306,-118.8477796813507,-1.7734175457420753,0.0,0.0,17.5574592954945,14.056538550429432,1.9598548721084417,-41.20958344718618,21.272272603828494,0.0,0.0,-11.016704978217884,-8.43337068532833,-7.874306206355691,-26.50553611600867,-19.250631964885216,-1.662887958789455,87.30806114165698,91.86386570925092,0.0,0.0,-16.425622176523188,-24.755235260477814,-2.8668623824718047,113.35424759913012,96.59805655083515,0.0,0.0
69.86986986986986,-4.637824168511845,6.218160443911243,3.507310435638638,0.917955364358692,0.9589589333410078,-0.32056130278311645,32.62464337385153,-6.466414884316313,-0.4475182339469438,-118.79888619734034,-1.7221793698945582,0.0,0.0,17.344404351164826,14.013868179330666,1.9968934805538894,-41.098671720800134,21.29884742587955,0.0,0.0,-10.999771825062062,-8.389977687565231,-7.9526889983994025,-26.57836811564465,-19.26332247474041,-1.6701197513146457,87.30056956930898,91.80692857046846,0.0,0.0,-16.333142856337336,-24.725828077508176,-2.878714250552221,113.43084353472238,96.60536694875876,0.0,0.0
69.96996996996998,-4.649189988683685,6.183895005165164,3.488003787200199,0.9179151344904903,0.9591056852162161,-0.32053946133333333,32.8711102890871,-6.411976277210206,-0.40876880318118136,-118.74537498664863,-1.6715209012322298,0.0,0.0,17.1292956467067,13.970199935460457,2.034855545342343,-40.98491347605605,21.322210221401402,0.0,0.0,-10.98270093078278,-8.345217330738738,-8.030983031225228,-26.652060357835836,-19.27655937457958,-1.6777198518398393,87.29564133798398,91.74907125240141,0.0,0.0,-16.242020474389385,-24.69609255107107,-2.8909794735985983,113.50898978279079,96.61176991844944,0.0,0.0
70.07007007007006,-4.660515947511512,6.14907820851251,3.468796382077742,0.917877023864531,0.9592560783950617,-0.3205179903653654,33.11641743417119,-6.35707614704504,-0.37082434779178886,-118.68893147916283,-1.6212440940717354,0.0,0.0,16.91328450590089,13.925841809251583,2.0730953090647333,-40.86946268073506,21.34338519691358,0.0,0.0,-10.965391772692023,-8.299680103162828,-8.109317343812153,-26.72607591567401,-19.290154164040043,-1.6855552077143803,87.29198750774641,91.69087115799833,0.0,0.0,-16.151836952607272,-24.66614166052119,-2.9036921779029066,113.58829223818721,96.6175928451468,0.0,0.0
70.1701701701702,-4.6718030814474485,6.1136013439923245,3.4495826028922267,0.9178420021127796,0.959410634221555,-0.320496635712379,33.36016540280514,-6.3014498993493495,-0.3338511440643984,-118.62904695832098,-1.5717150092922931,0.0,0.0,16.696281867440778,13.880636081524525,2.111602056754422,-40.75202844815349,21.361873959450453,0.0,0.0,-10.947646973380046,-8.253287322133465,-8.18756891992626,-26.800524889714048,-19.30426207709476,-1.6933185607754422,87.28989473895261,91.63263317335937,0.0,0.0,-16.062902017100104,-24.63591774189623,-2.916717063896897,113.66838903534901,96.62323781334035,0.0,0.0
70.27027027027029,-4.682977870072073,6.077350666819818,3.430399524738738,0.9178103024954956,0.959569813063063,-0.32047570022522526,33.60229441733334,-6.2449969205405385,-0.2978467028108095,-118.56547570985586,-1.523162986198197,0.0,0.0,16.47801958716216,13.834535420513513,2.15073985700901,-40.632451714756755,21.377399249603606,0.0,0.0,-10.929433596522523,-8.205840450405404,-8.265718812144147,-26.87559487603604,-19.318900233594597,-1.7011279031891902,87.28972604933334,91.57426517974775,0.0,0.0,-15.975333668306305,-24.60533007500901,-2.9299798875495497,113.74958100917118,96.62827166913513,0.0,0.0
70.37037037037041,-4.69410526097531,6.0404624659999975,3.4112206418395075,0.9177813566419755,0.959732615728395,-0.3204549174938272,33.843150445592606,-6.18779340950617,-0.2627204006049367,-118.4988121249506,-1.4752022161111094,0.0,0.0,16.258763456950607,13.787700241061724,2.190318981382718,-40.511134540308646,21.39047124687655,0.0,0.0,-10.910789243950617,-8.157556426962959,-8.343789121975316,-26.95133069401235,-19.334096792209877,-1.708857108407407,87.29160946664197,91.51564383432098,0.0,0.0,-15.889205667469131,-24.574584463641976,-2.943664535283953,113.83181628325926,96.63290847086418,0.0,0.0
70.47047047047047,-4.705070302436437,6.002971576477477,3.3921149097083756,0.9177555997020355,0.9599001552202203,-0.3204345071398065,34.08235840157191,-6.13006077238772,-0.22854142252886075,-118.42879757843443,-1.4281223046536524,0.0,0.0,16.038142016291623,13.740217216277946,2.230551331302638,-40.38754002044445,21.400667981418092,0.0,0.0,-10.891874952059393,-8.10839349197631,-8.421737045982319,-27.0276560111665,-19.349733580108108,-1.7168665133887235,87.29529623705204,91.45681212836936,0.0,0.0,-15.804445763452785,-24.54360502118452,-2.957701885179513,113.91492414076276,96.63695944031132,0.0,0.0
70.57057057057057,-4.715568254275275,5.964705936464464,3.3731005591351346,0.9177339926906907,0.9600739436116117,-0.32041453621421423,34.318875562904914,-6.071693165246242,-0.19560419823823755,-118.35479305185785,-1.3811761467267243,0.0,0.0,15.815777927829828,13.691868966155152,2.2714241541421436,-40.26138252671471,21.4065729437998,0.0,0.0,-10.872887983467468,-8.058141809776775,-8.499556534742746,-27.104544406313316,-19.365775949261263,-1.7251707367627613,87.30071284562965,91.39832115234935,0.0,0.0,-15.720899246002,-24.512385947053055,-2.971865015514513,113.99877925915617,96.6404826999039,0.0,0.0
70.67067067067069,-4.7257794141618295,5.925848229531529,3.3543750005935933,0.9177152537764431,0.9602519545018353,-0.32039512471137804,34.553695089023705,-6.0129806182355665,-0.16386349453920532,-118.27762394384249,-1.3344876711805118,0.0,0.0,15.592048542162484,13.642875797960624,2.313098110791794,-40.13323457549682,21.409716345397065,0.0,0.0,-10.85383000234668,-8.007073181389387,-8.577507096844515,-27.18195363920621,-19.382280860206205,-1.733542049438773,87.30774341344546,91.34005204339705,0.0,0.0,-15.638264478354014,-24.48112118513747,-2.986004503193862,114.08354352606241,96.6433383779683,0.0,0.0
70.77077077077078,-4.735714841661997,5.885819098653316,3.3359693614367694,0.9177019525241908,0.9604378567624291,-0.3203761830540541,34.785370714445804,-5.953171831201864,-0.1342974962949582,-118.19402991609608,-1.2885242578548508,0.0,0.0,15.365998984134782,13.592589683665661,2.356061452923927,-40.001275023217545,21.407268460622962,0.0,0.0,-10.834321764100098,-7.95442548257991,-8.655207373925267,-27.26056717388122,-19.399425038717716,-1.7425566210360368,87.31765883055522,91.28185003081414,0.0,0.0,-15.557260985087748,-24.449720309061398,-2.9999051677203887,114.16993755342443,96.64508511540207,0.0,0.0
70.8708708708709,-4.74537631332833,5.845008597487488,3.317806036391393,0.9176925235585586,0.9606291383073072,-0.3203578049099099,35.01487351490891,-5.892785103541542,-0.10609060459959925,-118.10619003894797,-1.2429709415495493,0.0,0.0,15.138320495391392,13.541467590916918,2.3999455076546554,-39.866799013172184,21.400695638939943,0.0,0.0,-10.814540329050049,-7.9006686375265245,-8.732882615779783,-27.3400295106046,-19.417141737691693,-1.751776803763763,87.32991113721421,91.22303740449249,0.0,0.0,-15.477569542419417,-24.418101720095102,-3.0139138651301307,114.2575368071862,96.64641968791992,0.0,0.0
70.97097097097098,-4.75450788194094,5.803571525343343,3.2999382003646978,0.9176863215852519,0.9608254840283615,-0.3203401189319319,35.24208694824993,-5.83209911784084,-0.07911585749349201,-118.01499030864163,-1.1973387239756417,0.0,0.0,14.90897109508008,13.489666621104437,2.444781453302636,-39.73025472580114,21.390955691801807,0.0,0.0,-10.794923330025359,-7.8459403197721045,-8.810655635177179,-27.420053020820156,-19.435238142685016,-1.7613299731167824,87.34385685188188,91.16413895831397,0.0,0.0,-15.399018560286288,-24.386354742662327,-3.0280523606983656,114.34603516423257,96.64714666874775,0.0,0.0
71.07107107107106,-4.763386354633301,5.761058024739405,3.2825042871368026,0.9176849341024358,0.9610285127330664,-0.3203231957637638,35.46633322476978,-5.770714688496161,-0.0541096336516498,-117.9185916244378,-1.1515096610106772,0.0,0.0,14.677646862880882,13.43663745998732,2.490818753856191,-39.590336587269604,21.376439997155156,0.0,0.0,-10.77498912879346,-7.789684019402735,-8.888399865273275,-27.501175702894557,-19.45377236392159,-1.771686594098096,87.36045386794828,91.10606842232868,0.0,0.0,-15.322131541132133,-24.354324530164497,-3.0422493839899922,114.43594004648148,96.64660267731198,0.0,0.0
71.1711711711712,-4.772134656354355,5.717815847153152,3.26549779215015,0.9176861387357358,0.9612353696066066,-0.3203070191861862,35.68890200263364,-5.708912735297296,-0.030428850060059753,-117.81927139566967,-1.1058187151621603,0.0,0.0,14.445279509702697,13.382830064018018,2.537860323852854,-39.448735021,21.359342912627632,0.0,0.0,-10.754888298645644,-7.732392161150149,-8.966290784285286,-27.582891477438444,-19.472552818564566,-1.7826048288558538,87.37837376838738,91.0481557169069,0.0,0.0,-15.246331293012009,-24.322254145690692,-3.056489950063062,114.52665524751353,96.64524835541441,0.0,0.0
71.27127127127127,-4.780456418627962,5.673941509834165,3.2488780109836504,0.9176912131614949,0.9614478569496162,-0.3202915558331665,35.90882367377212,-5.646971647427425,-0.008240548066065579,-117.71612063998832,-1.0597573546019319,0.0,0.0,14.211297483103092,13.32830058887554,2.585698014040044,-39.30482519057791,21.33858166398499,0.0,0.0,-10.73474684245612,-7.674172309909574,-9.044372617219556,-27.665150553847518,-19.491751379446114,-1.7935832428668672,87.39790010572105,90.99053730512412,0.0,0.0,-15.171727167453785,-24.290096001044045,-3.0709571023239923,114.61812773290258,96.64387254501669,0.0,0.0
71.3713713713714,-4.788842371008007,5.629240220485484,3.2325108051878546,0.9177007728264932,0.961665746994995,-0.3202765135068402,36.12649982306074,-5.584437584600599,0.012312078044044439,-117.60813156234,-1.0138711630263586,0.0,0.0,13.976015857624953,13.272803402788455,2.6345328423396746,-39.15815235562228,21.31336651870003,0.0,0.0,-10.713870011572904,-7.61483837746313,-9.12217678949383,-27.748303009139807,-19.511387576174847,-1.8049177148565225,87.41920846292693,90.93318865106373,0.0,0.0,-15.09852753142109,-24.258039794552886,-3.084860105459794,114.71050099917018,96.6411170917444,0.0,0.0
71.47147147147147,-4.797272560560561,5.584056119546546,3.2163102244634643,0.9177130456896896,0.9618871136466467,-0.3202617085845846,36.342870432795806,-5.521584866385384,0.0318476392272284,-117.49719197719722,-0.96792530004204,0.0,0.0,13.739815968021016,13.216756551616616,2.6839225115375394,-39.0096438475105,21.285737895716718,0.0,0.0,-10.69255404698098,-7.554846781302301,-9.199897868957958,-27.83213100818719,-19.531358797961964,-1.8164267414003992,87.44217225993494,90.87590265047947,0.0,0.0,-15.02609480149249,-24.225941371210208,-3.0985586397947955,114.8036653472853,96.63798612918117,0.0,0.0
71.57157157157155,-4.805871760524527,5.538441467150813,3.200211373313647,0.9177283126886889,0.962112082410744,-0.3202472762952953,36.55787883074944,-5.458427374445774,0.05057755210477226,-117.38339388049249,-0.9215567468154788,0.0,0.0,13.502875126611594,13.160262234106435,2.733671072824495,-38.859280341007,21.254768433521186,0.0,0.0,-10.670632766270266,-7.494214082233228,-9.277339469957965,-27.916745964739412,-19.55158160805839,-1.8283298097927942,87.46672892495762,90.81883971433567,0.0,0.0,-14.954334944510506,-24.193705388335335,-3.1120311179949964,114.89742026262029,96.63479065098166,0.0,0.0
71.67167167167169,-4.814211696810144,5.492182415855854,3.1846105297590923,0.9177470544137473,0.9623417957083749,-0.32023353949683014,36.770507866133144,-5.395150514808139,0.0677366912082082,-117.26604321509944,-0.8746077567237227,0.0,0.0,13.264512131048377,13.103050942769766,2.7843137274974974,-38.70658911633667,21.2197533572696,0.0,0.0,-10.64863934565532,-7.432631923107439,-9.35489187593694,-28.002118213317324,-19.5720113658692,-1.8409350795965964,87.49287041986052,90.76243161458258,0.0,0.0,-14.883433493120117,-24.161415752127464,-3.1251866107881208,114.99195787302469,96.63099991295796,0.0,0.0
71.77177177177177,-4.822623825815815,5.445087187315314,3.1692015184664664,0.9177701238198199,0.9625770058428429,-0.32022014660460457,36.98071125782683,-5.331356551766763,0.08344787906606763,-117.14450115414415,-0.8274474982082063,0.0,0.0,13.025005721370363,13.044812330685684,2.8355980960370393,-38.551183117533526,21.17989523514915,0.0,0.0,-10.626020039333334,-7.369923254370368,-9.432081072138141,-28.088342052191194,-19.592726081824825,-1.8541815264064045,87.52064103657356,90.70640990322823,0.0,0.0,-14.813925354790788,-24.12899179556957,-3.1382006451121134,115.08725577710511,96.62673205508709,0.0,0.0
71.87187187187189,-4.8311725200870885,5.396780773616282,3.1539517635635628,0.9177992174481148,0.962819399393727,-0.3202071887387387,37.188101906497174,-5.266594165874874,0.09723953455956039,-117.01659631276144,-0.7801641113089735,0.0,0.0,12.783791685648975,12.985037990239572,2.887720690035038,-38.391990884410404,21.134482396408075,0.0,0.0,-10.602281562073738,-7.305666353906238,-9.508991397948284,-28.175857357032367,-19.614264585193524,-1.867784469116448,87.55157861224558,90.6506541182606,0.0,0.0,-14.746916054162494,-24.09648938198699,-3.151470416260929,115.1841607475649,96.62239682385352,0.0,0.0
71.97197197197197,-4.839504220669002,5.347992979519853,3.138886018052386,0.917831465252586,0.963065854065065,-0.32019448195395395,37.39341983811178,-5.201622615717048,0.10989663547647618,-116.88571941411544,-0.7322624791831809,0.0,0.0,12.541584375945941,12.92463512309576,2.9402269080320345,-38.23106868158458,21.08513922022122,0.0,0.0,-10.578388032924925,-7.240717120836502,-9.585810916042712,-28.2638333801348,-19.635860426803806,-1.8818054431504823,87.58332946536136,90.5956224445749,0.0,0.0,-14.680916475139139,-24.064044215165165,-3.16459979056757,115.28136096013414,96.61778078458526,0.0,0.0
72.07207207207205,-4.847709571213214,5.29880326467267,3.1240416363963948,0.9178664435285286,0.96331560418018,-0.320182093990991,37.59717424628529,-5.136577480105102,0.1216219277087105,-116.7520315366847,-0.6844668091111081,0.0,0.0,12.298517774261247,12.863741848021018,2.993110679678681,-38.06853154447447,21.0323643757027,0.0,0.0,-10.554286983417416,-7.175220200882879,-9.662512851261265,-28.35230117682884,-19.657542061933935,-1.896248799300301,87.61592269337237,90.5416788141922,0.0,0.0,-14.615513661282282,-24.031657669243238,-3.177327124291294,115.37888867270571,96.61237163588288,0.0,0.0
72.1721721721722,-4.856092367002671,5.249177232162827,3.1094208529963305,0.9179038778335002,0.9635680670677343,-0.32016992089556223,37.79978824610311,-5.071340256075407,0.13239464624090883,-116.61573368704838,-0.6367385248411743,0.0,0.0,12.054847823610606,12.802297916357691,3.0465147813233235,-37.90421041657491,20.97644106635269,0.0,0.0,-10.529706009922922,-7.109154048828827,-9.73882443276677,-28.441484554777446,-19.679303256023026,-1.9112482984324335,87.64939354968502,90.48811458604204,0.0,0.0,-14.550409793480478,-23.99945579248749,-3.1891294026950283,115.47664599324757,96.60603662907508,0.0,0.0
72.27227227227226,-4.864349276320321,5.199026693153152,3.0950449674391054,0.9179451873076407,0.9638254174891558,-0.3201581360263597,38.00015595537438,-5.006012001573237,0.14191688263730423,-116.4758032648692,-0.5887079358508504,0.0,0.0,11.80999299500667,12.740256029472471,3.1004646454814817,-37.73751905390924,20.91621710087221,0.0,0.0,-10.504813756913245,-7.042340892976307,-9.81489679212346,-28.531457486535867,-19.701383938784783,-1.9265354468775442,87.68453855215682,90.43498105589123,0.0,0.0,-14.486157461518852,-23.967222861561563,-3.200525214330664,115.57496317316618,96.59981907728361,0.0,0.0
72.3723723723724,-4.872391708930932,5.148274143119119,3.0808714101241232,0.9179901132162162,0.9640873336156156,-0.32014678758558557,38.19825692459459,-4.94045683212112,0.15016273691591625,-116.33252371579582,-0.5405867363623628,0.0,0.0,11.56402664004705,12.677537681315316,3.1548135628408405,-37.56882039214415,20.85161139027528,0.0,0.0,-10.479670538229227,-6.974698630127127,-9.890830871334334,-28.622039603434434,-19.723732706351353,-1.9420567151991996,87.72099006318018,90.38239532632932,0.0,0.0,-14.422908373355352,-23.9349893161912,-3.2117023596136107,115.67375414886286,96.59366735946547,0.0,0.0
72.47247247247246,-4.880040041059393,5.096588171636638,3.0669766812659334,0.9180405578091426,0.9643561009733066,-0.32013573276543206,38.3929216287234,-4.874394938371038,0.1565119896056058,-116.1839208168315,-0.4921288310240227,0.0,0.0,11.316222014798466,12.613555239680014,3.2098547306022693,-37.396953519414424,20.780787345397073,0.0,0.0,-10.454188696708371,-6.905820925765433,-9.966628937340008,-28.713536332990323,-19.746407906267272,-1.9581226965528842,87.75952766360828,90.33091533935638,0.0,0.0,-14.361641441942941,-23.902791934694697,-3.222857205366033,115.77351132191825,96.58743497643675,0.0,0.0
72.57257257257255,-4.887620032504173,5.044170368498498,3.0533761635689034,0.9180945573663664,0.9646290541534869,-0.3201250512208876,38.58541397181015,-4.807939017318319,0.1614636267143815,-116.03167539528161,-0.4435320826426423,0.0,0.0,11.067425913567899,12.548600502223891,3.265296306942944,-37.222978319176846,20.705614605125458,0.0,0.0,-10.42833649095362,-6.835949530417416,-10.041988982795466,-28.805919498500497,-19.76915576755389,-1.975138116832834,87.79918652347914,90.28034951707272,0.0,0.0,-14.301164232951617,-23.870665211326997,-3.233402774451787,115.87378936465734,96.58071751453586,0.0,0.0
72.67267267267269,-4.895103810647647,4.991264033868868,3.0400294657037046,0.9181510249139141,0.9649049586626628,-0.3201145734534535,38.77641013646947,-4.741341953093093,0.16539694626526544,-115.87679626682484,-0.3951791060640624,0.0,0.0,10.817843110653651,12.48298897126126,3.3211159193923927,-37.04744224528428,20.627174769936936,0.0,0.0,-10.402289757402404,-6.765435927381381,-10.11722492686787,-28.89893121508309,-19.79200304187487,-1.992725295413413,87.83998890048848,90.23037148070671,0.0,0.0,-14.241326281934935,-23.838591498099102,-3.2435951712522524,115.97457490390791,96.57321955685386,0.0,0.0
72.77277277277275,-4.902193014109445,4.93774107384017,3.0269985977731073,0.9182118891855188,0.9651864109272607,-0.3201044752969636,38.964425181092444,-4.674692093965295,0.1677825853717055,-115.71760260398264,-0.3469997095361984,0.0,0.0,10.566807363243559,12.416577661246244,3.3773600839185898,-36.86922769634,20.542595162347016,0.0,0.0,-10.376240066241571,-6.694045533073401,-10.192060408159168,-28.992888836063408,-19.8149002739613,-2.0111063570440435,87.8823641110197,90.18100476238503,0.0,0.0,-14.182287783654647,-23.80668389379279,-3.252883299742412,116.07575559779279,96.56510610533167,0.0,0.0
72.87287287287289,-4.909001437966635,4.883596345110108,3.0142596557253927,0.9182764805472139,0.9654725794190858,-0.320094851996997,39.15002077888456,-4.607949274624288,0.16881644174941585,-115.55478691936037,-0.2991263202308949,0.0,0.0,10.314616690481472,12.349353967676008,3.4340773213126496,-36.68889229726493,20.453369545201873,0.0,0.0,-10.350059095207206,-6.62176384738238,-10.266572989927266,-29.08764771952253,-19.837974414649317,-2.0300550821851866,87.92604751504004,90.13232628787588,0.0,0.0,-14.123910581150483,-23.77488549437137,-3.261414915261929,116.17739183525491,96.55693994531663,0.0,0.0
72.97297297297303,-4.916062233495497,4.828700156225224,3.001628084522523,0.918345023855856,0.9657631977207208,-0.32008529396396396,39.333723254468474,-4.5406987090630615,0.16852824013513473,-115.38792141596396,-0.25174033740540425,0.0,0.0,10.0617701136036,12.2811317248018,3.491098705810812,-36.50630373167568,20.35934962981982,0.0,0.0,-10.32300623827027,-6.5484609274504475,-10.340665443855858,-29.183281490027024,-19.861223885954956,-2.0495420334774765,87.97136936710811,90.08437707377479,0.0,0.0,-14.066692323819819,-23.743142994432436,-3.2695254193603587,116.2796032681892,96.54904551687389,0.0,0.0
73.07307307307305,-4.92312421606006,4.773036947220888,2.9888686895939274,0.918417194967968,0.9660577938938937,-0.32007539022889564,39.51530743871371,-4.472723070907909,0.1671673472986328,-115.21758629413948,-0.20494720775542477,0.0,0.0,9.808307445201873,12.211819463335335,3.5479770090830796,-36.321802110648306,20.259734701005,0.0,0.0,-10.295422136991991,-6.474214959319989,-10.414144212423087,-29.279589199068397,-19.884715561069402,-2.0695346991501498,88.0177560068672,90.03736513606206,0.0,0.0,-14.010647128340006,-23.71139647520487,-3.277309838499497,116.38217517147045,96.54122869113047,0.0,0.0
73.17317317317318,-4.930175451827496,4.716676332196528,2.976147792022356,0.9184923694277609,0.9663557207957959,-0.3200654007637637,39.69496902681383,-4.404190511563561,0.1647396134547887,-115.04428886016349,-0.15883925054220635,0.0,0.0,9.55424911568501,12.141545428122788,3.6047955118969006,-36.13564592945612,20.155475740243244,0.0,0.0,-10.267484503828827,-6.399071654277274,-10.48699165922523,-29.37659327603003,-19.90827731687488,-2.0902230755195212,88.06490214231131,89.99087528049951,0.0,0.0,-13.955311188084082,-23.679759867262923,-3.284305378090424,116.48489967659093,96.53267274311311,0.0,0.0
73.27327327327325,-4.937318299088088,4.659800223914916,2.9634710643743767,0.9185705738818818,0.9666568436516517,-0.32005529671571575,39.87294542534834,-4.335383310253256,0.16138128734434445,-114.86802312074276,-0.11319108094394506,0.0,0.0,9.299648847266273,12.070509098726728,3.661460609959957,-35.9477780918008,20.047489089568572,0.0,0.0,-10.23904483356857,-6.3232761654894905,-10.55937832741141,-29.474269063925924,-19.93191397757958,-2.111411971185183,88.11307549484283,89.94498854173173,0.0,0.0,-13.900760822557555,-23.648099371434437,-3.290825530303304,116.58779847804904,96.52367560525025,0.0,0.0
73.37337337337338,-4.944453892860529,4.602277749274608,2.9507585813733743,0.9186516294070737,0.9669610349803136,-0.32004502930830825,40.049301606619956,-4.266103615706372,0.1570171948862192,-114.68897572940273,-0.06779036333466695,0.0,0.0,9.044483601960627,11.998519125363696,3.718093180207542,-35.75836991592893,19.93646010935703,0.0,0.0,-10.210162059279277,-6.246702981198533,-10.631269109529196,-29.572568447041043,-19.955728825518186,-2.133123427518851,88.16210719787487,89.90033482639174,0.0,0.0,-13.846939570513177,-23.616555658784787,-3.2969075731518167,116.69096866304271,96.51483625251419,0.0,0.0
73.47347347347352,-4.9517004650567245,4.5442479426960265,2.9379756308551888,0.9187355987497497,0.9672682811317983,-0.32003474068702037,40.22406847952054,-4.196495085034699,0.15192467853253314,-114.50694434612679,-0.023229433146145118,0.0,0.0,8.789040257243567,11.925804272022685,3.7743813243189877,-35.567575783694025,19.82117356012946,0.0,0.0,-10.180722756298298,-6.1694450943610235,-10.702663510700704,-29.671498359740742,-19.97966710287788,-2.155242401542546,88.21208553486987,89.85618969688088,0.0,0.0,-13.794023844313646,-23.585056035621623,-3.3026009695932608,116.79440769157357,96.50593168403203,0.0,0.0
73.57357357357361,-4.95900521581882,4.485628923936938,2.9252275666056073,0.9188235943633634,0.9675799962892894,-0.3200244174204204,40.39641925379881,-4.12668002326126,0.14565118926826814,-114.32093437385886,0.020501307689690496,0.0,0.0,8.53304077857257,11.852208574494494,3.830661690516518,-35.374603295547544,19.697857314927937,0.0,0.0,-10.150696777276277,-6.091409484373373,-10.773438348856859,-29.77116815361962,-20.003553936514514,-2.1780662158718713,88.26297043506307,89.81382312312412,0.0,0.0,-13.742137444740735,-23.55372328964965,-3.307597685255253,116.89799553584885,96.49684578179479,0.0,0.0
73.67367367367368,-4.966214745397399,4.426328517624956,2.9127057201735065,0.9189147119362696,0.9678954511211213,-0.32001424844244236,40.56679434396297,-4.056632225372704,0.13813925979679662,-114.1317396839903,0.06407659501134666,0.0,0.0,8.276208967871526,11.777630672528527,3.887309923049385,-35.179751124043364,19.571161606683678,0.0,0.0,-10.120456587389722,-6.012452917548211,-10.843724678730736,-29.871588188321994,-20.02755448152586,-2.201484584575576,88.31500646094062,89.77203977057158,0.0,0.0,-13.690673583603603,-23.522559673796465,-3.3115402589502834,117.0018465115302,96.48748455165966,0.0,0.0
73.77377377377375,-4.973379472083083,4.366332065841843,2.9002893676543198,0.9190090589849851,0.9682144299472805,-0.32000406504237566,40.73507617984451,-3.98618475294995,0.12952790383383558,-113.93904513368435,0.10714798287053448,0.0,0.0,8.018741890805476,11.702097685179513,3.9437296809389366,-34.9831899261555,19.440113320315653,0.0,0.0,-10.089883807868201,-5.932577048836504,-10.913400627880545,-29.97285661576376,-20.051574768736067,-2.225643583774775,88.36823116637206,89.73053567108744,0.0,0.0,-13.639930413299634,-23.491443233181847,-3.3147230746136147,117.10596465728364,96.47769508760561,0.0,0.0
73.87387387387388,-4.980529351402404,4.305351446888888,2.8877179086036033,0.9191075709729729,0.9685379249369369,-0.3199931250150151,40.90079727797598,-3.9148250938018,0.11952969516516534,-113.74207608514114,0.1500048857988005,0.0,0.0,7.76058689949849,11.625090405633632,3.9996144919069088,-34.784418122837835,19.303528640204203,0.0,0.0,-10.058767396222223,-5.851506331384381,-10.982124635843846,-30.075116518027034,-20.075560468585586,-2.250926088960961,88.42270445894894,89.69062099741741,0.0,0.0,-13.590078775285283,-23.460459989549552,-3.3169364494354356,117.21037208623424,96.46776121977477,0.0,0.0
73.97397397397403,-4.987714290285286,4.24367008794728,2.874879299254588,0.9192092465368702,0.9688647202952954,-0.319981514352686,41.06471591328429,-3.842711123229896,0.10861825448581879,-113.54216767802602,0.19288056303203277,0.0,0.0,7.501995636470804,11.547064267115115,4.05508036496096,-34.58417431330164,19.164354225666337,0.0,0.0,-10.027130361820488,-5.769627256413079,-11.050151328142476,-30.178019970093423,-20.099703005515515,-2.2766545432365684,88.47816873114182,89.65178882298432,0.0,0.0,-13.541162223000995,-23.42947403459593,-3.318795810482483,117.31501974451817,96.45808919121188,0.0,0.0
74.0740740740741,-4.994992313185186,4.1812945686172815,2.8617871481604946,0.9193142228641975,0.9691948559876543,-0.31996933381481474,41.22659179095063,-3.7699253323703688,0.09677844212345663,-113.33906320460491,0.23561906025926094,0.0,0.0,7.243158465802459,11.46803730576543,4.109861830024694,-34.382433385629625,19.02187809858025,0.0,0.0,-9.994990518271601,-5.686868440777774,-11.11717914703704,-30.281650635172845,-20.12375407934568,-2.303095562123458,88.53416455322221,89.6139749084568,0.0,0.0,-13.492881012975307,-23.398663728962966,-3.3198253025061724,117.41953876322222,96.44903300198766,0.0,0.0
74.17417417417417,-5.002391407744745,4.1182763631411365,2.8486281095585597,0.9194221971431432,0.9695279040850849,-0.3199568506126126,41.386657124025035,-3.6966497464194163,0.0839873465935916,-113.13289130614014,0.27849309292292573,0.0,0.0,6.984147100277264,11.388012581011006,4.164106766595601,-34.17934273814514,18.87571158543343,0.0,0.0,-9.962328801696694,-5.603296005801797,-11.18351564332733,-30.385953672563573,-20.147809739786787,-2.3301289418088107,88.59085979726424,89.57678682437135,0.0,0.0,-13.445260187697693,-23.368036514702702,-3.3199642388428403,117.52414676472172,96.44005213448449,0.0,0.0
74.27427427427425,-5.009752821732734,4.054634598291621,2.8355124685582256,0.9195330715185186,0.9698639611474809,-0.3199441952829496,41.544844359745426,-3.6229808639592873,0.07026418190590378,-112.923587543022,0.3211689149119161,0.0,0.0,6.724664349644961,11.307053606760423,4.2179366947050445,-33.97482865947747,18.72583392964264,0.0,0.0,-9.92935667938872,-5.5189122529059,-11.24930707981482,-30.490995495855202,-20.17194056793794,-2.3577753717861203,88.64869328370837,89.539871782311,0.0,0.0,-13.398469781064728,-23.337541873308645,-3.3194614638218196,117.62911878521656,96.43066881397496,0.0,0.0
74.37437437437438,-5.017033248264264,3.990533203427762,2.822446460496495,0.919646654287621,0.970202935154488,-0.31993145786119453,41.70117084987287,-3.5492168694851522,0.055721076881215394,-112.71153498317786,0.3639760910730733,0.0,0.0,6.464764938310647,11.225346592000335,4.271375670284284,-33.76899696845646,18.57351889091425,0.0,0.0,-9.896174249909908,-5.433922113764433,-11.31457304292459,-30.596664434969636,-20.19603472369102,-2.3861787749836494,88.7073048684114,89.50419006267501,0.0,0.0,-13.352242986021022,-23.307168718150486,-3.318311324839173,117.73427987297029,96.42112716245445,0.0,0.0
74.47447447447452,-5.024149442947948,3.925605765358358,2.809325658708709,0.9197646327257256,0.9705467407297297,-0.3199182969089089,41.854475985949954,-3.4750301835225224,0.039785224977978206,-112.49511103533732,0.40763002691992123,0.0,0.0,6.20414165468368,11.142332841534534,4.324169067686689,-33.56104561545345,18.41656528991792,0.0,0.0,-9.862633099290289,-5.347924850455454,-11.37901173461962,-30.70321979555656,-20.220152122882883,-2.415356691825827,88.76717424546946,89.46993233261864,0.0,0.0,-13.30707009576076,-23.27691742158459,-3.316125331011013,117.83971312672873,96.41123310578979,0.0,0.0
74.5745745745746,-5.0312127354611285,3.86014517054254,2.796080344761094,0.9198849718715382,0.970892935278612,-0.3199046868138138,42.00602454421256,-3.4004294491007636,0.023030835882882662,-112.27633129810108,0.45166477342142414,0.0,0.0,5.943298348979631,11.058574746400064,4.3764253710477155,-33.35208167176843,18.256296260945938,0.0,0.0,-9.828891129756753,-5.261279030456786,-11.442858489264266,-30.81024251823525,-20.24422556976944,-2.4450523628318326,88.82744663429597,89.4364362282319,0.0,0.0,-13.26243340744811,-23.2467800708028,-3.313296982954288,117.94503915019752,96.4014831389683,0.0,0.0
74.67467467467466,-5.038170397008342,3.7940859557377364,2.7826726739235914,0.9200084187777776,0.9712423893093094,-0.3198906247420754,42.15542361400601,-3.325342665789789,0.0053384884114109354,-112.0545956098255,0.49632734595395583,0.0,0.0,5.6820343142045315,10.97390618773807,4.428042796029032,-33.14169844601434,18.091883374034367,0.0,0.0,-9.794895328783785,-5.173878745203869,-11.50588811455022,-30.917922854273275,-20.26824699580314,-2.475377836505505,88.88832441398098,89.40400685987021,0.0,0.0,-13.21830272299666,-23.216757993611278,-3.309721952320319,118.05029961941607,96.39210499527894,0.0,0.0
74.77477477477474,-5.044756011945947,3.727341122918916,2.769346347708708,0.9201361210690692,0.9715967249399398,-0.3198763991891892,42.301417742099105,-3.249971974801798,-0.013667308738740624,-111.82850470809308,0.5420313019219246,0.0,0.0,5.420040677915905,10.888120836909906,4.478593609483488,-32.929450803063055,17.91992471498198,0.0,0.0,-9.760901971462461,-5.085507494294291,-11.568163096117118,-31.026367677654655,-20.292188792183182,-2.506480664513515,88.95015463426128,89.37251766317716,0.0,0.0,-13.175082900999996,-23.18697971344445,-3.3050418622792774,118.15565226162161,96.38303938737837,0.0,0.0
74.87487487487488,-5.051450211769437,3.660276170346343,2.7561284485291977,0.920265888832833,0.9719530042555891,-0.3198621622622623,42.446054434257604,-3.174624030976975,-0.03332759264764991,-111.60017736464332,0.5877313181007716,0.0,0.0,5.158049193526845,10.801784617517516,4.528788299062735,-32.71629802805038,17.744927710487822,0.0,0.0,-9.72654648910577,-4.99671064092759,-11.630124909897571,-31.135312146235247,-20.316082709031697,-2.5381978088178174,89.01264490110344,89.34202460143878,0.0,0.0,-13.13244074857657,-23.157357682109108,-3.299799366574908,118.26125024398698,96.37385496203837,0.0,0.0
74.97497497497501,-5.058308363737738,3.5926313791805127,2.7429508366643294,0.9203982832062062,0.9723117456956956,-0.31984769805171837,42.589004051172836,-3.0990184853500145,-0.05402745753753706,-111.36900550853652,0.6339034679496167,0.0,0.0,4.8961244233086365,10.714533650575909,4.578449846292959,-32.50210278281081,17.565438276523185,0.0,0.0,-9.69170302342309,-4.907207079824491,-11.691398337046044,-31.244967962739405,-20.33981119005472,-2.570865050895894,89.07566279806706,89.31250252499868,0.0,0.0,-13.090235705622288,-23.127967157665,-3.2935097069673005,118.36680336885652,96.36444793413514,0.0,0.0
75.07507507507509,-5.065299579226226,3.524520005087088,2.729588032281281,0.9205335575095093,0.9726732415905908,-0.3198327353213213,42.730046421206204,-3.0230524597367365,-0.07549690514013956,-111.1349067503003,0.6808841904804797,0.0,0.0,4.6342872843193215,10.626557587120121,4.627069148318318,-32.286847595831844,17.380903673754755,0.0,0.0,-9.656348515686686,-4.817131386356357,-11.751985192198196,-31.355180658861862,-20.36355625335335,-2.6039405329919925,89.13932195624224,89.28352244838038,0.0,0.0,-13.048941507075076,-23.09860944038639,-3.2867142001901883,118.47236209055056,96.35527204022321,0.0,0.0
75.17517517517516,-5.07259823820287,3.4557986215965917,2.716104800102768,0.920672168769436,0.9730377430633969,-0.31981719365965966,42.86896899856158,-2.946709977264592,-0.09792460389489537,-110.8972990891031,0.7278148405705753,0.0,0.0,4.372798538372351,10.537597612504833,4.674426259945949,-32.07037111045811,17.18894537442008,0.0,0.0,-9.620270266894225,-4.726314560073067,-11.811725317577915,-31.466073285277293,-20.387234867184517,-2.6376850243994,89.20345737312178,89.25578102061428,0.0,0.0,-13.008514144027691,-23.069354188969637,-3.2790545030954292,118.57778740709443,96.34639260723591,0.0,0.0
75.27527527527523,-5.080124459254923,3.386592280305636,2.7026694600253593,0.9208133434964964,0.9734046095111779,-0.31980139657691026,43.0061061121942,-2.870267759779442,-0.12125164426459982,-110.65662814607609,0.7749050532065442,0.0,0.0,4.111572351259245,10.44781028322422,4.721039853609616,-31.852895099543865,16.991424025023356,0.0,0.0,-9.583671199908238,-4.634878473677674,-11.870776951650322,-31.577638377679023,-20.410675094435767,-2.6722076199582925,89.26807262874175,89.22904389053619,0.0,0.0,-12.968647438347011,-23.040335676063396,-3.2703152546403076,118.68311482390156,96.33725861921121,0.0,0.0
75.37537537537538,-5.087969517156155,3.31699993085085,2.689409808178179,0.9209563043063062,0.9737731228728729,-0.3197856845965966,43.14213285910911,-2.793907589697698,-0.145294512830832,-110.41370477306407,0.8218238629939956,0.0,0.0,3.8506411278138097,10.357403947099098,4.767353229437438,-31.634648743527528,16.790739973520516,0.0,0.0,-9.546560951807807,-4.542949479360359,-11.929378122209211,-31.689779936122125,-20.433898776816818,-2.707398019831831,89.33320600335236,89.20302108231832,0.0,0.0,-12.929061135276271,-23.011486787221223,-3.2606887516496483,118.78838530699599,96.32818134626125,0.0,0.0
75.4754754754755,-5.096142930279282,3.2470559641411376,2.6762106358144804,0.9211012229139138,0.9741431537817817,-0.31976988728261596,43.27686046857592,-2.7175409069776393,-0.16998078115916015,-110.16846010195192,0.8685634271234601,0.0,0.0,3.5902464244557777,10.266458801814478,4.812963816709715,-31.415880776436758,16.58589364374007,0.0,0.0,-9.50888237760427,-4.450577599669332,-11.987510629244914,-31.8024088278592,-20.456984347912247,-2.7432122502686043,89.39865647874741,89.17761128486185,0.0,0.0,-12.890037402385715,-22.98275656829963,-3.2504126233463437,118.89357241863897,96.31931036096263,0.0,0.0
75.57557557557561,-5.104399303686687,3.17651688041341,2.662859265343344,0.921249282275609,0.9745161694391056,-0.31975344561795127,43.40924958133734,-2.640812227636968,-0.19564331661394807,-109.91983104595128,0.9154618817500857,0.0,0.0,3.3300512965829077,10.17461174156623,4.857475448565902,-31.196132248634292,16.376491284403066,0.0,0.0,-9.470762211646312,-4.357516255206202,-12.044907723300302,-31.91558073345913,-20.47998925522122,-2.7796920738068076,89.4646084932329,89.15345774638038,0.0,0.0,-12.851906886098096,-22.9541734323023,-3.239215350243242,118.99868302313014,96.31040851860361,0.0,0.0
75.67567567567565,-5.112757530576577,3.1052096756396366,2.6495302857207195,0.9214007338828829,0.9748924199459458,-0.31973650505405404,43.539298097126135,-2.5635880755495455,-0.22249623823423564,-109.66747534874773,0.9621489368378402,0.0,0.0,3.069960277306295,10.081577181585581,4.900867245873874,-30.975307436495484,16.161105150801795,0.0,0.0,-9.43215083416216,-4.263509793549546,-12.101539546567569,-32.02955265263064,-20.502931752792797,-2.8168371065945963,89.5313968347117,89.13013743008108,0.0,0.0,-12.814641311675675,-22.92586217164865,-3.2271131193243208,119.10387908463963,96.30210720143242,0.0,0.0
75.77577577577574,-5.121284509195195,3.0336540235338663,2.6361506145091744,0.9215538261755087,0.975270053340674,-0.319719272392726,43.668114161771776,-2.486278332639637,-0.24983867124657913,-109.41310522660027,1.008437598929931,0.0,0.0,2.8102890528551847,9.988146723220218,4.943471833601602,-30.754145555402403,15.941927915457791,0.0,0.0,-9.393176212659323,-4.169195722674673,-12.157747681358355,-32.14389568876844,-20.525762005750416,-2.8544353873156494,89.59848547033,89.10727034881215,0.0,0.0,-12.777980262695364,-22.89767968736403,-3.2145807366092773,119.209090196319,96.294042111662,0.0,0.0
75.87587587587588,-5.130200990968636,2.9615272210597245,2.6228145990393736,0.9217089023410076,0.9756494185395395,-0.3197018182535869,43.79542240335603,-2.4088337834304285,-0.2780273480220224,-109.15593407231897,1.0538930995562268,0.0,0.0,2.551444372351341,9.893778824905235,4.9850626957337365,-30.532694851150477,15.718735906291624,0.0,0.0,-9.353603809222554,-4.0741764152726025,-12.213174706923262,-32.258940059661,-20.548359897852517,-2.8928068925382044,89.66600017357224,89.08502484155721,0.0,0.0,-12.74175910757891,-22.86960112375075,-3.2010149628204894,119.3140561788739,96.28590551557025,0.0,0.0
75.975975975976,-5.139307951382384,2.8889608779839824,2.609464583736739,0.9218663443943944,0.9760308465485487,-0.3196840475945946,43.92093947274976,-2.331304283456456,-0.30689636231031164,-108.89580601738237,1.0989598045655673,0.0,0.0,2.2930151940280203,9.798623620055052,5.025614191828833,-30.310531959581574,15.490735096404403,0.0,0.0,-9.313551810946944,-3.9786402755735715,-12.267980187280283,-32.374490773276285,-20.570776122667667,-2.9319739516686685,89.73396158962863,89.06405924275677,0.0,0.0,-12.706172407815812,-22.841680598152152,-3.1865442394044012,119.41901146538942,96.27778275473973,0.0,0.0
76.07607607607612,-5.148512023340342,2.815957293851179,2.596007695422755,0.9220263282442444,0.9764146998391725,-0.3196656634124124,44.04437257717185,-2.253590869138132,-0.3366122664718071,-108.6325825115512,1.1435983762585944,0.0,0.0,2.0350330605418594,9.70277297285585,5.06490491119987,-30.08779746669535,15.257447835037354,0.0,0.0,-9.273159438120114,-3.8825750839339266,-12.322066792551222,-32.490546110686694,-20.59289787129029,-2.971938936637975,89.80215976781982,89.0440713322239,0.0,0.0,-12.671200512268932,-22.814011499589256,-3.171161629288619,119.5238114506423,96.27004654413247,0.0,0.0
76.1761761761762,-5.157970895374043,2.7422680964654624,2.5825222000306964,0.9221892756509844,0.9768012915695696,-0.31964672961361357,44.16569208374042,-2.1755035695138436,-0.36728725503170023,-108.36570104625892,1.1872778706359717,0.0,0.0,1.7775262128655214,9.605772939393722,5.102888972307978,-29.864212568246238,15.018594279117778,0.0,0.0,-9.232165273353017,-3.7856861046279584,-12.375340410230564,-32.60732013732466,-20.614926281763765,-3.012509333581918,89.87120694123524,89.02489042148781,0.0,0.0,-12.637070529870867,-22.78647407045112,-3.154874298272602,119.62872837729999,96.26258418675441,0.0,0.0
76.27627627627623,-5.167565919756756,2.6682526072962958,2.5688758004794803,0.9223538605925926,0.9771893564404402,-0.31962730748548546,44.285504048996,-2.0972465808498484,-0.39843628525025127,-108.09649027048849,1.230174722251253,0.0,0.0,1.5206236864354323,9.508200250739739,5.139535112020022,-29.640499357275274,14.776695598576577,0.0,0.0,-9.19088115573073,-3.68840282492092,-12.427927129382383,-32.72447718052554,-20.636820698653654,-3.0535572085545546,89.9403942260911,89.00648908732833,0.0,0.0,-12.603438627679676,-22.75908140816717,-3.13784406723123,119.7334228989109,96.25529516632933,0.0,0.0
76.37637637637637,-5.177319894875209,2.593965124307643,2.5551758405311977,0.9225199538124791,0.9775788228264931,-0.3196075666366366,44.403984253272604,-2.0189187562702733,-0.43007745467367264,-107.82513292684419,1.2722758716319649,0.0,0.0,1.2643145903450161,9.410156749153824,5.1751208277847836,-29.416683841457125,14.53133106026861,0.0,0.0,-9.149289130615283,-3.5907867889569594,-12.479967213428093,-32.84202681389089,-20.6585621867304,-3.095110652470136,90.00979709175543,88.98856127332932,0.0,0.0,-12.570259703073742,-22.731820974757756,-3.1201936408018036,119.83796603791124,96.24822385135035,0.0,0.0
76.47647647647649,-5.1872147640977655,2.519383803076409,2.5414214957317345,0.9226877240216883,0.9779695563163162,-0.31958731824324327,44.52087780976844,-1.940407593930598,-0.46217242569970124,-107.55147630892591,1.313806456328665,0.0,0.0,1.0087206175912513,9.311583670737402,5.209212664718724,-29.192809412192183,14.281729582872208,0.0,0.0,-9.107408451495829,-3.492800448372037,-12.531507811143815,-32.9598561120177,-20.680159534512182,-3.137109928622288,90.07935401044745,88.97108990264766,0.0,0.0,-12.537689702650313,-22.70480595713747,-3.1018863359389375,119.94240586883916,96.2414042928602,0.0,0.0
76.57657657657661,-5.1972565871411405,2.444364216828828,2.5276868005795814,0.9228577435135135,0.9783623237267267,-0.3195666484204204,44.63592046824024,-1.8617799400870887,-0.4951116026696698,-107.27486509197897,1.354780678723725,0.0,0.0,0.7536222731711665,9.212260055807807,5.242175498603605,-28.968490333585578,14.02836156564264,0.0,0.0,-9.065142777315314,-3.3942738771171164,-12.582427651207212,-33.078196902516524,-20.701531928099097,-3.1798084002882865,90.14921657933334,88.95431271621622,0.0,0.0,-12.505645271705703,-22.677977207831837,-3.0826558320810813,120.04672687731832,96.23473718880781,0.0,0.0
76.67667667667665,-5.207385611322991,2.3688990004167465,2.5139011498248243,0.9230301266426426,0.9787573178421753,-0.31954562536069403,44.748997665794796,-1.7829961184020646,-0.5288286692842863,-106.9952017093133,1.395052619963965,0.0,0.0,0.4989546012942843,9.112189475891888,5.2739820823877235,-28.743726355420744,13.770951520595252,0.0,0.0,-9.022499177653986,-3.295197618159489,-12.632707754170172,-33.1970323676957,-20.722744007181852,-3.2230841011001012,90.2196872074281,88.93848498257258,0.0,0.0,-12.474336155034363,-22.651347632732065,-3.0627421588581867,120.1511130540467,96.2284881332022,0.0,0.0
76.7767767767768,-5.2178457697657645,2.2929867101344668,2.499896024359026,0.9232050753476809,0.9791545683953954,-0.31952383840940934,44.85975818156423,-1.7041260264731393,-0.5632437306509857,-106.71177681450483,1.4350437597270609,0.0,0.0,0.24544853666866634,9.011247464357023,5.303761080297965,-28.518808502136466,13.510737918888552,0.0,0.0,-8.979238935095427,-3.1956199904084075,-12.681934189121122,-33.316421015468805,-20.74360342995796,-3.26727995637304,90.29036533449582,88.92384433179211,0.0,0.0,-12.443695474173836,-22.62480608446013,-3.0416484318361667,120.25511867988386,96.2222818718295,0.0,0.0
76.87687687687686,-5.228523151612611,2.2169174253563577,2.4859305574414394,0.9233810058208206,0.9795524648598597,-0.31950182396696697,44.96949573124724,-1.6252835341951943,-0.5979980312102077,-106.42664060214915,1.4746895291941924,0.0,0.0,-0.007314866948947074,8.909979517591593,5.332483981864862,-28.294059244864865,13.249044681152151,0.0,0.0,-8.935683119582585,-3.095827120230232,-12.73076571382282,-33.43609302579579,-20.76428024018218,-3.3118925080110095,90.3611458900991,88.9094099114935,0.0,0.0,-12.41336837772072,-22.598467766915913,-3.019917103950953,120.35895885837337,96.21626802892493,0.0,0.0
76.976976976977,-5.239400673638305,2.1405587350520507,2.4718618654948274,0.9235583564654654,0.9799513493610276,-0.31947929371137807,45.07787662251919,-1.546277921205871,-0.6331790059269269,-106.13934304496229,1.5139621985015028,0.0,0.0,-0.25931890343043607,8.808195647427759,5.359877026015683,-28.069351288869864,12.98468022312412,0.0,0.0,-8.891800812398731,-2.9956863311841824,-12.779041025818819,-33.55605980737972,-20.784805236126463,-3.356925645380047,90.4320417567878,88.89538873984617,0.0,0.0,-12.383518857556222,-22.572310256731395,-2.9974425419716386,120.4626369561111,96.2104350032983,0.0,0.0
77.0770770770771,-5.250654988295964,2.0639585411588217,2.4577111236743407,0.9237374129482816,0.9803514916109443,-0.31945619016049387,45.1844762228265,-1.46731213927427,-0.6688808505348698,-105.84908624781413,1.5526773194277632,0.0,0.0,-0.5100021670010132,8.705958007984314,5.38538665877144,-27.84488579772638,12.715954859881876,0.0,0.0,-8.84740881371171,-2.895234723785114,-12.826624332258259,-33.676372796985326,-20.80499372332499,-3.402529734265601,90.50299249736369,88.88189199410745,0.0,0.0,-12.354334058362026,-22.54639418892559,-2.9741382450837492,120.56599243625992,96.20499677804237,0.0,0.0
77.17717717717719,-5.262101952396397,1.9872395614844856,2.4435946397227237,0.9239178013103103,0.9807526448998999,-0.31943285462662663,45.2895525248969,-1.3885479021031037,-0.7050718464404401,-105.55663619906106,1.591759349186187,0.0,0.0,-0.7597587364194184,8.603435820956957,5.409613712385388,-27.620679996118117,12.444428365017023,0.0,0.0,-8.802730234592591,-2.7946099549990002,-12.87370959156957,-33.79704041121021,-20.824844083494494,-3.448858155140139,90.57403402427028,88.86887217012413,0.0,0.0,-12.325500207391391,-22.520743328277284,-2.950044791734736,120.66910848458758,96.19982114864465,0.0,0.0
77.27727727727729,-5.273795052047715,1.9104164441111062,2.429324533752085,0.9240995353076411,0.9811546852068738,-0.319408967274608,45.39314455107008,-1.309821880375705,-0.7415581518011376,-105.26190289104701,1.6307247812158852,0.0,0.0,-1.0084761901958792,8.500637857627954,5.43234346940841,-27.396749278142465,12.1701473117484,0.0,0.0,-8.75768187834968,-2.693869988137131,-12.920159853397735,-33.91802668335403,-20.844482016992657,-3.4957115571755097,90.64515614704604,88.85642691949415,0.0,0.0,-12.297175799874536,-22.495297503625626,-2.925134416062059,120.7719991198949,96.1947252233934,0.0,0.0
77.37737737737737,-5.285711331461462,1.8332274993867173,2.4149858348395057,0.9242830235855856,0.9815580175632299,-0.319384496997998,45.4950782463904,-1.2308853393660293,-0.7785652659269285,-104.96449299871037,1.6693818291911922,0.0,0.0,-1.2563705131414824,8.39714410264898,5.453567826939276,-27.172679680171495,11.892285977746742,0.0,0.0,-8.712222860028692,-2.5927230096122758,-12.966025664407741,-34.03931828593995,-20.863915398910244,-3.543020707968637,90.71655987220754,88.84452699307408,0.0,0.0,-12.26953733231131,-22.470012103421425,-2.8995876829749707,120.87483364535237,96.19000780407274,0.0,0.0
77.47747747747749,-5.2978876002102115,1.75574637702402,2.4005640024774766,0.9244684817357358,0.9819630846306306,-0.31935946361561557,45.59553004487389,-1.1518595203573536,-0.8160791429159182,-104.66440149789189,1.7078620201951982,0.0,0.0,-1.5035695112943066,8.29302021458558,5.473534436441444,-26.948344917480473,11.609501752534527,0.0,0.0,-8.666209613129125,-2.491292928066061,-13.011346179558561,-34.161035717654656,-20.883241076912917,-3.5907265284985024,90.78847899335136,88.83336413196096,0.0,0.0,-12.242641177708707,-22.44482085196396,-2.8735321097987976,120.97780703705705,96.1857000252012,0.0,0.0
77.57757757757761,-5.310344339541208,1.6782508810744008,2.38599374769002,0.9246553228345011,0.9823692174481147,-0.31933384968301626,45.69383116464532,-1.0730432646933512,-0.8538585881494857,-104.3611378295008,1.745864821937608,0.0,0.0,-1.749095246296319,8.188737340808801,5.491128384676677,-26.724777470850164,11.319591957099073,0.0,0.0,-8.619872208663326,-2.389800504048373,-13.05582743820187,-34.28307292792393,-20.902127680358692,-3.639035004337676,90.86038232336338,88.82269877907474,0.0,0.0,-12.216375406723055,-22.41999158557891,-2.8465073134437757,121.08039140834703,96.18179032546647,0.0,0.0
77.67767767767768,-5.323027021148148,1.6005126877037035,2.371392612278278,0.9248436675498832,0.9827765897754421,-0.3193077462529196,45.79051826566267,-0.9942895638261586,-0.8921118580880882,-104.05533591378078,1.7835664181688375,0.0,0.0,-1.9936696646219592,8.083897576866866,5.507363104529864,-26.50125913547881,11.024943688510845,0.0,0.0,-8.573181294418083,-2.288050301944611,-13.099726568474143,-34.40539821901235,-20.920677548051053,-3.688013309871205,90.93236142100469,88.81260346164397,0.0,0.0,-12.190535828891559,-22.395292249389055,-2.8187001458074747,121.18278609465699,96.17812780832733,0.0,0.0
77.7777777777778,-5.335767853592592,1.522638476703702,2.3567829604444457,0.9250326858518518,0.983184385111111,-0.3192813150740741,45.886250123962974,-0.9154968313703694,-0.9306347749259272,-103.74825008566665,1.821235436370372,0.0,0.0,-2.237701335037042,7.978804395259256,5.522715989000002,-26.277933337518515,10.728021514333333,0.0,0.0,-8.52641019862963,-2.1861455572222197,-13.143376728851853,-34.52782215837037,-20.93908057362963,-3.7372389237407404,91.00434962137038,88.80268469244444,0.0,0.0,-12.165023731629628,-22.37076829844444,-2.7905356282222233,121.28506249707407,96.17471387622223,0.0,0.0
77.87787787787786,-5.348700936582583,1.4446725228054644,2.3420169243453453,0.9252228660450452,0.9835927827794462,-0.3192541690937604,45.98005233516884,-0.8366348247664254,-0.9693425346723437,-103.43851165510007,1.8583551099933313,0.0,0.0,-2.480324838169529,7.873548447935256,5.535933562969641,-26.05541895103601,10.427140507000306,0.0,0.0,-8.479447685153483,-2.084107771940598,-13.186378531836175,-34.6503897504151,-20.957244075927925,-3.7867757324934965,91.07629715075343,88.79315931573807,0.0,0.0,-12.14016158761394,-22.34655133565666,-2.7616337143797085,121.38696929643577,96.17163556167634,0.0,0.0
77.97797797797799,-5.36195369455956,1.3665943587250535,2.3270853522318973,0.9254142445735736,0.9840020569102436,-0.31922635432666,46.0723102732933,-0.7578432862055342,-1.008257285087089,-103.1261472158762,1.8942898732595939,0.0,0.0,-2.7215557721301438,7.767878401635963,5.547087600120785,-25.83341924255121,10.120957431581894,0.0,0.0,-8.432087025576907,-1.9819665921141087,-13.228589811315985,-34.77327448104105,-20.975009344428088,-3.8369885434020707,91.14820281248817,88.78394284426292,0.0,0.0,-12.11564728116316,-22.322554888935603,-2.731777349077075,121.48858616062698,96.16881948081448,0.0,0.0
78.07807807807811,-5.3753720734074095,1.288419245831829,2.312066442566566,0.9256067748378379,0.9844122603813814,-0.31919800966366363,46.16297467517818,-0.6791566517277255,-1.047467762893896,-102.81140001836336,1.9298523132452474,0.0,0.0,-2.9617001404614696,7.661854107165162,5.556584884331332,-25.611740303071066,9.809355419635626,0.0,0.0,-8.384474144436435,-1.8797520686876843,-13.270253223832833,-34.89628863342243,-20.992442044348348,-3.8877073053984015,91.22004344225726,88.77499395496797,0.0,0.0,-12.091610212580576,-22.298748350389392,-2.7012929189359314,121.59000687243345,96.1662278016156,0.0,0.0
78.17817817817813,-5.38899598504104,1.2101224048268284,2.296900334413081,0.9258005050286954,0.9848232524310976,-0.31916897165332003,46.25208882588322,-0.6003806315271975,-1.0868375929886553,-102.4943190401278,1.9649946605915942,0.0,0.0,-3.2008181311778485,7.555541750168169,5.564545188240908,-25.390417241543208,9.494648565210543,0.0,0.0,-8.336569785807475,-1.777429211059728,-13.311345839019689,-35.0194524759316,-21.009651633469804,-3.938757746574906,91.2919712648505,88.76673876339173,0.0,0.0,-12.068141061205539,-22.27507710505973,-2.6702724847894586,121.69122781120855,96.16398898117984,0.0,0.0
78.2782782782783,-5.402779317701702,1.131642796765429,2.2816404900120104,0.9259956670086753,0.9852352515362031,-0.319139369719386,46.33948096844612,-0.5215256738174799,-1.1265424177697707,-102.17451963585451,1.9991653605542232,0.0,0.0,-3.4388951155819276,7.448861471868864,5.570770176526861,-25.169498958479473,9.175409655600252,0.0,0.0,-8.288361937758756,-1.6749156619392687,-13.351781083550554,-35.142946272145814,-21.02657815439506,-3.990303195807474,91.36418999664998,88.75905026823224,0.0,0.0,-12.045250373622624,-22.25171151715916,-2.638581366398067,121.79236524131997,96.16220880574409,0.0,0.0
78.37837837837836,-5.4168031642522525,1.0531612025495476,2.2662095437297296,0.9261917625945946,0.9856478111891892,-0.3191090475315315,46.42513071706306,-0.44275308870269986,-1.1663802477837852,-101.85214513526127,2.032902491081083,0.0,0.0,-3.675434154135142,7.342020372486485,5.574802374981983,-24.949433535054048,8.851361557558551,0.0,0.0,-8.239895795738736,-1.5724310326666637,-13.39155530111712,-35.26654737194595,-21.0431705090991,-4.042281018063065,91.4362752573874,88.75141263677479,0.0,0.0,-12.022885395486487,-22.228619083090088,-2.6061848285675664,121.89315944309007,96.16083948606305,0.0,0.0
78.47847847847848,-5.431080055880548,0.9746595503827109,2.2505848479739727,0.9263887197057059,0.9860608986983651,-0.3190780125455456,46.50948383112146,-0.3639603383086355,-1.2062046769232608,-101.52773571463227,2.0660922374070787,0.0,0.0,-3.9108549980734253,7.234937895272931,5.577159681106775,-24.729720134014663,8.522615091247882,0.0,0.0,-8.191143674941273,-1.4699577603730325,-13.430744168005342,-35.39021093639608,-21.05947788322623,-4.094600640410747,91.50826348599735,88.74415033745511,0.0,0.0,-12.000945272096093,-22.20563724020654,-2.5732558920760735,121.993701943339,96.15985921918852,0.0,0.0
78.5785785785786,-5.445614953722724,0.8960653909916534,2.234837916232231,0.9265866615288623,0.9864744977831166,-0.31904627491758425,46.5923125082863,-0.2851649356352974,-1.246234859812816,-101.20087728670202,2.0981648501294643,0.0,0.0,-4.144931256276954,7.127537412109102,5.577635594588591,-24.510630133475125,8.190450194019338,0.0,0.0,-8.142092866401399,-1.3674157978575185,-13.469336585382385,-35.513971148193875,-21.07543893240574,-4.147363205137474,91.58014464782347,88.73691139955989,0.0,0.0,-11.979443552659657,-22.182912954809147,-2.539617720357686,122.09395027816183,96.15913979581248,0.0,0.0
78.67867867867862,-5.460437430844846,0.817704455992995,2.2190551068418443,0.9267846590100101,0.9868877209689689,-0.31901428079579575,46.674033432742746,-0.20663625489489865,-1.286142437557557,-100.87228044401702,2.129194807315315,0.0,0.0,-4.377483077577572,7.020464098870875,5.576665828794795,-24.292818113467472,7.8563066117827915,0.0,0.0,-8.092837017543545,-1.2651093814144168,-13.507561447270271,-35.63774608942943,-21.09114931905906,-4.2003236438718705,91.65193528674774,88.72979566894894,0.0,0.0,-11.958313693746746,-22.16046646741642,-2.505515792635637,122.19387350410909,96.15864294183083,0.0,0.0
78.77877877877879,-5.475516345213213,0.7393827489876539,2.2031020414030698,0.926983130106106,0.9873008007253921,-0.31898171545278614,46.75444444943778,-0.1281258067040371,-1.3259579320377053,-100.5416478601388,2.15934722797798,0.0,0.0,-4.6085476891861905,6.91337388320954,5.573709830220223,-24.076037527196195,7.5179101154431125,0.0,0.0,-8.043351128993994,-1.1628424249566227,-13.545182575359359,-35.76164295154321,-21.106528503661995,-4.253686325297965,91.72366180400768,88.72270574739773,0.0,0.0,-11.9375702685005,-22.13826078223891,-2.470829433865199,122.29342061196765,96.15843320989924,0.0,0.0
78.87887887887885,-5.49088436335035,0.6609750093516864,2.186912110926594,0.9271828311538204,0.9877145439295963,-0.31894815353687017,46.83315256787186,-0.049526602452120636,-1.3658995555919244,-100.2083000731081,2.1890912316189532,0.0,0.0,-4.83824407541508,6.8058752300744105,5.568590716418417,-23.859675040620292,7.1755302271551615,0.0,0.0,-7.993508197661328,-1.0605483411271286,-13.582136526783453,-35.88557536454355,-21.121582399721724,-4.307460994803803,91.79527347742109,88.71584615105806,0.0,0.0,-11.917469470385718,-22.116287495581247,-2.435522186673679,122.39283213728861,96.15887066776077,0.0,0.0
78.97897897897897,-5.506423651007008,0.5826497482912869,2.170627103750749,0.927383277091091,0.988128836057057,-0.31891407340040046,46.910393418920926,0.028939685635640977,-1.4058837092572591,-99.87279819024923,2.217953616048051,0.0,0.0,-5.0668000439749905,6.698353093321314,5.562075172693693,-23.643968656290276,6.830846193913892,0.0,0.0,-7.943498303673671,-0.9583527752602542,-13.618632438550552,-36.009557202488494,-21.136351655367367,-4.361555555247251,91.86685858138439,88.70944416519018,0.0,0.0,-11.897822149609606,-22.094462646644644,-2.399693130825825,122.49201151357758,96.15947121153755,0.0,0.0
79.07907907907911,-5.522268469006008,0.5044079766536493,2.154237696944277,0.9275844979943276,0.9885431740390391,-0.31887950824324324,46.986003889599935,0.10725219321588639,-1.4459661922649356,-99.53462633173805,2.2456475030730756,0.0,0.0,-5.293631577704717,6.590895556423419,5.553783639856525,-23.429591421178166,6.484869377480794,0.0,0.0,-7.893130889611943,-0.8562672232138754,-13.654537736427429,-36.13367439188923,-21.150800202632297,-4.416116911518856,91.93850361733432,88.70332245101466,0.0,0.0,-11.878752324788115,-22.072977246065737,-2.3631728622302255,122.5909409629553,96.16038220399832,0.0,0.0
79.17917917917916,-5.53848290803003,0.42635954154721156,2.137734143190857,0.9277859015752419,0.9889570916736737,-0.3188444522328996,47.06040774771205,0.18539800320220357,-1.4858673054164178,-99.19438280425426,2.2716080955685687,0.0,0.0,-5.518759638227899,6.4835896353193165,5.543681939214213,-23.2164376459386,6.136397055789115,0.0,0.0,-7.842458844672005,-0.7544098373520157,-13.689965313972973,-36.25773096441843,-21.164923652682685,-4.470894991300303,92.0099931842566,88.69714660979548,0.0,0.0,-11.860156307876208,-22.051719944846177,-2.326290099269603,122.68963871199999,96.16186303409076,0.0,0.0
79.27927927927928,-5.555043053549552,0.34840130354954546,2.121001535030032,0.927987969993994,0.9893710329399401,-0.31880870066666667,47.133712042876894,0.26351036726426624,-1.5256428966306348,-98.8522067143123,2.2966216240030057,0.0,0.0,-5.742591692708718,6.376263653351346,5.532009154207211,-23.003940472873865,5.7864096234294236,0.0,0.0,-7.791417371348345,-0.6526910927747696,-13.724819349963965,-36.38188365846848,-21.17872007070871,-4.52606535036637,92.08138499533032,88.6910428323844,0.0,0.0,-11.84194426919219,-22.030525707636635,-2.288912708195193,122.7880366939099,96.16349673675376,0.0,0.0
79.3793793793794,-5.571979804475477,0.27045340969102055,2.1040871827494154,0.9281910487951283,0.9897851705715717,-0.31877213820286954,47.20528568768436,0.3416118086493182,-1.5655315169422792,-98.50715683236834,2.3213288898144833,0.0,0.0,-5.964680022245925,6.268830507388717,5.518345426340341,-22.792536687656316,5.434227278451104,0.0,0.0,-7.739958236920917,-0.5510313950400348,-13.759020471502172,-36.506080312198876,-21.192198191910574,-4.581539548429767,92.15274584193861,88.68513708179913,0.0,0.0,-11.824387455336334,-22.00963147265699,-2.250877748707038,122.88618905444712,96.1658246318315,0.0,0.0
79.47947947947947,-5.589159691454789,0.19272856028761817,2.0870466968932253,0.9283940326139474,0.9901987027857858,-0.31873507128328327,47.27577030293461,0.419625966285622,-1.605154130317319,-98.16036332809742,2.344912088844514,0.0,0.0,-6.185265235816827,6.161702811480144,5.503058437228562,-22.582495404560888,5.081027495452443,0.0,0.0,-7.688363837652983,-0.44963034048181116,-13.792817690897564,-36.63013736113681,-21.205448626307305,-4.63709170989957,92.22393668090425,88.67946473949951,0.0,0.0,-11.807197381945612,-21.989038168937267,-2.2124809921951964,122.98406656109043,96.1684243401438,0.0,0.0
79.5795795795796,-5.606770203763765,0.11536852772872663,2.0699010462352363,0.9285970306136134,0.9906112296136136,-0.3186976446186186,47.345006518002,0.4972484516076075,-1.6445288053343354,-97.81139953422621,2.366973643560561,0.0,0.0,-6.403762074610617,6.055045193017014,5.486068255262261,-22.374439500420415,4.729342748191178,0.0,0.0,-7.636385512149147,-0.34864296828328134,-13.82613763275576,-36.754237459154155,-21.218297239450447,-4.693138081837839,92.29506119576277,88.67374722003004,0.0,0.0,-11.79044210022722,-21.968753337234233,-2.173508851409408,123.08163660244945,96.17110031752352,0.0,0.0
79.67967967967965,-5.624631521244243,0.03818143846412908,2.052682609750751,0.928800291669336,0.9910236401187854,-0.318659789338672,47.41280257125793,0.5746618242886224,-1.683814325557226,-97.46026227608807,2.387819222109111,0.0,0.0,-6.620680710306982,5.948505791595258,5.467455301531531,-22.16767934571604,4.376778695131117,0.0,0.0,-7.584246435991656,-0.24783992620119905,-13.859054143821822,-36.878217631511845,-21.230827009724724,-4.749330622138808,92.36604472638405,88.66779771346779,0.0,0.0,-11.774163232436432,-21.94868094689723,-2.1341769727607596,123.17899410768135,96.17437420270304,0.0,0.0
79.77977977977977,-5.64272952332199,-0.03893298310777826,2.035243579540541,0.9290041101758424,0.9914360141648315,-0.3186211507047047,47.4793104779336,0.6521693892202237,-1.7228982087811175,-97.10709410728026,2.408308178470807,0.0,0.0,-6.836358006462808,5.842001169308636,5.447208812206207,-21.961765466113434,4.023078129881532,0.0,0.0,-7.531881604816815,-0.14715981229829336,-13.891455154331336,-37.00212276464966,-21.243125056983313,-4.805657962278948,92.43691555818853,88.6620683490824,0.0,0.0,-11.758322086620616,-21.928777151491825,-2.094406442259591,123.27606955943911,96.1779489376353,0.0,0.0
79.8798798798799,-5.661105833079081,-0.11588852835236005,2.017543156979979,0.9292086874344344,0.991848103015015,-0.3185816277007007,47.54412467092393,0.7295896292652718,-1.761893210926931,-96.75127648075473,2.4276656972522535,0.0,0.0,-7.050304898530551,5.7356228766816715,5.424851246218217,-21.757339553959945,3.668368220415386,0.0,0.0,-7.4792158198268215,-0.046723935480471046,-13.92316442908709,-37.12610201213915,-21.255050980959957,-4.862496134383387,92.50771644720422,88.6564271517157,0.0,0.0,-11.743022993421418,-21.90918494357758,-2.053971185527525,123.37290223312111,96.18201396587888,0.0,0.0
79.97997997998003,-5.679648816765434,-0.19257095981582004,1.999797112694361,0.9294133627207207,0.992260131235569,-0.31854181068368365,47.60758074956223,0.8066646628505211,-1.8008267701177882,-96.39354037850683,2.446378074104106,0.0,0.0,-7.262768459723735,5.629424294198526,5.4009675030700715,-21.554277144692346,3.3126030951941816,0.0,0.0,-7.426466839691687,0.05341790749082957,-13.954523445843511,-37.24990599795429,-21.266607277498164,-4.919528727009345,92.57829826216684,88.65045668036802,0.0,0.0,-11.728057322459122,-21.889826939599594,-2.013228911012344,123.46949441906875,96.18650306253619,0.0,0.0
80.0800800800801,-5.698471119965965,-0.26869461745411705,1.9820272256426457,0.9296175684154155,0.9926711288531864,-0.31850181502569236,47.66974325297397,0.8832982746436379,-1.8392588029449457,-96.0340317634221,2.4655604414591274,0.0,0.0,-7.473337883305298,5.524026929817156,5.375870170011015,-21.353336199730403,2.9580688520036906,0.0,0.0,-7.373611695099436,0.15296409889522342,-13.985587624627959,-37.37350403482416,-21.277864824552218,-4.976572034368032,92.64874997139506,88.6446509307017,0.0,0.0,-11.713474001742743,-21.87076399876377,-1.9721684460764106,123.5656708448118,96.1910559388562,0.0,0.0
80.18018018018014,-5.717523706666667,-0.3441738154114118,1.9641377543963974,0.929821415054054,0.9930809434924927,-0.31846141837837844,47.73011080657057,0.9594078463303297,-1.8772627826336343,-95.6720832481051,2.4840901554624635,0.0,0.0,-7.681641939048049,5.4195396290600595,5.348903352945946,-21.15504636332432,2.6036050013123067,0.0,0.0,-7.320738410318318,0.25179735273273307,-14.01616335933934,-37.496896494492496,-21.288704257453453,-5.033866167717718,92.71896913908108,88.63878300031533,0.0,0.0,-11.699311604852848,-21.852095106327333,-1.9306318637807791,123.66138353875974,96.1960683582973,0.0,0.0
80.28028028028027,-5.736819756304639,-0.4195155198438478,1.9460263827550883,0.9300257354854853,0.9934907668054722,-0.3184203305395395,47.78928178987688,1.0354664615649019,-1.9150822255465503,-95.3081049817861,2.5015090402222255,0.0,0.0,-7.888585060491169,5.31504205162562,5.320231198078747,-20.957673894256914,2.2461333287110294,0.0,0.0,-7.2676093250493805,0.3504272509679728,-14.046238898034037,-37.62015718891858,-21.299222932319317,-5.091350490921591,92.78898026206507,88.63263954881282,0.0,0.0,-11.685552693340338,-21.833631655233567,-1.8886944257924572,123.75689723276409,96.20152440133032,0.0,0.0
80.3803803803804,-5.756429244185854,-0.4945363089562959,1.9277246959773122,0.9302301718341675,0.9938997375769103,-0.31837855053253256,47.847159508359695,1.1114048779336054,-1.9525009842402454,-94.94211196710441,2.518512450331001,0.0,0.0,-8.09376401489958,5.210920629796119,5.289983168499168,-20.761957179898552,1.8872101078775205,0.0,0.0,-7.214217058042706,0.4486471122829571,-14.07585009497431,-37.74327427231666,-21.30944400963797,-5.149008183048052,92.85885713654054,88.62654569531333,0.0,0.0,-11.672310927150146,-21.81547629187254,-1.8463687982916226,123.85215111212612,96.20729201843076,0.0,0.0
80.48048048048052,-5.776260200418419,-0.5691994827467493,1.9092714189029039,0.930434851143143,0.9943083925475475,-0.31833618781181183,47.90361988885286,1.1870791617147156,-1.989692661220222,-94.5740700435986,2.5353781864544542,0.0,0.0,-8.297350507002006,5.107209223133131,5.258208087374375,-20.567715260049045,1.5265991148618558,0.0,0.0,-7.160657802481481,0.5463891175705737,-14.105026188502503,-37.86621686484385,-21.319375264714715,-5.206856819038038,92.92853588676476,88.62054806721221,0.0,0.0,-11.659513831865862,-21.79749456416216,-1.8036954116146124,123.94706378225526,96.21344603281682,0.0,0.0
80.58058058058063,-5.79631641991725,-0.6434628154067422,1.8906839197387377,0.9306394418942275,0.9947165052272273,-0.3182934091411411,47.95892602654121,1.2624640188895586,-2.026457223681015,-94.20429199108574,2.552078896110109,0.0,0.0,-8.499379396738743,5.003959253274273,5.225031390061727,-20.374914180207874,1.1635022479676294,0.0,0.0,-7.106975078701701,0.6436863142856215,-14.133873215581247,-37.98895651697332,-21.32900800347948,-5.264687624258927,92.9980087393934,88.61428298161294,0.0,0.0,-11.647106879202536,-21.779749645913242,-1.7607244680110128,124.04166853175441,96.21988743335436,0.0,0.0
80.68068068068064,-5.816811892162829,-0.7169884139893223,1.8719484901204553,0.9308434624684685,0.9951228267420754,-0.3182501639973307,48.01265001166233,1.337365586808808,-2.062583720505508,-93.83203260748716,2.568407165868871,0.0,0.0,-8.698662576872206,4.90165332887087,5.1901382473493545,-20.1850832632309,0.7984617679109143,0.0,0.0,-7.053007141259593,0.7401367629155816,-14.16220999643944,-38.111346369335344,-21.338124903087753,-5.322714776090757,93.06723473912947,88.60789341740607,0.0,0.0,-11.635200264543542,-21.76246528848315,-1.717355678104774,124.13589989780014,96.22662154715547,0.0,0.0
80.78078078078076,-5.837498949812813,-0.7902153827087061,1.8530254795815821,0.9310475676516516,0.9955286370090091,-0.3182062614944945,48.0652390884935,1.412173038278276,-2.0983371859659643,-93.4581405092843,2.5846639681801804,0.0,0.0,-8.896587062821817,4.799654868945949,5.153775250918921,-19.99651836341342,0.43123495662864164,0.0,0.0,-6.998919362102103,0.8362067912442402,-14.19017026328028,-38.23352541672672,-21.3469520634034,-5.380874141278275,93.13623876613613,88.60132186774776,0.0,0.0,-11.623621891296295,-21.74539313902903,-1.673685245382385,124.22987180138739,96.23366472832132,0.0,0.0
80.8808808808809,-5.858352383955958,-0.8629467282462505,1.8340153407727726,0.9312514819272606,0.9959335148775443,-0.31816194500367034,48.116347116674675,1.4866668980270306,-2.133643505124794,-93.08232502331863,2.601650022101437,0.0,0.0,-9.092773668803819,4.698282436134461,5.1161732875919235,-19.809914515984637,0.06246235763994845,0.0,0.0,-6.944793209446109,0.9317134736229619,-14.217778466850186,-38.35549822889958,-21.355440394377375,-5.439170011897903,93.20505865466001,88.59486307117183,0.0,0.0,-11.612477329586586,-21.728622341105773,-1.6296784195502134,124.32348372164233,96.24104977065832,0.0,0.0
80.98098098098102,-5.879371844224891,-0.93528008205539,1.8149659213360045,0.9314555322499165,0.9963379068922256,-0.31811729874307637,48.165841114701706,1.560810287315316,-2.168863727824493,-92.7043472418138,2.619664856062398,0.0,0.0,-9.287308260073743,4.597352494431429,5.0774439442218915,-19.62497085595862,-0.3074387126386389,0.0,0.0,-6.890559787001334,1.026728973070071,-14.244945903900902,-38.47728205200234,-21.363568291595595,-5.4976627204474475,93.27370919462429,88.5884976241615,0.0,0.0,-11.601751501151815,-21.712033349412412,-1.585401211552219,124.41679747716917,96.24893984085953,0.0,0.0
81.08108108108112,-5.900666350153153,-1.0071630447207212,1.7958473869279288,0.9316593409099099,0.9967413903963964,-0.3180722517747748,48.21416434701802,1.6346461228738725,-2.2036308913063074,-92.32461612399098,2.638714036117117,0.0,0.0,-9.48010759301802,4.496925343342341,5.037450417270268,-19.44174354733333,-0.678814421009012,0.0,0.0,-6.8361448550991,1.1212252908648657,-14.271833639189191,-38.59880392855855,-21.371351968324326,-5.55617661882883,93.34214049198197,88.5818211095856,0.0,0.0,-11.59139812027027,-21.695724277927926,-1.540862019306307,124.50987037198199,96.25709105271171,0.0,0.0
81.18118118118113,-5.922279166426094,-1.0780810400036756,1.776663757067734,0.9318622476126126,0.9971428002559225,-0.3180268543293293,48.26046896668068,1.7077675746309686,-2.2376142833970687,-91.94214295574805,2.6578294663670357,0.0,0.0,-9.669791257946624,4.397729106752746,4.995798284135804,-19.26239834360693,-1.0517690008902407,0.0,0.0,-6.781648099479142,1.2146401782679415,-14.2982785586333,-38.71990873572673,-21.378685731773107,-5.614738546177515,93.41030466040309,88.57466319991791,0.0,0.0,-11.581567835488821,-21.680040822454455,-1.4958069249749746,124.602412759003,96.26539855604639,0.0,0.0
81.28128128128125,-5.94407443090991,-1.1485988660760784,1.757347161026026,0.9320650797510845,0.997543359752419,-0.31798101608241575,48.3057837070991,1.7806907945201904,-2.2711126757927946,-91.55823905705137,2.6763662578218237,0.0,0.0,-9.85818999849317,4.299036182521517,4.9530770037050385,-19.084332129603595,-1.4256354607814623,0.0,0.0,-6.727047551942943,1.3075799376096124,-14.324423580590594,-38.84080922832299,-21.38577623185652,-5.673292155902236,93.47830791841406,88.56723132637805,0.0,0.0,-11.572067076216214,-21.66452028809376,-1.450604533878546,124.69468960241943,96.27411535390826,0.0,0.0
81.38138138138139,-5.966053588204206,-1.21876317928729,1.737858666453454,0.9322679112752752,0.9979433321091091,-0.3179346453753754,48.350076256341346,1.853444296563565,-2.3042081588768792,-91.17279353322822,2.69437121866767,0.0,0.0,-10.045300396404414,4.200775289249244,4.909269130245247,-18.907467987626614,-1.800420894988007,0.0,0.0,-6.672316366589588,1.4000640648198226,-14.350216664943947,-38.961496888230236,-21.392571565645646,-5.731913794364366,93.54613550463864,88.5596713539009,0.0,0.0,-11.562919973746743,-21.649109312168168,-1.405246382393392,124.78673322277477,96.2831164434805,0.0,0.0
81.48148148148151,-5.988419469777779,-1.2885547518888867,1.7180660566172836,0.9324707603580246,0.9983421799382717,-0.3178873202345679,48.392906279382714,1.926169985567899,-2.336852635876542,-90.78491088697531,2.711672839703704,0.0,0.0,-10.230310262308638,4.102969519456794,4.863697791000001,-18.732581904456794,-2.175981217901227,0.0,0.0,-6.617268652234569,1.4920196496419726,-14.375371616419752,-39.08183428741975,-21.399040927222224,-5.7905945011481466,93.61368019525926,88.55189711637037,0.0,0.0,-11.554302929753083,-21.633986889629632,-1.3595834726666651,124.8784909249259,96.2926378454074,0.0,0.0
81.58158158158162,-6.01103551077244,-1.3578914697160496,1.6980740156219567,0.9326732738238238,0.9987396867193861,-0.31783943602635967,48.43461960819953,1.9987378574277592,-2.3688410032639333,-90.39528924968802,2.728225168749085,0.0,0.0,-10.41356689505606,4.005769729268266,4.816918974572242,-18.559781337961624,-2.551105071359697,0.0,0.0,-6.562073923109108,1.5834187402639308,-14.400116329303643,-39.20193617031632,-21.405223907757758,-5.8493865763493496,93.68105576970804,88.54393241497263,0.0,0.0,-11.546017385821488,-21.619191358825493,-1.3136004965061736,124.96996188305472,96.30237974491891,0.0,0.0
81.68168168168162,-6.033811233144144,-1.4263981921591575,1.677943291739742,0.9328750612952954,0.9991355574914914,-0.31779105089189197,48.474756824559556,2.0708186775865824,-2.3999657100720726,-90.00365108823226,2.743565495316317,0.0,0.0,-10.594608587706702,3.90968124337738,4.7690227438838875,-18.38996903178179,-2.925191383932918,0.0,0.0,-6.5069387104784795,1.6738588476696676,-14.424461552522521,-39.32166400629129,-21.410967143382383,-5.908179051354353,93.7482019902973,88.53580673226226,0.0,0.0,-11.538150883443441,-21.604757336386385,-1.2673607041581585,125.06098488183383,96.3122093514925,0.0,0.0
81.78178178178176,-6.056829295450119,-1.4941759407193913,1.6578100688558532,0.9330761261991991,0.9995298462125458,-0.31774274111044376,48.51339302292092,2.1422903676206264,-2.430614728744747,-89.6098564982402,2.7573793949185847,0.0,0.0,-10.773272279790472,3.814557782767094,4.720494988903232,-18.223241396271256,-3.2971848741978937,0.0,0.0,-6.451720566744074,1.7634740850163575,-14.448479134306305,-39.44092257487221,-21.41634534495963,-5.967000706151824,93.81505666409075,88.52746339448149,0.0,0.0,-11.530638202183848,-21.59059556675342,-1.2209732027026992,125.15147448375743,96.322403137321,0.0,0.0
81.88188188188188,-6.080159868454787,-1.5611432767173825,1.637644986412747,0.9332763379883217,0.9999223588448448,-0.31769438561461455,48.55071961583183,2.2130996645088397,-2.4607205242415753,-89.21397846037604,2.77012417469503,0.0,0.0,-10.949438267170839,3.720541388601602,4.671221155715381,-18.05973889208775,-3.667208536247587,0.0,0.0,-6.396341010473472,1.8521376363216533,-14.47218230462596,-39.55969493093427,-21.42138791335969,-6.025913043238239,93.8816087471645,88.51911130688421,0.0,0.0,-11.523459241516182,-21.576820095765434,-1.1742989217670992,125.24143906719655,96.33271553661162,0.0,0.0
81.98198198198202,-6.103986315453453,-1.6274662860150133,1.6172208350630655,0.9334759543333334,1.0003127752192194,-0.31764537403003007,48.58696478298499,2.2836018633693653,-2.49006489876877,-88.81603615907807,2.7815414255225255,0.0,0.0,-11.123127977375379,3.627410917231232,4.6206591692552585,-17.89914468951351,-4.036920930819818,0.0,0.0,-6.34058121375976,1.9400028778348326,-14.495384994423423,-39.67817582796397,-21.42605314001501,-6.0848776817987975,93.94793057967266,88.51031559707508,0.0,0.0,-11.516713640498498,-21.563392558555556,-1.1272813881561594,125.3310726434144,96.34320785128527,0.0,0.0
82.08208208208211,-6.12804170987788,-1.693145627602273,1.5964836951534864,0.9336752977434101,1.00070183895996,-0.3175956045652319,48.62201947451318,2.3539309272646003,-2.5184827582949656,-88.41634078787251,2.7906639782345706,0.0,0.0,-11.295085347850861,3.5350872597033636,4.568964164038702,-17.7405432669823,-4.40753336758161,0.0,0.0,-6.284708025971301,2.027103604557562,-14.518088664868534,-39.796322021682364,-21.43038009345512,-6.143804825881553,94.01405377347847,88.50132041699966,0.0,0.0,-11.510385087349345,-21.55018472781815,-1.0800767144074042,125.42034180050118,96.35394158513412,0.0,0.0
82.18218218218212,-6.152337745209541,-1.758178274901899,1.575557654347349,0.9338740286716718,1.0010894481541541,-0.3175452818705372,48.65597924376977,2.4239497820557183,-2.546205136663663,-88.01500777928331,2.7978909562328993,0.0,0.0,-11.465114139021345,3.4436477445949336,4.516293860572576,-17.584408422130473,-4.777719023236882,0.0,0.0,-6.228765528646649,2.113411971618948,-14.540430195623951,-39.914068180889224,-21.43439261279546,-6.202648811925923,94.07994210901568,88.49215764284452,0.0,0.0,-11.504488233499497,-21.537254096793465,-1.0327810176609957,125.50930563775042,96.36492124399732,0.0,0.0
82.28228228228225,-6.176926104970972,-1.8225639774604623,1.5545708919419443,0.9340720213163161,1.0014754074064065,-0.31749467659159164,48.68881726017718,2.493549413248248,-2.57325264045846,-87.61181955605204,2.8028419170700714,0.0,0.0,-11.633057820144145,3.353077051650648,4.4630596487998,-17.43093479785185,-5.147745566201207,0.0,0.0,-6.172691630118117,2.1989588094214234,-14.562496543039043,-40.03139355117318,-21.438051458314312,-6.261421448439442,94.1455298773073,88.48270650594695,0.0,0.0,-11.498898960140137,-21.524647163931935,-0.9853037173463447,125.59788100634633,96.37616405063464,0.0,0.0
82.38238238238237,-6.201696095341008,-1.8864114424457814,1.533321027495163,0.9342698613099767,1.0018602997530865,-0.3174434816286287,48.720202386383384,2.5629401855979315,-2.599665103976979,-87.20649225462863,2.806166991421421,0.0,0.0,-11.799139197033034,3.263222634305636,4.408894723658326,-17.279815653872202,-5.519377371082418,0.0,0.0,-6.116535639446445,2.2838344130003367,-14.584038985936605,-40.148344624784784,-21.44136772608408,-6.320362359977312,94.21088133019786,88.47322310308175,0.0,0.0,-11.493652514436766,-21.51225426095629,-0.9374870114290946,125.68602985054153,96.38782427425024,0.0,0.0
82.48248248248251,-6.226877391152485,-1.949449260432764,1.5118589583196527,0.9344667678465133,1.0022427838568568,-0.31739185646913576,48.75044344536169,2.63192275666266,-2.625213427511846,-86.79920339028563,2.8078854185035036,0.0,0.0,-11.962616396014344,3.1745665985382088,4.3538861999542915,-17.132194714538876,-5.889091378561885,0.0,0.0,-6.060150640732735,2.367742404765096,-14.605166742303634,-40.26480862170771,-21.444324188429427,-6.379312100784115,94.27597946550283,88.46359560591091,0.0,0.0,-11.488921972571571,-21.500245474991658,-0.8895853195281959,125.77376131210444,96.39976698494527,0.0,0.0
82.58258258258265,-6.252234956144142,-2.011368058702698,1.4904776253833862,0.9346625496886887,1.0026229969869869,-0.3173400428818819,48.779200310124125,2.700120027776769,-2.6496750408228222,-86.38998292702306,2.806455727646647,0.0,0.0,-12.123712012905896,3.087325193596603,4.298815337101106,-16.987873784683693,-6.258288154528502,0.0,0.0,-6.003821258185188,2.4503690349179115,-14.626091731986984,-40.38070413191791,-21.446810832127124,-6.438043760825823,94.34074407715313,88.45375472757758,0.0,0.0,-11.48453859578278,-21.488657126629626,-0.8415821745605649,125.86084775689888,96.41161960258759,0.0,0.0
82.68268268268261,-6.277685749832499,-2.0726849790186876,1.4689177540917586,0.9348578624044045,1.0030021505835838,-0.3172876711087754,48.80680616013447,2.768061031832502,-2.6734848223139833,-85.97929779217114,2.804511623996665,0.0,0.0,-12.283297277824504,3.0008558716269547,4.243010797674674,-16.8454875069119,-6.6286914725525765,0.0,0.0,-5.947546581983981,2.532249944084754,-14.64671404010878,-40.49613526920655,-21.449008594729726,-6.496606228348017,94.40528813558059,88.44376941916516,0.0,0.0,-11.48052001567,-21.477275642537204,-0.7935777142522519,125.94765692398501,96.42374201100701,0.0,0.0
82.78278278278275,-6.303334776050051,-2.1333000736956977,1.4473587957894565,0.9350523430500501,1.003379483739406,-0.31723535665065067,48.833102370167495,2.835416597821822,-2.6967033398822164,-85.56673717645978,2.8025450435208548,0.0,0.0,-12.440666917402407,2.9153940902208846,4.186655973164495,-16.706392519874534,-6.995620980337685,0.0,0.0,-5.891241411426091,2.613325458009345,-14.6672022412329,-40.61102784314982,-21.45096757819019,-6.555006441504841,94.46959077347715,88.43343652022857,0.0,0.0,-11.476917177606271,-21.466244289139805,-0.7454924295578882,126.03410752136836,96.43617155037137,0.0,0.0
82.88288288288287,-6.329068596075074,-2.193405530486486,1.425703514429428,0.9352464448528529,1.0037554852072073,-0.3171828312822823,48.85777506448348,2.902456893558559,-2.7195236258678674,-85.15205557048048,2.799883134804804,0.0,0.0,-12.596092961264263,2.8306418722072095,4.129949607588589,-16.57015692955856,-7.361505216948942,0.0,0.0,-5.835005278936937,2.6937765762942947,-14.68725438444144,-40.72555827066667,-21.452615768852855,-6.613617068171171,94.5337013039039,88.42288512925826,0.0,0.0,-11.473609379231231,-21.45547348681982,-0.6971200491561562,126.12012600615014,96.44891024056156,0.0,0.0
82.982982982983,-6.355270706086754,-2.2528527104801497,1.4037384347227224,0.9354397560070071,1.0041288699723057,-0.3171296282389056,48.88134449137003,2.969297544608609,-2.741603006922926,-84.73547610912576,2.7962328672742744,0.0,0.0,-12.748913629443454,2.746818692570232,4.072556663068733,-16.437645501452778,-7.72345953633269,0.0,0.0,-5.778431173588586,2.773424798464469,-14.706719423517189,-40.83983787096931,-21.453872725661995,-6.672290643921928,94.59772487988423,88.41177271166367,0.0,0.0,-11.470665633885883,-21.445016368361696,-0.6484203494441075,126.20586702845212,96.46165176588154,0.0,0.0
83.08308308308314,-6.381681421605273,-2.311735044257592,1.381590577235235,0.9356324619195864,1.0045006357490824,-0.31707606935869204,48.90393449229997,3.0358831481711723,-2.7630368699626286,-84.31748740928928,2.7924262608775434,0.0,0.0,-12.900090980176845,2.663821295052051,4.014465020394728,-16.307433038511846,-8.081740386963961,0.0,0.0,-5.721774220857524,2.8524102927404087,-14.725875678085751,-40.95369385991992,-21.45486089455389,-6.7308111468188185,94.66150909544078,88.40037666504104,0.0,0.0,-11.468057898120119,-21.434787167921257,-0.5996985710080078,126.2913500074064,96.47460254016083,0.0,0.0
83.18318318318316,-6.40831554170871,-2.36977672581582,1.3592666134404392,0.9358244441791792,1.00487033767968,-0.31702215596596595,48.924935358964966,3.101999672897902,-2.78370229947648,-83.89727412775974,2.788057806413414,0.0,0.0,-13.04879030232033,2.5819846507067004,3.9558906991911895,-16.18109455142241,-8.435879222675696,0.0,0.0,-5.665045117858855,2.9303821639829897,-14.744563870224226,-41.06698098534535,-21.455487075977977,-6.789394073888895,94.72499031237639,88.38872167493494,0.0,0.0,-11.465789504385384,-21.424840548495496,-0.5506948931761719,126.37631679776275,96.4876744695085,0.0,0.0
83.28328328328324,-6.43500621375609,-2.4265025833423453,1.3372043259763118,0.9360148888425093,1.005237020145479,-0.3169684893723724,48.94374216262263,3.1670161384487834,-2.8034398728435144,-83.47450715264264,2.783982303448451,0.0,0.0,-13.194285111149489,2.5019173928925538,3.897599651792794,-16.060008858142464,-8.784978037528543,0.0,0.0,-5.6085526332796105,3.00683352609076,-14.763262392953624,-41.17929065072373,-21.455725205628628,-6.847646333876878,94.7880894033984,88.37699743818084,0.0,0.0,-11.464032993239236,-21.415444057457794,-0.5016633745231884,126.46055953028159,96.50062690900867,0.0,0.0
83.38338338338338,-6.461733844502168,-2.4824308310807512,1.315153343462462,0.9362045043143142,1.0056018935735735,-0.3169146825025025,48.961238906373374,3.2314941850090113,-2.8224134950540587,-83.05033634750949,2.7801928470427093,0.0,0.0,-13.337982298127471,2.422941152221882,3.839206074904901,-15.941834012995987,-9.129430512855881,0.0,0.0,-5.552193803785116,3.0823549011801847,-14.78177716559126,-41.29112829210711,-21.45559284177444,-6.905752040864201,94.8509579777711,88.36515400005038,0.0,0.0,-11.462580711129458,-21.406363450419416,-0.4525722804948268,126.54427552558893,96.51350486429263,0.0,0.0
83.4834834834835,-6.4884365829549555,-2.5375515996896914,1.293221721433434,0.9363934325185186,1.005965086885886,-0.3168610001201201,48.97731797327627,3.2953440542962973,-2.8407367662212217,-82.6247383184214,2.7771908178838824,0.0,0.0,-13.47994807984585,2.345043569649647,3.7811723688148122,-15.826565776654652,-9.470924488883892,0.0,0.0,-5.4960116253523505,3.156950045367369,-14.800158177806807,-41.402501386767774,-21.455120089157155,-6.9637728025986005,94.91360685618318,88.35319352643845,0.0,0.0,-11.461423993196195,-21.397558517534538,-0.4034409089269254,126.62745565134533,96.52653590279377,0.0,0.0
83.58358358358365,-6.5153243141257935,-2.592071756458123,1.27113479967868,0.9365817504504506,1.0063263895765764,-0.31680703250050046,48.99210340313581,3.3588775274918214,-2.8584696099085765,-82.19744195753454,2.7754595842529217,0.0,0.0,-13.619924250247582,2.2679791876836846,3.722829786392059,-15.71454310581482,-9.808410611929931,0.0,0.0,-5.439775119318986,3.2308390982716033,-14.818188117661327,-41.513466445867536,-21.454331065360027,-7.021766935182849,94.97606775465698,88.34091442345846,0.0,0.0,-11.460585882062727,-21.38901308566433,-0.35415225339239054,126.71036216907105,96.53974384893192,0.0,0.0
83.68368368368365,-6.54243120478512,-2.645886146040712,1.248839409233232,0.9367692805058392,1.006685588003003,-0.31675256978111443,49.005355913728735,3.422107276328332,-2.875403666942277,-81.76802324742638,2.775085067016016,0.0,0.0,-13.75753022223491,2.1919120094377655,3.664058073502164,-15.606181820196193,-10.142176732307997,0.0,0.0,-5.383495418193522,3.3038560752946333,-14.835728934215883,-41.62390184640508,-21.45314867428662,-7.0796876702372415,95.03823105619787,88.32829942326059,0.0,0.0,-11.460059714822151,-21.380835105948282,-0.30460642819886097,126.79284652541207,96.55302728201002,0.0,0.0
83.78378378378375,-6.5696742305405404,-2.698608666864865,1.2268323480360368,0.9369554690630633,1.0070424878198199,-0.3166985779459459,49.01709414801802,3.4842565333333333,-2.8917283887387395,-81.33674937535133,2.7747786095495495,0.0,0.0,-13.892357062387386,2.1172809467207205,3.6056536427207213,-15.502903351,-10.471572607855851,0.0,0.0,-5.327294209306305,3.3756333515225223,-14.85342095918018,-41.733566271621626,-21.45165979109009,-7.137445772387386,95.10006947047748,88.31561124779279,0.0,0.0,-11.459891378198197,-21.373014721675677,-0.2550121095135152,126.8749033482072,96.56640764416215,0.0,0.0
83.88388388388387,-6.596924710929261,-2.750513279104433,1.2048223949215906,0.9371411402012011,1.0073979624854854,-0.31664460418018014,49.02758532360828,3.5457709865215152,-2.9074075115568925,-80.90418649339577,2.774567081849519,0.0,0.0,-14.025637920545538,2.043711365455127,3.5472771326713435,-15.402283070057731,-10.799257788019665,0.0,0.0,-5.271190273980984,3.4464776861591533,-14.870964915475138,-41.84279334679279,-21.44986259608108,-7.19511884734901,95.16170073992359,88.30281071134901,0.0,0.0,-11.459978854311977,-21.365381249254256,-0.20534564733100136,126.95655429263596,96.57990147321188,0.0,0.0
83.983983983984,-6.6242453018264955,-2.8008534960570595,1.1831024885018362,0.9373251542212213,1.0077499177644313,-0.3165911428104772,49.03604401776477,3.6059949492939607,-2.9217712195625642,-80.46942242081914,2.7742129403853864,0.0,0.0,-14.155647178118453,1.9722342160940904,3.4903173394454448,-15.30728964012045,-11.122990739861201,0.0,0.0,-5.215265430642306,3.5155578809806505,-14.888454118249248,-41.95113169590324,-21.447455051443107,-7.252541197465467,95.22289025372105,88.2899764516076,0.0,0.0,-11.460502073999995,-21.358356694534535,-0.15556652498498075,127.037251791663,96.5930386124471,0.0,0.0
84.08408408408414,-6.651558832905906,-2.850080231878878,1.1616097030710724,0.9375078452192191,1.0080994062492494,-0.3165377645455455,49.042762319339346,3.6652932380820795,-2.9355039948848862,-80.03267355000702,2.773109277015016,0.0,0.0,-14.283154472384382,1.902196894682684,3.4339472312202224,-15.216536857461463,-11.445256584223218,0.0,0.0,-5.159638343593595,3.5833133197317304,-14.905942388203206,-42.058642899584584,-21.444725326944944,-7.309639971276274,95.28374216025627,88.27693716340241,0.0,0.0,-11.461426291135133,-21.35175736167668,-0.1058754889439446,127.11729239308507,96.60610577201601,0.0,0.0
84.18418418418415,-6.678870233795129,-2.898627573514513,1.1400900741281297,0.9376900220964298,1.0084475598595262,-0.31648431184417747,49.04800980791758,3.7241160678868837,-2.948692699451119,-79.5941861308135,2.772078811473807,0.0,0.0,-14.40897993102135,1.833062215292626,3.3776241763416763,-15.128596305331001,-11.766428600157479,0.0,0.0,-5.104177374990658,3.6502883682001985,-14.923183757264264,-42.16567958906006,-21.441680145484483,-7.366715259996999,95.34440043865966,88.26368501855956,0.0,0.0,-11.462591047361025,-21.345431070278945,-0.05602493198565234,127.19696952496028,96.61933971709809,0.0,0.0
84.28428428428424,-6.706386126583249,-2.946383511265599,1.1183941292836164,0.9378714175458793,1.0087938350143477,-0.31643070650283617,49.05224923855188,3.7824805653880547,-2.961109704533535,-79.15430552176844,2.7708650391818486,0.0,0.0,-14.532924763932602,1.7649967744547879,3.3211994342992988,-15.043629059443111,-12.08572957815582,0.0,0.0,-5.048639759928262,3.71637352519553,-14.940134439205204,-42.2722388470307,-21.438360409052052,-7.423623278982987,95.40485901113347,88.25010254819385,0.0,0.0,-11.46410389245579,-21.339392499194194,-0.006187429055388815,127.2763616879513,96.63267230451586,0.0,0.0
84.38438438438436,-6.733997320253254,-2.993504068409409,1.096625690086086,0.9380522554454455,1.0091386657287287,-0.31637701211111113,49.055645251,3.8404181711921916,-2.972995035415416,-78.71342639875776,2.769743258813814,0.0,0.0,-14.65548897429029,1.6977966021401394,3.264937294142141,-14.961065927709711,-12.403401371565563,0.0,0.0,-4.993136927535535,3.781730766818818,-14.956892973645646,-42.37846896383884,-21.43479844764865,-7.480480723447448,95.46516214386989,88.23638905768468,0.0,0.0,-11.465867097229232,-21.333541719467465,0.04362542395795503,127.35549436949452,96.64626786473073,0.0,0.0
84.4844844844845,-6.761756221652985,-3.039586691400399,1.0746918314097447,0.9382325105248583,1.0094816152175508,-0.3163231072649316,49.057694184869206,3.8976379800390353,-2.9838701782956316,-78.27080345146081,2.7669454324544573,0.0,0.0,-14.775982912445443,1.6319556116653335,3.2085345667827867,-14.881584223876876,-12.720726220567558,0.0,0.0,-4.937603942878544,3.8458913386980287,-14.973273873591259,-42.48418113630264,-21.430842391051048,-7.537258698479479,95.52524398960728,88.22253854462797,0.0,0.0,-11.467959996831162,-21.327940754797133,0.09369615327660726,127.43413534377241,96.66002096760927,0.0,0.0
84.58458458458463,-6.789615643944946,-3.0836699489726405,1.0529106000523876,0.9384109346312981,1.0098203894544544,-0.31626952005305303,49.057672826115116,3.9532960813076405,-2.99310083023824,-77.8259948759176,2.7630415418421785,0.0,0.0,-14.892892928222228,1.5686819168108084,3.1535188007293984,-14.808368614860186,-13.033014806358025,0.0,0.0,-4.8822423248318305,3.907792700775109,-14.989461891134464,-42.58895364255623,-21.426223776666,-7.59373171957057,95.58490937678678,88.20857304575574,0.0,0.0,-11.470649681067062,-21.323051333303635,0.14384319778178195,127.5118249416463,96.67312077878647,0.0,0.0
84.68468468468464,-6.817484909009011,-3.1264607664984996,1.0315057913603614,0.9385875083483484,1.0101559447867867,-0.31621678089189187,49.05600412377778,4.007705820294294,-3.0014168312042058,-77.37932565733932,2.7573175943063077,0.0,0.0,-15.006806166168172,1.5072094314774747,3.1001736023663646,-14.741201768471473,-13.338804609960965,0.0,0.0,-4.827178106969967,3.968224227741744,-15.00575997436637,-42.692773594837846,-21.42119803194294,-7.64995636707808,95.64413802408708,88.19471511495196,0.0,0.0,-11.473635047990989,-21.318599643603605,0.19391574399399614,127.58896619533937,96.68604885295196,0.0,0.0
84.78478478478473,-6.845761428867201,-3.167991485670005,1.0098950133276605,0.9387628960767433,1.0104884576192859,-0.3161636368298298,49.053160906796805,4.061395507897564,-3.0085550794668015,-76.9307595499099,2.749640608462128,0.0,0.0,-15.117905061807145,1.447396349728394,3.046984682073407,-14.678411889347009,-13.642882220659335,0.0,0.0,-4.771907833654987,4.027135085207877,-15.021611134435105,-42.79587355403571,-21.415696468359357,-7.705992535524859,95.70299933512013,88.18041283696796,0.0,0.0,-11.4769688793677,-21.314463342490825,0.2441368654074095,127.66556679886722,96.698995924335,0.0,0.0
84.88488488488485,-6.874222695433768,-3.2086671581978665,0.9882369089562889,0.9389372726332998,1.0108188226396397,-0.3161105201531531,49.04920453015616,4.114508476158493,-3.0150414991588272,-76.48065691948112,2.7407272111134455,0.0,0.0,-15.226913216168175,1.388765988659323,2.994517940060057,-14.619062827967301,-13.944345282641985,0.0,0.0,-4.716652165778776,4.085053546968639,-15.03730542535502,-42.89826390785152,-21.410000785753418,-7.7617255703533585,95.76156856161629,88.1659728732923,0.0,0.0,-11.480650786519519,-21.310641596261597,0.29425519364764996,127.74172288613582,96.71200318751386,0.0,0.0
84.984984984985,-6.902743796925927,-3.248613930921924,0.9665055694384378,0.9391108992662662,1.01114754183984,-0.3160573557127127,49.04408737009109,4.167142080878879,-3.0208933654784818,-76.0290830465165,2.7307181359849833,0.0,0.0,-15.33414993017318,1.3311603142142108,2.9422787699279263,-14.562681355462459,-14.24437075898499,0.0,0.0,-4.661513323978978,4.142122885568573,-15.05278816929029,-43.00007493308309,-21.40412304207808,-7.817285388458463,95.81995786777178,88.15145332596896,0.0,0.0,-11.484612085159156,-21.307106579820818,0.34439894308208413,127.81752332221322,96.72512344830832,0.0,0.0
85.08508508508513,-6.931274142129465,-3.2877269128161553,0.9443831288968955,0.9392843018535203,1.0114744614818152,-0.31600362972005336,49.03766514098599,4.219474353046719,-3.0258590129606295,-75.5760694334801,2.71897051121021,0.0,0.0,-15.440044356720065,1.27470891497897,2.889873835249907,-14.508610037573565,-14.543008625113146,0.0,0.0,-4.606505688809136,4.198213497326334,-15.067658460512849,-43.10147632500936,-21.397915545447113,-7.872849104964305,95.87818685231598,88.13680010136002,0.0,0.0,-11.488966339015347,-21.303765765051384,0.3946639421151189,127.89288771163031,96.73842893430063,0.0,0.0
85.18518518518513,-6.959737244493828,-3.3254197102098773,0.9226053909753095,0.9394562667777777,1.0117985379876546,-0.3159505562839506,49.02992602055556,4.270426605654322,-3.029791114901238,-75.12189715012346,2.7040561968888905,0.0,0.0,-15.543551548592594,1.2200127888148113,2.8387830336172835,-14.459001988209874,-14.837460936209885,0.0,0.0,-4.551716934518518,4.252692886617284,-15.082557751259259,-43.20224914333333,-21.391186970444444,-7.928164048074075,95.93607495382717,88.12211697230865,0.0,0.0,-11.493610796580246,-21.300898695530865,0.44491105112345586,127.96739786995063,96.75118885532098,0.0,0.0
85.28528528528523,-6.988111791954955,-3.3616547081051054,0.9009352516806824,0.9396267620170171,1.0121187863703704,-0.3158978258248248,49.020172456874874,4.320252920185185,-3.0325124541431454,-74.66563597544243,2.6871817743483506,0.0,0.0,-15.644378296794798,1.1673094793993966,2.7894987112732714,-14.415021130997994,-15.125947086595605,0.0,0.0,-4.4973132995965965,4.305475781051051,-15.097115955059058,-43.302141563048046,-21.383837975035032,-7.983362134140139,95.99352512367967,88.1073260633053,0.0,0.0,-11.498530849836833,-21.2985110007988,0.49537755506306513,128.04095053574673,96.76348725930832,0.0,0.0
85.38538538538536,-7.016379039246582,-3.396665900908913,0.8794125633810477,0.9397960979392727,1.0124362707727728,-0.31584541602802807,49.00861376469069,4.369104551685689,-3.0342687816076093,-74.20744159045144,2.6686633369122466,0.0,0.0,-15.743009858697704,1.1162576393810417,2.7415903486639923,-14.374988536786782,-15.411194397259944,0.0,0.0,-4.443235474597928,4.356802701449121,-15.111548249613282,-43.40106605102003,-21.376137341393726,-8.038184094575247,96.0506019044371,88.09263964722122,0.0,0.0,-11.50375774974908,-21.296476963905906,0.5458687659803169,128.1137584078365,96.77552755654155,0.0,0.0
85.4854854854855,-7.044715402547214,-3.4307121673500176,0.8579010594170844,0.939964415940941,1.0127515653229895,-0.3157932521751752,48.995898358707706,4.417188575933599,-3.03511891735202,-73.74788673738638,2.649630822706707,0.0,0.0,-15.839691017234902,1.0665688104614606,2.6943997385535545,-14.33847518509243,-15.692337294954957,0.0,0.0,-4.38926734000634,4.407028562956959,-15.125771789310978,-43.49937796709643,-21.36808070060961,-8.092873515285621,96.10736209770437,88.07791689008876,0.0,0.0,-11.509142045257255,-21.294744616642312,0.5965130399786474,128.18600312916817,96.7874522594281,0.0,0.0
85.58558558558562,-7.073178050969972,-3.46352310308709,0.8364678668348338,0.9401314195465466,1.0130645197897898,-0.3157412293693694,48.98203736686787,4.464256345342344,-3.0351239726096093,-73.28712043310507,2.6298083413963935,0.0,0.0,-15.933879599801804,1.0184916954384369,2.647832859759759,-14.306483377264263,-15.969845817288299,0.0,0.0,-4.335417018924922,4.455804051159163,-15.139893541924925,-43.596938729282286,-21.359664469987983,-8.147295631381386,96.16378211890091,88.06325294139037,0.0,0.0,-11.514885880900898,-21.29334537587087,0.6471046856546618,128.25775256433033,96.79925398024326,0.0,0.0
85.68568568568563,-7.101753963473475,-3.4948494662382394,0.8152310933239899,0.9402966352365698,1.0133746154404404,-0.3156897025782449,48.966791667426094,4.509989954083751,-3.0341399391358053,-72.82495831105436,2.609373241141473,0.0,0.0,-16.02492099498666,0.972350472327325,2.6022368021001,-14.28044093886586,-16.243124301721394,0.0,0.0,-4.281728321208539,4.502847990870539,-15.153997402996998,-43.69351502229898,-21.350895408957292,-8.201305681050721,96.21986404282148,88.04859222440206,0.0,0.0,-11.52105196363797,-21.292313106436772,0.6975175716096089,128.3289141315779,96.81092960254588,0.0,0.0
85.78578578578576,-7.130039653367033,-3.5252463486816823,0.7938612172555894,0.9404612565515513,1.0136827600126794,-0.3156381992238905,48.94972311047748,4.555150440478478,-3.03232533387955,-72.36135254101767,2.5884235358371717,0.0,0.0,-16.114509739557896,0.9275099471401379,2.557427159289622,-14.257608232099097,-16.516115277758765,0.0,0.0,-4.228585079590589,4.548836353299633,-15.167766318429093,-43.78941212231398,-21.34186811772172,-8.255163172890228,96.27572388833767,88.03370207632334,0.0,0.0,-11.527675290339005,-21.29162881780614,0.747719442745746,128.39962859679645,96.8227767903173,0.0,0.0
85.88588588588593,-7.157970316811816,-3.5546492369079083,0.7725359691721718,0.9406252010600602,1.0139888184874875,-0.31558711639339343,48.93076061314414,4.5994129692942956,-3.0296244672132118,-71.89620357870966,2.5673115963463458,0.0,0.0,-16.202663658134135,0.8840386248128113,2.5136938764844823,-14.2382831227998,-16.78612082673775,0.0,0.0,-4.176023275861859,4.593712357752754,-15.181283141131132,-43.884673872825836,-21.33246857625726,-8.30896603795195,96.33134329148949,88.01881051862061,0.0,0.0,-11.534510648997998,-21.291256727184187,0.7980190747937983,128.4697501449309,96.83474383115717,0.0,0.0
85.98598598598599,-7.185688009397732,-3.583107659579582,0.7511359287964621,0.9407884578795462,1.0142929924848183,-0.3155363726680013,48.91013248402536,4.642938123386388,-3.026087752874541,-71.4296162545602,2.547142735414081,0.0,0.0,-16.289496622729068,0.8419299257861159,2.470880836990321,-14.221636902149811,-17.05471296528297,0.0,0.0,-4.123852718793791,4.6375524746026064,-15.19450369288622,-43.9792151205649,-21.322779274424757,-8.362507913958293,96.38668411361195,88.00408741180479,0.0,0.0,-11.541596806906238,-21.291147301952623,0.8483267264140844,128.53938364701168,96.84675969743543,0.0,0.0
86.08608608608615,-7.213368010559894,-3.610362764865868,0.7299617708455124,0.9409504153830497,1.0145937879229228,-0.31548594463163165,48.88804174997731,4.685514198482816,-3.0217072445245265,-70.9615884448585,2.526293229049715,0.0,0.0,-16.374090752714718,0.8013865645675647,2.4300811769966617,-14.209835141978976,-17.31689573306741,0.0,0.0,-4.071949671540205,4.679947872368372,-15.207533203400402,-44.07308545120321,-21.312529786399733,-8.415932321389395,96.44172046250951,87.98897930044913,0.0,0.0,-11.548892963887553,-21.291453519171508,0.8988332830617315,128.60807857011346,96.85811452867868,0.0,0.0
86.18618618618612,-7.241088645790792,-3.6361070426596624,0.7092156372642635,0.9411110014124124,1.0148915546376376,-0.3154361952092092,48.86470394152853,4.726628299537539,-3.0164130820740755,-70.49243711057154,2.5054857796796783,0.0,0.0,-16.45613976817318,0.7626691596096056,2.390889730541539,-14.202587636105102,-17.575309855985,0.0,0.0,-4.0201431655495465,4.720599779222226,-15.220683350680682,-44.166234001822836,-21.301768205667663,-8.469139506389393,96.49641759843645,87.97403543547146,0.0,0.0,-11.556414659304302,-21.292153189225225,0.9494681695825866,128.67591543995496,96.86886703049149,0.0,0.0
86.28628628628626,-7.268793323994329,-3.660303430973643,0.6887124561828483,0.9412697576763429,1.0151858795769102,-0.3153869658371705,48.83952429876343,4.766464040045047,-3.0099774635642307,-70.02159705176241,2.485280952103102,0.0,0.0,-16.53500494798332,0.7259884759679655,2.3533706374691343,-14.201282479721382,-17.829753734907584,0.0,0.0,-3.9686440352896204,4.759455274896234,-15.233800267160825,-44.258219091533874,-21.290625638683018,-8.521822615428766,96.55069797437403,87.95930815551284,0.0,0.0,-11.564335478248584,-21.29338397131498,1.0000481360610645,128.74299588627758,96.8791383062586,0.0,0.0
86.38638638638642,-7.296334505883552,-3.683420824887557,0.6680334071047709,0.9414277801771771,1.0154779876740074,-0.3153377676736737,48.812732015305635,4.805616831058394,-3.0025850782662697,-69.54939478217882,2.4652895545942632,0.0,0.0,-16.612379463701707,0.6908392649092374,2.3169944105775757,-14.203305005098759,-18.08101951672674,0.0,0.0,-3.9175672669609574,4.797091147358027,-15.246606165938271,-44.34943677183184,-21.27925434598165,-8.574225123413083,96.60470551319086,87.94428446126493,0.0,0.0,-11.572641882290288,-21.294959345522855,1.0505026500090107,128.8096143764955,96.88945218497499,0.0,0.0
86.48648648648648,-7.323521398810813,-3.7054604288288298,0.6473904463963962,0.9415848892612614,1.0157675854864865,-0.3152890078738738,48.78398101532433,4.843895535864867,-2.9943441144594614,-69.07579739350447,2.446140569567568,0.0,0.0,-16.688168430081088,0.6572305160360334,2.281781746126127,-14.209374777378372,-18.32849123853155,0.0,0.0,-3.867149981738735,4.833512011873876,-15.25915231110811,-44.43983535567568,-21.26754109587387,-8.62643192394595,96.6583937932973,87.9291089694054,0.0,0.0,-11.581293966927923,-21.296847893648653,1.100795094702705,128.8756209668649,96.8997961211982,0.0,0.0
86.58658658658665,-7.350254435776111,-3.72583782911178,0.6266720726569892,0.9417410130487156,1.01605371006006,-0.3152405703813813,48.75256303482182,4.881000357291627,-2.984872380297299,-68.60009074718448,2.427251589275274,0.0,0.0,-16.76204547813681,0.6258924783216528,2.2487922981858515,-14.220485046052385,-18.57152400828063,0.0,0.0,-3.817548992442773,4.868070905498168,-15.271220685724723,-44.52907484946981,-21.255233619686685,-8.67829540496697,96.7115299018959,87.91389371205605,0.0,0.0,-11.590504357261928,-21.299219653555557,1.1510217752609313,128.94071898227563,96.91003993132966,0.0,0.0
86.68668668668674,-7.376954017092759,-3.7452032974130818,0.6061206440156817,0.9418962694227562,1.0163379456513177,-0.31519274275175174,48.720061891601276,4.917077220558225,-2.974741550546882,-68.12344871955621,2.4083062180013353,0.0,0.0,-16.8341638117958,0.5958720777961268,2.216503999718716,-14.234829802266258,-18.81265259000702,0.0,0.0,-3.7681038451294633,4.901504209113783,-15.283235991991656,-44.617713893573246,-21.24266942965165,-8.730037134324657,96.76447964656758,87.89890869218553,0.0,0.0,-11.599896214656322,-21.301779678883882,1.2013425853400093,129.00526745429164,96.9202621387304,0.0,0.0
86.78678678678675,-7.403676043172174,-3.7633444209409435,0.5858963583143133,0.9420501886476476,1.016619230735736,-0.31514549777677675,48.686421272381374,4.95203564231832,-2.963804486207206,-67.64592650205402,2.3893253632402396,0.0,0.0,-16.904014274547553,0.5674166239679642,2.185491026550546,-14.253275630019019,-19.050557078901917,0.0,0.0,-3.7188053272042003,4.933529912060065,-15.295277533575575,-44.7056582854935,-21.229751736196196,-8.781613191624633,96.8171964154965,87.88419445283782,0.0,0.0,-11.609536563317317,-21.304643963739743,1.2516718441471537,129.0689328163704,96.93018141291792,0.0,0.0
86.88688688688691,-7.430129856414749,-3.7805977192072078,0.565874225379379,0.9422033241134468,1.0168985838288287,-0.31509861860994326,48.651503841343676,4.986226270317652,-2.952116799241574,-67.16763048435301,2.3708496507420733,0.0,0.0,-16.972623688214554,0.5401058378878871,2.155306950957623,-14.274452261338336,-19.28531273301102,0.0,0.0,-3.6699109111181167,4.964508809225227,-15.307276692560228,-44.79294869196296,-21.21653859007474,-8.832874682609944,96.86964701973974,87.86960998924391,0.0,0.0,-11.619380178039037,-21.307820393655323,1.3019958515699046,129.13189286829564,96.93963252235201,0.0,0.0
86.98698698698698,-7.456170291537873,-3.797047776255924,0.5460469151000995,0.9423557215058393,1.0171761296636637,-0.3150522421114448,48.61502587949583,5.019644400370373,-2.9397603244220885,-66.6883801778238,2.352203399161829,0.0,0.0,-17.040029374452125,0.5138521802962933,2.126342375598263,-14.298796062579907,-19.51721460522591,0.0,0.0,-3.6216572543863834,4.994566714722725,-15.319160041550216,-44.87956858252286,-21.20305037126426,-8.883985737520522,96.92182776332265,87.85511353980046,0.0,0.0,-11.629384856294626,-21.311268690244244,1.3523254227961325,129.19422058922524,96.94878670901969,0.0,0.0
87.08708708708714,-7.481719854844846,-3.8120226200530545,0.526497267958958,0.9425065925395394,1.017450127860861,-0.3150068638878879,48.57623722697598,5.051606142214217,-2.926464644876879,-66.20762319969866,2.3328920995525535,0.0,0.0,-17.105236151830837,0.4896781183133099,2.099587210036036,-14.328862753918916,-19.742161632784804,0.0,0.0,-3.5742976659209162,5.022973492453456,-15.330792553314314,-44.965108403494504,-21.189018559040036,-8.934871983000003,96.97350483592191,87.84056504046247,0.0,0.0,-11.639722770953954,-21.31509779015215,1.402545850280284,129.25548371206108,96.95755691262764,0.0,0.0
87.18718718718723,-7.507219290415081,-3.8254868682619287,0.5068952630857533,0.9426562088445112,1.017720877347681,-0.314961772958959,48.535707285707375,5.082501368202202,-2.9119294319796487,-65.72529018298765,2.312202879560561,0.0,0.0,-17.168148712619292,0.4675750044711367,2.074467664079749,-14.36372447374207,-19.962290750936944,0.0,0.0,-3.5272773131027693,5.0496599161514855,-15.342041246658662,-45.04967580194061,-21.17457616913847,-8.985435389771437,97.02485354896831,87.82588084465031,0.0,0.0,-11.650496556726058,-21.319207884649984,1.452714977197866,129.31595500111013,96.96623883946846,0.0,0.0
87.28728728728724,-7.5325727196703385,-3.837631381739741,0.487096541857858,0.9428050566716717,1.0179891245775776,-0.3149166953153154,48.49360173549015,5.112505744514849,-2.8961971917260607,-65.24169726895795,2.291208621983317,0.0,0.0,-17.229468757918585,0.44725929817684057,2.0506872026679983,-14.402108599862188,-20.178855589265275,0.0,0.0,-3.480666551549549,5.074837771121123,-15.352931059259925,-45.13343159958559,-21.159818740057055,-9.035651361721388,97.07589614829963,87.81102031328729,0.0,0.0,-11.661688109992655,-21.323718682653986,1.5027726776716737,129.375995535654,96.97500380685253,0.0,0.0
87.3873873873874,-7.557497460156158,-3.8484597624744765,0.4677249791081076,0.942952816864865,1.018254438003003,-0.31487244684984983,48.44984131827628,5.1411800509759775,-2.879564040153155,-64.75734426225524,2.269836743984986,0.0,0.0,-17.28899170373274,0.428598175054052,2.029031510573575,-14.444720444840831,-20.39074876481983,0.0,0.0,-3.4346799071471446,5.098468207837841,-15.36394341874174,-45.2162384003934,-21.144698157438437,-9.085443683738742,97.12660421221922,87.79642981024924,0.0,0.0,-11.673262443690689,-21.32862705803904,1.552677202066069,129.43512267848948,96.98328486654654,0.0,0.0
87.48748748748747,-7.582090167856191,-3.8580704551257923,0.44854537619052237,0.9430993129092426,1.0185168206086086,-0.31482894852018684,48.40417468010677,5.168755772146814,-2.861946455045043,-64.27157645097226,2.2462027034434384,0.0,0.0,-17.34639948843577,0.4116544397927927,2.0089071873223197,-14.492267103747754,-20.59879270093728,0.0,0.0,-3.3893353162879514,5.120736393989658,-15.374786561769103,-45.29799737978746,-21.129275675100764,-9.134951939976649,97.17695274942244,87.78207907793862,0.0,0.0,-11.685085433809808,-21.333796755305308,1.602580086182853,129.49334331523693,96.99148185139207,0.0,0.0
87.58758758758763,-7.606222361858525,-3.866685602788121,0.4295224220100109,0.9432448197130464,1.0187767039552886,-0.3147860455815815,48.356646903615285,5.195508536801801,-2.8433781649506176,-63.78456529908409,2.221123507141139,0.0,0.0,-17.402359733022024,0.3961266379466138,1.9904668312689373,-14.543647276016353,-20.80345906014147,0.0,0.0,-3.344709917930931,5.1418870261011005,-15.385440795103435,-45.378804942569914,-21.113552151332996,-9.184165119704705,97.22687963338971,87.76813222233167,0.0,0.0,-11.697106604092092,-21.339259568527194,1.6524380776656646,129.550793360677,96.99934639969003,0.0,0.0
87.68768768768777,-7.62998153228929,-3.873982637837839,0.410675070244245,0.9433890604334335,1.0190338332042042,-0.3147439158988989,48.307254894096104,5.221043904133133,-2.8238474677117154,-63.29641017219622,2.1951890743953966,0.0,0.0,-17.456502581863866,0.38237951592892677,1.9738375365305327,-14.599447509666657,-21.003430846170172,0.0,0.0,-3.3007397024574567,5.161541466996997,-15.395839436102102,-45.45862290483484,-21.09741668887087,-9.233015895743744,97.2763921474104,87.75411808118618,0.0,0.0,-11.709400363738734,-21.345072431286287,1.70224702795996,129.60740615486884,97.00686661484885,0.0,0.0
87.78778778778774,-7.653554455882886,-3.880133334752754,0.3918399799446094,0.94353260670971,1.0192886984397729,-0.31470207735735733,48.25671659689756,5.245580150117453,-2.803502375874543,-62.80780932846542,2.1686042265809116,0.0,0.0,-17.50924270973574,0.370119505243908,1.958537202686686,-14.658395201014011,-21.20005511209812,0.0,0.0,-3.257156302880876,5.179891616872874,-15.406036510686354,-45.53776904450251,-21.08100999531965,-9.281631417155157,97.32564280794061,87.74004496227795,0.0,0.0,-11.722057022202867,-21.351205889768767,1.75193773083417,129.66345271480245,97.01434214015549,0.0,0.0
87.8878878878879,-7.676731355080747,-3.8849739750600607,0.37314485203169817,0.9436751838345012,1.0195406927877877,-0.31466069834401067,48.204354837827154,5.26899706915482,-2.7822859946106133,-62.318319577034366,2.1412178526499837,0.0,0.0,-17.560323554594266,0.3595458215622287,1.9451331735829203,-14.721660587488817,-21.393070469629635,0.0,0.0,-3.214275957569236,5.196788633757093,-15.416023697211543,-45.615986423700704,-21.06419128589189,-9.329972641552887,97.37449715525693,87.72577196279778,0.0,0.0,-11.735194627009674,-21.3577394341982,1.8014506133980674,129.71865851381716,97.0215962011885,0.0,0.0
87.98798798798796,-7.699579238085086,-3.8880180918368383,0.35477353722822746,0.943815828008008,1.0197884870680682,-0.3146203033853854,48.1497365506997,5.290871618870872,-2.7597233416056066,-61.82741494229729,2.110961744417418,0.0,0.0,-17.60859455232533,0.3514540197267252,1.9341101575135113,-14.791002382720716,-21.581617777964965,0.0,0.0,-3.17211754971071,5.211690997479481,-15.425939380094093,-45.69281478305807,-21.047004358935936,-9.377738263274276,97.42295574838538,87.71178425416416,0.0,0.0,-11.7487657518008,-21.36467182838238,1.8508213877057067,129.77268616737138,97.0286578537017,0.0,0.0
88.08808808808813,-7.722217314325661,-3.890678764382718,0.3365080597213865,0.9439559685345345,1.020034927372706,-0.31458016349282614,48.09409619334668,5.312461733323659,-2.7366682888962304,-61.33579949598563,2.079854094768432,0.0,0.0,-17.65593896094929,0.3439552171347998,1.923825381343007,-14.862663727258925,-21.76751238937839,0.0,0.0,-3.1303253082172153,5.226154658664,-15.435737018449114,-45.76919887379513,-21.029664212772104,-9.42544308912346,97.47128187795329,87.69779617935201,0.0,0.0,-11.762402856931597,-21.371725706093095,1.9002693117520877,129.82618313727727,97.03561033484218,0.0,0.0
88.18818818818826,-7.744391649453789,-3.892013576930263,0.3185365470834163,0.9440950890557224,1.020277680867868,-0.31454062692625956,48.03650202231064,5.332942736784117,-2.7125479222792785,-60.84326192467265,2.0473036045618924,0.0,0.0,-17.7014978927998,0.33816362192425703,1.915914491943274,-14.939109341748088,-21.947744279453783,0.0,0.0,-3.089231094355353,5.239102117196529,-15.445342306645312,-45.84456499937872,-21.011806699028696,-9.472822385833501,97.51913836225292,87.68401170451418,0.0,0.0,-11.776606616697364,-21.379141249074742,1.949510419053721,129.87845686008308,97.04223138176143,0.0,0.0
88.28828828828827,-7.765693726642644,-3.891712795117118,0.3008365393873859,0.9442326803003003,1.0205173451861862,-0.31450239871171165,47.97631921372372,5.351738875555558,-2.687244236063063,-60.34961698242339,2.0141018436156126,0.0,0.0,-17.745306211009016,0.3345819938828808,1.9098350373873842,-15.020725313009013,-22.12372153855557,0.0,0.0,-3.049398672546544,5.250233088423425,-15.454610187294293,-45.91841030118019,-20.993544550984986,-9.519664329063067,97.56628043416518,87.67044743613214,0.0,0.0,-11.79102149634835,-21.386886001393393,1.9986322325195212,129.9296571916787,97.04812613726126,0.0,0.0
88.38838838838839,-7.786584091707374,-3.890254335889891,0.28336739877143763,0.94436930571338,1.0207543357911246,-0.3144648250563898,47.914468471909245,5.369445988974309,-2.6611472878558584,-59.85533974900866,1.9799871411014363,0.0,0.0,-17.787565020873213,0.3324828138425068,1.905588759162497,-15.106448064341,-22.295285391865207,0.0,0.0,-3.010265501346345,5.2601090718438455,-15.463775704826826,-45.991355296582256,-20.974933314572908,-9.56621054789256,97.61301713891692,87.65678911061396,0.0,0.0,-11.805783899383048,-21.39498469711979,2.0475784725752426,129.9801043330257,97.05374450777812,0.0,0.0
88.48848848848853,-7.8072206053370055,-3.8879411569873197,0.2660227673156479,0.944505269395729,1.0209896924467803,-0.3144277702035369,47.85136234083149,5.3863062610790795,-2.634312995622289,-59.36040633064393,1.9454446493990605,0.0,0.0,-17.828620405825497,0.3315200013343339,1.9023784988488512,-15.194997230489495,-22.464188654284964,0.0,0.0,-2.9715790711337973,5.269057009016685,-15.47289113060961,-46.06365289359694,-20.956122393955955,-9.61256110802069,97.65953675006106,87.64320661578813,0.0,0.0,-11.820647619310309,-21.40331734064598,2.0965832246249616,130.03009153926428,97.05931616837537,0.0,0.0
88.58858858858862,-7.827526473424423,-3.884521941931932,0.2489646729909918,0.9446399236786787,1.0212218364704704,-0.3143915818658659,47.78644507581181,5.402129341672671,-2.6067441339659654,-58.86472117067067,1.9107063988008004,0.0,0.0,-17.867570167804807,0.3321694632842852,1.9011770486466475,-15.288550852380379,-22.62657526861061,0.0,0.0,-2.933520096317318,5.276788913212213,-15.481987455340336,-46.13484383108809,-20.937196747812813,-9.658415220682683,97.70580355199199,87.62980950860562,0.0,0.0,-11.83595439259059,-21.411877302097096,2.145375001063065,130.0791279529219,97.06490565379178,0.0,0.0
88.68868868868876,-7.847524408538204,-3.879773006302637,0.2323564061981976,0.9447733520960961,1.0214503866770104,-0.3143563031374708,47.71979994283549,5.416710097107108,-2.5783010045945955,-58.36819847216282,1.876809414800801,0.0,0.0,-17.904486652605947,0.3345885081738394,1.9022273909859866,-15.386991456860523,-22.783398002146818,0.0,0.0,-2.8959965012372364,5.28304895070137,-15.491076528499828,-46.204955545077745,-20.917824959136134,-9.703815781210212,97.75159716551886,87.61668573171605,0.0,0.0,-11.851629951025355,-21.420749268406073,2.194153269881885,130.12679544770938,97.07053251586852,0.0,0.0
88.78878878878876,-7.867160205414082,-3.874100061119118,0.2159423584200864,0.944906054946947,1.0216763736336338,-0.3143215082522522,47.65169379441808,5.430501498650651,-2.549114147812143,-57.87117001566863,1.8434162477000307,0.0,0.0,-17.940105811428094,0.3382770613179848,1.9046816601314636,-15.488815416415088,-22.937053855201206,0.0,0.0,-2.859024206933596,5.288248367748748,-15.500027739314316,-46.274271149499505,-20.898191210509843,-9.748956511231231,97.79705983739908,87.60380387303003,0.0,0.0,-11.867604477591257,-21.429829853145144,2.242809846034369,130.17365094989322,97.07591463889858,0.0,0.0
88.88888888888889,-7.886136035814817,-3.8675524962592585,0.19973166362962919,0.9450379327777778,1.0218996595555556,-0.3142871211111111,47.58176553729629,5.443478596444445,-2.51926109848148,-57.373956370851815,1.8099513290370353,0.0,0.0,-17.974468773296298,0.34313039211111096,1.9084258620000019,-15.594637978925931,-23.087827266074083,0.0,0.0,-2.8230267935925895,5.292441784037037,-15.508768141148147,-46.34271484088889,-20.878243145,-9.793835765481486,97.84213801548148,87.5906962511111,0.0,0.0,-11.8839549137037,-21.439216304370373,2.29115586592593,130.21954160718516,97.08127688662962,0.0,0.0
88.98898898898902,-7.904681202024361,-3.8598676067584266,0.18380037819886352,0.9451686518661996,1.0221202547107109,-0.3142536438301634,47.51040666561294,5.455192768077081,-2.4889402682309005,-56.876741220851486,1.7766138193179863,0.0,0.0,-18.007294349769108,0.34943944721054043,1.913451931253919,-15.704605313257591,-23.233823702918606,0.0,0.0,-2.787774171969967,5.295405579404404,-15.517348498606271,-46.4103085059019,-20.857976036914245,-9.838490272494495,97.88692300103538,87.5774058203697,0.0,0.0,-11.900670930232566,-21.448793290164165,2.3392634459245922,130.26463125342474,97.0863911294331,0.0,0.0
89.08908908908916,-7.9227210836206226,-3.851275466902572,0.16795197309075655,0.9452987150940941,1.0223389298351688,-0.31422070477577574,47.43748695926594,5.466038071792461,-2.457868396933267,-56.379074264790134,1.7435903617597632,0.0,0.0,-18.03921560426026,0.35700571497530553,1.9194748975335272,-15.81742320737203,-23.376607753103777,0.0,0.0,-2.753271195973972,5.297375192383052,-15.525734478034702,-46.47708469337471,-20.837543576107777,-9.882865750824491,97.93142305277411,87.56424454402169,0.0,0.0,-11.917593230725059,-21.458536282875865,2.3872764753339992,130.3092636858725,97.09139982280448,0.0,0.0
89.18918918918925,-7.939768480702703,-3.8410637719729737,0.152395199054053,0.945427272009009,1.0225541502972972,-0.3141888871531532,47.36113384057658,5.475509197207209,-2.4253142152792804,-55.87952196191888,1.711259411756756,0.0,0.0,-18.069213275702708,0.36694735423423247,1.9282697727297307,-15.936282157009007,-23.511275157558572,0.0,0.0,-2.720177256081077,5.297533126000002,-15.533849994909906,-46.54191272939641,-20.816862323621617,-9.926390688603608,97.97520379681983,87.55167708327028,0.0,0.0,-11.934913143792791,-21.468733287936935,2.4351809025855884,130.35256282493694,97.09590351267568,0.0,0.0
89.28928928928927,-7.956372483754423,-3.8299285460180186,0.1369851917644306,0.9455552274371039,1.0227670059192526,-0.3141576354287621,47.28317690252519,5.484209052213214,-2.391669912208875,-55.379291250295275,1.6793996637360717,0.0,0.0,-18.098162108043383,0.37822660390957435,1.938715219659991,-16.058199274707373,-23.642245574324328,0.0,0.0,-2.68772431513847,5.296644774455124,-15.541847434322657,-46.60581845629363,-20.79596139209209,-9.969560968296298,98.01862704668835,87.539455120662,0.0,0.0,-11.95242494009843,-21.479130314539205,2.4831245373707076,130.39510365831464,97.10021409482182,0.0,0.0
89.38938938938938,-7.972379933296965,-3.8177707563937275,0.1216469590176823,0.9456825089235903,1.0229775887627628,-0.31412694594527857,47.20355059642141,5.491919814016018,-2.357139910714379,-54.8788732817844,1.6476516183563557,0.0,0.0,-18.126062527027035,0.39090488384851463,1.9503000961214532,-16.18327440606941,-23.772793523858876,0.0,0.0,-2.656144837616613,5.294621079518519,-15.549520385860195,-46.66887074587388,-20.77473453525859,-10.012487760870874,98.06172677851352,87.52704337919052,0.0,0.0,-11.97004694216083,-21.489737201646314,2.531098657076748,130.4367695512022,97.1045489265936,0.0,0.0
89.48948948948951,-7.987631046984984,-3.804637218984986,0.1067252205865854,0.9458085616636638,1.0231847075565565,-0.3140969187537538,47.12222719006206,5.498591266908912,-2.3224687985365366,-54.37932543322519,1.6176591765605586,0.0,0.0,-18.1523153971932,0.40485949630630413,1.9631829350140149,-16.312999454247247,-23.904277201900914,0.0,0.0,-2.625695288096094,5.291438120394396,-15.556961031368365,-46.731004283551556,-20.753141091130125,-10.055128734175181,98.10441467650051,87.51461222437537,0.0,0.0,-11.988227146499497,-21.500642183293298,2.578593713043045,130.47701393511514,97.10873131027427,0.0,0.0
89.58958958958965,-8.00234312572973,-3.7908615462752757,0.09198019040039976,0.9459337130326995,1.023389137397731,-0.3140672098782115,47.03942364684418,5.504645459526862,-2.2873596598128128,-53.880041019241546,1.5878878107650978,0.0,0.0,-18.177333633124796,0.41973658300834005,1.9765851439823154,-16.4461855771982,-24.03524270669237,0.0,0.0,-2.5961023405732377,5.287494502704038,-15.564239066191188,-46.79219495871739,-20.731472214796124,-10.097344279176179,98.14673879034835,87.5018837888068,0.0,0.0,-12.00683515282115,-21.511745165359695,2.6257475203660334,130.5162733008482,97.11286615741375,0.0,0.0
89.68968968968974,-8.016766193710044,-3.7761796496559894,0.07738687199466003,0.9460583125095094,1.0235909888388388,-0.3140379099492826,46.95523756432332,5.509940518322991,-2.2512296100347013,-53.38023277401065,1.5582532094681327,0.0,0.0,-18.201162989176183,0.4358596436196199,1.9913831105088433,-16.58234833876543,-24.165092829400404,0.0,0.0,-2.5669756433953936,5.2825110011137815,-15.571392144501498,-46.85253057475776,-20.709592122617952,-10.139191381270274,98.18873660000936,87.48922234668568,0.0,0.0,-12.025807411311645,-21.52302050586253,2.6728398889639644,130.55472027869104,97.11680921349583,0.0,0.0
89.78978978978976,-8.030402406742741,-3.7599627115385394,0.0631379603733719,0.946181719827828,1.023789225853854,-0.3140096706156156,46.86848864164765,5.513661712038038,-2.2138673334264283,-52.879634682608604,1.5307870140470508,0.0,0.0,-18.223323444958965,0.4539786509309298,2.0074469655565537,-16.72368594348047,-24.288757237071074,0.0,0.0,-2.5390071245215204,5.275849111584586,-15.578291725548548,-46.91150368471973,-20.6872020456987,-10.180581036660662,98.23023173576978,87.47701977738538,0.0,0.0,-12.045048996124123,-21.534607161639638,2.7198737993873876,130.59210704968368,97.12059006892092,0.0,0.0
89.88988988988989,-8.043685599721723,-3.7430215057550895,0.048993958752418895,0.9463047956049383,1.0239858121398067,-0.31398181357490823,46.78051195608075,5.516766791814483,-2.176046739772441,-52.3786095788185,1.5030148273059751,0.0,0.0,-18.24486792862196,0.47313070435969024,2.025108379507839,-16.86716697104971,-24.40978405967701,0.0,0.0,-2.51154440432933,5.2683739927407425,-15.585127886387053,-46.96980637001802,-20.664729506697693,-10.221665250593261,98.27146289699867,87.46496140390289,0.0,0.0,-12.06465896864631,-21.546331079233234,2.7667039924981633,130.62902175014915,97.12446537958658,0.0,0.0
89.98998998999001,-8.056499765762094,-3.725553934969305,0.034999694461460604,0.9464271111344678,1.0241798090200203,-0.3139543439002336,46.691047593989666,5.5195108467190535,-2.1376346620807505,-51.877399764977326,1.4757128489746432,0.0,0.0,-18.265251497314317,0.49317632064163874,2.0438424850093364,-17.014197869132452,-24.52533956355923,0.0,0.0,-2.4847940423606936,5.260269665623626,-15.591743060620953,-47.02727306202969,-20.642185385071738,-10.262412385211213,98.31236791324991,87.45297484208375,0.0,0.0,-12.08462471492059,-21.558198601244243,2.813285364946611,130.66505054247114,97.12808259427428,0.0,0.0
90.09009009009016,-8.06845495018619,-3.7068650126726737,0.021381527105103083,0.9465479366846848,1.0243704704564565,-0.3139281404684685,46.599102933162165,5.52084304964565,-2.09858389923724,-51.375860597417386,1.448131657765766,0.0,0.0,-18.283548650237243,0.5150331894534508,2.0644451685765755,-17.16734781246246,-24.633463144843855,0.0,0.0,-2.4592875870630593,5.2507830778708735,-15.598088721093092,-47.083241573195195,-20.61945005368468,-10.302622062804806,98.3527572471952,87.44110692078078,0.0,0.0,-12.104997224561561,-21.570216039435433,2.8595994762732735,130.6997122612012,97.1314712374865,0.0,0.0
90.19019019019024,-8.079464228333,-3.687396499693361,0.008247803392725217,0.9466670425775774,1.0245564033673675,-0.31390296020420416,46.5051593753063,5.521151463458795,-2.059010333431433,-50.87577153733298,1.42101552365799,0.0,0.0,-18.299683075053057,0.5381201795515496,2.086406692476145,-17.32682430858324,-24.734948201287956,0.0,0.0,-2.435215260254252,5.240379250504506,-15.60415913629863,-47.137670060375044,-20.59646424385452,-10.342199486441109,98.39249139337304,87.42917159936103,0.0,0.0,-12.125796568334668,-21.58247613805806,2.9055504925108457,130.73247317122824,97.13479203751751,0.0,0.0
90.29029029029026,-8.089724369509177,-3.667278731405406,-0.004650639200535522,0.9467853485839172,1.024739572159493,-0.3138784160206874,46.40950813810643,5.520772947341343,-2.0186523712562563,-50.375979128023005,1.3934683364507863,0.0,0.0,-18.31472124085386,0.5622331959255921,2.1095970441414744,-17.490151754531524,-24.832129010597605,0.0,0.0,-2.4121872666763404,5.229235117746748,-15.609978960234235,-47.191113591326,-20.573273059116115,-10.381489428039043,98.43188367791024,87.4175036010347,0.0,0.0,-12.146702659031698,-21.594908727708706,2.9515158386690037,130.76411334089659,97.137860727019,0.0,0.0
90.39039039039038,-8.099832827631632,-3.646235888571572,-0.017456032183184166,0.9469029916556557,1.0249203423043043,-0.3138542554384385,46.31267380301502,5.5196203327988,-1.9773744060780778,-49.875476129912904,1.3639732886366345,0.0,0.0,-18.328590975317322,0.5876042165125115,2.1335310024714684,-17.656047366926924,-24.92613762371672,0.0,0.0,-2.389480282340338,5.217092751567568,-15.615756691842844,-47.243710823710714,-20.55000021815315,-10.420336426282285,98.47112548044245,87.40591648423123,0.0,0.0,-12.167827018819818,-21.60760033054855,2.997504746559561,130.79529431583182,97.14078941883584,0.0,0.0
90.4904904904905,-8.109405032850184,-3.624724705484818,-0.030241918524858403,0.9470205170603936,1.0250995612892893,-0.31383017072972974,46.2146433743647,5.518105717916583,-1.9357163434954963,-49.37507280593693,1.3340262868318313,0.0,0.0,-18.342268109116787,0.6136350253920587,2.158166285071404,-17.823568936516182,-25.018767310400737,0.0,0.0,-2.3674777739185844,5.204426917286954,-15.62132172374174,-47.29569242716484,-20.52659767446947,-10.45903007652953,98.51008274375809,87.39435447604372,0.0,0.0,-12.189254451804803,-21.620356807619615,3.043307311797131,130.82596186197162,97.14369439840307,0.0,0.0
90.59059059059065,-8.118198711141472,-3.6025127572876228,-0.04286482030530605,0.9471370584894894,1.02527580314014,-0.3138066301715049,46.115101557434436,5.515733841026028,-1.8939643493416782,-48.87557680720922,1.3038567358631958,0.0,0.0,-18.354803760291627,0.6406556656596569,2.1831087453563516,-17.995193253972626,-25.106035032651647,0.0,0.0,-2.346589054097764,5.1909545280397085,-15.626472375682681,-47.346669646052376,-20.50296389881949,-10.497314822512182,98.5485609475312,87.38267460205071,0.0,0.0,-12.21109783499099,-21.63318739779513,3.08864468546346,130.85554839774838,97.14685742949716,0.0,0.0
90.69069069069073,-8.12609807172973,-3.579476985242242,-0.055366256526528004,0.9472527341291291,1.0254493031731733,-0.3137836917837838,46.01330146055055,5.512594600016017,-1.851675094856858,-48.375954924978956,1.27302510403003,0.0,0.0,-18.366183075023024,0.6689466377937932,2.2089327596046036,-18.170927836112114,-25.18994511972273,0.0,0.0,-2.3269567424334303,5.176539010337337,-15.631221934687687,-47.3963060913974,-20.479183488095096,-10.535088327141143,98.58647639885986,87.37102352715416,0.0,0.0,-12.233446824100099,-21.646096045635637,3.1335829725895916,130.88388916462864,97.15005342845645,0.0,0.0
90.79079079079075,-8.133055174325326,-3.556009053236572,-0.06754407032699428,0.9473671888645313,1.025619056780447,-0.3137614838154822,45.90954453305538,5.508947632019022,-1.809051353353689,-47.87750778644542,1.2425953007947943,0.0,0.0,-18.375967819610615,0.6981297110206848,2.2359562892629303,-18.352064905246245,-25.26779730028529,0.0,0.0,-2.3086868224557877,5.161604210611613,-15.635638253907905,-47.444611159639976,-20.455319619342003,-10.572302461328995,98.62394609464766,87.35925260494528,0.0,0.0,-12.256169498098428,-21.659079977997997,3.17825758383884,130.91053388265166,97.15317317734068,0.0,0.0
90.89089089089089,-8.139377153215214,-3.5322125636523203,-0.07950586767000382,0.947480916435769,1.0257861527180516,-0.31373994117283954,45.80435310854121,5.504935841613281,-1.7659658598565238,-47.37972477979879,1.2118613230517166,0.0,0.0,-18.384740579926266,0.728030393437102,2.2642584293059724,-18.536808983875538,-25.34050340944678,0.0,0.0,-2.291358488972972,5.146335778758093,-15.639840353589587,-47.49210749690591,-20.431414845123122,-10.60927660306173,98.66124482181581,87.34755965757523,0.0,0.0,-12.279087968506172,-21.672105530310642,3.2228837502789447,130.93607807388622,97.15618297089857,0.0,0.0
90.990990990991,-8.145057970840842,-3.507690544459458,-0.09136769170270335,0.9475937786306308,1.0259500326516517,-0.3137186932102102,45.697353076936935,5.500369080732732,-1.7219654259429416,-46.88193525626724,1.1783020159369386,0.0,0.0,-18.39222541457658,0.7590778285945965,2.2934303487777816,-18.725806595195202,-25.405963779075076,0.0,0.0,-2.2750007441261255,5.130283028489489,-15.643710949693695,-47.53850275741742,-20.407380108858856,-10.645881560000003,98.69825614866366,87.33612794824624,0.0,0.0,-12.302211763537537,-21.685408886393397,3.2675448084324357,130.96070520295194,97.15895244342042,0.0,0.0
91.09109109109114,-8.150101861920257,-3.4826421407083763,-0.10313892097664494,0.947706092760427,1.026112141041375,-0.31369783710744076,45.58908512207341,5.495260351443447,-1.6775983892475814,-46.384528350954604,1.1444130611134442,0.0,0.0,-18.3990398595352,0.7909326012462445,2.3229711506376347,-18.917480216000996,-25.469063296986654,0.0,0.0,-2.259502994026357,5.113634586636306,-15.647358380062395,-47.5840147412973,-20.383270362847178,-10.682174371690026,98.73495336090157,87.32498088394028,0.0,0.0,-12.325577074639305,-21.698741262153487,3.3119488820724063,130.9846999021338,97.16188692702636,0.0,0.0
91.19119119119122,-8.154443496617285,-3.457017860580249,-0.11481808895128535,0.9478178357620954,1.0262725887517519,-0.31367747345078406,45.479226977465466,5.489586338115451,-1.632820124057726,-45.8870932373093,1.1099700405572221,0.0,0.0,-18.405224703693364,0.8237028913183163,2.3530604420770738,-19.111880690605595,-25.530188392120454,0.0,0.0,-2.2449828800697356,5.096359976091093,-15.650779962484151,-47.62863692026527,-20.35912797211912,-10.718103411296967,98.77136341448981,87.31382464140407,0.0,0.0,-12.349208309272939,-21.712138531218216,3.356130615708041,131.00807185128627,97.16503665473307,0.0,0.0
91.29129129129124,-8.157761979031033,-3.4306478665245246,-0.12642021996296346,0.9479287743353353,1.0264296858078077,-0.31365752134134134,45.36721222965565,5.483204058747749,-1.5873238351611616,-45.39045512722821,1.07537620034334,0.0,0.0,-18.41035693558759,0.8576384370590586,2.3837771655765776,-19.310529037501507,-25.58791669715916,0.0,0.0,-2.23187917685185,5.078250620171171,-15.653652635472472,-47.67180050284585,-20.334841497978978,-10.753469008091095,98.80709631907708,87.3027017081872,0.0,0.0,-12.373310768936937,-21.725577884443442,3.399957328173174,131.02998786985688,97.16818517785987,0.0,0.0
91.39139139139138,-8.160435266390056,-3.4038007312318994,-0.13798167654554624,0.9480388792959626,1.026583702241575,-0.31363750354187514,45.254072519562555,5.4764564472172195,-1.54168950748215,-44.89529523587454,1.0401499722128758,0.0,0.0,-18.414678207255253,0.8922527502846158,2.414581113640638,-19.512012309027693,-25.64324154025592,0.0,0.0,-2.219734362539539,5.059535651612281,-15.65618734129863,-47.71381562098365,-20.310641160554887,-10.788214293197532,98.84234169830665,87.29125064657558,0.0,0.0,-12.397818840163163,-21.739259548279943,3.4434263133196525,131.05095025633568,97.17107643553253,0.0,0.0
91.49149149149152,-8.162427531148149,-3.3764533846242903,-0.14936888861595027,0.9481481406970304,1.0267340288338338,-0.3136177012732732,45.139607936963955,5.4692791005675705,-1.49589392031231,-44.401851613403366,1.004503367371702,0.0,0.0,-18.417669559362366,0.9276271656743414,2.4460766663917264,-19.717389015385727,-25.698250938688023,0.0,0.0,-2.2085933081384708,5.040245559441441,-15.658342080317317,-47.754641257122465,-20.286390579406405,-10.822502190403071,98.87714767108409,87.2799857251505,0.0,0.0,-12.422648167015016,-21.753138348712714,3.486682213946282,131.07064506025125,97.17390231093893,0.0,0.0
91.59159159159164,-8.163395325705704,-3.3489192870230218,-0.16069829523323306,0.9482565153883884,1.0268817267997998,-0.31359819833933933,45.02311642363463,5.461851431124122,-1.4494835209229215,-43.90919073204704,0.9692136054474443,0.0,0.0,-18.41953934657758,0.9635058882993002,2.4773219379609634,-19.92722589996497,-25.75008074039739,0.0,0.0,-2.1988965250020023,5.020741619619619,-15.659955571512512,-47.79438997164765,-20.261958168687684,-10.856485591083084,98.9116235338949,87.26905493815114,0.0,0.0,-12.447553048558557,-21.767085082914914,3.5299272619329343,131.08903388394992,97.17686604361361,0.0,0.0
91.69169169169177,-8.163395030923922,-3.3210517351604936,-0.17198104379479648,0.9483640133773772,1.027026786084084,-0.31357899877644313,44.9049219942419,5.454058064099099,-1.403080376544877,-43.41785900827992,0.9343026485859209,0.0,0.0,-18.420461119456128,1.0000329618431771,2.50809275982549,-20.140944450940935,-25.801025737438113,0.0,0.0,-2.190578046373706,5.000843848709377,-15.661085563291289,-47.83301299847848,-20.23740422659359,-10.89002348032099,98.94573782301202,87.25803279134668,0.0,0.0,-12.472891244661996,-21.78095055288555,3.5726763226556586,131.10615890756088,97.17988103065031,0.0,0.0
91.79179179179174,-8.162374046796463,-3.2927758626239614,-0.18311518278778918,0.9484708685628961,1.0271690397827826,-0.31356013746079414,44.78497913652252,5.445834372521192,-1.3566947214050749,-42.92801168769069,0.8998230478992346,0.0,0.0,-18.420589579465474,1.0372326770470421,2.5396275531698316,-20.358365182280593,-25.849199765408752,0.0,0.0,-2.183635429478811,4.9805214718161555,-15.661754108246246,-47.87055094618419,-20.212746640435768,-10.9231289701982,98.97950805036002,87.24679830996563,0.0,0.0,-12.498560692101766,-21.79481696970704,3.6151814198982324,131.12202056736936,97.18270568372705,0.0,0.0
91.89189189189187,-8.160789275504506,-3.2641506126846878,-0.19422745166666705,0.9485772357387388,1.0273089035945948,-0.31354161593693697,44.66391834043243,5.437271087369373,-1.310055443783788,-42.439220900261276,0.8653184883243249,0.0,0.0,-18.420019134873876,1.075157674378374,2.5716202459279245,-20.57846880363963,-25.895360234045047,0.0,0.0,-2.177515192882881,4.959811790648652,-15.6620977499009,-47.907321310873876,-20.188131932243245,-10.95594964563964,99.01309256968469,87.23552794829729,0.0,0.0,-12.524505644225224,-21.808653742108106,3.657568520531529,131.13697585001802,97.18553625172972,0.0,0.0
91.99199199199201,-8.158416762741743,-3.235023807160826,-0.20522380084150954,0.9486828426206205,1.0274456079062397,-0.3135234488241575,44.5411562750694,5.428286768867201,-1.2626968861845147,-41.95147195256185,0.8326805644551193,0.0,0.0,-18.418323338834163,1.1139806249592943,2.603956392706043,-20.802456072651662,-25.93898395591492,0.0,0.0,-2.1725249273897207,4.938505622831163,-15.662138841887218,-47.942746591286294,-20.163656821592593,-10.98821795400067,99.04626792070705,87.22452715901868,0.0,0.0,-12.550734768928596,-21.822673954146815,3.699870722109779,131.15080712088087,97.18826725915149,0.0,0.0
92.09209209209213,-8.155239299206542,-3.2055769211251204,-0.21611856388188383,0.9487878243573574,1.0275796687143812,-0.3135055307567568,44.41679895242542,5.418957448654319,-1.2147400371761714,-41.46450956758788,0.8023650443423426,0.0,0.0,-18.41575942055222,1.1533737806469857,2.635890079839176,-21.02995218631066,-25.979154616389394,0.0,0.0,-2.168640328001331,4.916810790329659,-15.661846369236235,-47.9769738348335,-20.139185673873207,-11.02001467826727,99.0790121221298,87.21386535750683,0.0,0.0,-12.577119646026027,-21.83678999425526,3.7420314121614995,131.1637338192579,97.19106141136638,0.0,0.0
92.19219219219227,-8.15100374963163,-3.17598089219019,-0.2269956236826836,0.948891773052052,1.0277105853593593,-0.3134877703583583,44.290915968489486,5.409281834972974,-1.1671113804964945,-40.97976082485584,0.7728418602932949,0.0,0.0,-18.412214479519527,1.1931577498398402,2.6674318479829813,-21.261875736073076,-26.013842327555558,0.0,0.0,-2.166258528896897,4.8949268247387385,-15.660869457377377,-48.0101133906026,-20.114485406334335,-11.051430859057058,99.11135497417017,87.2028589427978,0.0,0.0,-12.60373487224925,-21.85083407908208,3.783840204396397,131.17539511779984,97.19407578296297,0.0,0.0
92.29229229229227,-8.146236957115116,-3.1462401615722384,-0.2376346600200196,0.9489951748875542,1.027839527520187,-0.3134704792525859,44.164070460268924,5.399241667476476,-1.119946421341341,-40.49606556981781,0.7435535551601593,0.0,0.0,-18.40788216337471,1.2332453298641979,2.6997587883093064,-21.49667287958492,-26.044110278845515,0.0,0.0,-2.164591779219885,4.872901445478812,-15.659760062118115,-48.042632431690365,-20.08971240673941,-11.082632259611282,99.1435284250277,87.19193970118884,0.0,0.0,-12.630603510261594,-21.864866391053724,3.8254735119839856,131.1861469482673,97.19711614651885,0.0,0.0
92.39239239239237,-8.140680639402403,-3.1160987372635978,-0.2481325850657324,0.9490979859225893,1.0279660515395397,-0.3134536315288622,44.0358730304431,5.388779267554556,-1.073083912844179,-40.01385721484381,0.7151521807203872,0.0,0.0,-18.40275638874508,1.2740747755755748,2.7327893924808144,-21.73475082250051,-26.07165943293494,0.0,0.0,-2.1639982847977963,4.850438392711712,-15.658351624319986,-48.074043530158164,-20.065063099411073,-11.113413445971307,99.17533242123591,87.1809425912349,0.0,0.0,-12.657872140328662,-21.87885651335502,3.866824091073075,131.19584885682013,97.20005674321087,0.0,0.0
92.49249249249252,-8.134460792528527,-3.0858370427747763,-0.25856436801501587,0.9491999420550549,1.028089825827828,-0.3134369579359359,43.90698922352052,5.378220488649651,-1.026788971021022,-39.53440115993292,0.6878130158538538,0.0,0.0,-18.396748276064066,1.3152634331301283,2.7659634446976944,-21.975789309522522,-26.097726008495492,0.0,0.0,-2.164378032626627,4.827836231842844,-15.65658286274174,-48.10441379236737,-20.04055908958759,-11.143737162559562,99.20679947010811,87.16987087932134,0.0,0.0,-12.685531727114114,-21.89278670008108,3.907715116441442,131.2043473233073,97.20306638170871,0.0,0.0
92.59259259259262,-8.127500326679012,-3.0555877815802455,-0.2690386355925928,0.9493010656666666,1.0282094906419752,-0.313420019037037,43.77697172234567,5.367749777382715,-0.9803362968024671,-39.05753352527158,0.6629158948518498,0.0,0.0,-18.389554132000004,1.3566811980370395,2.7980439478271637,-22.220780473641987,-26.119821452975305,0.0,0.0,-2.1658511836666667,4.80516100119753,-15.65427056671605,-48.13350023301235,-20.01620049882716,-11.173501725555557,99.23776514179013,87.15873452840742,0.0,0.0,-12.713704530691356,-21.906673742481484,3.948096490209879,131.21158875828394,97.20621715734569,0.0,0.0
92.69269269269276,-8.1198393372656,-3.0255740208481807,-0.2794538102892896,0.9494012650897563,1.028325711573907,-0.3134030320820821,43.645857141013,5.357453689702703,-0.9337208623313306,-38.58280926338904,0.6401944004891531,0.0,0.0,-18.381210041384715,1.3979264287407427,2.8288208403636994,-22.46942625667702,-26.13882042867067,0.0,0.0,-2.1683769955118457,4.782700206211877,-15.651529685501833,-48.16147815828995,-19.991966039447448,-11.20277312839006,99.26834897157693,87.14769608606171,0.0,0.0,-12.742057177824154,-21.92061408441909,3.9882838414487836,131.21760748666264,97.20965972813813,0.0,0.0
92.79279279279277,-8.11106978830931,-2.99546127799099,-0.28988758476276344,0.9495009159459459,1.028439433915916,-0.31338609115015015,43.51259360998197,5.347075623921922,-0.8866733720810787,-38.10886798725823,0.6179942906306308,0.0,0.0,-18.37217594415616,1.4395094825945953,2.8590679197627624,-22.72176082275977,-26.15494489888589,0.0,0.0,-2.17241187704204,4.76015250303003,-15.6482297386006,-48.18832652100902,-19.96769108708108,-11.231652276444446,99.29853324378979,87.13651109044746,0.0,0.0,-12.7706144312012,-21.934547057243243,4.028325652864867,131.22257141923723,97.21329922940541,0.0,0.0
92.89289289289286,-8.10146690499099,-2.9651676601735044,-0.3001147494504516,0.9496000673069738,1.0285500790650652,-0.3133695033213213,43.3776617820764,5.336392384065397,-0.83980868058458,-37.63604142733396,0.5959971765035039,0.0,0.0,-18.36223264591325,1.481532922279617,2.8901821587267293,-22.978007108564583,-26.163668630552216,0.0,0.0,-2.1775279754127466,4.737433452913913,-15.64470959911645,-48.21409116121222,-19.943537296144477,-11.260026516849852,99.32847094247413,87.12545729203237,0.0,0.0,-12.799598583341345,-21.948542841939272,4.0681684300634,131.2263817598872,97.21671223746714,0.0,0.0
92.99299299299301,-8.091272480285287,-2.934696419115783,-0.3103026805588926,0.9496990582265598,1.0286590932519186,-0.3133530273109776,43.24158740212179,5.325552050214214,-0.7927954183923944,-37.163624353193526,0.5739139480417104,0.0,0.0,-18.351958430779113,1.5239270231811797,2.921506510883879,-23.236220239010002,-26.17018998909176,0.0,0.0,-2.1833813011594905,4.714497655884886,-15.640978175192194,-48.238975048583924,-19.919559254980648,-11.28799601225359,99.35810940283082,87.11460935052585,0.0,0.0,-12.828889712301637,-21.962561250098428,4.107826677072071,131.22954374605837,97.21994105406073,0.0,0.0
93.09309309309313,-8.080501369769769,-2.9043952967507503,-0.3206674093263264,0.949797654940941,1.0287645536076075,-0.31333630051151157,43.1047344408148,5.3148174883653665,-0.7458340445215186,-36.69348779338434,0.5527378334924935,0.0,0.0,-18.3409439916026,1.5663476058888883,2.951802195595594,-23.49714095042044,-26.17386630889891,0.0,0.0,-2.190027606164164,4.6917098940040045,-15.636566174091092,-48.26296744216216,-19.89566880865265,-11.315672343282282,99.38739055755455,87.1038852225025,0.0,0.0,-12.858514910400398,-21.97647303352753,4.147347181624626,131.23143224019822,97.2232101658228,0.0,0.0
93.19319319319325,-8.068922810068402,-2.8741512451534876,-0.3310590259816476,0.9498949858058058,1.0288668783286619,-0.3133196050764097,42.967223753020356,5.30398240605072,-0.6994264189162502,-36.22683118864597,0.5319717634347698,0.0,0.0,-18.328687187632962,1.6089166360643965,2.98077142991825,-23.76228174661262,-26.173642508562562,0.0,0.0,-2.197893043337338,4.668929455734736,-15.63152824731031,-48.285729104125465,-19.87182184321855,-11.342944923840506,99.41619383015683,87.09310647862029,0.0,0.0,-12.888288463598931,-21.990185456754084,4.186535857774774,131.23214355524823,97.2266675832636,0.0,0.0
93.2932932932933,-8.05668497194628,-2.8443702374888225,-0.34165430835635746,0.9499911596876878,1.0289659465485486,-0.3133024670013347,42.829488331030696,5.29359753915349,-0.6537991043126441,-35.76423531488619,0.5123830966703352,0.0,0.0,-18.315483528706373,1.651049849489489,3.008227204027361,-24.030464003837178,-26.17181728555022,0.0,0.0,-2.2068005382315654,4.64662746186353,-15.62568877584284,-48.30769564573674,-19.847985749851848,-11.369896235858524,99.44476478229497,87.08204088462429,0.0,0.0,-12.918156628898899,-22.00371300647047,4.225423150489155,131.2315330637461,97.23050625374876,0.0,0.0
93.39339339339335,-8.044103088876875,-2.814197797463463,-0.3522428010380386,0.9500863257597597,1.0290618745525524,-0.31328528209609613,42.691342185200185,5.2829854007007,-0.6085258846906881,-35.30414660416515,0.4918146525235233,0.0,0.0,-18.30103881467768,1.6938496383373394,3.035806527161159,-24.30168491071572,-26.167714658147144,0.0,0.0,-2.2163233963153166,4.623869931069068,-15.619573850079078,-48.3285949918028,-19.824419678726727,-11.396317966012015,99.47313675437138,87.07086037872872,0.0,0.0,-12.948424012231232,-22.01728479496296,4.263975925300301,131.23010034020723,97.23429883553254,0.0,0.0
93.4934934934935,-8.030550125706041,-2.783799292590924,-0.3626523453610292,0.9501803214024024,1.0291545923937269,-0.3132684738198198,42.55196616354455,5.272194513289624,-0.5637672549245906,-34.84682130925357,0.4701597156750063,0.0,0.0,-18.285441531585256,1.7372779612122116,3.0646407960223514,-24.57744406806073,-26.156137375013344,0.0,0.0,-2.227195181732731,4.600825664619953,-15.613123781254918,-48.34803323832566,-19.801139234456123,-11.422135977873875,99.50115356743477,87.0598608937087,0.0,0.0,-12.979030390069735,-22.030931477624623,4.302163481901568,131.22753446561495,97.23809111266867,0.0,0.0
93.59359359359362,-8.01579831287254,-2.75372763321188,-0.37341324274240983,0.9502735189893226,1.0292428808201532,-0.3132511455372039,42.41145287287988,5.261695014524525,-0.5200996391965308,-34.39366054417152,0.44672340410177175,0.0,0.0,-18.269064810454793,1.7805013359769757,3.091682837622617,-24.856968167023332,-26.143786839186856,0.0,0.0,-2.239656283021019,4.578128361497165,-15.605592020170167,-48.3658686435679,-19.77803478145078,-11.447334007544544,99.52866925349083,87.0492447585946,0.0,0.0,-13.010263363513179,-22.044308788934934,4.33977831882182,131.22305849063764,97.24162884893994,0.0,0.0
93.69369369369375,-8.000315748969971,-2.724065847381382,-0.3843045759099108,0.9503658967657657,1.0293279318558557,-0.3132333525645646,42.27028954968468,5.25154457876877,-0.47672144791291504,-33.94359285269669,0.4230751817627613,0.0,0.0,-18.25180997860661,1.82324414253153,3.116464369849844,-25.139490887201198,-26.130121415189194,0.0,0.0,-2.25315070462162,4.555834835411413,-15.597444763327326,-48.38265621215315,-19.755058882174175,-11.472151805243245,99.555733543994,87.03832110849251,0.0,0.0,-13.041722273786789,-22.057518505063065,4.377111234267266,131.21754755427628,97.24519629187687,0.0,0.0
93.7937937937938,-7.984072852181178,-2.694520327904571,-0.3951474729759762,0.950457960292626,1.029411245480814,-0.3132158254457791,42.12803599854052,5.241455629951955,-0.4333849183143118,-33.49494902083079,0.40005174984183933,0.0,0.0,-18.234214452491493,1.8661248994698034,3.140859261979314,-25.424450107012042,-26.11231069989389,0.0,0.0,-2.2676240155001692,4.533674173203204,-15.589005958269269,-48.39861792811946,-19.732309553050378,-11.496724649190858,99.58254714038672,87.02761322377077,0.0,0.0,-13.073383827333666,-22.07061069479112,4.414287735535202,131.21113569848114,97.2487990562636,0.0,0.0
93.89389389389386,-7.966977853767766,-2.665590198778111,-0.4060751123013012,0.9505495362072072,1.0294921254641305,-0.31319819811444777,41.98499437846412,5.231751095370705,-0.39082464051818455,-33.04909322756854,0.37689012173006287,0.0,0.0,-18.216262772544543,1.9084169574341021,3.1641060957537546,-25.711886195463812,-26.092120380095423,0.0,0.0,-2.2832340698408427,4.512205786947949,-15.579941214161494,-48.41389648743143,-19.709570408911908,-11.52110761600167,99.60911242081784,87.01666070582516,0.0,0.0,-13.105117668363032,-22.083498739624957,4.451339708930265,131.203493115012,97.25272229336338,0.0,0.0
93.993993993994,-7.949249592823823,-2.6364917030180157,-0.41687232211211367,0.9506394695585584,1.0295693908558559,-0.31318069612812816,41.84148284826124,5.2219372383953955,-0.34920237852051556,-32.60699175850646,0.3506025310170161,0.0,0.0,-18.196754897571573,1.951180777374379,3.1879820854344367,-26.00370847877479,-26.06708368094694,0.0,0.0,-2.2999012658498508,4.490548294737735,-15.570476796889887,-48.427832988526525,-19.68708618852352,-11.544776647793793,99.63552251511312,87.00558588502903,0.0,0.0,-13.137113508822825,-22.096489058631636,4.488151516218221,131.1947197957898,97.25642255919219,0.0,0.0
94.09409409409412,-7.931275322829831,-2.6072126916750076,-0.42768873521254774,0.9507280103960627,1.0296430345749081,-0.3131630909542876,41.69802182670737,5.21205159867501,-0.30827083627994595,-32.1684890569169,0.32300401279679625,0.0,0.0,-18.175600835704376,1.9943658885355375,3.211191505321321,-26.29907996582415,-26.039836501610278,0.0,0.0,-2.3171198163700355,4.4686555205005,-15.560593605070736,-48.44056365820187,-19.664947407632305,-11.567872994563562,99.66158638128329,86.99442566887754,0.0,0.0,-13.169492373322328,-22.10941995156523,4.524636594816483,131.18495227115685,97.26028987371672,0.0,0.0
94.19419419419424,-7.9129800359639635,-2.577906935876544,-0.43862694132465946,0.950815913819486,1.0297146226409741,-0.3131452375025025,41.55436260745378,5.202152835435769,-0.26753472658792127,-31.73195681623356,0.2950261394414394,0.0,0.0,-18.15374149892593,2.037728408849515,3.2334203406436393,-26.59647206759726,-26.01122318875443,0.0,0.0,-2.3348426491257905,4.446663929730397,-15.5503378026343,-48.45251383599566,-19.642990356624956,-11.590720237991993,99.68745004856723,86.98325920838673,0.0,0.0,-13.202109832441106,-22.122202413563564,4.560847931145811,131.17466493658625,97.26410046502103,0.0,0.0
94.29429429429429,-7.893736373455456,-2.5492329560490496,-0.44980023780680645,0.9509026611401401,1.029781908831832,-0.31312691397197195,41.40976196126626,5.19275127341942,-0.2269397476426444,-31.29940598273074,0.2672764074204206,0.0,0.0,-18.13055670808409,2.080390455389389,3.2529118744884853,-26.898198672254246,-25.979779598231232,0.0,0.0,-2.353947433888889,4.425336617550551,-15.539129234335334,-48.46309453978779,-19.621234093412415,-11.613104859289288,99.71286913037838,86.97209294251851,0.0,0.0,-13.234921674641644,-22.134774676646646,4.596772643915913,131.16299779976578,97.26838800014416,0.0,0.0
94.39439439439435,-7.87429125330664,-2.5208305594167517,-0.4608065304484475,0.9509886901564899,1.0298460338258257,-0.3131086850643977,41.265198000357685,5.183506845690359,-0.18713556379079418,-30.869710362063728,0.23977709476376372,0.0,0.0,-18.106353057344343,2.122730446286283,3.271989254033366,-27.202188411389063,-25.944591882811146,0.0,0.0,-2.3733804064244266,4.404315270436437,-15.527786151920585,-48.472922332995,-19.599744071927258,-11.635148037164832,99.7380116399149,86.96118830924124,0.0,0.0,-13.268084057645646,-22.147367572370705,4.632423846695359,131.1504240331725,97.27288003709643,0.0,0.0
94.49449449449449,-7.854358540180511,-2.492878100467133,-0.4717222839733079,0.9510741836863529,1.0299064604270938,-0.3130905605098432,41.12042399299632,5.174554703814816,-0.14869487937203604,-30.44381214135999,0.2128217314454436,0.0,0.0,-18.081234485897227,2.164538051594931,3.2901107863730408,-27.508819262913608,-25.906449426024686,0.0,0.0,-2.3934516270056743,4.383833624575241,-15.516110356211541,-48.48175088055456,-19.578669992306303,-11.656714092812814,99.76279046078444,86.95049411310711,0.0,0.0,-13.301739796239241,-22.159801178432097,4.667771033876879,131.13649126554287,97.27746120695596,0.0,0.0
94.59459459459461,-7.8333819891261225,-2.4653317688378382,-0.48278714781981985,0.9511595378468469,1.0299636006486486,-0.3130722673783784,40.97471595429728,5.165865065630632,-0.11178938762162041,-30.02155013958556,0.18691258766666535,0.0,0.0,-18.05591470254955,2.2060092502162165,3.3069681577567556,-27.8177782978829,-25.866886980270266,0.0,0.0,-2.4147691210450466,4.363840721684687,-15.503800340855856,-48.48923053841441,-19.557888594378376,-11.677788283333332,99.78699950976576,86.94008275819819,0.0,0.0,-13.335950973063063,-22.17193998132432,4.70273800089189,131.1210916917117,97.2816445724955,0.0,0.0
94.69469469469473,-7.811998183954955,-2.4376366498662003,-0.4939707992118798,0.9512439853283283,1.0300174298815485,-0.3130535878191525,40.828640084670326,5.157143892258596,-0.07511905822822813,-29.602044573527497,0.16119009367100165,0.0,0.0,-18.029602077966302,2.2477667840830824,3.3225355762192224,-28.129137992800146,-25.82730998838705,0.0,0.0,-2.4367431517977978,4.34363153221288,-15.491084506560892,-48.49551849712446,-19.537454126066397,-11.698329276803806,99.81090591042741,86.92964277962963,0.0,0.0,-13.370606988877213,-22.184014781941944,4.7372453299663,131.1048336495349,97.28582596990023,0.0,0.0
94.79479479479478,-7.789832775830831,-2.410578311923922,-0.5053879264924931,0.9513276802085417,1.0300685321908576,-0.3130342531241241,40.68200832985919,5.149065943026693,-0.0391163766986967,-29.18590890829962,0.13703502162929493,0.0,0.0,-18.00280631454188,2.28869060752119,3.3361618194901554,-28.442880864564906,-25.78667139570704,0.0,0.0,-2.459844328002336,4.324052464438771,-15.477641302656991,-48.50085927547748,-19.517195110663668,-11.718492897229897,99.83459444864465,86.91907565645177,0.0,0.0,-13.405414854756092,-22.195840005210208,4.771319040371372,131.08760738843512,97.29003151546647,0.0,0.0
94.89489489489488,-7.767189394129131,-2.3839048520860873,-0.5167824262532525,0.9514101836916918,1.030116768983984,-0.3130145791971972,40.535385022209205,5.141366195262264,-0.004032639195195475,-28.773661462210203,0.11465794612412658,0.0,0.0,-17.97494182633634,2.3291251882042032,3.348748475381382,-28.759615174834824,-25.743357304823824,0.0,0.0,-2.4837205992882865,4.304843246891894,-15.463730265592597,-48.505273917970975,-19.497121942602607,-11.738161404697696,99.85812414833131,86.90838041433835,0.0,0.0,-13.44030862332032,-22.207553367008007,4.805156978905905,131.06959657743843,97.29397066594595,0.0,0.0
94.99499499499498,-7.74399987494094,-2.3578271115885885,-0.5282444005432092,0.9514916936910245,1.0301616773089757,-0.31299468258291624,40.38866279439906,5.134244149385386,0.029968292859525913,-28.365627201313977,0.09233351690857623,0.0,0.0,-17.94605866391992,2.368877136438438,3.359718212073073,-29.078995832113456,-25.700354808502162,0.0,0.0,-2.5084284324794814,4.286268352980313,-15.449213992262262,-48.50875911319219,-19.477364718850517,-11.757491092040707,99.88137486029463,86.8975181524448,0.0,0.0,-13.475484610075743,-22.21900188822723,4.838648123206205,131.0503291172776,97.2983605216433,0.0,0.0
95.0950950950951,-7.720246639443775,-2.3323743188952277,-0.5398302434988337,0.951571919515182,1.030203302087087,-0.3129746000920921,40.24208160793594,5.12768693321655,0.06282847422389341,-27.962450570048695,0.07042874609609477,0.0,0.0,-17.916101790266268,2.407924313002004,3.369091667594259,-29.401212884748425,-25.65689038055222,0.0,0.0,-2.5340497659472807,4.268398826527527,-15.433989998430764,-48.51137414226126,-19.45789176845946,-11.776526737811478,99.90442580415984,86.88661004486418,0.0,0.0,-13.510768127167836,-22.23019945830464,4.871902931431433,131.0298029880791,97.30329272351818,0.0,0.0
95.19519519519523,-7.6960038700740725,-2.3074306756056044,-0.5513858206936948,0.9516503599209208,1.0302402072592591,-0.31295450061761765,40.09608886788787,5.121469360999001,0.09421886145345715,-27.565918140259225,0.04998868892592541,0.0,0.0,-17.88437397022823,2.446383595239241,3.3767333265815807,-29.72726836892795,-25.61268033768868,0.0,0.0,-2.5605470195505515,4.251084332795796,-15.418125244025026,-48.51264205309809,-19.43883474060961,-11.795100250834837,99.92706885455856,86.8757743642803,0.0,0.0,-13.546282578685686,-22.241154552772773,4.90484799231832,131.00774775271168,97.30858788496896,0.0,0.0
95.29529529529528,-7.671359816490825,-2.2825980234024037,-0.5628944485555547,0.9517276264047382,1.030272770921922,-0.3129342149776443,39.950059318931594,5.115327536590926,0.12459696053520082,-27.17409109022622,0.03276702025492424,0.0,0.0,-17.85098661990157,2.484679967744409,3.382353767213547,-30.056855412009003,-25.568086838309643,0.0,0.0,-2.587711289398731,4.233833921861862,-15.401889086542209,-48.51235021857691,-19.420281513831167,-11.812929388752753,99.94918267475776,86.86514611152253,0.0,0.0,-13.58247534558792,-22.252025583115785,4.937214627695026,130.98441726838536,97.31427467217551,0.0,0.0
95.39539539539537,-7.646453547975305,-2.2580478240296933,-0.5744221640136822,0.9518042566926926,1.0303013986756757,-0.3129138673003003,39.804522988163484,5.109287314170503,0.15300728297864952,-26.786794709515142,0.016751397678344836,0.0,0.0,-17.816723710547883,2.5226319334361067,3.3871995136239534,-30.38816316778547,-25.52341609311078,0.0,0.0,-2.615204897834502,4.216921157957289,-15.385323502679011,-48.51085194015416,-19.40209092075809,-11.830198825284288,99.97078969674041,86.85479066567234,0.0,0.0,-13.619286464423428,-22.262740974518852,4.969321792406407,130.95991548752386,97.31919158735636,0.0,0.0
95.49549549549553,-7.62080291213814,-2.233913237438439,-0.5862003676396387,0.9518802928078077,1.0303266643873872,-0.31289280375075074,39.65864354380481,5.103772070942942,0.18075756297297269,-26.403676581270286,0.001963402351353505,0.0,0.0,-17.781861737993996,2.5601405813243217,3.389888148981979,-30.721900434819798,-25.47853637668469,0.0,0.0,-2.6436630054444423,4.200397470825827,-15.36802656672673,-48.50817465767868,-19.3843219491982,-11.846975785207206,99.99214458886487,86.84453869802704,0.0,0.0,-13.65650411881081,-22.273099071219217,5.000885241021021,130.93425831266666,97.3237968606997,0.0,0.0
95.5955955955956,-7.594595907770102,-2.210369555908911,-0.5981926022645976,0.9519558307223891,1.0303493862389055,-0.31287130312212214,39.51262182488588,5.098893454163166,0.2078296806810152,-26.023973187380363,-0.012791372908575816,0.0,0.0,-17.746696379232898,2.5968879240907556,3.391098505645645,-31.057090647688035,-25.43319822235769,0.0,0.0,-2.6728760896252934,4.184508412960295,-15.35012578597898,-48.50471557642943,-19.366895738594927,-11.863461383056055,100.01329754392592,86.83426305409142,0.0,0.0,-13.693983947724728,-22.283132038583915,5.032031216216214,130.90767094825088,97.32802399324892,0.0,0.0
95.69569569569578,-7.567942218993325,-2.1873762708131474,-0.6102288931935281,0.9520301836826828,1.0303686031371373,-0.312849647667334,39.36679966838771,5.094567456102436,0.23372586766967213,-25.648793762976965,-0.027615370704037967,0.0,0.0,-17.710521655811483,2.6329751868672,3.3917648733843806,-31.395032991662674,-25.384293603256587,0.0,0.0,-2.7028504258428434,4.1692093848999,-15.33171248891992,-48.50016414454288,-19.349840249903572,-11.879444476891893,100.03422112976342,86.82383503020755,0.0,0.0,-13.731765298033702,-22.293006022212882,5.0627993380483804,130.8800542575836,97.33208269366368,0.0,0.0
95.79579579579577,-7.541154185085084,-2.165062750362362,-0.6223202221581589,0.9521030053443444,1.0303836447127126,-0.31282767884084084,39.221864407006,5.090863783815816,0.2578033956246249,-25.279029598076043,-0.043056058881881486,0.0,0.0,-17.672933834288283,2.6679962695735755,3.391405195081082,-31.735538383751777,-25.334118688898894,0.0,0.0,-2.7332340891861877,4.154665704189189,-15.312717885799799,-48.49472684836936,-19.333046609458457,-11.894979834459459,100.05501531033033,86.81330229446247,0.0,0.0,-13.769684937629634,-22.302684651830834,5.093313937293294,130.85150202206506,97.33610387900401,0.0,0.0
95.8958958958959,-7.514055496677008,-2.143103253390055,-0.6344047849179202,0.9521742724958291,1.030395496085419,-0.3128055756573239,39.07738454431297,5.087511459347349,0.2806951987167216,-24.913985847785078,-0.05711332293993852,0.0,0.0,-17.63411083008509,2.70252981946547,3.389675235644977,-32.07863895098534,-25.28145264668134,0.0,0.0,-2.7642242984144163,4.140517018272272,-15.293295835533195,-48.488392671634635,-19.31661130505005,-11.910104451746415,100.07571129971139,86.80290594146112,0.0,0.0,-13.80778322756023,-22.312267188278277,5.123617280424091,130.82204311924556,97.34001270555689,0.0,0.0
95.99599599599603,-7.486691567520521,-2.121386520122455,-0.6464445939803142,0.9522441488111445,1.0304044979065732,-0.3127832041621622,38.933172400283624,5.084447846494827,0.3027949261237919,-24.5527085311992,-0.07065616059225799,0.0,0.0,-17.594116731603272,2.736724201545546,3.38687508309009,-32.42407592997263,-25.22696649849983,0.0,0.0,-2.795719886680679,4.126588056911911,-15.27356283730931,-48.48109178947881,-19.30052710039873,-11.924797716500501,100.09621085817183,86.79286668233634,0.0,0.0,-13.8460542047651,-22.321844864648984,5.1536442550910895,130.7918071304905,97.34401532052387,0.0,0.0
96.09609609609609,-7.458989775202203,-2.100118147510512,-0.65856089659059,0.9523131958408408,1.0304105194964963,-0.31276052802602605,38.789140179312305,5.081768625832835,0.324351948408406,-24.195403095323318,-0.08467405647647844,0.0,0.0,-17.553040803626622,2.770374450321319,3.3815271613803817,-32.771892016380384,-25.17230066811611,0.0,0.0,-2.8277354474914915,4.113055103964967,-15.253366615712716,-48.47271321316717,-19.284970200902904,-11.939138360269268,100.11623828034735,86.782836015988,0.0,0.0,-13.884732235191194,-22.33105462026426,5.183159101729727,130.76046816062563,97.3487871968068,0.0,0.0
96.19619619619627,-7.430936794623958,-2.079605139019687,-0.6709338465375374,0.9523806573383384,1.0304106672702704,-0.3127374708802136,38.646269240675004,5.0796187965228565,0.3438620834734737,-23.846152854768427,-0.09940034249082433,0.0,0.0,-17.51007367083717,2.803055268605939,3.37273437932866,-33.123101611093425,-25.119201842468133,0.0,0.0,-2.860321460235236,4.1003523038788785,-15.232214771260596,-48.46274088566467,-19.270089296072076,-11.95293990064531,100.13577547899065,86.77283357063996,0.0,0.0,-13.923891265180183,-22.339687195486487,5.2121806088301605,130.72731289459128,97.35369101649516,0.0,0.0
96.29629629629628,-7.402582675024691,-2.0598329569629654,-0.6834923548395047,0.952446813074074,1.03040596554321,-0.3127138807530864,38.50434586354321,5.078174016333335,0.36175829501234436,-23.50356192685185,-0.11453072011111005,0.0,0.0,-17.465849477987653,2.8345623516913547,3.362031495777777,-33.476799433049386,-25.06513665979012,0.0,0.0,-2.8934519733456794,4.088448760432101,-15.210284279679012,-48.4516437291358,-19.255619712728397,-11.96615989234568,100.15497115312347,86.76276170209876,0.0,0.0,-13.963428191395058,-22.34802891925926,5.24080627585185,130.69271159820988,97.35857993388888,0.0,0.0
96.3963963963964,-7.373950733984982,-2.04070513736036,-0.6960699170300302,0.9525117784744748,1.030397326930931,-0.3126900454684685,38.36298624845645,5.077230100351352,0.3781800805285294,-23.165928267831816,-0.12997373289789768,0.0,0.0,-17.420480971510507,2.865148232177178,3.3505883131291276,-33.832995674261284,-25.00739539042342,0.0,0.0,-2.927093970075078,4.077240999567568,-15.187864874021017,-48.43951104695195,-19.241414944333332,-11.978880370945948,100.17381488571772,86.7525487420871,0.0,0.0,-14.003249644876878,-22.356202962351354,5.2691524340780775,130.65704263203605,97.363126419997,0.0,0.0
96.49649649649653,-7.34512186912045,-2.022049854132466,-0.7086158048395059,0.9525761805655657,1.0303866758375042,-0.3126661172312312,38.221898042312624,5.076654630126461,0.3937360446940314,-22.83099126377574,-0.1452966801931932,0.0,0.0,-17.374587567777105,2.8950613218355032,3.338397063864528,-34.19043275215118,-24.947867118240563,0.0,0.0,-2.9610224195095127,4.066553606020355,-15.16525561870904,-48.42679205176777,-19.22748081673173,-11.991340126437105,100.19244388301937,86.74247343114548,0.0,0.0,-14.043256270235906,-22.364207131163163,5.297261767737738,130.6207671956023,97.36759196785185,0.0,0.0
96.59659659659658,-7.315823222850517,-2.003500595141808,-0.7211710080583915,0.9526398694037368,1.030374368552886,-0.3126419665225225,38.08031100491091,5.076180957989991,0.4090982949859874,-22.49763514886818,-0.16304558775608863,0.0,0.0,-17.328140195336672,2.924921381567567,3.3258941185925956,-34.54974497960494,-24.88736930923824,0.0,0.0,-2.995638243312311,4.055923973415416,-15.142464942676344,-48.412991907734735,-19.21382451714314,-12.00336356818385,100.2107536373874,86.7329194211515,0.0,0.0,-14.083505983871202,-22.372223196383384,5.32504136694895,130.58395005966264,97.37190258417884,0.0,0.0
96.69669669669676,-7.286077076491492,-1.985409399482482,-0.7338263362932931,0.9527029466376377,1.0303591747317316,-0.3126173996116116,37.93885250401301,5.076125259419419,0.42383923221521486,-22.168318122049055,-0.18143465984484597,0.0,0.0,-17.28090560287888,2.954241952275275,3.3113153076296284,-34.91101908269469,-24.826918846252255,0.0,0.0,-3.030817295487487,4.045729935175173,-15.119233708099102,-48.39805203785486,-19.200684785456456,-12.014993121623622,100.22868988513713,86.72373968657557,0.0,0.0,-14.124233228877879,-22.379837652234233,5.352248969364361,130.5461777480781,97.37593308387387,0.0,0.0
96.79679679679677,-7.255952498899231,-1.9678814825635609,-0.7468167442852865,0.9527645222325658,1.0303398739142478,-0.3125920353967301,37.79827510283116,5.07691333185719,0.43768763519352943,-21.845702967992302,-0.20079022659292783,0.0,0.0,-17.232609327498828,2.982774475027697,3.2944399845925907,-35.2742084305202,-24.766143548371033,0.0,0.0,-3.06663620277511,4.036095345228558,-15.09513232202102,-48.38191774559693,-19.188268314114115,-12.02605832364231,100.2463897556947,86.7145847270377,0.0,0.0,-14.165358324476145,-22.38717432950217,5.378959155098767,130.5071387568148,97.37966404475442,0.0,0.0
96.89689689689689,-7.225521349867533,-1.951065073078412,-0.7601341112218882,0.9528240647640974,1.0303164334127461,-0.3125659011604938,37.659053453495815,5.078691130217552,0.45004718595495746,-21.53084928915581,-0.21915591652152205,0.0,0.0,-17.182997538799462,3.0102412470330324,3.2751752456733394,-35.63957464468503,-24.704910563930593,0.0,0.0,-3.103078624125125,4.02720753040307,-15.07008425271972,-48.36467985287788,-19.176473259886887,-12.036673416480479,100.26392855841308,86.70566684107641,0.0,0.0,-14.206654101821155,-22.39422471892259,5.405257894577241,130.46677501755522,97.3834208010297,0.0,0.0
96.99699699699703,-7.195191873187189,-1.9350390114304332,-0.7735074915975972,0.9528819921701702,1.0302883679139139,-0.3125392866836837,37.521315071613614,5.081179461579583,0.4607677843473491,-21.222498696356357,-0.2364834585405387,0.0,0.0,-17.131685799145146,3.0361876268358325,3.2532708848918936,-36.00717353528828,-24.643987656786784,0.0,0.0,-3.139573687616615,4.01914067483784,-15.044474489232234,-48.34652175165666,-19.165204852127125,-12.046890452782783,100.28116967851753,86.69674262431431,0.0,0.0,-14.24819572458959,-22.400954013942947,5.4310785999129125,130.42528202424526,97.38795653672372,0.0,0.0
97.09709709709709,-7.164540390872203,-1.9196128127681011,-0.7870489124961637,0.9529381966282948,1.0302567797040374,-0.31251210594194195,37.38446922506706,5.084231320298967,0.4700770079179212,-20.920331715797438,-0.2525942210580609,0.0,0.0,-17.0788860811408,3.0610911562465803,3.2286805164624575,-36.377686122852886,-24.582470058381706,0.0,0.0,-3.176699200112782,4.011669737499834,-15.018157901338004,-48.32729108136203,-19.15435488334034,-12.056585408491827,100.29816968236335,86.68763041494961,0.0,0.0,-14.289879017150488,-22.407359729890228,5.456499959763098,130.38278267691862,97.39281515809442,0.0,0.0
97.19719719719726,-7.133034687512511,-1.904788922246579,-0.8008063129569557,0.9529930396806806,1.03021978790991,-0.31248453091224554,37.24788777833799,5.08796433198165,0.4776704992886228,-20.626168710143112,-0.26872537625658993,0.0,0.0,-17.024814254905234,3.0851649601855202,3.201999166460797,-36.75143488138342,-24.52303263891057,0.0,0.0,-3.2150799540647332,4.004860214623291,-14.99086838252953,-48.306397561540535,-19.14416935809543,-12.06559197264898,100.31490167596931,86.6787758887144,0.0,0.0,-14.332142033517854,-22.41349703820087,5.481355277105438,130.33867409100966,97.39736699564531,0.0,0.0
97.29729729729726,-7.101411567171169,-1.8905132832342324,-0.8147114562072073,0.9530467250270271,1.0301785998288289,-0.3124568095855856,37.11249242774774,5.092145201216215,0.4837140929909899,-20.337883121378365,-0.28503477171171177,0.0,0.0,-16.96974010720721,3.1084644379549564,3.1744285345315313,-37.12673519604507,-24.462580596990993,0.0,0.0,-3.253698981918921,3.9986938696126115,-14.963046504252251,-48.28437574040541,-19.134410501810812,-12.074074425675676,100.3312770938018,86.66987848576578,0.0,0.0,-14.374738794846845,-22.41937279091892,5.506020010657659,130.29344054996398,97.4012924947207,0.0,0.0
97.39739739739738,-7.069754667641642,-1.8766601056039363,-0.8287191486676662,0.9530996174084084,1.030134915418752,-0.3124289104180848,36.97787048492592,5.096739004997329,0.4888115117857864,-20.05308818599833,-0.30178987747380454,0.0,0.0,-16.914123591736068,3.1310962187857863,3.146377222961962,-37.50269325070036,-24.401810824920254,0.0,0.0,-3.2924329609165826,3.9930113686926907,-14.934880415596599,-48.261739633954626,-19.124911238664996,-12.082274807085755,100.34746660809408,86.66105642074808,0.0,0.0,-14.417462331392722,-22.42506463127594,5.530494290094096,130.2475738184568,97.40492029686655,0.0,0.0
97.49749749749752,-7.038099609220554,-1.8633430498281627,-0.8427309662522522,0.9531510964651317,1.0300874637110444,-0.3124006906860194,36.84459531853219,5.101898794125793,0.49294598072205453,-19.774140412112107,-0.3183857229182524,0.0,0.0,-16.857503149491155,3.1527341981721704,3.117820567510843,-37.8793864522496,-24.342208454724727,0.0,0.0,-3.33128612969436,3.9879017889179194,-14.90636090939139,-48.238008891006345,-19.116008542239907,-12.089817218511511,100.36318420634635,86.65299468368369,0.0,0.0,-14.460382562758426,-22.430628898262594,5.55454475864798,130.20073161806505,97.40872257701601,0.0,0.0
97.59759759759758,-7.0061893118008,-1.8504212741321342,-0.8567770752782782,0.9532017317227227,1.0300375685095093,-0.31237197937337335,36.7117556074064,5.107443457880883,0.49647384108508763,-19.49902036357056,-0.3341973949709715,0.0,0.0,-16.800084784886884,3.1736498964504483,3.08802478608108,-38.25763681507709,-24.283720862631625,0.0,0.0,-3.37052709510911,3.9831366334814837,-14.877434960136133,-48.21346117537438,-19.107325326952953,-12.097025632872874,100.37868776625726,86.64514626517719,0.0,0.0,-14.503344264218219,-22.43598056664865,5.578258651382383,130.153198819986,97.41248514864965,0.0,0.0
97.69769769769775,-6.973933611475809,-1.8378347302192206,-0.8707033350814143,0.9532513866716716,1.0299850054007342,-0.31234299571571567,36.57904914927761,5.113223260801137,0.49949409461528094,-19.22751032502969,-0.3491104984778112,0.0,0.0,-16.741685517918913,3.1939236865145126,3.0573557122912876,-38.63810404075677,-24.224443842889222,0.0,0.0,-3.4103048233810496,3.9786628538631987,-14.848290250156154,-48.18783519725292,-19.098913445750416,-12.10380273785352,100.39387481326628,86.63780332641107,0.0,0.0,-14.546469304698698,-22.44123375115916,5.601598541091423,130.10494621895296,97.41607562809142,0.0,0.0
97.79779779779776,-6.941431694274603,-1.8256706536272922,-0.8845505602939617,0.9533003207407408,1.0299289510577243,-0.31231375858024685,36.446642668716706,5.119258658686354,0.5019103863663674,-18.96103469032729,-0.36325839237003793,0.0,0.0,-16.6816505958752,3.213449742125796,3.02353097764464,-39.0218142461472,-24.164207416824148,0.0,0.0,-3.450472721826499,3.974517962212879,-14.818747584751083,-48.16106408771838,-19.09101251618685,-12.110287258092091,100.40863974840076,86.63062401054087,0.0,0.0,-14.590192859677682,-22.446067764887218,5.624350568490493,130.05549591022356,97.4199966057184,0.0,0.0
97.89789789789789,-6.908494208130129,-1.8143989685315294,-0.8986983534794785,0.9533473624274276,1.0298685301991992,-0.31228380587787796,36.31558359943644,5.126248474793793,0.5027354801061088,-18.702957453053024,-0.37689737042241844,0.0,0.0,-16.620454270776776,3.2314021972832876,2.9869541407327387,-39.40765699183184,-24.10323154443543,0.0,0.0,-3.4913808639939945,3.9712938925925902,-14.788294519573574,-48.13302890311511,-19.083829537067068,-12.116223956095094,100.42314837395695,86.62346621501003,0.0,0.0,-14.63414796527928,-22.450494503353355,5.646605764507511,130.00462473753254,97.42367871957458,0.0,0.0
97.99799799799801,-6.875556655333,-1.8039314717577564,-0.91311295625759,0.9533928315128462,1.0298019738705373,-0.3122535355765766,36.18664707124758,5.133994482925258,0.5019444093189835,-18.454003093754757,-0.3894879505992645,0.0,0.0,-16.55794492633,3.248142130690025,2.9489469048224897,-39.794696314067735,-24.041915780430763,0.0,0.0,-3.5323459788241562,3.9689796055388706,-14.757057250989991,-48.10348865804705,-19.077474902108776,-12.121349850142476,100.43725362310742,86.61625095239006,0.0,0.0,-14.678664184979983,-22.454487361418423,5.66836470890357,129.95223932629398,97.42659913295662,0.0,0.0
98.09809809809813,-6.842831378216881,-1.7942591051291281,-0.9275792286222877,0.9534366060620622,1.0297307245558893,-0.31222281126192863,36.05940194193626,5.142429895869202,0.49944219058858697,-18.211456025304635,-0.4019521907353981,0.0,0.0,-16.49389759555789,3.26338050181515,2.909025200120789,-40.18338703334168,-23.98030817102636,0.0,0.0,-3.5732177890216903,3.9675037714624617,-14.725295563548547,-48.07297225141408,-19.071609058151815,-12.126006559513847,100.4509914776243,86.60913606694893,0.0,0.0,-14.723470480450782,-22.45814876260895,5.689547956821824,129.89888159305707,97.42998067018418,0.0,0.0
98.19819819819824,-6.810106290780778,-1.7849836615405397,-0.9421260085615621,0.953479606993994,1.0296568724174175,-0.312191839957958,35.93296167856455,5.151252250075076,0.4961190192882913,-17.972638890315295,-0.41456419863063143,0.0,0.0,-16.42922440586486,3.277817633486489,2.8680697201291268,-40.572834877976,-23.91839624827627,0.0,0.0,-3.614170896225228,3.9664433643213215,-14.693211911792792,-48.041896691129125,-19.066082533027025,-12.130368821537541,100.46452222944745,86.6021930586967,0.0,0.0,-14.768460705564564,-22.4615992313994,5.710448779732735,129.84486679185585,97.43345314784985,0.0,0.0
98.29829829829825,-6.777001080949279,-1.7760056192736076,-0.9566235363797138,0.9535218317414081,1.0295812365645645,-0.3121607432148815,35.80656099074574,5.160396720857191,0.4922208022839517,-17.736888652986973,-0.42598480278278383,0.0,0.0,-16.364133133493823,3.2917082885518854,2.8263257634514494,-40.96351956062899,-23.85489692348414,0.0,0.0,-3.6556606817087114,3.965700765911579,-14.660914191976309,-48.01019702566066,-19.06087894774575,-12.134459124451785,100.4779617811645,86.5955855944281,0.0,0.0,-14.81360462137838,-22.464937118535868,5.731084760624958,129.79032730405135,97.4369541473924,0.0,0.0
98.39839839839838,-6.74295963390023,-1.7679460329125807,-0.9711537318191521,0.9535621397277279,1.0295020365568899,-0.31212920029996666,35.68043013052685,5.170584027222558,0.4869906228308302,-17.508706204476134,-0.43677488391157737,0.0,0.0,-16.298258019920915,3.3042129217237224,2.7825607125305276,-41.356670822994026,-23.788132307055385,0.0,0.0,-3.6985031779242616,3.9659357335301997,-14.627962126655655,-47.97708266029596,-19.056535429838174,-12.137924631469469,100.49119192033034,86.5893313740497,0.0,0.0,-14.859038095844515,-22.46783979848882,5.751097703605273,129.73448340214048,97.4402810027968,0.0,0.0
98.4984984984985,-6.708894303210208,-1.7601581004364344,-0.9856617516866869,0.9536017196336337,1.0294202897027027,-0.3120974764904905,35.55496414554252,5.181060577806807,0.4816551368048042,-17.28432926855252,-0.4471747447677673,0.0,0.0,-16.23160967248348,3.316167500763767,2.7380867808528517,-41.750771010028075,-23.7197804683103,0.0,0.0,-3.7414415574954987,3.9664321468748738,-14.59477764264164,-47.94329675692992,-19.05262634748248,-12.141078428833836,100.50420990988188,86.5834399902002,0.0,0.0,-14.904685033612617,-22.47063642036837,5.7708286761901935,129.67796406979176,97.4437782709109,0.0,0.0
98.59859859859863,-6.67471558356223,-1.753014755554886,-1.0002138209999987,0.953639412958959,1.0293332023953954,-0.31206536716583255,35.43114995747647,5.192025523193193,0.47516194808641804,-17.068917284826817,-0.4581810168788758,0.0,0.0,-16.16282973166633,3.3269932877370736,2.6917916489643052,-42.14837285773406,-23.648514199170506,0.0,0.0,-3.784718421318317,3.96755413813313,-14.560915589984983,-47.90783944685286,-19.04938253360661,-12.143454570414749,100.51672997060862,86.5775478431812,0.0,0.0,-14.950708777845847,-22.47308987164498,5.790082568643977,129.6199956407057,97.44699796826893,0.0,0.0
98.69869869869878,-6.640394337965297,-1.7464996803223212,-1.0149545818038042,0.9536760316202869,1.0292424925962629,-0.31203274436302963,35.30837976323156,5.20368390717751,0.46791518625192036,-16.859686893011343,-0.4690843125869174,0.0,0.0,-16.092960385841508,3.3366687000286968,2.6435760143947222,-42.5475059100177,-23.57752961916183,0.0,0.0,-3.8282601020874223,3.969330274286952,-14.526427942415747,-47.87157314961629,-19.046697443698697,-12.145549199536536,100.52910869766866,86.57174441750284,0.0,0.0,-14.997036827106104,-22.47521324860527,5.8090072289969985,129.56100301675542,97.44980608826461,0.0,0.0
98.79879879879874,-6.60584422758158,-1.7412222855965958,-1.0300333555195198,0.9537106653173172,1.0291455883373373,-0.31199925037437437,35.18768112474074,5.216607346296296,0.4597475601221205,-16.660520527271263,-0.48026115999899827,0.0,0.0,-16.021586732051045,3.344501354114116,2.593180090154152,-42.94848758655559,-23.50488749653953,0.0,0.0,-3.8721249825125157,3.9724220606136136,-14.490920863329327,-47.83350644621021,-19.044852484465462,-12.146859149304307,100.54090089821521,86.56620950113013,0.0,0.0,-15.043676669581583,-22.47674513346046,5.827383103871876,129.50017706641543,97.45223404488186,0.0,0.0
98.89889889889889,-6.571187404471135,-1.7363157245118455,-1.0452325418505182,0.9537443914000668,1.029044939721388,-0.3119656416449783,35.06799537162061,5.229943005586253,0.4501660773423404,-16.467223624445765,-0.4903996140006662,0.0,0.0,-15.94954959497964,3.3516077719122457,2.5419159354214202,-43.35033177442645,-23.431389497658323,0.0,0.0,-3.916217481818154,3.9759196562345687,-14.454882457693023,-47.79467769380481,-19.043512846342672,-12.147767744606607,100.55266449235435,86.56082490212411,0.0,0.0,-15.090601403763097,-22.47801447309576,5.845400476839843,129.4384975155005,97.45447568484951,0.0,0.0
98.998998998999,-6.5363790359419385,-1.7317173498121439,-1.0603033571518188,0.9537768961538206,1.0289415010140142,-0.31193194691324655,34.94884880268267,5.243439230011345,0.43956776446980267,-16.278022236716367,-0.49950270052318996,0.0,0.0,-15.876335394232225,3.357995625267604,2.4897605447110394,-43.75418057337174,-23.358182788225218,0.0,0.0,-3.9606549180837547,3.97969035107374,-14.418629278783447,-47.75482178072806,-19.042475150098767,-12.148274737882216,100.56404461705506,86.55574602718751,0.0,0.0,-15.13764796035436,-22.4791454533974,5.8630410191584925,129.37604441643742,97.45677655659195,0.0,0.0
99.09909909909913,-6.501539880090088,-1.727550085981982,-1.0754660107567566,0.9538085966366365,1.0288358781111109,-0.3118977568018019,34.830408695426414,5.257419991078079,0.428716823516518,-16.092263016117094,-0.5088036967987989,0.0,0.0,-15.802436319666658,3.36359411776877,2.436779457582577,-44.15883687599704,-23.28551547029729,0.0,0.0,-4.005202453234237,3.9838682336456457,-14.382012824741741,-47.714346810153145,-19.041742505084084,-12.148519435135134,100.5752135444024,86.5509850515976,0.0,0.0,-15.184692271048053,-22.480137154462465,5.880426433291292,129.31295422356155,97.45916698858558,0.0,0.0
99.19919919919927,-6.466600669978644,-1.7235765407013655,-1.0906214269446117,0.9538389821257927,1.028728026886887,-0.31186349673740404,34.71275841272304,5.2715319467394055,0.41708368793193185,-15.910543601527163,-0.5182747053560233,0.0,0.0,-15.727803184426756,3.3686917949452826,2.3836150404617955,-44.56439489179249,-23.21317394165799,0.0,0.0,-4.050044126550885,3.988218730514513,-14.34512391545879,-47.673048772335,-19.041320002004007,-12.148263698360358,100.5860738142993,86.54630855601569,0.0,0.0,-15.231716423750754,-22.481046253665333,5.897620300012681,129.2493292367274,97.46185145858826,0.0,0.0
99.29929929929924,-6.431593597962963,-1.7198959994884877,-1.1058427695265263,0.9538684494701369,1.0286167754664663,-0.31182890530296964,34.595987087927924,5.286005219015348,0.4054284423219868,-15.733754829886887,-0.5278428930557216,0.0,0.0,-15.652470111711045,3.373046348490825,2.3301053972232233,-44.97056953953253,-23.140089365916587,0.0,0.0,-4.095039651768435,3.992862845323323,-14.307816613391054,-47.63086730730731,-19.041383131406405,-12.147550937553552,100.59660156548213,86.54245211862028,0.0,0.0,-15.27890960650951,-22.481834827464464,5.914447294757423,129.18484431704772,97.46469401298131,0.0,0.0
99.39939939939939,-6.396162010661664,-1.7166816584514533,-1.1210535774244228,0.95389681303003,1.028502914123123,-0.31179416426726725,34.47976358507408,5.3009878489479485,0.39315825364364254,-15.562239248921932,-0.5377300006406378,0.0,0.0,-15.576655507385386,3.3765664888858837,2.27607466097498,-45.37744721976575,-23.06767727816717,0.0,0.0,-4.140629884020017,3.9980412378808827,-14.2701248062002,-47.58780892253253,-19.04188940107307,-12.14641193762963,100.60691136428628,86.5386477534885,0.0,0.0,-15.326253018262259,-22.48239650965966,5.931047396215215,129.11949703253254,97.46733983509111,0.0,0.0
99.4994994994995,-6.360717946552883,-1.713798322254253,-1.1363521217721058,0.9539242893516852,1.0283840888895563,-0.31175917374574574,34.365123649018,5.316221586612614,0.37989520996596327,-15.398794592924911,-0.5489801207250585,0.0,0.0,-15.49950485559425,3.3790445487217227,2.220235816705704,-45.78561150937908,-22.997212025810466,0.0,0.0,-4.186190441401072,4.0035841915925925,-14.231855388336333,-47.54367963366599,-19.043066493222888,-12.14476446400534,100.61688699298733,86.53493215869001,0.0,0.0,-15.37413744051752,-22.482698635908577,5.947325366337337,129.05279280913146,97.46981462579846,0.0,0.0
99.59959959959963,-6.32505422319853,-1.7115312210927602,-1.151761944876878,0.9539507257290625,1.0282614646149484,-0.3117237116456456,34.25140643280547,5.332099353666668,0.366789586749085,-15.241375991528846,-0.5599823796740081,0.0,0.0,-15.421537992612944,3.3804358991708385,2.1629110063987262,-46.19449689700569,-22.926708457699696,0.0,0.0,-4.232018707139143,4.009733628513848,-14.193069003592589,-47.49843885299099,-19.044966500069734,-12.142551064409407,100.62657149812446,86.53139318897298,0.0,0.0,-15.422389004753757,-22.482593085322318,5.962960886397732,128.98503118896332,97.47224577241943,0.0,0.0
99.69969969969978,-6.289412925142141,-1.709460382381381,-1.1671807920180193,0.9539767671911912,1.0281368988288289,-0.3116881362732733,34.138205212911906,5.348113163219219,0.35349520638939047,-15.08665120887586,-0.5711492134764798,0.0,0.0,-15.343053785308305,3.381373801305307,2.1048899297127073,-46.603866124629654,-22.85643190674774,0.0,0.0,-4.277836822432434,4.016068171878879,-14.154093269485482,-47.45271339097297,-19.047117486190192,-12.140106058187186,100.63609173966466,86.52805797283584,0.0,0.0,-15.470830512150155,-22.482315673018014,5.978324106382382,128.91678126298,97.47476350446246,0.0,0.0
99.79979979979973,-6.253993206517183,-1.7082388401471438,-1.182552773653653,0.9540011793386721,1.0280070258328329,-0.3116521053573573,34.02665469349282,5.364917737740739,0.3388438124067424,-14.939153979598917,-0.5820253429452745,0.0,0.0,-15.262826517529863,3.3805270570293686,2.045256853813479,-47.01508960782517,-22.785513280304304,0.0,0.0,-4.323555192224225,4.023257580982312,-14.114704095473812,-47.405694932342335,-19.04997800709276,-12.137049046440108,100.64513717082849,86.5251403582389,0.0,0.0,-15.519680055856858,-22.481461953090093,5.992880488294964,128.8473788250287,97.47735497445946,0.0,0.0
99.89989989989988,-6.218507527310975,-1.7071532474731383,-1.1979469661828503,0.9540252709432766,1.0278759492792793,-0.31161599314047383,33.915473645580576,5.3818541286596595,0.323992933421087,-14.79386799330596,-0.5928031765859195,0.0,0.0,-15.182354011937269,3.3794058780387077,1.9852595432892879,-47.42649916878648,-22.71497266682382,0.0,0.0,-4.369356408543212,4.03059748854788,-14.075145004170167,-47.35839482319753,-19.05301249375776,-12.133859634876877,100.65411332360861,86.5222270964201,0.0,0.0,-15.568622044688027,-22.480573929773776,6.007375229786119,128.77761396569537,97.47994269164431,0.0,0.0
100.0,-6.182995325666667,-1.7061309306666665,-1.2133512629999998,0.9540491953333333,1.027744034,-0.3115798496666667,33.80455017966667,5.398839317333333,0.30899461300000003,-14.650031801666666,-0.603505743333333,0.0,0.0,-15.101711757999999,3.378126739,1.9250156723333334,-47.83803078766667,-22.644683815333337,0.0,0.0,-4.4151840023333335,4.038007566,-14.03548036433333,-47.310920879333324,-19.056154130000003,-12.130593017,100.66303853733334,86.51933338533333,0.0,0.0,-15.617636819333333,-22.479664284,6.021827633666667,128.7076105493333,97.48255793166666,0.0,0.0
