time_moment,hip_flexion_r_moment,hip_adduction_r_moment,hip_rotation_r_moment,knee_angle_r_moment,ankle_angle_r_moment,hip_flexion_l_moment,hip_adduction_l_moment,hip_rotation_l_moment,knee_angle_l_moment,ankle_angle_l_moment,lumbar_extension_moment,lumbar_bending_moment,lumbar_rotation_moment,arm_flex_r_moment,arm_add_r_moment,arm_rot_r_moment,elbow_flex_r_moment,pro_sup_r_moment,arm_flex_l_moment,arm_add_l_moment,arm_rot_l_moment,elbow_flex_l_moment,pro_sup_l_moment
0.0,-1.6279000467119147,0.026682782667514636,0.05949585430696136,-0.8035683046754529,0.17678537657085763,1.4326561062880974,-0.11177858752892991,-0.015123846642108607,0.3213069525454225,0.07092360518780262,0.24562264277178764,0.03487814333944307,0.32609225092645655,0.11781784852998407,-0.0504702286903033,-0.0075855814374756105,0.022541637851356603,7.48182798993639e-05,-0.07804701409259865,0.00150047444705981,-0.002790944488276066,-0.03431200800907826,0.0008163930004116863
0.10010010010010009,-1.6279000467119147,0.026682782667514636,0.05949585430696136,-0.8035683046754529,0.17678537657085763,1.4326561062880974,-0.11177858752892991,-0.015123846642108607,0.3213069525454225,0.07092360518780262,0.24562264277178764,0.03487814333944307,0.32609225092645655,0.11781784852998407,-0.0504702286903033,-0.0075855814374756105,0.022541637851356603,7.48182798993639e-05,-0.07804701409259865,0.00150047444705981,-0.002790944488276066,-0.03431200800907826,0.0008163930004116863
0.20020020020020018,-1.632344918386945,0.02090556868041769,0.05673708298700338,-0.8099683368539597,0.16734653176214753,1.4310511650967779,-0.1130369796150629,-0.014401634099108676,0.32247763197788537,0.07113784798114073,0.24783098209888452,0.036048551740737476,0.32668032752788395,0.11773149270761873,-0.050585165106041316,-0.007654591951439689,0.022719941134091304,7.047836421902384e-05,-0.07816757699126202,0.001495260625061488,-0.002708358466032742,-0.034031890638015753,0.0008149607159610923
0.30030030030030025,-1.6424139551234647,0.008953289096528424,0.050944045590604226,-0.8240015356909769,0.1471659540610953,1.4280926231097677,-0.11544057757851198,-0.013032144616392743,0.32483705309188016,0.0715431359071054,0.2525066784022921,0.03833331748680145,0.3278389241552656,0.11759329508907715,-0.05080920916711916,-0.007793222516836731,0.023076492817273392,6.094436478004503e-05,-0.07842260117895315,0.0014899007833491516,-0.002557363328518078,-0.033470555830635164,0.0008133091734831111
0.40040040040040037,-1.654203265570724,-0.0018703898678852442,0.04467908610283656,-0.8404281793077224,0.1246562788980307,1.4255362819124529,-0.11659159829919433,-0.012092458096994881,0.3273438887744601,0.0719484087011541,0.2574326151147855,0.04126072227311187,0.3287925796670257,0.11736361612663995,-0.05092306876900623,-0.007887995649193852,0.023399081688324892,5.212655163571627e-05,-0.0786665910526955,0.0014788243743326314,-0.0023950511162405385,-0.03289534160594486,0.0008118802629414671
0.5005005005005004,-1.665725213806494,-0.012972509903860448,0.038218214211687876,-0.8569951856017282,0.10195649801256015,1.4229294609250744,-0.11784740920822387,-0.011082774193661752,0.3298270982294998,0.07234564033544477,0.2620431474351913,0.04423964206542054,0.32983412090798636,0.11712713320615793,-0.051030330814302395,-0.0079835629826911,0.023718170840788054,4.311462387313886e-05,-0.07892866553609626,0.0014666746849654637,-0.0022288381182799097,-0.032321889199185924,0.0008104437549365077
0.6006006006006005,-1.6772812247567834,-0.024621101982516717,0.032134126999971716,-0.8742110224993429,0.07832139573934493,1.4201910996092093,-0.11950642179343188,-0.009873486116734909,0.33226297813122396,0.07273535512259507,0.2663753240790692,0.04724425833500133,0.3309448059924862,0.11687651124138587,-0.05112004328970056,-0.008072493385032735,0.02403197370250285,3.414579130607024e-05,-0.07921020764885695,0.0014563096178513088,-0.0020564856255633488,-0.0317474696378001,0.0008088871947354971
0.7007007007007006,-1.6877489421373064,-0.03592002948255873,0.028244164231257852,-0.8912349372596529,0.05415112023786165,1.4171377336801594,-0.1217183428550126,-0.008379607770248414,0.3345727868878083,0.07310351689660123,0.2701147363893781,0.05037982653213435,0.3318367698172026,0.11651053818970045,-0.05109904105205283,-0.008111026964730088,0.02430820809800479,2.6357084634846005e-05,-0.07944442924921676,0.0014359502318636189,-0.0018860912704937193,-0.031172081477396436,0.0008070361983118764
0.8008008008008007,-1.6967356580961486,-0.047152429910795476,0.02493543133667055,-0.9073361869864737,0.03057906430156887,1.4137635830910065,-0.12419257422351027,-0.00674763811498601,0.3367577582998159,0.0734517443149403,0.27320616812854503,0.05345725760119856,0.3327385524152878,0.11611728468771579,-0.05104546984368039,-0.008140368020692236,0.024574098661625337,1.8572872981360616e-05,-0.07966493491357883,0.001406448439939711,-0.0017191492751999376,-0.03060695055872074,0.0008051421188532063
0.9009009009009012,-1.7037075566975222,-0.05846254590398299,0.02183022871621362,-0.9218224291224443,0.008405256235542674,1.4099171724746398,-0.12688048156838913,-0.004983949118927673,0.33876216576556656,0.0737772196524511,0.2755607086433861,0.05643209726829372,0.333729855054129,0.1157244612582364,-0.05098504778842207,-0.008172744802348697,0.024842025558715113,1.0410350172094238e-05,-0.07987686880825717,0.001368302396749448,-0.0015552789919301604,-0.03005462461350994,0.0008031384333565233
1.0010010010010009,-1.7075479523471138,-0.0696125759161496,0.0187750371191556,-0.9336131846785921,-0.011330168442345762,1.4054696230433168,-0.1296078763441712,-0.003171655471474376,0.340532137403611,0.07406647482599842,0.2769745923305383,0.05922946049063658,0.33483742469837874,0.11532857948695377,-0.05092097698712491,-0.008214583035957554,0.025109366583572455,1.6353840050011091e-06,-0.0800713106631872,0.0013144153994118584,-0.0013989071521723836,-0.02951854983168269,0.0008008446523851742
1.1011011011011012,-1.7081716551230852,-0.08055979390330281,0.015587521300028741,-0.9426180409347807,-0.028448905161852923,1.4003968685517283,-0.13237089329304425,-0.0012959178037009918,0.34206292415663975,0.0743221141940966,0.27734322657778954,0.06178084775841869,0.3360937543109621,0.11495675925730815,-0.050859377209022893,-0.008267787403055168,0.025384762880571742,-7.923406212689523e-06,-0.08024281024096011,0.0012456190317841865,-0.0012544074484087983,-0.02900482735924208,0.0007984455183017766
1.201201201201201,-1.7051462872985421,-0.09093287314933395,0.013157844013543621,-0.9481642832639453,-0.04243823807757548,1.3947016266721841,-0.1352381414628417,0.0006820789656052379,0.343343092509269,0.07454733191344168,0.2766405161850879,0.06406475156933,0.3373598595586828,0.11456635123793694,-0.050770601896885495,-0.008314841173368923,0.025662398631205997,-1.7697470760120864e-05,-0.08036263122489354,0.0011524856659824454,-0.0011249739925826949,-0.028509492992056667,0.0007957802772573904
1.3013013013013013,-1.6983712437614442,-0.10063117182773411,0.01143806851602652,-0.9501349651381791,-0.05321708424526085,1.3884348303934486,-0.1381081578642101,0.002711395350520621,0.3443900874721222,0.07473961594450543,0.27487325086821884,0.0660350059436972,0.338630431661329,0.11414784736431753,-0.0506494158377662,-0.00835354406410629,0.025938564529420262,-2.759268710440899e-05,-0.08042810760726625,0.0010306118375378029,-0.0010130430339940122,-0.02803021719210343,0.0007925954821494764
1.4014014014014011,-1.6877721659491136,-0.11011960815659297,0.009240656886767996,-0.9481974725324269,-0.06011425891509743,1.3815364918571924,-0.1408379374533744,0.004761745629528668,0.3451794570630722,0.07489655057977776,0.2719118381313735,0.06761820635966548,0.34010863190414314,0.11376729788083624,-0.05053278545214433,-0.008399624768243453,0.026233935655667173,-3.82032576402792e-05,-0.08046637550172878,0.0008760311715413051,-0.0009214633451684551,-0.027576317988061295,0.0007891025890957639
1.5015015015015016,-1.673111978889296,-0.11834062898353856,0.008737377523118938,-0.9424475353577467,-0.06377580884734503,1.3740823061443088,-0.14369607573881205,0.006925808278507711,0.345725738234556,0.07502421382269908,0.2677775770902532,0.06888693619790465,0.3414347275592156,0.11333892105827108,-0.0503580207269261,-0.008420322850507877,0.026528383558777978,-4.855880134786424e-05,-0.0804106948053368,0.0006941911007236814,-0.0008515289684826186,-0.027141789838426404,0.0007852321066939668
1.6016016016016015,-1.6548784443302118,-0.1257253396231324,0.008967049488056324,-0.9332027630985678,-0.06431665248358828,1.3661290495894594,-0.14651368338175783,0.009128358496195256,0.3460597069248497,0.07512261228606555,0.2626172936390933,0.06983593360559337,0.34274303030727016,0.1128964669037629,-0.050151598928087515,-0.008426444355323196,0.026830030050920377,-5.8882652597840665e-05,-0.08029208037356622,0.0004846764003954295,-0.0008014424553392586,-0.0267242772563397,0.0007807547740985508
1.7017017017017007,-1.632879887244787,-0.13297185878742362,0.008017488403222391,-0.9198985553964307,-0.06069044736652381,1.3575880829869427,-0.14900363551085077,0.011267127158208375,0.3461507699054743,0.07518497175571376,0.2563204653583563,0.07037159352387039,0.3443359347806218,0.11251771902824026,-0.049966549290368444,-0.008441374858516,0.027162870652196375,-6.995845215232342e-05,-0.08016215841231368,0.00023568670282793114,-0.0007734895665798142,-0.026331683346945307,0.0007758099136540986
1.8018018018018025,-1.6068183955308009,-0.1394313683028545,0.007376197719599724,-0.9024472475561783,-0.05323056758243313,1.3484662635270392,-0.15135072240503145,0.01342479568162069,0.34599636179337806,0.07521477248073447,0.24883421650598972,0.0704899005005647,0.34598203189624377,0.11215438583055584,-0.0497656260169077,-0.008448931527703296,0.027513593354348092,-8.13212217590103e-05,-0.0799749531623917,-5.1458886828873934e-05,-0.0007696109520936471,-0.025958264147385567,0.0007704521039214774
1.901901901901902,-1.5773488740523256,-0.14479688904145366,0.008164738494900625,-0.8816431111800982,-0.042929532291235584,1.3389062610373375,-0.15370856795329174,0.01566212809727519,0.34563581084910855,0.07521804647358762,0.24038694179219539,0.07032859224375279,0.34752042055875954,0.1117557638463913,-0.0495143010858032,-0.00842884735433182,0.02786526920364336,-9.2233076124243e-05,-0.07970910549265893,-0.0003595340068586961,-0.0007855305910345018,-0.025599679716985728,0.0007644188221777015
2.0020020020020017,-1.5449013393480737,-0.14921040984356543,0.009948595352462331,-0.8578820629567984,-0.030089946007188156,1.3289497534940182,-0.15597000029517666,0.017935809478783878,0.3450739175846705,0.07519184927279186,0.2310469026264672,0.06988138509455924,0.34901022312837127,0.11133355215527278,-0.049220132255103625,-0.008382796039888896,0.02822280814626283,-0.00010285305639839686,-0.07937974187686794,-0.0006884602293325593,-0.000820406591893798,-0.025255996043955238,0.0007577568351963714
2.102102102102101,-1.5092042208614411,-0.15299748536556212,0.011974675236806247,-0.8306744853762489,-0.01410120114597561,1.318620029088375,-0.15800228985962533,0.020210856512088357,0.34433504739692167,0.07513932045751874,0.22070057007316007,0.06905190918831199,0.3505598846463343,0.11091819159147806,-0.04890608886044465,-0.008323256193674449,0.028595235023958075,-0.0001135266441198291,-0.0790079055748066,-0.0010495050188000568,-0.0008762466629862141,-0.02492582054226932,0.0007506295107492107
2.2022022022022023,-1.4715206133624685,-0.15645699958344234,0.013913205819582424,-0.801318668136975,0.0038348525963947063,1.3080712906878884,-0.15982761561354814,0.022493440797516497,0.34348196251178476,0.07506710822415825,0.20970614702790696,0.06798212950652358,0.3522087685020958,0.11051866385021043,-0.04858118792678856,-0.008252607267294827,0.028980745002859482,-0.0001241466728715851,-0.07862129601178017,-0.001429254184516027,-0.0009447349821799922,-0.024604425649898908,0.0007427588554230225
2.3023023023023024,-1.4328206721697563,-0.15976834267882922,0.01564644740624647,-0.7708653666465244,0.02266359891070767,1.2974211992264253,-0.16142265344227846,0.024754784700268893,0.3425495516252478,0.07497646156478252,0.19827555768254623,0.06671458395361986,0.3539522313530511,0.11013310732162,-0.04824738790232068,-0.008171406665117556,0.029378913661087552,-0.00013479907769409902,-0.07823272711855149,-0.0018221276140190288,-0.001022172026999185,-0.02428623974034836,0.0007341814895010535
2.402402402402402,-1.3930297485844063,-0.16298581509214594,0.01727158396242847,-0.739086065948612,0.042571717753499515,1.2866903829405407,-0.16275730902717783,0.027011399378040184,0.3415371814536889,0.07486948152040176,0.18635681062964785,0.06521375785909547,0.35579901760995764,0.10975569664615606,-0.04790180541470701,-0.008078228134229284,0.0297889466103125,-0.00014542213420124815,-0.07784395098269416,-0.0022314653324873013,-0.0011093902728508925,-0.023967663857443294,0.0007249476941402148
2.502502502502501,-1.3535501111628894,-0.1663578168751703,0.01857366371970047,-0.7075442699557185,0.062048529815501775,1.2760584379865236,-0.16389271213451606,0.029284602473313687,0.3405302947920406,0.07475333385899147,0.17430665972519027,0.06360961193949496,0.3577518932086602,0.10938613112845741,-0.04754468860011209,-0.007973286761030169,0.03020522553461764,-0.00015591783781879168,-0.07747935459614283,-0.0026446978327287823,-0.001197573550711022,-0.023644120491477738,0.0007149267815223653
2.6026026026026026,-1.3146987915168997,-0.16998438892717452,0.01962849283828954,-0.6765652758786869,0.0807370276508789,1.2655669425389031,-0.16484090561269502,0.03155506757021709,0.33953552132920617,0.07462877229371752,0.16222410186238106,0.06193556444470858,0.3597877723221411,0.10901644966115831,-0.04717706783260256,-0.007857612141989267,0.030625354928621562,-0.0001663194937999271,-0.07714114075516827,-0.003058637471733209,-0.001286161547690227,-0.023311089665185268,0.0007040601783623414
2.7027027027027026,-1.2769718560109085,-0.17393241937987233,0.020439812977500818,-0.6464496740000383,0.09829639468323585,1.2553143518031342,-0.16553198509493533,0.03382912054151362,0.3385703109208712,0.07449881126046007,0.15019260467199724,0.060162615363757624,0.36191945292317684,0.10863785481652972,-0.046792324581592694,-0.0077281828916754185,0.03104869667834197,-0.00017654408992264062,-0.07683834678930664,-0.003474368669541118,-0.0013736469687845062,-0.022962289233974576,0.0006922784218604449
2.8028028028028023,-1.240615464429121,-0.1782097919843188,0.021060154615411816,-0.6175413385453343,0.11443459190190446,1.2453676666120645,-0.1660388695016111,0.0361211013657048,0.3376740836674233,0.07436601464919726,0.13829534742414928,0.05834802683558203,0.36411416339383706,0.10824366413679565,-0.04638588704742326,-0.007584511808803032,0.031469838045172525,-0.00018657779477825986,-0.07656958739977325,-0.00388785113520871,-0.001458197105768384,-0.02259894886981644,0.0006796172735584148
2.902902902902902,-1.2057319722878304,-0.1828825258476009,0.021543277783506183,-0.5898974436566469,0.12904765795921963,1.2357108597831414,-0.1663800972943557,0.03842264025990747,0.33683476124178585,0.07423092276101254,0.12658367807182,0.05650258444395543,0.3663611192265309,0.10783214324309562,-0.045961862103766564,-0.007428845243595744,0.031888691251033115,-0.00019644600137354767,-0.07633797283698752,-0.004296479734288162,-0.0015396557545454494,-0.022217789252614296,0.0006659255184433429
3.0030030030030033,-1.1738322186405115,-0.18820541484319137,0.021716763862907457,-0.564864403244042,0.1407618989361575,1.2265560793768389,-0.16650078120726725,0.040730233956185496,0.3361107344177138,0.07410074069813215,0.11538098873738345,0.05466542908926684,0.3686744374480917,0.10740378376100312,-0.045516266764326116,-0.007259546433507324,0.03230726822565529,-0.00020610495292323634,-0.07616584883555533,-0.004694755926735279,-0.0016106553104746958,-0.021809625668235716,0.0006511410425181506
3.1031031031031016,-1.144198586134939,-0.1939816727609231,0.021750995187007665,-0.5417267811835479,0.15038564436783014,1.2178305381706551,-0.1664163732729041,0.04303650869396704,0.3354866668398079,0.0739719252646925,0.10454026515381973,0.052814123420298675,0.37102762319400956,0.10695504538037448,-0.04504453877886208,-0.007075589006760995,0.03272434818732931,-0.00021565473814466873,-0.07603491771540623,-0.005086777355932296,-0.0016765356639362294,-0.02138002092232598,0.0006353655943107401
3.203203203203203,-1.1172900788821998,-0.20026152466101968,0.021640938684848114,-0.5208851757255226,0.15741837951838997,1.2095530014979858,-0.16614083080097597,0.045347872387217485,0.33496822755216404,0.0738470446717229,0.09418535554221216,0.05096939306540593,0.37339560002023475,0.10648256863640862,-0.04454739619384543,-0.006877159937822036,0.033138901515466876,-0.0002250025172086865,-0.0759530673308372,-0.005468453961588402,-0.0017344053092865513,-0.020925428850903805,0.0006183891895231719
3.3033033033033044,-1.0938702743311486,-0.20718767811455593,0.02133990481485363,-0.5029338243692649,0.16121755014568354,1.2018287851969904,-0.16565170460663015,0.04764976601729571,0.33458392750126054,0.0737296231670255,0.0845050380481274,0.04913437480373205,0.3757760936108338,0.10598622859703936,-0.044021879482047124,-0.0066630996923006764,0.03355371526901803,-0.00023414542914583313,-0.07592823703992349,-0.0058391713835354245,-0.0017816010380194783,-0.02043951469422472,0.0006002121928389216
3.4034034034034013,-1.0730066084352776,-0.2144747532013953,0.021002206657452893,-0.48687168244927326,0.1629262881884759,1.1945862306675075,-0.16492711918092656,0.04992211992000489,0.3343016478861374,0.07361612382819563,0.07530762325426868,0.047256658887417875,0.37814879764508225,0.10546282396209168,-0.043465057227809224,-0.006432690846587358,0.033968339165446504,-0.00024313462456050931,-0.07593954312958964,-0.006206216867162992,-0.0018252751900926748,-0.01992811487017159,0.0005808669137760911
3.5035035035035036,-1.055264108517831,-0.22212233960972066,0.02061035173574139,-0.47304197581282664,0.16209488015666665,1.1879006532299525,-0.1639643714954903,0.052175558236948937,0.33414209479481694,0.07351028075575046,0.06669248790219037,0.045334620296036056,0.3804804909810546,0.10490748812932396,-0.042874071051043405,-0.006183896534549609,0.034383544974012546,-0.00025186640946526205,-0.07599132462246838,-0.006567508179814585,-0.0018627958868318642,-0.019388423601250617,0.0005602067507214736
3.603603603603605,-1.0402875515053345,-0.23019926252923328,0.020203442411068993,-0.461122777246584,0.1589055895969483,1.1816447302517423,-0.16276488851861443,0.05439154078807934,0.33407565301685127,0.07340765903128407,0.05867375255490507,0.04334722947675545,0.38277032854919135,0.10432437806781925,-0.04224874923289455,-0.005916667377414038,0.0348014776240623,-0.0002603471091011481,-0.07608180656816063,-0.006925859541789227,-0.0018954630540758133,-0.018819955044490702,0.000538338256183122
3.7037037037037024,-1.0276513813931625,-0.2384932591696563,0.0198138115314983,-0.45059333740976637,0.154063232069801,1.175784232911329,-0.161281035559814,0.05654349751408376,0.3340725665880509,0.07330615749800759,0.05114774306370281,0.04126804375442415,0.38501184029724533,0.10371478217696846,-0.041589096511094284,-0.005631343542236021,0.03522281291738398,-0.0002686040407798195,-0.07619928598566611,-0.007285139682582029,-0.001927090996637186,-0.018226168539052883,0.0005152555322909825
3.803803803803804,-1.017471739501707,-0.2469932263360301,0.019462434068397372,-0.4412898928051067,0.1475867608217389,1.170327239164054,-0.1595028657806278,0.05863755040195442,0.33413985538952823,0.07320711545936291,0.044145416935144885,0.0390595146468155,0.38718680988940396,0.10307869225912947,-0.040893346016236565,-0.0053258256825263976,0.03565065482892208,-0.0002765919212626972,-0.07634226395606922,-0.007647651760316086,-0.001957902745735382,-0.01760631581087475,0.0004908250749143035
3.9039039039039016,-1.0092322262567646,-0.2556640303020713,0.019192169884129466,-0.4326594124805614,0.13995910050232366,1.1652455715296555,-0.15743897342641608,0.06065470209016806,0.3342670559474453,0.07310995017794027,0.03758812910120627,0.03666764453665723,0.38929294029325734,0.10242321768371591,-0.040163010307246026,-0.005000846182996814,0.036088069814563264,-0.0002843189212415529,-0.07650591748186877,-0.00801617598447196,-0.0019903287657441404,-0.01696350364355903,0.000465285744350574
4.0040040040040035,-1.0027688058650002,-0.26441383050427214,0.01897027183670431,-0.424475578699118,0.13155194090564948,1.1605332859842536,-0.15503651790315706,0.06256263721104047,0.3344264178661104,0.07301272996117213,0.031449886895358214,0.0341134284078813,0.39133110446501157,0.10175067490103565,-0.03940039804122997,-0.00465740770217529,0.03653536593215119,-0.0002917691839115054,-0.07668706431330602,-0.00839200961945055,-0.002025234492894646,-0.01629918181436965,0.00043856140857932366
4.104104104104104,-0.997765053457228,-0.2732059912301076,0.018875323544277126,-0.4161630200349281,0.12277779746008002,1.1561121589709813,-0.1522982334008089,0.06437014590311683,0.3346095372350705,0.07291380441935216,0.02569623877327336,0.03132268394849524,0.39329567610486427,0.10106320183637192,-0.03860303069357528,-0.004293330917804391,0.03699552054490749,-0.00029896254181237014,-0.07687925900453965,-0.008780067962170816,-0.0020657385315985695,-0.015613969651315462,0.0004105580252650234
4.204204204204202,-0.9937473826616232,-0.28197617837247246,0.01894118062819546,-0.40717268091826797,0.11418858066920823,1.1519563567186615,-0.14923109023758674,0.0660624872334166,0.33480116278821115,0.07281319973076798,0.020217087623360313,0.028262263183847808,0.39518331488961267,0.10036754882833913,-0.03777448495107847,-0.00391078704983072,0.03747097559725737,-0.0003059153533736108,-0.07707632865138887,-0.009182470379859193,-0.0021136534905663905,-0.014910125719734591,0.0003815621269231934
4.304304304304304,-0.9905742045589303,-0.2906879838544076,0.019173263518876278,-0.3972722867065959,0.10610663143717676,1.1480646846496039,-0.1457893162716795,0.06761323770183988,0.3349753372166865,0.07270844781901478,0.01501855896404226,0.024976968464955472,0.3969953943043208,0.09965950223824824,-0.03691621488193187,-0.003510105953658078,0.03795925426842819,-0.0003125197324668478,-0.07727782983494277,-0.009599036778588893,-0.002168578860840556,-0.014187532861912908,0.0003514728738902542
4.404404404404405,-0.9881222610294659,-0.2992973836827485,0.019619728574832504,-0.386139945964548,0.0986886839755982,1.1444347445640923,-0.14198332193034247,0.06902148857157439,0.33514768590208555,0.07260142802018847,0.010112897395254046,0.021374686196033214,0.3987230865264627,0.09893998953404701,-0.03602439000895065,-0.003089125283488402,0.03846381167495709,-0.00031884141058260274,-0.07747926482450242,-0.01003308432327467,-0.0022334123889521202,-0.013446090697142801,0.0003201409743198225
4.504504504504503,-0.9862747461688113,-0.3078445316528045,0.02027145060140467,-0.37368689182755527,0.09205942175473016,1.141062170564259,-0.13782929809290095,0.07028461211837272,0.33531371809911403,0.07249266412496669,0.005457637773218993,0.017486872245118974,0.4003730424616686,0.09821620846241982,-0.03510433893288366,-0.0026508986145044487,0.038984872606537394,-0.0003249065796319185,-0.07768163598609937,-0.010482733451471484,-0.002307016551689442,-0.012686681342833944,0.0002879404898341283
4.604604604604605,-0.9851145853105043,-0.31636670238575026,0.021119654116764666,-0.3599558143155991,0.08618367204565953,1.1379702665862377,-0.13330139258341545,0.07138326432177042,0.33546485157770417,0.07238145680629102,0.0011242949806978444,0.013370837667525568,0.40194868640568215,0.09748577991810595,-0.03415716172293447,-0.0021956096619464584,0.039520522387971366,-0.00033057179241853963,-0.07789052422792758,-0.010946208280478344,-0.002387123435980261,-0.011908722580327522,0.00025482110881428876
4.704704704704702,-0.9844977375410272,-0.32479989816369226,0.022215744430080942,-0.34465401343058244,0.08116679419108444,1.1351851077264141,-0.12841006287899143,0.07230628608548045,0.3356214987933294,0.07227068118031997,-0.0028707623396121485,0.008931564164261704,0.4034359818002011,0.0967489570692219,-0.03317816108743509,-0.001721220155660941,0.04007374405296803,-0.00033591420760007096,-0.07810047419093408,-0.011425597512536741,-0.002476764628082418,-0.011112195470764977,0.00022057470661290102
4.804804804804804,-0.984406803041146,-0.333229520203689,0.023525955163643933,-0.3278819399137017,0.07697405305053344,1.1326727671052517,-0.12317916445167723,0.07306349269914293,0.3357741317536823,0.07215855730373907,-0.006545246310762962,0.004237221991649477,0.40484162116468553,0.09600971614851689,-0.03217322948811105,-0.001231419248242142,0.040642927797018946,-0.00034098842538056397,-0.07831776233253003,-0.011916706867919655,-0.0025723139099669357,-0.010298344602723695,0.00018568764873868191
4.904904904904905,-0.9851071387903495,-0.34174926810004336,0.025039539440055693,-0.3099063643736031,0.0733039178377825,1.1304889307034631,-0.11761739576361152,0.07365023004510357,0.3359329213680901,0.07204732686701862,-0.00979719642246538,-0.0006499011267095761,0.40617508890152976,0.09526975166051907,-0.03114486458334954,-0.0007271235142073512,0.04122674172572966,-0.0003456196522995273,-0.07854859750053664,-0.012417614890804625,-0.0026712179041673578,-0.00946611860073342,0.0001501437941696232
5.005005005005002,-0.9865776913548185,-0.35028562848297856,0.02682761219396034,-0.2905421783694503,0.07013643736317476,1.1286376390395028,-0.11172945626574134,0.07404503681711219,0.33611262967811,0.07193855153234556,-0.012564955440087738,-0.00582484734310017,0.40741439198104334,0.09452752388765037,-0.030086495588964264,-0.00020592257825193747,0.04182713498128981,-0.00034987557345026084,-0.07878991441412495,-0.012927732337003742,-0.0027753598957294097,-0.008613733643160438,0.0001136525745509693
5.105105105105104,-0.988813732915046,-0.35887384263014205,0.02881658130743438,-0.26998868662366815,0.06736926675608508,1.127062603823356,-0.1055225349729149,0.07426376610683202,0.3363002121742036,0.0718285762267745,-0.014869972487014955,-0.011219047811086518,0.40855631124024827,0.0937833344809421,-0.029002922666360696,0.0003285216737530114,0.042441463398495964,-0.0003538411531660655,-0.07904832541956498,-0.013444128032786542,-0.002881041456575406,-0.007743589397452874,7.672502643831427e-05
5.205205205205205,-0.9922409708168226,-0.3677093520260649,0.03102277609564249,-0.2486641396624112,0.06453277444386822,1.1258524278708724,-0.09904987264781025,0.0743168344719696,0.33652127083047045,0.07172246241768887,-0.016590301227758727,-0.016750811704661465,0.4096267607096752,0.09304441475013209,-0.02789863872956967,0.0008743786051866032,0.04306930404110301,-0.0003573342678680561,-0.07933040583315834,-0.013963055500636364,-0.0029848307511403174,-0.00685386473983615,3.937972098759334e-05
5.305305305305303,-0.9969682142559577,-0.37670127239941636,0.03350273611163121,-0.2264927750856204,0.06147890103194111,1.125051668797927,-0.09227575935834911,0.07416313417922826,0.3367977328440689,0.07162194787813636,-0.017611663538508442,-0.022499517275197518,0.4105933912376901,0.09230746086606938,-0.026765894438192127,0.0014347072691048598,0.04371143968634413,-0.0003603915128959468,-0.07963693031464567,-0.014482358688752089,-0.0030877388433120465,-0.005942071455221716,1.3015201229502472e-06
5.405405405405405,-1.0030297497297247,-0.3859140660169865,0.03615124256217044,-0.203926763700101,0.05790585539732136,1.1245824585842614,-0.0852615306293927,0.07384817896567902,0.3371181813302658,0.07152432209441391,-0.017991226814741267,-0.02838114527342834,0.41145806122046436,0.09157399009757551,-0.02561144011216141,0.0020049390995382976,0.04436515741437615,-0.0003631280258659591,-0.07997332316380208,-0.01500007395951301,-0.003186199983453655,-0.005012226526949057,-3.701229666330945e-05
5.5055055055055035,-1.01081886864507,-0.39551126763107314,0.03898145822939203,-0.18124561402775594,0.053384377924570514,1.124507064451437,-0.07803832973626652,0.07337285836956044,0.3375054446411193,0.07143292391013037,-0.017579678182446885,-0.03434975806390701,0.41223130640437866,0.09085007442701988,-0.024437693833593323,0.0025836829564555817,0.04503146580663561,-0.00036538663052002084,-0.08034525687446564,-0.015510868178700421,-0.003275821366463869,-0.004063477757445649,-7.545035303706261e-05
5.6056056056056045,-1.0206532152237604,-0.40545403585879025,0.0420273777747945,-0.15863612057925497,0.04758876229131565,1.1249247559102709,-0.0705771654325966,0.07269760152431784,0.3379948682086315,0.0713512333862351,-0.01624778892998044,-0.04042981736178258,0.4128945898277362,0.09013539139937002,-0.023239011144761016,0.003173297674503548,0.04571036054222334,-0.0003671956919780294,-0.08075678348800548,-0.016012159933810215,-0.003356991050217298,-0.0030924467333832513,-0.0001142866704177912
5.7057057057057055,-1.0322684557067956,-0.415740828087824,0.045222753937372004,-0.13627822055088828,0.04050315140023552,1.1257121527419165,-0.0629639432281618,0.07188187708755721,0.3385589493474864,0.07127583830280074,-0.014134480739802913,-0.04656037923902935,0.41344817621103785,0.08942774798335217,-0.02202152637036766,0.0037702709148866253,0.046399064637779104,-0.0003686147095550298,-0.0812064959934031,-0.016505769734583012,-0.003428540528600456,-0.002103927496591763,-0.00015314932668113163
5.805805805805804,-1.0459485800176418,-0.42640168737704365,0.04857662792460694,-0.11422748357550676,0.03185004079210657,1.1269243239806523,-0.0551834586605809,0.07090832138799107,0.3392218764915936,0.07120907750384811,-0.011087775906562285,-0.0527576117023885,0.41387318349013363,0.08873134714877101,-0.0207830491040593,0.0043742545399898915,0.04709923737919591,-0.0003695395294183652,-0.08169664839845128,-0.01698686900947296,-0.003486684031333588,-0.0010983237744390819,-0.0001918443934997291
5.905905905905906,-1.0617037139173413,-0.43748474275781496,0.05211735179368536,-0.09259313325187668,0.02149562417184241,1.1285539305179386,-0.04724924420734232,0.06975855332681517,0.3399910080855027,0.07115113691418382,-0.0070769356508809025,-0.05899858729618808,0.4141895223307814,0.08805215121832692,-0.019525214919644245,0.00498462887880484,0.04781129785126507,-0.0003700861452632444,-0.08222985929286142,-0.017453334037982316,-0.0035318596600324354,-7.357779467277014e-05,-0.0002305441786865403
6.0060060060060065,-1.0791666733433352,-0.4489613422735039,0.0558238618021598,-0.07131962140005389,0.009547597002797416,1.1304854316647082,-0.03922667954318888,0.06847997518812758,0.34083554966512997,0.07109824956183416,-0.0022320664631838016,-0.06524875388602255,0.4143859676108771,0.08738526551686007,-0.018251064309009295,0.005599709862428507,0.048531924519639974,-0.00037014876715416435,-0.0828025003252013,-0.0179090971125436,-0.003564668487178292,0.0009659700303925094,-0.0002690257183268955
6.106106106106106,-1.0983882066383361,-0.46079619931939336,0.05968129631371799,-0.05038320855126984,-0.004265938831443025,1.1327280965741757,-0.031072320731223964,0.0670423858746259,0.3417721453481254,0.07105055213110019,0.0035787277075272376,-0.07154511153412772,0.41442962056951443,0.08673528682917693,-0.016957973382934213,0.006218657580647121,0.049261648643944306,-0.0003697103036246447,-0.08341607420333255,-0.0183489320301937,-0.0035812553140068515,0.0020172010074999587,-0.0003070121894671046
6.206206206206203,-1.1189833203649993,-0.473070808508041,0.06371939827556125,-0.029667316177760722,-0.0197162534167449,1.1351967056155936,-0.02284402812386662,0.06546536151357588,0.3427905455327872,0.07100806912190283,0.010252306487214702,-0.07784158337361438,0.41436315667710966,0.08610916984866547,-0.01565379660030373,0.00683911080634102,0.05000148081074046,-0.00036890884781851796,-0.08406641307167936,-0.018773206576487195,-0.0035839812228934164,0.003079986545502257,-0.00034455254850846546
6.306306306306304,-1.1408526421653682,-0.48572882229925785,0.0679474122675049,-0.009109508889340975,-0.03683596782584329,1.1378751080186857,-0.014568005166985388,0.06375846464513027,0.34387973283790096,0.07096737485734213,0.01775189513145852,-0.08412322468721961,0.41416295033419165,0.08550050172497772,-0.014336921602016123,0.007460861247431443,0.05074797766405335,-0.00036750679003345134,-0.08475256982770893,-0.01918532642287761,-0.0035729065995394097,0.004152896237257491,-0.0003815556925527532
6.406406406406406,-1.1637275689624822,-0.49870190107410767,0.07235431110968664,0.011431882656158533,-0.05564429166258038,1.140707691516387,-0.006211210559432018,0.06190566745395885,0.34503978552531006,0.07092760691465143,0.026080021718884534,-0.09042086105271623,0.4138044066559431,0.0849142664973296,-0.013007764809453296,0.008081970457073024,0.05150123933913815,-0.0003656430350774936,-0.0854693332375722,-0.019580948142077455,-0.00354634532947344,0.005230766594576516,-0.0004178047030929252
6.506506506506507,-1.1866338643578396,-0.5120105453827477,0.07695370648984763,0.03236729267881362,-0.07581583569949474,1.1434636432765977,0.002188203362831564,0.05993375009382409,0.34623029101738995,0.07088394947208838,0.035044974771057176,-0.09669886587265082,0.41331053945370594,0.08435416690598455,-0.011675977559290677,0.008699612637182396,0.05225828736299779,-0.0003633260394396761,-0.08620684132797907,-0.019960490320900148,-0.0035074738649056142,0.006306433131556701,-0.0004530407024018166
6.606606606606609,-1.2095904563591582,-0.5256640695623099,0.08177332418113704,0.05384564026860779,-0.09726238821613362,1.1461936169445683,0.010578186349830845,0.05783850131239008,0.3474568521575596,0.07083463366749887,0.0446648197793626,-0.1029673796025721,0.4126789775633538,0.08381788084506422,-0.010340005091405906,0.009313046395288684,0.053019863029318215,-0.00036037268263146803,-0.08696783891068391,-0.020328286743539238,-0.0034555633753923115,0.007383947706573943,-0.00048737051840293906
6.706706706706702,-1.2326945536393574,-0.5395911339033646,0.08680750113052775,0.07586259260027273,-0.11987937711377736,1.148934247846605,0.01898801357986969,0.05561621488412403,0.348734779550941,0.07078274690330134,0.05496106527772293,-0.10924919057377573,0.41190766271468354,0.08330701931804668,-0.009000412106903099,0.00992101621477206,0.05378799335429936,-0.0003570076214425827,-0.08775102217498867,-0.020681082925908943,-0.00338966559876711,0.008462392222500677,-0.0005207840748734898
6.806806806806803,-1.2559263373884453,-0.5538203964647196,0.09206911141041058,0.09846735730157218,-0.14348235880461443,1.1516554273256516,0.02738059646788372,0.05329039549492617,0.35006355216358775,0.07073053746157572,0.06590679750817682,-0.11552363572171101,0.41099994910764986,0.08282538072473593,-0.007662061737364899,0.010521153789755282,0.0545656295109012,-0.00035338567777457876,-0.0885571371007518,-0.021018255106184516,-0.00330878143614865,0.009542661638536872,-0.000553060004495241
6.906906906906906,-1.279015443168544,-0.5683977098703124,0.09757352150997636,0.12185925559023818,-0.1679520511979312,1.1543307075093427,0.035701886637337026,0.050851870499224586,0.3514349240540097,0.07067295565465,0.07744439838739547,-0.12181595535008168,0.409972388773582,0.08237190684852333,-0.006325304340204714,0.011111815625308625,0.05535371636278039,-0.00034941786013029027,-0.08938607190438992,-0.02134200598334508,-0.0032127629501689505,0.010626060360126187,-0.0005843242959112998
7.007007007007007,-1.3020173920917182,-0.5831799202653863,0.10331367206787698,0.14604211829435637,-0.19315928637726804,1.1569690677542863,0.04398967233596979,0.048309689334236995,0.35285380735921124,0.07061292317100532,0.08957302809018727,-0.12813901634083075,0.408819519089403,0.08194210556256191,-0.004991621366765564,0.01169288157084242,0.05615168033815012,-0.00034521478342040645,-0.09023319825821832,-0.021650460623401264,-0.0031030737261799014,0.011711830167258658,-0.0006147425556860622
7.107107107107109,-1.3247340235774008,-0.598243687122079,0.10931461296140463,0.17115084431542907,-0.2190172871492802,1.1595107046273694,0.05221538094333111,0.04567163377318241,0.35431538465586015,0.07055013586367323,0.10228363045542302,-0.13446447712080475,0.4075280825499421,0.08154102136977019,-0.00366621514147938,0.012260172100975412,0.05696158297889993,-0.0003409216880363628,-0.09110149620103396,-0.021942739390497533,-0.0029768264426487897,0.012799257084216087,-0.0006438019095042448
7.20720720720721,-1.3469103960732391,-0.61360332784553,0.1155596114209407,0.19725243309794674,-0.24537294166095597,1.161925380615648,0.060327944038268244,0.04294710018775277,0.3558111643108833,0.07048095761299895,0.11548299752944254,-0.14082126154954436,0.40612273884266037,0.0811649531509844,-0.0023495163093255867,0.012813444922679853,0.057784617568988575,-0.0003364976554140921,-0.09198820143701447,-0.022221408988255874,-0.002835270111430521,0.013888800078113208,-0.0006717627621415946
7.307307307307303,-1.36856717662018,-0.6291979995245344,0.1220429655670513,0.2243593497615286,-0.272184503749983,1.164181267925584,0.06834039162001093,0.040144279203375245,0.3573420211634243,0.07040633741102532,0.1292071600635729,-0.14720946420379788,0.4046047281633743,0.08081056917923443,-0.0010439747964256767,0.013352312740693506,0.05861991245631446,-0.0003319980867648617,-0.09289283182796795,-0.022482861367115515,-0.0026782352576714638,0.014981366781805592,-0.000698852510502696
7.407407407407405,-1.3894755504935454,-0.6451027099219562,0.12880174294100188,0.25265525214874,-0.2993400325278948,1.16623116786852,0.07624142911504553,0.03726164280415944,0.35889951354440475,0.07032546709764798,0.1434159896338812,-0.153615909917641,0.4029618920744517,0.08047885414404005,0.00024366062559597057,0.013870794862179594,0.059469590402812175,-0.00032759691654013154,-0.09381783081802349,-0.02272837390589782,-0.0025041812627467825,0.016076538209593687,-0.0007244081432149399
7.50750750750751,-1.4096035258936972,-0.6612898413121338,0.13578530269325587,0.2820058514454746,-0.3267711169039279,1.1680730013645144,0.08399111325124635,0.0343191724742757,0.3604819244951015,0.07023726922385705,0.15805631007595314,-0.16005233534389426,0.4012066818273813,0.08016704049811532,0.001515279130755476,0.014371002178100546,0.06033421700807173,-0.0003232523731163116,-0.09476003977551199,-0.02295915453277476,-0.002313752357337163,0.017174229760440536,-0.0007488268620493235
7.607607607607608,-1.4289419651880655,-0.6777821695273156,0.14301160937049015,0.31245116011248264,-0.35446894724017136,1.1696460057662115,0.09156749310877657,0.03132477598357079,0.3620889286910628,0.07014087626194421,0.17319098708902397,-0.1665259122425594,0.399347400108469,0.07987071885650529,0.002766612902959096,0.014851186458908833,0.061214968854494865,-0.0003190603622646081,-0.09572369734287353,-0.023169890390816298,-0.0021045926279977117,0.018278235360534377,-0.0007723768035632367
7.707707707707714,-1.4473357545297127,-0.694576796709703,0.15048098814326744,0.34408750849984726,-0.38235132633801217,1.170930897291538,0.09898844447421942,0.02827275332998614,0.36370950437575705,0.07003626488992194,0.1887431243018586,-0.17304684162439293,0.3973745899683104,0.07958616492038176,0.003991649064992159,0.015305741598033603,0.0621136988705391,-0.0003152036165724963,-0.09670793356652667,-0.023365314347007258,-0.0018779092961973027,0.01938866445329828,-0.0007943508361708802
7.807807807807803,-1.4648707486144852,-0.7116711117945649,0.1581502325408885,0.376701565429684,-0.4104325742683203,1.1719462575243642,0.10622636892136421,0.02518659181795242,0.3653457241308248,0.06992431109046873,0.2046958390206733,-0.1795887776293557,0.39529236050183003,0.07931416123322611,0.005193184728400166,0.015737944224637555,0.06302878883565974,-0.0003115953543147277,-0.09771072646590226,-0.023545355658806645,-0.001633849538896097,0.020503857362587384,-0.0008152253910211552
7.9079079079079095,-1.4815606450219483,-0.7291507048238268,0.16604892388876924,0.4102846855810127,-0.4387475489932601,1.1726190254810462,0.1132139405877366,0.022081568798816696,0.3669979078811126,0.06980300223867977,0.22111413030694438,-0.1861817580483318,0.3931115594582607,0.07904841620494978,0.006364994298158513,0.01614437851052555,0.06396544405184997,-0.0003084354745137031,-0.0987393195518174,-0.023703380444296297,-0.001367909079844642,0.021630251624941765,-0.0008352318473708235
8.008008008008007,-1.4973451340131794,-0.7469106961468425,0.17413471967304453,0.44482680725972157,-0.46725859852625906,1.1729412051830648,0.12000215359111399,0.018952126009477165,0.3686505570136026,0.06967240068201058,0.23791676541124965,-0.19284956736256467,0.39082261238370253,0.07878018176754828,0.007504621501776829,0.016521995330123808,0.06492451162239571,-0.00030588441518589573,-0.09979032981215454,-0.023846926023431168,-0.0010836543988138143,0.022768878245188855,-0.000853823446416981
8.108108108108112,-1.5122798935003507,-0.7649883389667325,0.18238392504295214,0.4801868561750652,-0.4959807015000838,1.1729198229945594,0.12657783578486753,0.015813577496508795,0.37030909078222496,0.06953353595195585,0.2551159461370217,-0.19953717502255272,0.3884306839641015,0.07851477346995542,0.008613315002115724,0.016873082622350242,0.06590291239251624,-0.00030382353081141896,-0.10086251395206211,-0.0239744091065613,-0.0007806873382979194,0.02391669947184471,-0.0008713972000459816
8.208208208208209,-1.5263748268161792,-0.7834975702633546,0.19083462872611623,0.5163501193248494,-0.5248848057815299,1.1724823272236846,0.13284644913542534,0.012687921340733876,0.371966181160965,0.06938364491195988,0.27273105267797504,-0.20628663976031386,0.385943842308365,0.07824279169042592,0.009683464115609611,0.017193554243218112,0.06690854512219212,-0.000302557944445409,-0.10196295054482003,-0.02408052959672637,-0.00045459000908823954,0.025082530915478785,-0.0008882133154309863
8.308308308308309,-1.5396865634724937,-0.8022466684343084,0.19941395121656103,0.5532219489652817,-0.5539810507200831,1.1716511496739472,0.13888657895626608,0.009568415911609122,0.37361433211219675,0.06922405560076188,0.2907365935577183,-0.21312735232561392,0.38334553276998884,0.07795209592871953,0.010718830566459583,0.01748431892330531,0.06794053830850676,-0.0003021341138289975,-0.10308737355632258,-0.024172752692963328,-0.00010911236569164876,0.026266301992115028,-0.0009038587354912185
8.408408408408404,-1.5522057878281412,-0.8212970299298025,0.2080973291151685,0.5907513147227068,-0.5832659275308617,1.170415592291151,0.1446869927527597,0.006460502463132846,0.37525316945588194,0.06905516787412566,0.30911705699916225,-0.22002951230617623,0.3806518941146149,0.07764862061777197,0.011714767544308674,0.017743753975749,0.06899810123094,-0.000302582143405223,-0.10423568698050642,-0.02424923064764366,0.00025591743265938915,0.027467287795087846,-0.0009186933453567671
8.50850850850851,-1.5639929098178837,-0.8407478864331134,0.21693189285730757,0.6288763210833502,-0.6127003767512582,1.1687111352597803,0.15015446663334628,0.0033934146820056134,0.3768696738359836,0.0688743392445306,0.32788239003685715,-0.22700005154089292,0.37785767418561195,0.07732276313337698,0.012665497684846793,0.017969864968186672,0.07008689654306165,-0.0003040806121277893,-0.10541256499299154,-0.024306044037515816,0.0006444133452789054,0.02869263705246833,-0.0009329707874863926
8.608608608608607,-1.5751424341211613,-0.860392378881677,0.22583093201574803,0.6674902117178328,-0.6423154644679919,1.1665663261407206,0.1553644162695315,0.0003586120089397019,0.37846342417671697,0.06868287493490724,0.34704330013222606,-0.23409716154576818,0.3749450716616641,0.07696168822005447,0.013577714294508126,0.0181646259485513,0.07120737341879817,-0.00030668017731385277,-0.1066153709445234,-0.024348745957622063,0.0010540231420351853,0.02994160499005094,-0.00094635027374273
8.708708708708714,-1.585641828084955,-0.8802587270674426,0.23476440587250996,0.7065697409774214,-0.6720888348655215,1.163962519886827,0.16031509339317881,-0.0026453012390837737,0.3800240678519319,0.06848100802709657,0.3665560330702907,-0.24131443464946106,0.3719339679309118,0.07656707316768417,0.014444745670000947,0.018325199698384163,0.0723601926925305,-0.0003105578802821568,-0.10784341781069973,-0.024377416294295517,0.0014830094113109536,0.03121744508136142,-0.0009591975097193355
8.80880880880881,-1.5955421254281217,-0.9004598638549274,0.24378366067653756,0.7460456727293623,-0.701983103472103,1.1608530936848556,0.1649285529096374,-0.005590088081197196,0.38154144151571473,0.06826646813345882,0.3864449372380031,-0.24861690495225713,0.3688154693949016,0.0761326412192967,0.01526085644712511,0.01845031801455265,0.07354847232596291,-0.0003156879579122924,-0.10909975649982644,-0.024388211580557765,0.0019357816185912962,0.03252430913336251,-0.0009717006600447004
8.90890890890891,-1.6049545605970565,-0.9207983638114566,0.25279054757973984,0.7858314969698003,-0.732021938096095,1.157271862666224,0.16927277680602776,-0.008484403038328274,0.38302011755296894,0.06804084486087116,0.4067125015954689,-0.2560866504115873,0.3655739613131304,0.07564872850676597,0.01603401529832033,0.018542620968204932,0.07477350867352513,-0.00032221710945799754,-0.11038179025521319,-0.024385854735891773,0.002409812419859267,0.033860571398646934,-0.0009836070768579998
9.009009009009006,-1.613893600910456,-0.9412351080762438,0.2617676998150326,0.8258731208559761,-0.762201502595677,1.1532027611608204,0.1733435972136705,-0.011330806214509947,0.38444299509566326,0.06780396736088558,0.4273020175126366,-0.2637225826489632,0.36221613880442893,0.07510773805455088,0.01676046971838032,0.018600442484134384,0.07603681542240881,-0.00033034105186544423,-0.11168847903312422,-0.024373626054933782,0.0029019082482981307,0.035233050755001105,-0.000995245114358094
9.109109109109111,-1.6223561306440408,-0.9618708538465345,0.27073115312296553,0.8661453369451289,-0.792451348979354,1.1486091038731263,0.17710142739111168,-0.014107428707880076,0.3858039578661616,0.06755429886146438,0.44825355148380375,-0.27149282659266544,0.3587562977453411,0.07451222986675397,0.017431719820849543,0.018621533556568738,0.07733982125950814,-0.0003399840351158114,-0.11302079711228945,-0.02434570150903509,0.0034166881932601047,0.03664264343874811,-0.0010068299649876723
9.20920920920921,-1.6304254293721965,-0.982595788212279,0.2796236552791201,0.9066017767282709,-0.8227722279299179,1.143514871242709,0.1805816828198484,-0.016819350442797972,0.38710192470666166,0.06729250309716261,0.4695379220576563,-0.2794641838093309,0.3551712299477157,0.0738525672651844,0.018055371508193425,0.018608472468664733,0.07868509185149028,-0.0003513637436995483,-0.11437694061311929,-0.02430739912350592,0.003951276848395778,0.03808877576238719,-0.0010181773619339991
9.309309309309315,-1.6381195453211521,-1.0032589229040862,0.2884180731953481,0.9471697378797496,-0.8531735907549919,1.1379201446013156,0.1837913005019501,-0.019467895309103336,0.3883232211352382,0.06701849266840965,0.4911004796806229,-0.2876402483651123,0.35145454780679625,0.07311709657169195,0.01863143234828036,0.018561591577664023,0.08007171787607635,-0.00036451865160933716,-0.11575492250514999,-0.02426311352129113,0.004502063839413855,0.039575954928608784,-0.0010294925816321187
9.409409409409404,-1.6454455995830917,-1.023961707463882,0.29708501626804373,0.9878470034381902,-0.8835533474379677,1.1318148051228998,0.18671995067949484,-0.022039279670178897,0.3894664247733469,0.06673195909415372,0.5129721924749415,-0.2960148348133361,0.347647979997899,0.07231521800756649,0.019150557316675587,0.018478091872559783,0.08150271628991634,-0.0003795495794870998,-0.11715400242390969,-0.024206801719397663,0.005072731901250949,0.041105924949766816,-0.0010410709442904551
9.50950950950951,-1.6524551260773852,-1.044681291955753,0.30563710032035146,1.0286041753583997,-0.913912330800264,1.125196896867343,0.1893593742382491,-0.02453163028546882,0.39052078329156303,0.06643283497317003,0.5351038821078616,-0.30461551636071904,0.3437192324852224,0.07143474998868207,0.019617308591800622,0.018359377228136416,0.08297994013122745,-0.0003965963561058898,-0.11857275970405864,-0.0241431228287673,0.005660614367627802,0.042678981782843135,-0.001052771947950249
9.609609609609608,-1.6591495174398407,-1.0651907410341903,0.3140069154899662,1.0693697820416979,-0.9442693991679892,1.1180768369897598,0.19174365018129963,-0.026949498922819892,0.3914780083170593,0.06612073976791885,0.5574672308263539,-0.3134604122683073,0.3396543588229587,0.0704656100441575,0.020033623213384776,0.018206803899876597,0.08450170651860886,-0.000415634968700628,-0.12000914807193748,-0.024076905064887775,0.006262617915772563,0.044296922107544996,-0.0010647364328516414
9.709709709709713,-1.6655841093568593,-1.0855539050345036,0.32217568708018324,1.1101068266858654,-0.9745517086361021,1.1104909763878779,0.19388662766392875,-0.029293036091655768,0.39234404670121614,0.06579662007155045,0.5800783559982179,-0.32254558604810385,0.3355005107661976,0.06941952482220404,0.020396762786479967,0.018020787493276562,0.08606929697729612,-0.00043672282301740673,-0.12145906970459257,-0.02400394574134406,0.006879870887727009,0.04596048935506221,-0.0010772174517881584
9.80980980980981,-1.6718022097610636,-1.1057951356459217,0.33015536386782596,1.1508009758225097,-1.004739917295988,1.1023978313135872,0.19575166336972485,-0.03154988021185648,0.3930998726640583,0.06545975531032816,0.6028730820256032,-0.3318787551945033,0.3312296280439061,0.06828288443707006,0.020704543166369955,0.017799758294754428,0.08768648964565844,-0.00046006432952332897,-0.12292205343330236,-0.02392645023917994,0.007511327884552874,0.04767410944034483,-0.0010902606402819243
9.90990990990991,-1.6777647820995814,-1.125690710381766,0.33788113720661783,1.191386155438705,-1.0348635655369283,1.0938263011645226,0.19740043788860093,-0.03373397964744697,0.39374053064199555,0.0651094435097503,0.6258633009793089,-0.3414711099413824,0.3268282347465949,0.06705025782832548,0.02096042044858064,0.017545689343649248,0.08935000931088435,-0.00048560158653947297,-0.12439659554860746,-0.023849904199242152,0.008153921417475372,0.04943540011678199,-0.001103915111572632
10.010010010010005,-1.6836129681599474,-1.145238427099565,0.3453435663178492,1.2317822385993682,-1.0648887630815504,1.0848589026763524,0.1988370905519316,-0.03584608418110173,0.3942841997525061,0.06474830935343287,0.6490440738299315,-0.35132797263348364,0.32233077532201493,0.06573030064468151,0.021168038042086577,0.01726204160276423,0.09106003970010376,-0.0005133094701351544,-0.1258764775497258,-0.02377217980279578,0.00880685417420594,0.05124505573381124,-0.0011183489614258041
10.110110110110112,-1.6892968663900703,-1.1644796009775678,0.3525408512825223,1.272012591480717,-1.0947802621582503,1.0754183289268298,0.20003814960949,-0.03787563872580492,0.39470446830144645,0.06437499153644016,0.6723445236323695,-0.36145926925863414,0.3177257947665963,0.06431043897097606,0.02131976711734195,0.016944945354111857,0.09282165030442788,-0.0005434867226707751,-0.1273603054020842,-0.02369379749139406,0.009469556941304736,0.053111558667629864,-0.001133832276584341
10.210210210210208,-1.6947108436325222,-1.1832399013149124,0.3594237285374797,1.312024042859226,-1.1245663521159988,1.0655448935367768,0.201062192362172,-0.03983979412967294,0.3949974991980186,0.06398828957731992,0.695776308795861,-0.3718609714859463,0.31299840297337345,0.06279102306158484,0.021420671523745556,0.01659724569825201,0.09462882719326686,-0.0005759536006768452,-0.1288454333251779,-0.023619242605799694,0.01013973613328106,0.05502473130651497,-0.0011501622377795818
10.310310310310316,-1.6999391883373154,-1.2014737764286691,0.3659856173415168,1.3517430932441368,-1.1542401401295748,1.0552916195428943,0.20190028629045048,-0.041732896673163884,0.3951780033130877,0.06359043416919477,0.7192874474374646,-0.38254225360810973,0.30817151603648896,0.06117702279255999,0.02147442293180507,0.016222282286176344,0.09648217776363152,-0.0006107289848645939,-0.13032432123301857,-0.023549181037420413,0.010814395617184013,0.05698836887985007,-0.0011675547080209543
10.41041041041041,-1.7049686043330188,-1.2192341104734699,0.3722346139452458,1.3911902987225933,-1.1837973578514362,1.0446321260967708,0.2025682676162829,-0.04355800480521267,0.39523223790951206,0.06318134132808256,0.7428413270399876,-0.3935030785179918,0.303256807263269,0.059465833263406154,0.021476459518141044,0.01581840416542952,0.09838230008949317,-0.0006478898539005793,-0.13179671326984732,-0.02348287432032064,0.01149305704137525,0.059006324589623335,-0.0011862655123231127
10.51051051051051,-1.709737556864074,-1.2363635901401895,0.3781149122237266,1.4302795874517051,-1.2132390358409828,1.0335789999570522,0.2030852198633272,-0.04532090737400634,0.3951453105284627,0.06275908200179817,0.7664517538077317,-0.4047559223847297,0.2982315991795566,0.057651200641240075,0.021426832411619887,0.01538551946665725,0.10032877522546088,-0.0006875085604498585,-0.13325781246700963,-0.02342329155716264,0.012175059579702333,0.0610721791397549,-0.0012060754076232607
10.610610610610607,-1.7147383134301522,-1.2528295525868285,0.3836288505027223,1.4687961622605,-1.2425783231917467,1.0231204516757404,0.20335636223191522,-0.047029076928546264,0.3947918692175745,0.06236641296433232,0.7901816756702486,-0.4162746329559844,0.2931298232172693,0.05571139369558105,0.021322798210308705,0.01492443783420283,0.10230876722498088,-0.0007294776903175215,-0.13472975834350084,-0.023371135117453725,0.012859904334899702,0.06318100674443729,-0.0012269814897216138
10.710710710710712,-1.7195080990635723,-1.268710525606894,0.38881592802888604,1.5069257014906108,-1.2718336454586765,1.012088166574709,0.20352225341133204,-0.0486736027473617,0.39435145266291893,0.06195275133588722,0.8138519865620999,-0.42805349905361806,0.287954280277294,0.053692409314343756,0.021176093972055228,0.014440776857136666,0.10433260856028007,-0.0007736906910141952,-0.13617857095560337,-0.02332749928762497,0.013541879887396377,0.06534155429871277,-0.0012494780671049514
10.81081081081081,-1.7239317391043127,-1.2837812293461601,0.3935947361352272,1.5445672253365,-1.30099792754261,1.0000438330164365,0.20362939357633375,-0.050248283663470464,0.3938663228958893,0.0614972272600234,0.8374015522074402,-0.44014544791763477,0.2826775688209549,0.051591023651641275,0.020985198503655475,0.013933404671493168,0.10641132438334681,-0.0008205520492863135,-0.1375810644084523,-0.023294138281706556,0.014219397418293816,0.06755816350144567,-0.0012735748471557986
10.910910910910916,-1.728315139058314,-1.2981066799487053,0.39799745578532814,1.5815799921190679,-1.3300806726725993,0.9877649857100789,0.20359832076771153,-0.051754273699905776,0.39325567482151025,0.061033465114032535,0.8608252202330302,-0.4524644305080171,0.277327032029352,0.04939808780752996,0.02075202800491264,0.013405964676996196,0.10852937243982866,-0.0008697551548214695,-0.1389578163480614,-0.02327407614442326,0.014889885705304853,0.06982359265801288,-0.0012993225771723653
11.011011011011007,-1.7325939998272673,-1.3117566790656077,0.402069714718967,1.6180287196451968,-1.3591105936214292,0.9752640513840414,0.20346913316137658,-0.05320580037953485,0.3925323990993986,0.060561867797209054,0.8841605907085638,-0.4650080416917609,0.2719252466996867,0.04712697657128503,0.020480595628984997,0.01286005151227372,0.1106825778619372,-0.0009210997443525019,-0.14030845778327722,-0.023266418081436237,0.01555221202810395,0.07213358897315492,-0.0013268348434340375
11.11111111111111,-1.7369442209035415,-1.3244605500629845,0.4057041346616537,1.653663712214001,-1.388088528732202,0.9631641387238318,0.203160891338993,-0.05460777105118544,0.3915646394005496,0.06010776925144308,0.9074555589951435,-0.4778109012266725,0.26646280457637656,0.0447353512545363,0.0201582176441423,0.012291168994990396,0.11286841545756757,-0.0009748841941604327,-0.14163725994080964,-0.023269594223557052,0.01621035221241341,0.0744859924918612,-0.001355674336940386
11.211211211211209,-1.741153232814468,-1.3363238056056228,0.4089554196953336,1.6885348686804662,-1.4170096611640137,0.9510282141109538,0.20275037308884633,-0.05595703694445871,0.3904429812621824,0.05965163235939225,0.9305595542198706,-0.4907962955020162,0.26095965185058,0.04225189501744511,0.019797498244645363,0.011707044980165723,0.11508497836125695,-0.0010309629781211965,-0.14293304029094647,-0.023289780920985253,0.01685530386726521,0.07688129662123062,-0.0013864395936584862
11.311311311311314,-1.7448218360957246,-1.3474538043816895,0.4118849861200178,1.7228579898719851,-1.4458885243027086,0.9378663832201599,0.2023570333847216,-0.05724028334786274,0.3893347673230955,0.059152279945411744,0.9533575600681955,-0.5039457513578331,0.25540981881978525,0.03972606156539489,0.019413678795963042,0.011113092302274837,0.1173399996142789,-0.0010890686911355155,-0.1441680672696089,-0.023328803061581433,0.017482364316907983,0.07932332789699342,-0.0014193481855229334
11.411411411411411,-1.748279289831751,-1.3576314772455218,0.4144062238212246,1.7563428240501473,-1.4747204614519909,0.9245490530773608,0.20188451176697156,-0.0584698648722735,0.38809936885360374,0.058645185621316175,0.9759204242783952,-0.5172684061747109,0.24981642061301082,0.03711445938751308,0.018995135904917054,0.010506536637190856,0.11962360313951366,-0.0011491762372719653,-0.1453529029320022,-0.023384984525629496,0.018095772759314042,0.0818072986868895,-0.001453791141378344
11.511511511511511,-1.7514759273963005,-1.3668722460311389,0.41655626346558244,1.7889404386887322,-1.5035393820053087,0.9111091370588518,0.20137185458068033,-0.05966113084262126,0.3867388422096153,0.058130420288058635,0.9982097003186391,-0.5307271538966198,0.24422116172468078,0.03442325411427929,0.01854528636555972,0.009890490239218277,0.12193436741843586,-0.0012115953829833356,-0.14648411563046454,-0.023460826257327712,0.018688965064796552,0.08433216672459833,-0.001490473084355746
11.611611611611607,-1.754469831391285,-1.375348988659796,0.4183920968214029,1.8207368074839583,-1.5323258895347514,0.8976245974125213,0.2007945705827458,-0.060810763171448554,0.38527037221925464,0.057612190153493434,1.0202489204886718,-0.5442618223578023,0.2386075256506271,0.03167135056446023,0.018069198912648125,0.009266301980766672,0.12426585256269243,-0.00127579156920238,-0.14756583049285682,-0.02355538449322875,0.019263240034831337,0.08689145404427445,-0.0015290820038823811
11.711711711711713,-1.7575517094951327,-1.3829395337785342,0.4198684675997617,1.8514874033040627,-1.5610798663941388,0.88488751268913,0.20006774442245429,-0.0619148031656007,0.3835566004034355,0.05712638477473771,1.0420881749784192,-0.5578617985905,0.23298683955622623,0.028828635782777258,0.017559832496519635,0.008634342083696981,0.12660497123529055,-0.0013414750845529505,-0.14861363026901958,-0.02366869836377072,0.01982146325212969,0.08947733888810128,-0.0015689689338759774
11.811811811811811,-1.7600145201567579,-1.389565444602095,0.42099860778039544,1.8813202215587352,-1.589862554830903,0.8715616786363263,0.1993785031645577,-0.06298614618210405,0.38179564474760974,0.056610195884246296,1.0635047714180117,-0.5715338978736738,0.22740619171219958,0.025933554956872013,0.017027349504349122,0.007999136597838748,0.1289689431591841,-0.001409349625773134,-0.1495773757439208,-0.023803977234754768,0.020351172454834872,0.09210259799015748,-0.0016113925861959526
11.911911911911913,-1.7620012301755317,-1.395477837747578,0.421857415778318,1.9103169928567207,-1.618613403314604,0.8577988829659828,0.19866676565219157,-0.06401201302871282,0.37999006624790377,0.056071113903749234,1.0845190803698561,-0.5851894670703325,0.2218251313452478,0.02300250659272061,0.01647837568382028,0.007362981027416225,0.13134957933387964,-0.0014787878157113824,-0.15046762675756853,-0.023961313104662284,0.0208550881098613,0.09475951840506981,-0.0016558862335370988
12.012012012012013,-1.7636095935299676,-1.4006793094898182,0.42244742838869415,1.9383516933370362,-1.6473218316434177,0.8440781531478498,0.19786908562582456,-0.06498331410337965,0.37806576849315887,0.05553189213048158,1.1051492423543308,-0.5987980914744386,0.21625794202673218,0.02002548541643078,0.015907701048936327,0.0067261235167694585,0.13373377997375277,-0.0015494059137426664,-0.15129566801259417,-0.02414060181671993,0.021334075162054395,0.09744112660528757,-0.0017019549296000322
12.112112112112111,-1.7648674663564836,-1.4049310088555176,0.42271195492746677,1.9652958864083647,-1.6760799573938143,0.8307006976243585,0.1970214121940565,-0.06593976422049996,0.3759785952218926,0.05500597663269012,1.1254196974539084,-0.6124113208769203,0.21078498965669185,0.016989916395855276,0.015309378300848312,0.006088291928602416,0.13612525966994132,-0.0016216827879268648,-0.15205619129660813,-0.024340240930388335,0.021784270729499122,0.10014685470239167,-0.001750300265547218
12.212212212212211,-1.7654817850976492,-1.4084775483595124,0.42274419882672765,1.9912903160823237,-1.7048129612126768,0.8169608946798779,0.19618448951142195,-0.06685363448274587,0.37383786789288753,0.05445766694177053,1.145197741387053,-0.6259156829728643,0.20534420078899046,0.013922786887816157,0.014705131646212686,0.005457678695412966,0.138523348784874,-0.0016954161439490117,-0.15273179600869574,-0.024566790373646098,0.022202243077084786,0.1028786126937022,-0.0018008405074927416
12.312312312312313,-1.7655337846672459,-1.411436126596505,0.4225690431155741,2.0163308962599586,-1.7334971298819428,0.8030848661364249,0.19531196161736908,-0.0677173397372177,0.37161774154599925,0.053899190914048635,1.1645053864211046,-0.6392799595443901,0.1999491005067055,0.010830591331465725,0.014090836963723052,0.004832944617916419,0.14091638420686664,-0.0017700596196611712,-0.1533341553831054,-0.02481734071483465,0.02258989580127819,0.1056290862053616,-0.001853176489462896
12.412412412412406,-1.7649934164851953,-1.4136268330634025,0.4221540414151937,2.040350963596407,-1.7622247939713644,0.7892081624786207,0.1944319523389256,-0.06855366276579333,0.3693036398804485,0.05333687576729342,1.1833423007162653,-0.6525612350448986,0.19465854206887695,0.007706703808805287,0.013465580719463952,0.004215825515076362,0.143308439995333,-0.001845933062604943,-0.15385534736324008,-0.025091232403112063,0.022944167941092438,0.10839845895458773,-0.0019077701140410579
12.512512512512515,-1.763763637495294,-1.4151354518161816,0.4215451769058113,2.063260010149653,-1.7909395292307113,0.7753608551898789,0.1935254651513324,-0.06935799108455125,0.36688213389993696,0.0527704626564748,1.2016526819482318,-0.6656337769308606,0.18945617348952787,0.0045546444875187156,0.012835077652219936,0.0036117525427692004,0.14569450222238448,-0.0019229852786930314,-0.15428914837563557,-0.025392723396983945,0.02326145419250563,0.1111840567208823,-0.0019645295453920714
12.612612612612608,-1.7619216409262115,-1.41617994785835,0.4207839409210353,2.085187327925533,-1.8195974913646975,0.7615352843502807,0.19257283974642653,-0.07011807304303228,0.36436970675441815,0.05220124011608078,1.2194584535328492,-0.6784658046656057,0.18433873658303307,0.0013885436701438826,0.012199281352478622,0.003018366836023541,0.14806408423432918,-0.0020005781230959157,-0.1546495805664404,-0.025716788117207977,0.023545897614337483,0.11397973123962608,-0.0020231747161061466
12.712712712712719,-1.7594194060058919,-1.4166845805805022,0.4198823481512043,2.106135523661689,-1.8482837783201842,0.7477402925433455,0.19160023657002778,-0.07084626355034186,0.3617774222972602,0.05163014783096468,1.2367697160513447,-0.6911095350866561,0.17933942874214964,-0.0017916879125942815,0.011562259813890436,0.0024391961331856086,0.15042171465171675,-0.002078902469025748,-0.1549289079585908,-0.02606356327650187,0.023795269254575348,0.11678562429395947,-0.0020838202079048957
12.812812812812812,-1.7561169544693176,-1.4166581855800073,0.4188439997810767,2.1259158610830173,-1.876953607359812,0.7339985996036255,0.19060274108792358,-0.0715424450180784,0.35908268917584774,0.05105532635587203,1.253498228993626,-0.703417939084408,0.1744794957046349,-0.004983997072227572,0.010927013893564005,0.0018794684244696235,0.15276089744315785,-0.0021578940043599703,-0.15511312352631185,-0.026437509977334767,0.024003406677536546,0.11959662891210861,-0.002146444628575232
12.912912912912905,-1.7520849767475408,-1.4163135847449433,0.41772666680318443,2.1446976662346113,-1.905564718756903,0.7202990415286961,0.18955617150978227,-0.07219390945730456,0.3563050948069056,0.05047904673471186,1.2696679374064204,-0.7153805619401097,0.16973636673306522,-0.008178418745228296,0.010294059076571648,0.0013366838032148952,0.1550727319051282,-0.0022370652220908504,-0.15521785981795821,-0.026832650499384082,0.024175690948444566,0.12241081106475442,-0.0022109396690937096
13.013013013013014,-1.7474021433571,-1.4156659017619666,0.4165533087317682,2.1625374208032553,-1.93417414144837,0.7068260886805183,0.18845232155792999,-0.07281301566360945,0.3534324204104714,0.04991151276566631,1.2853679183992088,-0.7270521910947607,0.16512492697402054,-0.011374235611948738,0.00966274135891913,0.0008114437365385708,0.1573613849832442,-0.0023164677938817446,-0.15524838986272535,-0.027247320057808517,0.024313574771257576,0.1252250579838809,-0.0022770416956843244
13.11311311311311,-1.7419681829713352,-1.4147213841911488,0.41531938074419694,2.1791573409659675,-1.9627507632789534,0.6937242586895013,0.18725609502519833,-0.07339307509624943,0.35041975894595534,0.049356403408697305,1.3004889483066777,-0.7382725608047032,0.1606983715632647,-0.014568998575562273,0.009035404551629041,0.00031005522930403604,0.15961680597641292,-0.0023959167191712214,-0.15518792774035045,-0.02768457541177361,0.024410061199300302,0.1280321086438217,-0.002344833704641133
13.213213213213217,-1.7356469437822277,-1.4136314907578464,0.41408869892715366,2.1947861243010096,-1.9912591422940042,0.6806165664247693,0.18601180798017924,-0.07392691632521944,0.3473267837426325,0.048799857325623766,1.3149972637684144,-0.7490446028345902,0.15642372610712885,-0.01774758612226265,0.008423526251433904,-0.000166639542125859,0.16183720223537854,-0.00247524581902058,-0.15503977155563486,-0.028139458724573924,0.024468159509486283,0.1308341611639251,-0.0024143273755242566
13.313313313313312,-1.728460259610893,-1.412434231943727,0.4128660141658137,2.2095931070685477,-2.019726463134119,0.6673359879045047,0.18476584083010164,-0.07442520091088377,0.34420357164223997,0.04823192821147546,1.3289764199842324,-0.7594498938781784,0.15228196927693524,-0.02091206375867697,0.00782395315160837,-0.0006208926460370615,0.16402766210870148,-0.002554454740669998,-0.15481098539441918,-0.028614262975300224,0.024490659526338856,0.13363203558957717,-0.002485284049104326
13.413413413413403,-1.7201782519009208,-1.4111757978752741,0.4116703708845453,2.2232860588341814,-2.0481352889373854,0.6538077305069094,0.18350208126631354,-0.07486700785624231,0.3410381506125776,0.047645770022003195,1.3422326721467943,-0.7692957940170552,0.14833926529013705,-0.024051920651685356,0.007244786347467362,-0.0010434758820158318,0.1661734398530768,-0.0026332208509555867,-0.15447450144573024,-0.02911288003225933,0.024467252766041662,0.13641788185979614,-0.002557939829098876
13.513513513513516,-1.7111349198516823,-1.4099499259254993,0.4105341239658259,2.2359441743814132,-2.0764673896799546,0.6407360297147678,0.18212020629625583,-0.07526499197743661,0.33774775481663044,0.047080203614049035,1.3549380621754321,-0.7786255920478145,0.14458466641414414,-0.02717411432851643,0.006678185072830703,-0.0014389811697050807,0.1682716563272259,-0.002711383120161773,-0.15406628471765382,-0.029625118048461314,0.02440759450153583,0.13918634516463957,-0.0026319990801694404
13.613613613613605,-1.7015180955258145,-1.408771812691654,0.40944535166413776,2.2476841968367522,-2.104740168207587,0.6283091217637179,0.18063021394713955,-0.0756377711634814,0.3343142219073628,0.04654663313813683,1.3672424003755534,-0.7875251672407139,0.14099368393759365,-0.030279264039538494,0.006118695451638991,-0.0018119434147347755,0.17033037474609095,-0.0027890510073817487,-0.15360098799345762,-0.030148218799806576,0.02431781170525552,0.14193837760997435,-0.0027070100714791634
13.71371371371372,-1.690703215756379,-1.4077113564873527,0.40844428132685157,2.2583899876905233,-2.132928117281769,0.6154707109043659,0.17916541261222454,-0.0759510956391054,0.3308593545823193,0.045990273834203135,1.3787941762752287,-0.7957916351635144,0.1375975496345137,-0.033344645362817074,0.005591954657057845,-0.002146988762986762,0.17233422072130364,-0.00286575914580397,-0.15302550414283808,-0.030688843326167548,0.024183056492768827,0.14467068169863093,-0.00278355249594943
13.813813813813812,-1.6787965424502471,-1.406867400992357,0.40755896736660924,2.2681755001576676,-2.1610226770442122,0.6023177893886743,0.17765021637062145,-0.07620496745176293,0.3273985309443451,0.04541409437845169,1.3896758865013767,-0.8034710779505165,0.13438655702807673,-0.036374809938541385,0.00509639494474213,-0.0024457466386674028,0.17428466018044092,-0.0029415530948469467,-0.15235951454609425,-0.031244924386340262,0.024008983805348428,0.1473821024491382,-0.0028615297528550524
13.913913913913905,-1.6659440823080807,-1.4062057865843656,0.4067610861545239,2.2771692480150465,-2.1890353376742766,0.5889205753104487,0.17612229990944867,-0.07642663901259245,0.3239303084126816,0.04482325569393393,1.3999920151548468,-0.8106531431293705,0.13132485524454476,-0.03937525018507977,0.004625071927779471,-0.002713835036890609,0.17618815056925569,-0.0030164358858965944,-0.15161319781252539,-0.03181464245924946,0.023800495491942162,0.1500755261042282,-0.00294048085437727
14.014014014014014,-1.6521654491193154,-1.405781711496189,0.40606213639169686,2.2851710026828473,-2.2169369943724986,0.5755902133359116,0.17455255724391927,-0.07660901953593713,0.3204095435869826,0.044234288923658875,1.4096764028516344,-0.8171993208459742,0.1284571086951302,-0.04233864289113787,0.004182191350187191,-0.0029457861539779473,0.1780270801267325,-0.003089902366115754,-0.15077984768528344,-0.03239395232466824,0.023553642356679068,0.1527384436974388,-0.003020540046327989
14.114114114114107,-1.6374814663792254,-1.4057361372436237,0.4055245610860143,2.292194576439267,-2.244720540652401,0.5623345166904555,0.1728904820680622,-0.07673180944010802,0.3168390406796857,0.04364724932056197,1.4187629845781715,-0.8231030539831728,0.12577836620582966,-0.045257800702617264,0.0037722949775150032,-0.00313914745845408,0.17980473000277966,-0.0031620916547198583,-0.14986735011819116,-0.03297985925089676,0.023271990515547254,0.15536974629455924,-0.003101583479303718
14.214214214214218,-1.6220072253554185,-1.4059737881077423,0.4050880426398525,2.298389725243671,-2.2723842235388583,0.5491445306243904,0.1711966240126211,-0.07682684983684254,0.31323170848705056,0.043063308350001994,1.4273337293355184,-0.8284684230995916,0.12326199935496485,-0.048142433082164884,0.003388863305293495,-0.0032997391373593143,0.18152711830170118,-0.0032329204795731536,-0.14888574121025316,-0.03357319312992546,0.022958765777853215,0.15797225296045608,-0.00318325490216669
14.314314314314311,-1.6057220349769197,-1.4065350381721489,0.40475898457017295,2.3036925696299444,-2.299908731049766,0.536026492307635,0.16946397119489137,-0.0768913129296437,0.3095881983244065,0.04248331544380799,1.4353205221412757,-0.833222572382366,0.12092706890156986,-0.05098864758710533,0.00303683371197237,-0.003423707199582277,0.18318098222711554,-0.0033020186183506522,-0.14782830210637554,-0.034170748975765775,0.022611938549556204,0.16053752438742985,-0.0032656184830774405
14.41441441441442,-1.5886245032676607,-1.4075884252450541,0.40460620054276575,2.3080441532821077,-2.3272834144247745,0.5230011348147237,0.16764049813615575,-0.0768979589224655,0.30590459268181813,0.041907197393137016,1.4427285595269914,-0.8373002491782857,0.1187610130096615,-0.05378280268474853,0.002719919395364379,-0.003508081911408891,0.18476541496294463,-0.0033694122678574355,-0.1466964430855701,-0.03476818004664367,0.02223451998544206,0.16306234501064637,-0.003348467936653636
14.514514514514513,-1.5708326050605936,-1.4090231078901787,0.4045673088445513,2.3115706610422575,-2.354512820347863,0.5100513059934053,0.16577003511926355,-0.07686979424158752,0.30219202521124666,0.04133572782097436,1.4496193760325804,-0.8408266818092125,0.11675611972912062,-0.05653690120417826,0.002435588117646636,-0.0035565576196850022,0.18628776916125386,-0.0034350686701318015,-0.14550010984755712,-0.03536774820447427,0.02182829655447349,0.1655497055826015,-0.0034316623661663067
14.614614614614606,-1.5523460468469672,-1.4108420950973455,0.40463217183504296,2.3142770810795517,-2.3815714053614996,0.49718328726989885,0.16386842030005747,-0.07681836070557342,0.29845753116462154,0.04077043677711553,1.455968126344051,-0.8437738070842616,0.11492700169203891,-0.05925034403687458,0.002184491582133429,-0.003568219859412178,0.18773741197261343,-0.003498657291057383,-0.14423814864024392,-0.035966614988089285,0.021392478172999413,0.16799301195870758,-0.0035151546428710406
14.71471471471472,-1.5331757875253362,-1.4131933926642832,0.40485656394689434,2.3160985933154374,-2.4084453567126607,0.4844236504758828,0.16188608883674277,-0.07671584449947408,0.2946939853518159,0.04021059827470897,1.4617677144075911,-0.8460495141989532,0.1132369358788097,-0.06190871179199241,0.001967522580469839,-0.003541499531136867,0.18911133715636264,-0.0035601402531101707,-0.1429107703441913,-0.036558237873751245,0.02093217650339943,0.1703876734891639,-0.0035985443222597327
14.81481481481481,-1.5134167993929588,-1.4159998357970478,0.40519871252717027,2.3170953612431666,-2.4351397034033515,0.47175218017180914,0.1598419133949633,-0.07657311643869692,0.29091083049622934,0.03965726810714481,1.4670551750482357,-0.8477760503289657,0.11169661649250413,-0.06452250793923917,0.0017893053348858022,-0.0034758316936172153,0.19041634455011777,-0.003619563037052134,-0.14152245032992716,-0.03714638709208663,0.020446028416859142,0.17273647743854764,-0.003681936681974211
14.914914914914922,-1.4931101772780226,-1.4192091828552598,0.4056269364820476,2.317340142739893,-2.461633751180397,0.45918055097030497,0.1577762843682828,-0.07641380901826453,0.2871184436697106,0.039111989913054014,1.4718356271021151,-0.8489609350711829,0.11030794224409808,-0.06709402601661706,0.0016437081980153756,-0.0033750732261602265,0.19164516491110178,-0.0036766147624180193,-0.1400782786489365,-0.03772848684625009,0.019935114023543983,0.1750346946559323,-0.0037651987980279094
15.01501501501502,-1.4723229934783457,-1.422899737918415,0.40616998388317394,2.3167725010802385,-2.4879195406223538,0.4468016213391299,0.15565495767511012,-0.07621962786361154,0.28329948263231014,0.03857706004752111,1.4761268507803265,-0.8495517687065691,0.1090300853024672,-0.06961483085780563,0.0015305498030389498,-0.0032376391891776705,0.19279658265654423,-0.003731285027205016,-0.13858223499649897,-0.03829755077151111,0.019407197448576,0.17727758868098248,-0.0038478122388415996
15.115115115115112,-1.4511260582052132,-1.4270794131118756,0.40681435126345794,2.3153659942441127,-2.513970221933895,0.4346882920449956,0.1534732384608462,-0.07599278134826075,0.27944140221613983,0.038058295115304994,1.4799366567705405,-0.8495659706233887,0.10788816185204372,-0.07208657000490223,0.0014532152504715846,-0.003061915680283433,0.19386911989842673,-0.0037834848322429076,-0.13703502939815246,-0.03885310876514281,0.018859611199277995,0.17946338546441268,-0.0039298645492305976
15.215215215215215,-1.4295633949255873,-1.4315997860925385,0.40751451960647705,2.313275484585521,-2.5398012909081022,0.42274368690462555,0.15128862088615416,-0.07576128182644293,0.2755746467824988,0.03755120060426482,1.4833006894624663,-0.8491237065138011,0.10685733035373043,-0.07451573741997951,0.0014088447985168423,-0.002852951109599338,0.1948663906078828,-0.003833199427414073,-0.13544266086040352,-0.03939815092963393,0.018293366913774638,0.1815945447809149,-0.0040115289069886885
15.31531531531532,-1.4076058190660978,-1.4365145938511819,0.4082726057003129,2.310491898152382,-2.565397628594564,0.4108591388883269,0.1490788495332941,-0.07551027265910618,0.2717188024813456,0.037049369479608525,1.4862064740039356,-0.8481719434606166,0.10589433852404055,-0.07690056929413766,0.0013977043560246885,-0.002608702105799432,0.19578606039100702,-0.0038802794629926875,-0.1338040418040795,-0.03992685387988787,0.01771443963060923,0.18366601312016345,-0.0040920530859362364
15.415415415415428,-1.385157894430535,-1.4418788749715146,0.4090797091776194,2.306978624799083,-2.5907071987439854,0.39883563953764145,0.14685894981930636,-0.07523204362939144,0.2679075496128974,0.036545267586664806,1.4886260758339773,-0.8466329995971108,0.10500697788755317,-0.07923162628882255,0.0014224347218361993,-0.0023272643045002526,0.1966190226048961,-0.00392449836423533,-0.13210441970094655,-0.040432341480306166,0.017117618568141833,0.18567538414119136,-0.0041717074167977675
15.515515515515517,-1.3624774015339483,-1.4474975255253608,0.4099082299207792,2.302861041333419,-2.615776600306929,0.3869472065524787,0.14465224066867838,-0.07495398437509106,0.2641081802106079,0.036051525097628476,1.4906381469296237,-0.8447405832465866,0.10417769841037608,-0.08152130640065035,0.0014794867573461434,-0.0020150098002593977,0.19737890707830777,-0.003966245207024379,-0.1303677205299334,-0.04092328828195349,0.016507758721818956,0.1876273302591276,-0.004250734310336615
15.615615615615607,-1.3395914825109987,-1.4534134440900028,0.41074060970313286,2.298113985001928,-2.640575769886729,0.37520974533628804,0.14243507775299066,-0.0746700881736011,0.26032139547168454,0.03556911462712614,1.492233301291232,-0.8424296035974346,0.10338888500607932,-0.08377141169431768,0.0015645691464509601,-0.0016710435217854682,0.19806013670038597,-0.004005127806098567,-0.12859650896666266,-0.04139445327661847,0.015890862712498753,0.18951287113689694,-0.004328063842491562
15.715715715715714,-1.3166117440055305,-1.459633835911887,0.41156267238989275,2.292633329277313,-2.665054752498375,0.3638095720734894,0.1402217202717055,-0.07438828805020173,0.2565186141276601,0.03510775638094914,1.4934164051577279,-0.8396196489504204,0.10265289541920013,-0.08597167814387388,0.0016727700979793278,-0.001296777602258273,0.19865188577587373,-0.004040950186033868,-0.12679126328222923,-0.04183598585681786,0.015267548104937054,0.19132508089930084,-0.004403926334806817
15.815815815815819,-1.2935194654101392,-1.466022865291607,0.4123612780978857,2.2866101586847067,-2.68925908341392,0.35248249591135766,0.13803735499277953,-0.07411256894230459,0.2527487813993945,0.03465443344036663,1.4942058998251304,-0.8365351399315368,0.10191967042747115,-0.08813205895042954,0.0018120273833389573,-0.0008935690837116811,0.19916997875188816,-0.004074160246301411,-0.12495451329278233,-0.04226027539870732,0.014635147470462661,0.19307516688422371,-0.004478748501811352
15.915915915915923,-1.270308978465455,-1.472556478330547,0.41311105309024787,2.2800637201382163,-2.7131747559600563,0.341197025618679,0.13588583793380576,-0.07384725930165947,0.24902440802320963,0.03420821521630462,1.4946189605242672,-0.8331426979091419,0.10118067190924687,-0.09025546733371594,0.0019744420287122174,-0.00046345945198428046,0.19961191436233158,-0.004104549205629513,-0.12308680527824105,-0.04266293998653161,0.0139986887718507,0.19475703333179914,-0.004551571634056141
16.016016016016014,-1.2470620410053201,-1.4792348093865408,0.4137959676166109,2.272900884876677,-2.7367358793958028,0.33009652263252176,0.13377935314501208,-0.07359840611186111,0.2453286390721335,0.03377677890980359,1.494627085329341,-0.8293563185279401,0.10044300844602458,-0.09233203417337235,0.002155823611840848,-6.940381969657884e-06,0.1999633307788637,-0.004131635738416009,-0.12119042010481765,-0.043034690046360666,0.0133590080258691,0.1963591704896072,-0.004622661870535326
16.11611611611611,-1.2238942134864716,-1.485995299595794,0.41440860197302926,2.265237447200618,-2.759980635546237,0.3191766563322617,0.13169990390429462,-0.07336225211269051,0.24166173004192829,0.03335939579056628,1.4942776301442628,-0.8253340681441568,0.09966276129153293,-0.09437042105673589,0.002358304011711896,0.0004731001562390758,0.2002392692509488,-0.004155949796772369,-0.11927474316120809,-0.04338426341136377,0.012716575440706642,0.19789207662223157,-0.004692063846126859
16.216216216216225,-1.2008009795761334,-1.49274265839838,0.414933646824671,2.257101660510691,-2.7829306915065155,0.30842541755833847,0.12966462034283216,-0.07314501565729611,0.23802605468206955,0.03295560982332503,1.4935939913015828,-0.8211326137010893,0.09884042550469133,-0.09637553012586435,0.0025780223228490232,0.0009749820945846534,0.2004424317239914,-0.004177553186212939,-0.11734082058744214,-0.04371125487392204,0.012075462426069283,0.1993548291380447,-0.0047591713866258056
16.316316316316314,-1.1778224789299836,-1.4994558844147239,0.41534371218136573,2.248418265412044,-2.8055000731492714,0.29788325594526016,0.12770187760928473,-0.07295877674369154,0.23442972485130859,0.03256883212644142,1.4925362114803538,-0.816654536167505,0.09798173873150248,-0.09833730584461123,0.0028102819356425703,0.001498517563245708,0.20055563089961806,-0.0041957143279626515,-0.1153880703830545,-0.04400737821972624,0.011434803180434355,0.20073047624704393,-0.004824264540891484
16.416416416416418,-1.1550586148239765,-1.5061370644259664,0.4156334683235586,2.2392805050584297,-2.8277213113785638,0.287545254981194,0.12578091152880938,-0.07279499404444467,0.23087188201003056,0.03219795048173548,1.4911598276158322,-0.8119711131852672,0.09703095231317885,-0.10026220717777674,0.0030530896193550683,0.0020395765195794285,0.2005922485736907,-0.004210924657124785,-0.11342440650507099,-0.04427613583386275,0.010797360178614707,0.2020316319244615,-0.0048869657302958195
16.51651651651651,-1.1324731180576457,-1.512644044185773,0.41579671451340017,2.2297230934342593,-2.849633367580185,0.27738612812204727,0.1239243658564853,-0.07265901239041435,0.22735080145750777,0.03184140950219712,1.4894720084760076,-0.8072000364850419,0.09599879147713043,-0.1021573764062769,0.0033076058734152086,0.0025981414905441266,0.2005572456830726,-0.004223392239651634,-0.11145023417554781,-0.0445213421843242,0.010164628380253112,0.20325989135305203,-0.00494709878667471
16.616616616616618,-1.1100983746794828,-1.5189521718535457,0.4158213612353279,2.2197034879775073,-2.871155021137219,0.2674440425903998,0.12214251645680471,-0.07255633130788297,0.22387511945426777,0.03150299641870671,1.4874360062320462,-0.8022602079291913,0.09488476845222375,-0.1040136488274979,0.0035675899747143443,0.003172422124037553,0.2004374708469964,-0.004232668963601573,-0.10946561122069935,-0.04473721001813702,0.00953572452970899,0.20439991683824724,-0.00500499129163328
16.71671671671672,-1.0880779081409,-1.525102077092381,0.4156799348833669,2.209255144056366,-2.892305866866222,0.25772780410696894,0.12041907831208476,-0.07248619126055655,0.22044769647153103,0.031182446229367812,1.4851320000414439,-0.7971478042665466,0.09363688873142482,-0.10583267421089142,0.003827132972967296,0.003757291662734871,0.20024084081586033,-0.004238740257913941,-0.10747666871461903,-0.044921481933507756,0.008915048564243572,0.20546010307940069,-0.0050598436070166865
16.816816816816807,-1.0663556515246968,-1.5309323425625043,0.41538009580614155,2.1984215419203297,-2.913129681531659,0.24820951488507922,0.1187680639659063,-0.0724476798683763,0.21706155654179957,0.030877492674584846,1.4825366901325716,-0.7920167780326346,0.09227089164515627,-0.10762397233497585,0.004090675206221008,0.004354748364137634,0.1999720898188781,-0.0042420212971953225,-0.10548535965081045,-0.045080486377045606,0.008302165188318954,0.20644325205641953,-0.005111924095993294
16.916916916916925,-1.0449451429617491,-1.5364383178934957,0.41492472842556943,2.187190210366114,-2.933551150184171,0.23891509667290917,0.11718318774555077,-0.07244016989483029,0.21372591107973377,0.030591668227742713,1.4796232228776902,-0.7868107644337974,0.09077415929736823,-0.10937792778643474,0.004351946492371028,0.004961563186508157,0.19962499048369922,-0.004242409390345579,-0.10349024914472853,-0.045211883393411506,0.007696199523440949,0.20733878431452996,-0.005161412538907553
17.01701701701702,-1.0239994244304027,-1.5416421515391714,0.4142875420061637,2.1755721142852193,-2.9536087131091273,0.22989758033392124,0.11566269498716111,-0.07246748997736795,0.21043745624896007,0.030326497104705908,1.4764777835974245,-0.7815187090002846,0.0891069371333035,-0.11109805720393,0.0046035152298710465,0.00557220881590054,0.19920367154308588,-0.004239525790895949,-0.10150061403554227,-0.04531227451779817,0.007102339801902144,0.2081520274125647,-0.005207536896017241
17.117117117117125,-1.0035629903394596,-1.5463942415869132,0.41346106004472594,2.163560782283027,-2.973311919391265,0.22130511200905395,0.11422769959808443,-0.07253468303338957,0.20716889563676774,0.030087423569836895,1.4730971179281431,-0.776228528431193,0.0872967662519342,-0.11279016278351042,0.004847237604049724,0.0061892410949600015,0.19870826869952296,-0.004233766074953418,-0.09952086579638474,-0.04538398277153579,0.006519808014900275,0.20888068988032762,-0.0052506072573264995
17.217217217217215,-0.9834672604264757,-1.5507268897965365,0.41246517067577954,2.1512155456764495,-2.9926145919382536,0.2127429513583412,0.11284401651573976,-0.07262624614566769,0.20397884373907518,0.029859259646761345,1.4694033530186248,-0.7709541190745652,0.085299038686874,-0.11444525234638603,0.0050822388335447916,0.006809703369003446,0.19814193998847623,-0.0042253660612493246,-0.09754041317499021,-0.04543148902257519,0.005946628666760689,0.20952393667918406,-0.005290758780946125
17.31731731731731,-0.9638624351526921,-1.554621742680536,0.4112810753987878,2.138526562079081,-3.0115621870502958,0.2043537555429579,0.11152954555330956,-0.07275514796378488,0.20085152011181248,0.02964699373340666,1.465488613512514,-0.7656707698748513,0.08309801850991069,-0.1160677704120809,0.005300142468626971,0.007428345869923395,0.1975059054739256,-0.004213931484610992,-0.09557071420025125,-0.045450347905515456,0.005387532317973223,0.21008513240179488,-0.005327535691965274
17.41741741741743,-0.9447634550216273,-1.5579858093878698,0.40989642590276665,2.1254918910100566,-3.030135155585259,0.19620681122739062,0.11029125483211348,-0.0729214578405071,0.1977777952676978,0.02945357711575288,1.4613400398344578,-0.7604143348753818,0.0807205528024479,-0.11765975290175731,0.005501214454722502,0.008046640909773023,0.19679942295522385,-0.004199701154839657,-0.09361386106191447,-0.04544086506299318,0.004841701200930949,0.21055968043478956,-0.0053611785078603175
17.517517517517515,-0.9261674675373575,-1.5608173215647467,0.4083325100946532,2.1121222416039633,-3.048304156055621,0.18829767600614966,0.10910335244926317,-0.07311139855092388,0.19475521096761314,0.029280303162735877,1.4569275178095824,-0.755236160857699,0.07811828932754512,-0.1192171733484014,0.005685536350310319,0.008663213003562983,0.19602471340130295,-0.004182883019974037,-0.0916699327606845,-0.0454099973175412,0.004307797600809861,0.21094596414314942,-0.005391484781259493
17.61761761761762,-0.9081075160250368,-1.5631369180292989,0.4065898248916972,2.098427558352781,-3.066122907116207,0.1806205793987589,0.10797396429568025,-0.07333328486244642,0.19178196391124974,0.029125349445623894,1.4523308647292483,-0.7501047120092577,0.07530671688601069,-0.12074347111808877,0.005847743052719524,0.009273760891809287,0.195186475693707,-0.004163428153159579,-0.08974331987428633,-0.04535447480464373,0.0037883620151396616,0.21125263590616083,-0.005418542170528615
17.717717717717726,-0.8906139115799017,-1.564854901318519,0.404650018313015,2.0843897141025627,-3.0835510203272074,0.17319481820686203,0.10690851355744882,-0.07358733713020707,0.1888640981945709,0.028990533129291656,1.4475245374648555,-0.7450176375869967,0.07229373769062997,-0.12223647105129556,0.005986106094861049,0.009877709141094424,0.19428196064209313,-0.004141260937600123,-0.08783572052888397,-0.04527175369305974,0.0032840783139900416,0.21146979393512338,-0.005442383153469149
17.81781781781782,-0.8736701211871439,-1.565983034268911,0.4025338858689126,2.0700297985634575,-3.1005728623506457,0.16601266525052308,0.10587843574090486,-0.07385549667097048,0.18599181906853213,0.028875877870727696,1.4424773049985764,-0.7400348245192375,0.06902693946711787,-0.12369665957451215,0.006099906696656453,0.010474851485472014,0.1933119946592896,-0.004116532703910743,-0.08595025371921801,-0.04517056878634503,0.0027929448658044797,0.2115980283624061,-0.00546257827906812
17.917917917917922,-0.8572384784482088,-1.5665832355557365,0.4002573252789646,2.055377094815241,-3.117243710581181,0.15904299260981608,0.10488468978092329,-0.07414348552163633,0.1831607131135374,0.028778523229457714,1.4372724858021375,-0.7351171833446184,0.06555585325922662,-0.12512571866618083,0.006188967647568937,0.011062656125803861,0.19228551829547672,-0.00408954577426152,-0.08408421580266473,-0.04504899461927212,0.002315325618336714,0.21165046234178328,-0.00547970347911848
18.01801801801801,-0.8414054780660182,-1.5665279406918104,0.3977988473253119,2.040374694819006,-3.1335033899221982,0.15233233475986413,0.10393435926280654,-0.07445657289710793,0.1803862743718552,0.028702302442283806,1.4318715398084179,-0.7302685689590522,0.06185234375903279,-0.12651777394864344,0.006248695543694503,0.011638175270781202,0.19119702599504385,-0.00406003285515135,-0.08224272213610842,-0.044902178334005775,0.0018543706825608249,0.21161068618774528,-0.005493386639302426
18.118118118118126,-0.8261308845163752,-1.5658802207951807,0.39518037650316745,2.025060434938662,-3.149363473172337,0.14586040704089448,0.1030081398068686,-0.07477862436913449,0.1776518617659165,0.02864547279250128,1.4262681766510865,-0.7255126357005537,0.05789469985972252,-0.12787712698067788,0.00627775507315981,0.012201807785070826,0.19004672765584868,-0.0040280168230535825,-0.08042827379968918,-0.0447398579823062,0.0014057533957370408,0.21148323902599947,-0.005503321561805553
18.218218218218222,-0.8113720947748598,-1.564710412673044,0.3924214343885387,2.0094562820772417,-3.1648606320581694,0.13959526497822833,0.10208621755083765,-0.07510255018287108,0.17495420661486266,0.02860612564467958,1.420521443161401,-0.7208328704430986,0.05372677324481266,-0.12920285687385355,0.006278762669353013,0.012752143996084481,0.1888443255631524,-0.003993927066406234,-0.07863670054870714,-0.04456036113085946,0.0009702914201808084,0.2112804206665931,-0.00551018305990155
18.318318318318312,-0.7972051910620166,-1.5629080688783439,0.3895084477668278,1.9935094299978147,-3.1799373934453565,0.13358426325130332,0.10117892178260635,-0.0754388192868506,0.1723074284124809,0.028587414402014545,1.4145930517977388,-0.7162433166852008,0.04931241825836512,-0.13048956766900494,0.006248089433532412,0.0132868023122625,0.1875871230061865,-0.003957743867597398,-0.07687400210069176,-0.0443604557259364,0.000550945835915081,0.21098851152839568,-0.00551351408586047
18.41841841841842,-0.7835986654662711,-1.5605007718776034,0.3864522008137322,1.9772458906583672,-3.1946206014398277,0.1278011184949442,0.10027882401159278,-0.07577241476470982,0.16969446896832935,0.028587627154345967,1.4085032570958191,-0.7117342438802848,0.04464447870046854,-0.13174088545042664,0.00618257389114944,0.013804223207137922,0.1862722436669027,-0.003919098467812029,-0.07514010760667324,-0.04414697742733699,0.00014338254647200936,0.21060875318253908,-0.005513133153793571
18.518518518518523,-0.7704997735339915,-1.557591734900869,0.3832761135963853,1.9606947980363612,-3.2089250098762476,0.12222090905665854,0.09936332639326455,-0.0760950541997273,0.16711222770583983,0.028605083999593495,1.4022811059357834,-0.7072935071445526,0.039755043140800236,-0.13295566856792912,0.0060852852514151025,0.01430436700838528,0.18490870344439517,-0.003878549714622659,-0.0734330767655867,-0.04391873271062183,-0.00025105286817428564,0.21015449040838638,-0.005509664874149738
18.61861861861863,-0.7579796657444938,-1.5541071130133168,0.3799683119732419,1.9437963400636904,-3.222796123759571,0.11688472277607169,0.09843550106779878,-0.07641599688524463,0.1645695909944475,0.028642040395328743,1.3958897184881471,-0.70295160426469,0.034614212567599355,-0.13413053134036512,0.005955681571017736,0.014786791255242498,0.1834973137068711,-0.003836309819543813,-0.07175783191022873,-0.04367507549178236,-0.0006305899225906561,0.20961534103890034,-0.005502649149501135
18.71871871871872,-0.7459810998852138,-1.5500598048112355,0.3765494630759578,1.926572575389374,-3.236278018443147,0.11174930128378384,0.09748883714971376,-0.076721181144989,0.16205201357389,0.028695987285801416,1.3893646972762268,-0.6986747312249364,0.02922678233810421,-0.1352671731612826,0.005790169616685955,0.01524769506672433,0.18203510941394163,-0.003791901486064262,-0.0701119816080791,-0.04341880246410339,-0.0009976569819102976,0.20899190684735988,-0.005492248566957614
18.81881881881881,-0.7344721213340951,-1.5455392492547202,0.3730276368319766,1.909057311278815,-3.2493531414161465,0.106810426385249,0.09651449881212978,-0.07700690439237433,0.1595546436388225,0.02876613592358887,1.3827151632218093,-0.6944478022226488,0.0236081531569935,-0.1363639750337545,0.005589715691867313,0.01568798062919214,0.1805269811423631,-0.0037457363602981125,-0.06849577997651705,-0.04314863998223385,-0.0013513113906751428,0.20829383034988064,-0.005478731990299985
18.918918918918916,-0.7234838416501618,-1.540529313665274,0.3694026535969111,1.8911991204706005,-3.261981794062995,0.1020904605323196,0.09550317680915255,-0.07727563036684205,0.1570840148088573,0.028853745277417086,1.375915755944603,-0.6903029071433797,0.017753222091107978,-0.13742070488891894,0.00535762669541009,0.01610883230779443,0.17897738197531865,-0.0036981972972408425,-0.0669122942599831,-0.042866834925681316,-0.0016915772614955558,0.2075172259470623,-0.005461918792361733
19.01901901901902,-0.7129579535600017,-1.5350513971682713,0.36569778643914025,1.8730180434783263,-3.2742085573572197,0.09754700118901007,0.09445083721123519,-0.07751875430192728,0.15463134371848355,0.028956061646176402,1.3689960896971414,-0.6861982185578472,0.01167300675099788,-0.138438150356634,0.005091305697600313,0.016506794929645584,0.1773848545372179,-0.003648983744778398,-0.06535929839067187,-0.04257435397904611,-0.0020192424646570837,0.20666280984962104,-0.005442002190097125
19.119119119119127,-0.7028877835345504,-1.5291289823186385,0.3619039437214332,1.8545273771040018,-3.2860005514515067,0.09318462505022648,0.09336768004644914,-0.07773601274041243,0.15218658979753785,0.029073137593709532,1.3619555529273013,-0.6821282515283342,0.005358226631628072,-0.13941289347632085,0.004789961780308006,0.01688138597470335,0.17575029568827044,-0.0035981538414885683,-0.063836795561738,-0.042268752709988464,-0.002333628539563758,0.20573360294775775,-0.005419121842346069
19.219219219219216,-0.6932620815189413,-1.5228227907958805,0.35803555777286283,1.8357022131592189,-3.297322678114761,0.08901447526585768,0.09222359492704144,-0.07791956089846333,0.14975625559413544,0.02920570823099796,1.3547877222064306,-0.6781007919671993,-0.0011700245463273419,-0.14034746785210184,0.00445861146187909,0.017235278494972955,0.17407988674733538,-0.0035462136719486025,-0.062346777689682276,-0.041953930451778976,-0.0026357181757019612,0.20473210685577176,-0.005393237034680094
19.319319319319312,-0.6840248739563065,-1.5161438775565674,0.35410894556758643,1.816564818900908,-3.3082316149969393,0.08500013178152856,0.09102947483085541,-0.07807347291855248,0.1473379486226663,0.029350965983662547,1.3475062801574471,-0.6740987770161329,-0.007900057657156548,-0.14124300937290168,0.004095815171411906,0.017565710022021636,0.17237360615137723,-0.003493058369633833,-0.06088849187958212,-0.041631537971386946,-0.0029261373216899777,0.20365951107165095,-0.0053645384942602355
19.419419419419427,-0.6751844950908443,-1.5090693705088285,0.3501084695257977,1.797097717309358,-3.318672753328157,0.0811467019546657,0.08978342001312548,-0.07818860200086605,0.14491216828314207,0.029509106826510135,1.3401083656869186,-0.6701178212361814,-0.014860292438872543,-0.14209386658341236,0.00370255972195489,0.017871911081543478,0.1706307859708988,-0.003438525967912586,-0.05946008790304456,-0.041297680364178885,-0.003203762376370943,0.20251229668079337,-0.005333090044870489
19.519519519519516,-0.6667277853641822,-1.5017070339541134,0.3460559548692732,1.7772918419422994,-3.328625247294068,0.0774865905088362,0.08846549024253447,-0.07826036369263023,0.14248821949397084,0.02968199246601464,1.3325996763545542,-0.666134177683503,-0.022006332750895786,-0.14290448695858113,0.0032811746685776438,0.018156190644111902,0.16885653552621313,-0.003383086551490997,-0.05806558813453775,-0.04095690016658264,-0.003470110282660995,0.2012978013664795,-0.005298887965135927
19.61961961961962,-0.658581423944532,-1.4940621278483823,0.34195383290164866,1.7571852869164353,-3.3381512703660574,0.07392651975701324,0.08708798252626895,-0.07829731609455824,0.14007309805401869,0.029864124948959098,1.3249761375753457,-0.6621580201284466,-0.02932999666508742,-0.14367567569194978,0.002832332184905155,0.018416950842643685,0.1670522268480025,-0.003326762162772618,-0.056698629423904245,-0.040610812681922945,-0.0037265777991179923,0.20001954030720742,-0.005262274987913468
19.719719719719713,-0.6507572245145604,-1.4860957300700912,0.33779547761226064,1.736741897368668,-3.3471768941309916,0.07048052235159433,0.08563100800758297,-0.07828115644048178,0.13763827926970465,0.03005522617656594,1.3172317598990797,-0.6581827857204657,-0.036868685616443894,-0.14440339615233438,0.0023600975044915833,0.018654932466998023,0.16521902249731432,-0.0032694706019410673,-0.055362932685422875,-0.04025737507548078,-0.00397121468692748,0.1986696144342183,-0.005223027073188503
19.81981981981982,-0.643219615334969,-1.4779321938234609,0.3336035334452572,1.7159695124679046,-3.3556940298539657,0.06718015578651401,0.08409483139315635,-0.07821407362149964,0.1351988779075008,0.03025799434061479,1.3093730738824925,-0.6541608682487909,-0.0445737075801641,-0.14508949966032694,0.0018630121337285936,0.01886991111385489,0.16335808294253767,-0.0032114217758997645,-0.054058235954491406,-0.03989805439036509,-0.004205239274487927,0.1972570550709176,-0.005181297559387332
19.919919919919924,-0.6359376031650127,-1.469575636692028,0.32937017025131626,1.694892531761295,-3.363760383478797,0.06399575218428753,0.08249199586428427,-0.07810656817473985,0.13275263582580096,0.030469680040660353,1.3014126176648015,-0.650120982519644,-0.05242866216905208,-0.1457367640698411,0.0013421704442116793,0.019061481304825573,0.1614716595772705,-0.003152741409778508,-0.052779407481449304,-0.039535354689788846,-0.0044313353794691,0.19578658067151106,-0.0051374984811410705
20.02002002002001,-0.628907203927672,-1.4610011499098476,0.32510066166385804,1.673488909676894,-3.3712999452606787,0.06091136985564658,0.08079004696629162,-0.07793709761522276,0.13027818080272532,0.030687877446973738,1.2933336413786676,-0.6460529841676481,-0.06046689906912078,-0.14634332351294202,0.0008043650933582849,0.01923186561585334,0.15956369111336524,-0.003093514211519754,-0.05153244233999277,-0.03916890893189946,-0.004646699819364332,0.19425118973661576,-0.0050913530988273715
20.120120120120127,-0.6220837564679501,-1.4522980827587895,0.3208080612609942,1.651764361229898,-3.378301832988072,0.05796379158907557,0.07900793493580038,-0.07771087007592627,0.1277839587598233,0.030915986904740282,1.285129571644109,-0.6419112280808912,-0.06865244462475115,-0.1469074176720611,0.00024736280904575356,0.0193796219266595,0.1576314443065609,-0.003033682012899606,-0.05031123481697972,-0.038796035433374496,-0.004851579213122806,0.1926583669745096,-0.0050430275763241866
20.220220220220224,-0.6154204430104547,-1.4434879897825381,0.3164839561823617,1.6297545847796293,-3.3848144032893828,0.05509034074791834,0.07716041738396363,-0.07744160997667877,0.12527259777305527,0.031149806877351655,1.276836143128759,-0.6376996954427754,-0.07695591001016105,-0.14743394229393963,-0.0003302459516854109,0.01950423593064155,0.15567810326609868,-0.0029734483590902914,-0.04911057997389444,-0.038418990887903216,-0.005049755950226083,0.1910149845939491,-0.004993001399751335
20.320320320320313,-0.6089168720590399,-1.4345574068327103,0.3121391653538297,1.6074468895152614,-3.390765583282653,0.052275781995555416,0.07520534297837095,-0.07710493705510382,0.12272869015948036,0.03138646142583658,1.2684184046117948,-0.6334266344747211,-0.08540866818480923,-0.14792280736852248,-0.0009193087483890347,0.019609207184258085,0.15370920303257027,-0.002913017968957693,-0.04793951782777735,-0.038039935383444794,-0.0052380225992437,0.18931469457292252,-0.00494100741660919
20.420420420420417,-0.602526870944601,-1.4255601108272966,0.30777710119441776,1.584847006028316,-3.3961601966594004,0.04953364280557363,0.07317343115307033,-0.07671054645087225,0.12015983918555886,0.03162844422663651,1.2598635733697687,-0.6290585239833989,-0.09397982292043663,-0.14837154404613576,-0.0015214191283848613,0.019693789915224497,0.1517210487788725,-0.002852204023975589,-0.04678905620114533,-0.037654096411424136,-0.005415993525475662,0.18756489857312875,-0.004887189328036674
20.520520520520513,-0.5962183997184658,-1.4165219980780015,0.3033918185599272,1.5619726262665912,-3.401024782409509,0.04686285103583245,0.07109343697344592,-0.07627740781070727,0.11756293495757804,0.03187448432859623,1.2512282460315007,-0.6245564091826236,-0.10264042221354068,-0.14878391353343326,-0.002140690422619625,0.019755670981608197,0.14971545928755675,-0.0027912194666794856,-0.04565477247637302,-0.0372611838316747,-0.005587040370511671,0.18577085601596624,-0.004831983381251833
20.62062062062063,-0.5900018858729139,-1.4074311200796823,0.2989922582274083,1.538818405608698,-3.4052820209460384,0.04426174012125217,0.06891315782228909,-0.07577981820759969,0.11493004302571981,0.032122319433943156,1.2424494487963231,-0.6199675720717658,-0.11142120907471939,-0.14916133590763886,-0.002765926092848088,0.019799206680691614,0.1476981101224226,-0.002730308670246073,-0.044547172761725755,-0.036866908259419615,-0.005748206112056849,0.18392664077026988,-0.0047751921869958955
20.720720720720717,-0.5838168315265392,-1.3983112181285797,0.29457721772380935,1.5154181800869053,-3.408989735635862,0.041694850310416795,0.06666959592221494,-0.07523193196513517,0.11226507853745286,0.032371786944491845,1.2335469730237354,-0.6152775867033051,-0.12027862481294664,-0.1495058121445273,-0.003397255567062764,0.01982641497378878,0.1456681177619622,-0.002669298748233687,-0.04345830182827166,-0.03646649458450384,-0.005899566335208965,0.1820419510551678,-0.004716927344291085
20.82082082082082,-0.5776242599732947,-1.389182767426245,0.29013999912776967,1.491758918029926,-3.4121255186867905,0.03917897783774782,0.06439127628616534,-0.07464960131509973,0.10957054605205171,0.032622654560429606,1.2245319085842281,-0.6104335276262866,-0.12920686668576825,-0.14981549003914799,-0.0040395165669589415,0.01983254916409987,0.14362418404572025,-0.0026083821986149216,-0.0423824119080802,-0.036058459131409704,-0.00604335129523118,0.18011858351694446,-0.004657691497045132
20.920920920920928,-0.5714478463361272,-1.3800421561724807,0.2856892080394019,1.467848194246916,-3.4146301259046488,0.03671702231715059,0.062032471344674364,-0.07401337219057108,0.10684134888307621,0.03287344408292746,1.2153638001789542,-0.6054795132821853,-0.13821698079840133,-0.15009561910980773,-0.004682328782476174,0.019822611652942582,0.14157189844419232,-0.0025476958602345975,-0.041327465056878995,-0.03564876173551837,-0.006177689871652963,0.1781540391825781,-0.004597256319507732
21.02102102102102,-0.565248170309666,-1.3709067580327292,0.2812253119262713,1.443731332912018,-3.416571874486712,0.034264969279910726,0.05961902725815128,-0.07333188161978016,0.10407530847748359,0.033122688834952584,1.2060817870252627,-0.6004110007946457,-0.147266219226838,-0.15034926978342858,-0.005325006189061879,0.019799568875938315,0.1395132921188071,-0.0024872331938210284,-0.04029100536191296,-0.03523398267430734,-0.006302918706585242,0.17615633386114002,-0.004535717801702801
21.121121121121124,-0.5589302154143787,-1.3617808186664195,0.27674356814264006,1.4193974141213848,-3.4179137004577833,0.03174954478162136,0.05717447810482181,-0.07261549785010728,0.10129530517306946,0.03336567245834786,1.196629743946735,-0.5951908335011887,-0.15636679374743748,-0.15057218073730277,-0.005969608953331643,0.019759747441198013,0.13744524164044752,-0.002427121207707119,-0.03926211030363504,-0.0348143225020745,-0.0064209603509737,0.17412780418866647,-0.004473638744490465
21.221221221221214,-0.5524153493838285,-1.3526502456100837,0.27225115826414553,1.394885770389798,-3.418600069260134,0.028943443489300568,0.054698344736582735,-0.071859308749506,0.09852494636800686,0.03358952734513054,1.1869935681405168,-0.5898205739912125,-0.16552092397368512,-0.15076832351002387,-0.006610440306367338,0.01970494144914086,0.13537379511027636,-0.0023674889266282967,-0.03824227280028443,-0.03439376783132533,-0.006531663389942498,0.17207051158427705,-0.004410940095332329
21.321321321321328,-0.5459251088516759,-1.3435770887485494,0.26775206300654697,1.370179936297506,-3.418714932875699,0.02643688095661879,0.05216106408603337,-0.0710652723252242,0.09567485179182614,0.03382517157916475,1.1772692471033963,-0.5843227805339173,-0.1746742765484312,-0.15094522067422597,-0.007246678512254576,0.01963957534790672,0.13329851224116018,-0.0023082936347297517,-0.03724490095275783,-0.0339677989338358,-0.006633086642474598,0.16998368062825794,-0.004347441234694523
21.421421421421424,-0.5393305549328993,-1.3345361161884992,0.263245849912782,1.3452821446777077,-3.4182212680051682,0.024032415919534016,0.04958547484156664,-0.07023922395767956,0.09279022427609765,0.034061780846836226,1.1673558615596593,-0.5786880195607738,-0.18384949003913192,-0.1510991386990781,-0.007877627888277717,0.01956238078446697,0.13121707469852958,-0.0022495431633497796,-0.036257169841121914,-0.033538083391619046,-0.006726300309608966,0.16787097546497293,-0.004283561923380582
21.521521521521517,-0.5325434782532807,-1.3255199428122293,0.2587329607271341,1.3202078722282165,-3.417057260405862,0.02152820470597447,0.04700009119307816,-0.06939144111619402,0.08988796201933087,0.03428848031806411,1.1572700389423674,-0.5728627702223941,-0.19303423716382512,-0.15123173741916413,-0.00850153998671464,0.019471858848073356,0.12913243087780818,-0.0021913634291834396,-0.03527672567930037,-0.03310433604759566,-0.006811473451553104,0.16573468983604658,-0.004219312566637147
21.62162162162162,-0.5255014215450071,-1.316578825556205,0.25422710840861995,1.2950522309029613,-3.4153117620798055,0.018757945887584386,0.04438490742212558,-0.06850192764645031,0.08698071903906852,0.03449631669291869,1.1470441574989994,-0.566879388097871,-0.20219840647839268,-0.1513460470496178,-0.009115948887731835,0.019372570402036306,0.1270507992777587,-0.002133958953384307,-0.03430140610421856,-0.03266956415076979,-0.006892032137368946,0.16358423107694958,-0.00415500122166431
21.721721721721728,-0.5184009691135472,-1.3077054220968103,0.2497318352546559,1.2697307939471514,-3.4129490001905545,0.01628633463692415,0.041716834623115685,-0.0675803361071109,0.08401392637491702,0.03471408199786663,1.136638252934028,-0.5607611082552996,-0.21134823250750817,-0.15144603882158608,-0.009719119217759042,0.01926591021836648,0.12496642047152698,-0.0020770632367643252,-0.03333878641291587,-0.03223184598626765,-0.0069639238927577864,0.16141302507632832,-0.004090386021258692
21.821821821821832,-0.5109342759325248,-1.2988427926532757,0.2452394744079598,1.2443032554628428,-3.409915209081132,0.013397417255124161,0.03907608329624009,-0.0666453436621468,0.08107794876605215,0.03490408006053568,1.126023051644663,-0.5544252409470806,-0.2204853866753679,-0.15152600364337604,-0.010310722404722892,0.01914879343894612,0.12288213191632384,-0.0020209443981580285,-0.03237305159031937,-0.031789614584566875,-0.007028351983610433,0.15922947223259665,-0.0040256974799121855
21.921921921921925,-0.5033445492745798,-1.2900688126426754,0.24075994379758434,1.21877953616524,-3.406287703012508,0.010742977144045766,0.036409740462082556,-0.06569171431746068,0.07807345514073555,0.035099998623477915,1.1152916381030686,-0.547917659643545,-0.22955631142687022,-0.15159695134460952,-0.010889873111921671,0.01902519103045478,0.12079935862228659,-0.001965592181921331,-0.031416005156896416,-0.03134398442540341,-0.007087050150643144,0.15703307429904256,-0.0039611550542652295
22.022022022022014,-0.4956058187923794,-1.2813376171710025,0.23630156256273321,1.1931636844391145,-3.402032091439897,0.008257118489601156,0.03372970565572249,-0.06472012238043938,0.07503143125241278,0.03529790627797431,1.1043708331700877,-0.5412733528677356,-0.23858531893917417,-0.1516590529186366,-0.011454793172527341,0.01889675996229493,0.11871827595147644,-0.0019109456102507191,-0.03046780768710992,-0.03089544622778088,-0.007137762034109371,0.1548252321921769,-0.0038966105528875803
22.122122122122132,-0.48761777771537584,-1.2726015796644297,0.23185308922964337,1.1674525762569865,-3.3971343013817332,0.005756630664203772,0.031075148035605665,-0.06375176451259827,0.0719686046407656,0.0354879349750884,1.0932681474475454,-0.5344499385702826,-0.24756404448348257,-0.15171000613687632,-0.012005046398041641,0.018762101203519666,0.11663599158723718,-0.0018569627471225736,-0.02952169869586573,-0.03043865617413994,-0.007178062861677062,0.1526071196201599,-0.0038319449924547355
22.22222222222222,-0.4792748315021006,-1.2638851183970305,0.22741995390674702,1.1417358984558716,-3.3916319344860257,0.0030654269223904075,0.028454838339291993,-0.06278312814745475,0.06891305230832263,0.035661213160763094,1.0819843793803938,-0.5274308057356858,-0.2564685519509353,-0.15175491247874892,-0.012539556166350618,0.018622495650067777,0.11455956819556604,-0.0018039768383168273,-0.02856895521321682,-0.029981004897850973,-0.007215237234434004,0.15038781224792283,-0.0037678863626780233
22.32232232232233,-0.47065379226122284,-1.2551579868310117,0.2230151131080791,1.116019077587404,-3.3854961954676255,0.0002420228729375931,0.02587032312574617,-0.061809265122835286,0.06587175784799358,0.03581975303308874,1.0705042981368955,-0.5202759317625933,-0.26531026323895357,-0.15179448881912816,-0.013057713951198535,0.01847983373997663,0.11249047566659258,-0.0017519219173248609,-0.027616923777926117,-0.029521480033149923,-0.007246561496156998,0.1481688938428865,-0.00370421084402183
22.422422422422418,-0.46190622069385256,-1.2464061476775683,0.2186308336110033,1.0902142506685393,-3.3787469467979525,-0.0023574644410549613,0.023312746871179714,-0.06084732177748988,0.06278006059464222,0.035981590787456046,1.0588522519098393,-0.5129810636669033,-0.2740664658926922,-0.1518303485330922,-0.013558489742673947,0.018334531648615704,0.11042140558553575,-0.0017005478213984594,-0.026671866632980167,-0.029052172228342454,-0.0072647397530396065,0.14594477913350246,-0.0036406148658085224
22.522522522522525,-0.45283356914638767,-1.2376110182157283,0.2142717459472082,1.0644196062920614,-3.371384745307439,-0.00500154890873127,0.020827428388193004,-0.05990994911409799,0.059687210733173644,0.036132627709302964,1.0469775100291212,-0.5054996646054453,-0.2827236380246226,-0.15186806544860862,-0.014040197438245175,0.0181875561218239,0.10835853735952106,-0.00165026175781681,-0.025720447360196862,-0.02858125582057741,-0.007277921121204687,0.14372335585414442,-0.0035777332587793183
22.62262262262263,-0.44350259511681467,-1.22877394268287,0.20995228037422925,1.0386646460779019,-3.3634026462522684,-0.007679388096634235,0.01839927882114314,-0.05898466203211914,0.05659567550809693,0.036273521296759106,1.0349191633984058,-0.49789899032220175,-0.29128973639762484,-0.15190646786204903,-0.014504074689439362,0.018039283160353012,0.10630451737812925,-0.0016009921609709266,-0.02476952629351659,-0.02810689076107774,-0.0072842213012562175,0.1415086791662481,-0.0035155135082212464
22.722722722722718,-0.4338556236460202,-1.2198737995959155,0.20566282875883002,1.0129372297005856,-3.354827732780058,-0.010475222490485157,0.01603527278147144,-0.058076319839745386,0.05352101832098456,0.03639971745741805,1.0226754424115088,-0.4901825490717616,-0.2997547317171516,-0.1519432476905066,-0.014949858865473852,0.01789009991802973,0.1042561264902127,-0.0015526227670629176,-0.023816091961798756,-0.02762582210985164,-0.007281169377375686,0.13929994418370448,-0.003453876940777696
22.822822822822822,-0.4238576852262546,-1.2108636652793119,0.20140300007110942,0.9872603087633213,-3.345660619643314,-0.013384549959997882,0.013777561036519425,-0.0572077244709561,0.05047201386832646,0.03651113658009694,1.0101941044438683,-0.48231588058428,-0.30810374770181276,-0.15198482163739074,-0.015375380499015406,0.01774168354271091,0.10221565128954502,-0.0015053451115198309,-0.022853488069317095,-0.027141649136624195,-0.007272240458617764,0.13709866355652495,-0.0033930505357619594
22.92292292292293,-0.41367208880190065,-1.201777429064776,0.19719759018650612,0.9616398753209816,-3.3358765919677404,-0.01614127174529236,0.01160412727850808,-0.05637213460886272,0.04740709561390988,0.03662096114802508,0.9975389772062739,-0.4743404221618383,-0.31632816300637734,-0.1520339335592401,-0.015780522801013663,0.01759417893959371,0.10018467076094535,-0.00145920213057199,-0.021892141704737432,-0.02665331710144268,-0.007255296671333245,0.13490996690539583,-0.0033331288225316932
23.023023023023022,-0.40321524171581613,-1.1926044513315364,0.19304021383401493,0.9360803031486217,-3.325527004975965,-0.018909414708876894,0.00951235026562509,-0.055565350009768144,0.04435546592691534,0.03672120476452717,0.9846912836783985,-0.46627562617914337,-0.32441879088395453,-0.1520867687832678,-0.016166630494913955,0.017448373908179386,0.09816090860896978,-0.0014140013137708064,-0.020930519919325975,-0.026159163632190657,-0.007228851662427741,0.13273143984801364,-0.0032739143158381652
23.123123123123126,-0.39246678401949037,-1.1833066162733756,0.18892535255488552,0.910591094367206,-3.314623774514081,-0.0217133380161997,0.007528223122014217,-0.05480043213413919,0.04132932692902137,0.03681077851546072,0.9716181603823492,-0.4581085250229225,-0.33237640664848517,-0.15214564242673514,-0.01653314404751288,0.017304962447462276,0.09614545624319085,-0.0013698297861349355,-0.019962541705999853,-0.02566009769146005,-0.007194568999256005,0.1305631113012534,-0.003215493618878409
23.223223223223215,-0.3814225628515067,-1.1738859066326275,0.18487869193374834,0.8852335341791037,-3.303098811771458,-0.024531740737091932,0.005661543881167419,-0.05408100053240793,0.0383327559886814,0.0368899955497653,0.9583643352738347,-0.4498390883089938,-0.3401825738990091,-0.1522141231407847,-0.016877027510599836,0.017163589385831235,0.09414193923947614,-0.0013269487951634382,-0.018986066379251796,-0.02515903265707691,-0.007155210251748263,0.128415864807669,-0.0031582609916068816
23.323323323323336,-0.37013028808216586,-1.1643353794528233,0.18088972648063556,0.8599672686288831,-3.2910369504422987,-0.027358854412869938,0.003900253664371571,-0.05340189948962722,0.03536468259131137,0.036960028369389254,0.9449196020644471,-0.4415199803055424,-0.3478349120160117,-0.15228908067237285,-0.017202902131366965,0.017025125453622603,0.09214677504404509,-0.001284955074151851,-0.018009483078344872,-0.024652738026516387,-0.007107308720688939,0.12628198467132984,-0.0031017152302918625
23.423423423423426,-0.3585703070801423,-1.154667344795496,0.17696205547457428,0.8348107288418429,-3.2784467460629445,-0.03021709558857959,0.002246532903469696,-0.052759895519731134,0.0324293497619332,0.03701992805030659,0.9312775481559028,-0.43313447511298947,-0.35533472431590984,-0.1523695465139578,-0.01751069415598631,0.0168897720068638,0.09016140677004693,-0.001244013390147509,-0.01702569728090215,-0.02414097001505642,-0.007051416691267258,0.12416386533213804,-0.003046137130589177
23.52352352352353,-0.34673789066819605,-1.1448046682791317,0.1731022520076929,0.8098161285558568,-3.2652575675896123,-0.03308963513067413,0.0007495849195151505,-0.05218628400429397,0.02954589612266211,0.037069172757981196,0.9174612843367844,-0.42469238744403803,-0.3626629230179881,-0.15246293859870655,-0.017795672362872238,0.01675770287733288,0.08818776322838176,-0.0012042577055586035,-0.0160323264847509,-0.02362631896027445,-0.006990114368282457,0.12206890341889332,-0.002991684291746439
23.623623623623622,-0.33468183952323904,-1.1347707553106514,0.16931023159853406,0.7849443657168048,-3.2515474555051656,-0.03597805035975575,-0.00061605117445774,-0.05166324995762213,0.026700644124066815,0.037109014698670124,0.9034631099961942,-0.4162368427108972,-0.3698196433756877,-0.1525645571401048,-0.018064146476739422,0.01662909783935234,0.08622410000940264,-0.0011654153166299436,-0.015037360407825866,-0.023105726608198467,-0.006920490782691838,0.11999189399204194,-0.0029379691359409385
23.72372372372373,-0.3223894617628913,-1.1246033100413346,0.165593518164271,0.7602325124378151,-3.2373336634311682,-0.03889041905316346,-0.00185629347119822,-0.05118159855224487,0.023896268180966178,0.037139419617738055,0.8893024909643803,-0.4077545483775302,-0.37680592153130277,-0.15267170889534043,-0.018317450639914294,0.01650347296789556,0.08427192721244725,-0.001127639267943151,-0.014034248781182961,-0.022579907717876553,-0.006843494833534446,0.1179369144222501,-0.0028854410026047743
23.823823823823826,-0.30969469061024313,-1.1141770794569223,0.16194010737161352,0.7357455422433521,-3.2225426233888306,-0.04225776881729241,-0.0029093804106679463,-0.050775652084973866,0.021221814894353205,0.037135046862999364,0.8749491524410814,-0.3992560254244405,-0.38362334974746454,-0.1527865665710927,-0.018552286916594087,0.016379507290920785,0.08233449143857292,-0.0010910218922889794,-0.013015313312972407,-0.022051079721582184,-0.006760625519539112,0.11591033059426673,-0.0028340813743249023
23.92392392392393,-0.2967741250796284,-1.1035370276802312,0.15836086660328177,0.7114282800200551,-3.207242620199243,-0.04572934055615157,-0.0038129445962196223,-0.05043051902288801,0.018609570252652734,0.037117829504550795,0.8604232173849222,-0.3907892361337705,-0.3902523818301725,-0.1529100797042614,-0.018773015694768146,0.016259019864971774,0.08040953425103343,-0.0010554055771676545,-0.011991034847776225,-0.02151583113658656,-0.006669871065741613,0.11390759314245694,-0.002783574346337734
24.024024024024026,-0.2835990764488195,-1.0927047409387352,0.1548639109784707,0.6873383122316825,-3.191451092719817,-0.049351721407319374,-0.004538795364336823,-0.05013521011902007,0.016069238895193218,0.037084841082993494,0.8457651076057809,-0.38234607844316293,-0.3966904449369623,-0.15303385909247474,-0.01898465556351709,0.016138743370842628,0.0784987637489019,-0.0010209202709967116,-0.010958457504482325,-0.0209769364592875,-0.00657315314201067,0.11193391049451722,-0.0027345083845535306
24.124124124124133,-0.2703618995623871,-1.0816439505320035,0.15143332380810362,0.6633949697165645,-3.175115043627924,-0.05263472445156858,-0.005090815272784909,-0.04991588819465109,0.013557238827674577,0.03706096422426912,0.8309991957341906,-0.3739215199068243,-0.40292791403545997,-0.15317392466563734,-0.019173402556715173,0.016025331900517,0.07659759517859976,-0.0009872865331331565,-0.00992745674235953,-0.020428046792035203,-0.006466097685460362,0.10997900420422131,-0.0026861626965126186
24.224224224224223,-0.25704901951424663,-1.070356282381726,0.14808197222601305,0.6396280239749362,-3.1582858807280334,-0.055729543377103216,-0.0054880167042771055,-0.04976702818896242,0.011083387184117,0.03703970568818354,0.8160960832719673,-0.36558082186209934,-0.4089521725007509,-0.1533269573969889,-0.01934514024578627,0.01591843272278736,0.07470790873356276,-0.0009545581555618429,-0.008891286083678101,-0.019871906468393236,-0.006351171861301371,0.10804932868400692,-0.0026386482302453622
24.324324324324326,-0.24353910155581873,-1.058901069261855,0.14481727897923222,0.6161190651151058,-3.1409628681419592,-0.05884461739135714,-0.005724013967406242,-0.04966834728040042,0.008670492029751986,0.03701086830191806,0.8010895503251666,-0.3573002906866771,-0.414764468615345,-0.15348527670127204,-0.01950685392816348,0.015813299126326282,0.07283230066022385,-0.0009228803598336164,-0.007846223906785448,-0.019310179793876513,-0.006229421704603161,0.10615058799488646,-0.0025926403667684275
24.424424424424423,-0.2297033901641567,-1.047167318437137,0.14161653864946477,0.5928753254914894,-3.123127258470924,-0.06239205633476497,-0.0057371370449159865,-0.04964318748142506,0.006398513972472852,0.036950281839950486,0.7859540133971243,-0.34907683005732293,-0.4203941128041883,-0.15364446315235208,-0.01965980646469153,0.015707539276086813,0.07097235539229338,-0.0008923246917559244,-0.006792066742908795,-0.018741854713348657,-0.006099953218746367,0.10428011952476188,-0.002547554831739694
24.524524524524537,-0.2156325988036945,-1.0351682165288363,0.13848280067786253,0.5698968668013844,-3.104827090930992,-0.06619692186686078,-0.0055698051197499415,-0.04968623247353594,0.004250471364773725,0.03686957663089265,0.7707054677719724,-0.3409820020046538,-0.42581954295223856,-0.15380784446459317,-0.01979897284548366,0.015605413677823227,0.06912820518513511,-0.000862732331184779,-0.005723479265848684,-0.018169440498949127,-0.005965483095677777,0.102440845515294,-0.0025034965263730376
24.624624624624627,-0.2015002000161469,-1.0229881236034812,0.1354307822465377,0.5471775940449005,-3.086024483267953,-0.06975824972303973,-0.005242123255939051,-0.04978582314502068,0.002144386582801934,0.03679756542651837,0.7554040165247043,-0.33299587064480696,-0.43100029685196234,-0.15397941550447403,-0.01992572721241329,0.015507261222343735,0.06729725848183299,-0.000834058644421744,-0.004652669026486043,-0.017588733041859338,-0.005823181857281654,0.10063090523851351,-0.0024607893715284804
24.724724724724723,-0.18734519683096387,-1.010592490622384,0.1324511035090233,0.5246690609788178,-3.066751993267752,-0.07317259002713533,-0.0047269248568437595,-0.04995372685093026,9.429328825351219e-05,0.03672717542046285,0.7400303188414447,-0.32510132900832317,-0.43598080548824447,-0.15415685269194018,-0.020041218820109074,0.015411752695490052,0.06547805729486035,-0.0008062472973203191,-0.0035809599831127686,-0.016999583457433673,-0.005671825086046882,0.0988450869086743,-0.0024188312538955406
24.824824824824812,-0.17280902627814315,-0.9978875647168886,0.12952852148469726,0.5024935854074137,-3.047036526199356,-0.07738142632712566,-0.003999974926780966,-0.050185741978727404,-0.00175012852015749,0.036612504276894595,0.7245473202062166,-0.3173561079472972,-0.44076398949314494,-0.15433062989168198,-0.020145928559072344,0.015318427915234582,0.06368143377743316,-0.0007794488159593488,-0.0024887495999366548,-0.016408245400229653,-0.005515794046926737,0.09709724219088453,-0.0023780504081298164
24.92492492492494,-0.15841385801458677,-0.9850005010053241,0.12668288672975653,0.4805488461402739,-3.0268317924952823,-0.08099238770336481,-0.003112026575514483,-0.050483318531418006,-0.00360838061589983,0.03652146152769581,0.7090524141665232,-0.3097870493408212,-0.4452799346035195,-0.154513955031075,-0.02024090325605099,0.015228599316724845,0.061892587326690326,-0.0007533735865247869,-0.0014042517500269744,-0.015808727734075285,-0.005351133244360649,0.09537298642967697,-0.0023382860803608466
25.02502502502503,-0.14365270689592083,-0.9718452022833031,0.12389306856243006,0.45896496331568154,-3.0061872416487723,-0.08540363280888572,-0.002011147181286483,-0.050838843591138015,-0.00527108010611043,0.03638626484447482,0.6934829801028458,-0.30233727922006337,-0.44961201338828805,-0.15468656905434464,-0.020332603255338595,0.015136733955705445,0.060125711034189754,-0.0007283188976186976,-0.00030188211936482413,-0.015205955715391567,-0.005183719996407017,0.09368569305361685,-0.002299668738845234
25.125125125125127,-0.12876601990301298,-0.9584846201733997,0.12116484821283344,0.43766072789580895,-2.9851148121812314,-0.08999142953781034,-0.0007516952857765935,-0.051255184187658606,-0.0068158380773618785,0.036236706682000346,0.6778924329858235,-0.2950323398777138,-0.4537230304510146,-0.15486010753488957,-0.020414213154561812,0.015047563524083268,0.05837466074887038,-0.0007040567150262123,0.00080729521563212,-0.014598025873364822,-0.005009062648597256,0.09202844983975621,-0.0022619290020409943
25.225225225225216,-0.1141620935362472,-0.9449914982835885,0.11850648819115098,0.41657300840693817,-2.9635846591751185,-0.0936726690483306,0.0006637568428693854,-0.05172812857283737,-0.008421384303939312,0.03612852277813039,0.6623550167671453,-0.28792595877630633,-0.45756760901251425,-0.15504409399523814,-0.020485456673248265,0.014962513155816901,0.05662670065428699,-0.0006802032336643122,0.0019037505705646676,-0.013981541419969396,-0.004826481381387628,0.09038883650212076,-0.002224956431473464
25.325325325325316,-0.09957754886772734,-0.9313605575204523,0.11590107090459582,0.3957570933915905,-2.9416471967713793,-0.09721988779533161,0.002250452190035411,-0.052250483352106455,-0.009975664729181006,0.03602356930328723,0.6468406872446683,-0.2809677936767644,-0.4612024284664401,-0.15522712647897052,-0.02055216974647963,0.014877606533547989,0.05489011147376632,-0.0006570076334598795,0.0030043171105043768,-0.013359641445506243,-0.004639789259886065,0.08877494261749361,-0.002188771081095891
25.425425425425438,-0.08494025573654222,-0.9175320983549519,0.11334674877165804,0.3752428432250569,-2.9192884044459233,-0.1007955911324685,0.004018926372004519,-0.052828421921825866,-0.011434992249144548,0.0359128945342354,0.6313506933687405,-0.27414524937160833,-0.46461116086278287,-0.15540931359373691,-0.020611403042506214,0.014794065679223487,0.05316785245655725,-0.0006344876580622178,0.00410534991852521,-0.012732900231530845,-0.004445636247560341,0.08718948705298686,-0.002153363466581645
25.52552552552553,-0.07026131650838222,-0.9035168266974931,0.11084054296698358,0.3550681415447676,-2.8965075042556094,-0.10443236135937603,0.0059390759857710545,-0.053442315556486264,-0.012822638690092165,0.03579801904626966,0.6159070186464,-0.26751655520233175,-0.46779809766696817,-0.1555867547567087,-0.020665054803352727,0.014710743942567597,0.05145842384521502,-0.0006125047173963602,0.005215380322524158,-0.012104243460983485,-0.004249243878791121,0.08563384475845999,-0.0021189676100821383
25.625625625625624,-0.05558549205539981,-0.8893754948456248,0.10836751269499004,0.33519242454721265,-2.873330060194126,-0.10811177300533428,0.008017762036375147,-0.05409039371638238,-0.01413474159761629,0.03567887189979933,0.6005180533844046,-0.2610316510714436,-0.47077839606810545,-0.15575963528511133,-0.020716893011429843,0.014626231277920329,0.049762666564037675,-0.0005911779845714961,0.006331378181325597,-0.011472286709303961,-0.004050021171814324,0.08410673099874758,-0.0020853388357921243
25.725725725725727,-0.0408942898336292,-0.8750662859993691,0.1059333305718931,0.3156369158520492,-2.8497627742644416,-0.11182192481534561,0.01026687854613565,-0.054782039839141164,-0.015355117252869583,0.035556003382177466,0.5851773595770738,-0.25467796103944995,-0.4735375856305222,-0.15592704484669517,-0.020764636317922042,0.014541317550845905,0.04808008394856167,-0.0005703761767648945,0.007447798334873622,-0.01083754721204878,-0.003845762938688406,0.08260791054047036,-0.0020524715187573176
25.82582582582581,-0.026195122298752697,-0.8606247298498333,0.10353244398385372,0.2964259436089205,-2.8258134788827225,-0.11559814071865186,0.012646576264901477,-0.05549838476825943,-0.016505683920055993,0.035429845844059255,0.56994401352091,-0.24849961867760303,-0.47607769725724225,-0.15608723895134588,-0.020807976660365476,0.014455918379004274,0.04641036328456759,-0.0005500240788488491,0.008572870356645747,-0.010201986987012792,-0.003640230199047463,0.08113812039930997,-0.002020457682085016
25.92592592592594,-0.011534294277137282,-0.8460951138188125,0.10115300447758269,0.2775098029785144,-2.801503841007664,-0.11943076153574146,0.01515672732517145,-0.05623279694271949,-0.017584161542633543,0.03530004875109359,0.5548065019260957,-0.2424704384082653,-0.47841103059146484,-0.1562412249533663,-0.020849098770061643,0.014369424778831191,0.04475382207510499,-0.0005301975489661037,0.00970245133550764,-0.00956540075905973,-0.003433354656256596,0.07969536312860086,-0.0019892225989198166
26.026026026026027,0.0030837570036208045,-0.8314467543209048,0.09879682390914404,0.25892537497766216,-2.776831771381817,-0.12331553516940408,0.01782325384514331,-0.057000711735092614,-0.018578100956895417,0.035167268922546034,0.5397508385836143,-0.23658898021690158,-0.480517447338071,-0.1563852408412572,-0.02088854680601328,0.01428184900981765,0.04310991770772881,-0.0005107719788997672,0.01083067240988687,-0.008926893676310563,-0.003223318984937898,0.07828034887956259,-0.001958669087425635
26.12612612612613,0.01767619112843854,-0.8167207821331852,0.09645980727657294,0.2406720104170063,-2.7518163803558875,-0.1272683475869534,0.020600133612036477,-0.05778365592513398,-0.019505928839686583,0.03503165752828185,0.5248487939676183,-0.2308504805100798,-0.4824172084964259,-0.15652061176131316,-0.02092485496079815,0.01419300184208088,0.041478424405736354,-0.0004917363325649771,0.011965194276840277,-0.00828882300120764,-0.003012730303697142,0.07689230092589468,-0.001928803264275696
26.22622622622622,0.032240816583056095,-0.8019553769738428,0.09413955002183311,0.2227333830399277,-2.7264809875902514,-0.1312963206443077,0.023473300840779244,-0.0585643103228947,-0.020370836205910476,0.03489339336685977,0.5100723659757332,-0.225260051147266,-0.48411425832986643,-0.15664832111319504,-0.020957486304508888,0.014103295784965206,0.03985921527879276,-0.00047306301122546063,0.013103578682912809,-0.007653742532590234,-0.0028032096353396256,0.0755302683671753,-0.001899776362424947
26.326326326326313,0.04672645880592874,-0.7871364521184929,0.09182441041400795,0.20512281839050667,-2.700822514946666,-0.1353959249058846,0.026469432670478604,-0.05936167216016364,-0.021166181681164922,0.03475269448262655,0.4954278726535498,-0.21980465846036507,-0.48559498370820514,-0.15676441755405685,-0.020989362467765206,0.014012505226528504,0.03825204960337223,-0.0004546692525369437,0.014239899674950405,-0.007018631720927188,-0.0025927444105653054,0.07419453631316068,-0.001871280957486925
26.426426426426435,0.06117514906171182,-0.7722936500553617,0.08951829035983798,0.1878459030404291,-2.6748532837060646,-0.13957171356593664,0.029556305185729277,-0.06016141097536616,-0.02190610206341916,0.034609798685455676,0.4809638510672974,-0.21444782209156044,-0.4868832578787415,-0.15687074999070588,-0.021019612330060247,0.013919697061803977,0.03665690860274427,-0.0004365875226432463,0.015380187706157577,-0.006386251204450205,-0.0023830659209908124,0.07288434478730711,-0.001843364738183002
26.52652652652654,0.0755884500221684,-0.7574729641993241,0.08722565771706037,0.17090577301366416,-2.648592550626378,-0.1438409534346314,0.032700804160417304,-0.06093696311786974,-0.02259417908449314,0.03446549071679796,0.46666055435635256,-0.20921876798854613,-0.48797740502624487,-0.15696685671213698,-0.021045754880884383,0.01382564368025511,0.035073208085878875,-0.000418708292601172,0.016524111469785725,-0.005760587602316905,-0.0021770509352738512,0.0715994939671772,-0.0018162994126660864
26.626626626626624,0.08989868313432006,-0.7426585193497012,0.08492882387863171,0.15427497715933705,-2.6220628533577677,-0.1481911583951004,0.03592982403280741,-0.06171007096583918,-0.023231633388659273,0.03431938885590881,0.4525386071006453,-0.2040862316694143,-0.488880190807108,-0.15705136333419203,-0.021071409021637958,0.013730550104449799,0.033500708103101365,-0.00040100641154898074,0.01766746817074471,-0.005138560715581142,-0.001972957677086279,0.07033883091708348,-0.0017896361702769055
26.726726726726717,0.10414790538027666,-0.7278748546499542,0.08263349039971708,0.1379868066982139,-2.5952431936471987,-0.1526320580381853,0.039220938506467976,-0.062468226098704074,-0.02382466039713941,0.03417209313924928,0.4386094617436278,-0.19902541034780322,-0.48959783088026754,-0.157124020996589,-0.021096710672225162,0.013632568051018595,0.03193902318974191,-0.0003834927117467986,0.018814024469266045,-0.004522664523793321,-0.0017723066746220637,0.06910262168960965,-0.0017635625622884066
26.826826826826807,0.11835331161096085,-0.7131575625904134,0.08034096545598989,0.12205304873734427,-2.5681653183666717,-0.15718201105144292,0.04254324149443832,-0.06318923520940455,-0.024378623507801175,0.034024229901999985,0.42488189274351307,-0.1940498837714961,-0.4901383372802003,-0.15718392581951962,-0.021118952315719385,0.013532446640444052,0.030388374376310607,-0.0003660649160845223,0.01996341703004663,-0.003916809136281783,-0.001577745567175192,0.06789107921304449,-0.0017382084002147426
26.926926926926946,0.13247628182924498,-0.698487769453702,0.0780481219338519,0.10641986145227111,-2.540874540233919,-0.16182140305739603,0.045905795216070244,-0.06388712618769085,-0.024902149575463696,0.033875603254405424,0.4113632332020936,-0.18914219108891225,-0.49051417766420624,-0.15723222001742984,-0.021139565164975466,0.013431622138890986,0.02884783782761824,-0.00034870645427014527,0.021114821148415126,-0.0033197552156914493,-0.0013883848273357553,0.06670089011788691,-0.001713175273048913
27.02702702702703,0.14652954705552163,-0.6838756624462199,0.07574675513517067,0.09114923292775286,-2.5133137134398242,-0.16657769777326012,0.04930680238156999,-0.06455785696301164,-0.0253958074569128,0.03372610384687978,0.3980574631413575,-0.18428976846008427,-0.490711609785807,-0.1572664663310702,-0.021160880397538044,0.013327114509380239,0.027316842302432483,-0.00033138628301669984,0.022269508232521447,-0.002732953902905912,-0.0012055366399484056,0.06553428384612334,-0.0016887819647814124
27.12712712712713,0.16050289160108513,-0.669336413527446,0.07343940877968551,0.07623621645230327,-2.485519828035934,-0.17145250828404263,0.05271866624618336,-0.06518427357890716,-0.025862623820967667,0.033576667824521816,0.3849934147470175,-0.17949126349049155,-0.4907529590605809,-0.15728547567220472,-0.02117938993821006,0.0132201296015662,0.025797120314450646,-0.00031404398978377465,0.023425954224060103,-0.002159128105267231,-0.0010305633151837946,0.06439069142621753,-0.0016648612933930975
27.22722722722721,0.17439100407389757,-0.6548464593068017,0.07113526190377366,0.06164476648583335,-2.4575213406968577,-0.1764190927689695,0.0561404209999786,-0.06577355028033977,-0.026313108830385772,0.033427354880388456,0.37214770304373956,-0.1747495741624388,-0.4906476609589525,-0.1572917350798122,-0.02119526719963786,0.013112535309799625,0.024287352528637833,-0.0002967096873311128,0.024585927230667826,-0.0015988689552890005,-0.0008634428269386991,0.06326615362546631,-0.0016411814676825741
27.327327327327318,0.18821198812922232,-0.6404253369507367,0.06881971659710501,0.047449655830633417,-2.4292674443890028,-0.18152367420627383,0.059573202344664136,-0.06632276398014295,-0.02675181337020551,0.033277173391311095,0.3595366404266657,-0.17004468490011518,-0.49038184820457326,-0.15728252204121304,-0.02121161003975568,0.013001088064479391,0.022786247624924687,-0.00027929287919898575,0.025749611728368378,-0.001053369241177935,-0.0007057992171348806,0.062163976987631375,-0.0016181672315328435
27.42742742742744,0.2019496684810691,-0.6260336325457618,0.06649509006648062,0.033646834729231336,-2.4007644492038276,-0.1867521719319662,0.06300569672535358,-0.06682694716158463,-0.027181451819306125,0.033127378018531946,0.3471762609661161,-0.16537406970573792,-0.4899830754044429,-0.15725680532043754,-0.02122517790397658,0.012887185458929798,0.021296745701784824,-0.00026178177622347394,0.0269156420360676,-0.0005233504208299787,-0.0005574353226221768,0.06108307058247028,-0.001595405696398252
27.527527527527536,0.21565046728012666,-0.6116799955979196,0.0641747140726612,0.02023652873292368,-2.3720317439598593,-0.19209432319421318,0.06642100875718192,-0.06728145818551994,-0.027610086296443053,0.032978078943951675,0.33505247959497114,-0.160749078783885,-0.4894475480055675,-0.15721664787814144,-0.02123563455726787,0.012772257157015455,0.019817591416914034,-0.00024424425651280033,0.028085286312125878,-1.1881770502671086e-05,-0.0004196350397967279,0.0600203058344979,-0.001572903135864666
27.627627627627625,0.22933912059508071,-0.5973676487976102,0.061850933298786145,0.007256038058289049,-2.3430616258734793,-0.19759147569235908,0.06982620240595502,-0.06769152247082973,-0.02805142945574136,0.0328277672601998,0.32316469156282673,-0.15614410521470223,-0.4887814358160285,-0.1571614386081604,-0.021245775765599335,0.012653934203388196,0.018346565859320884,-0.0002265591881520299,0.029260071617096435,0.0004818240862177178,-0.0002932196145262425,0.05897776019308616,-0.001551041194116983
27.72772772772772,0.24304689000145166,-0.5830495255166243,0.05951859519289358,-0.005242367205455861,-2.31382525429193,-0.20323871358213172,0.07321111238816834,-0.06805284707515336,-0.028508833117083143,0.03267782091369305,0.3115367371273684,-0.15157022878125545,-0.4880021746417681,-0.15708924994102655,-0.021252909259937114,0.012533455436825242,0.01688692772749536,-0.0002086988498702866,0.030436914268135957,0.00095657790436076,-0.00017770743055265729,0.05795481635288226,-0.00152935782839292
27.82782782782781,0.25678018311648854,-0.5687435267847425,0.0571925211298556,-0.01726570892524722,-2.2843223384780496,-0.20902240209215278,0.07656729331437254,-0.06836287125054026,-0.028980245044910747,0.03252857677540536,0.30015510642228416,-0.14702565731288825,-0.48709694862076747,-0.15700119606575869,-0.02125684716473523,0.012411327588822662,0.015438111770511898,-0.0001907556836573608,0.03161607566166478,0.001408225571824144,-7.545518737130039e-05,0.05694931721180382,-0.001507887875615151
27.927927927927943,0.2706149215042234,-0.5544640980374744,0.054875590372054674,-0.02880701311077543,-2.254586721925257,-0.2149683229082216,0.07988512704607752,-0.06862240281837509,-0.02948444680236987,0.03237881704604717,0.28900361456392565,-0.14248531878648749,-0.486093317344667,-0.15689901636124773,-0.02125921233263689,0.012286704211594033,0.013997180875537096,-0.0001726484226672028,0.03280112218630142,0.0018389074748323604,1.3884977840461498e-05,0.05596138189247947,-0.0014870279521664777
28.02802802802803,0.28445405467319346,-0.5401628861273481,0.05255614888072628,-0.03983368056509285,-2.2245734680475486,-0.22106684740429924,0.08315110357806119,-0.06882268638129205,-0.030020715959331517,0.032230170401817776,0.27812677495888394,-0.137969190752407,-0.48499766317676174,-0.15677971670843963,-0.021257230092771563,0.012160482837462853,0.012567606006283321,-0.0001543211766324121,0.03398886553725537,0.0022464727133943993,9.036622983008176e-05,0.054991651412159136,-0.0014662981257401672
28.12812812812813,0.2983135439846313,-0.52584550336356,0.05024798187072369,-0.05033561892397287,-2.1942865490548518,-0.2273080531930926,0.08637580563361281,-0.06897262103517819,-0.0305822587006546,0.03208279493294574,0.26749978042776446,-0.13347499544679226,-0.483796167911125,-0.1566427940229192,-0.021251454984675712,0.012031849573224526,0.011149836486836076,-0.0001358830429963728,0.03517919203217162,0.002626299431998038,0.00015089612045196231,0.05403893529013363,-0.0014457222597833333
28.228228228228215,0.312190355850967,-0.5115448160394516,0.04795774913368262,-0.06038107613963337,-2.1637837565595825,-0.23368382691055833,0.08953843772755209,-0.06906802480630135,-0.03118230125295271,0.031936328366376256,0.25709743622753617,-0.12897736548377692,-0.48252500073565124,-0.156490956726972,-0.021242935715195206,0.011901169780577633,0.009740867220480714,-0.00011730113618120103,0.036376925189675856,0.002983413583836652,0.00019790586814209533,0.05310215777269286,-0.0014256711485264185
28.328328328328347,0.3261091664098122,-0.49720699009481095,0.04567596876300155,-0.0698935552091964,-2.1330260919126176,-0.2402196712886871,0.09262958457789858,-0.06910305825527692,-0.03183169774663859,0.03179093803920112,0.24696355285694827,-0.12450474805230125,-0.48118146944344586,-0.15632300611291522,-0.021229295924562776,0.011769173240096738,0.008342240992675902,-9.85106202713382e-05,0.037578901707959626,0.003313184037455335,0.0002299662516788984,0.05218185252443856,-0.0014057545070339694
28.428428428428436,0.3401055445710548,-0.48281555658125075,0.04341328737014316,-0.07883361860927474,-2.1020035509046915,-0.2469153121022288,0.09566835814681776,-0.06909117354945958,-0.03252330276036328,0.031646879600647944,0.23708603647715293,-0.12005806726890925,-0.47975886402901197,-0.15613690539352712,-0.02121105088569602,0.011634521885170165,0.00695606855189448,-7.954345422257876e-05,0.03878353016441064,0.0036110519979318753,0.00024403039388226877,0.05127766645794239,-0.0013859168169795635
28.52852852852853,0.35424615533391035,-0.46841026794935126,0.04117785029503148,-0.08726570791848152,-2.070783394963778,-0.2537653362806381,0.09863224937505596,-0.06902651535363721,-0.03327052026759174,0.03150327983906222,0.22744036789936276,-0.11559906711725101,-0.4782823994857985,-0.15593593198974467,-0.02118984189903062,0.011498130320352299,0.0055791112879529465,-6.0432316132710016e-05,0.03999409307866625,0.003882645139321266,0.0002432855965467721,0.05038784096690274,-0.0013664804119138331
28.628628628628622,0.36841453892365117,-0.4539724522783083,0.038961622599687704,-0.0951981418363794,-2.039377513161712,-0.2607686999603309,0.10151632985940115,-0.06890668591053797,-0.03408154973113924,0.03136099692322723,0.21804970487447556,-0.11116362488347295,-0.4767509862975233,-0.15571871930403838,-0.021163984769056215,0.01136007062780232,0.004213189157425504,-4.114258831872412e-05,0.04120796240393581,0.004125113490045584,0.00022703532179044924,0.04951307980325785,-0.0013471723210343252
28.728728728728715,0.38250316774262105,-0.43952455421790404,0.036777283671147284,-0.10265925360669774,-2.0078098654701426,-0.2679098301928794,0.10432305616529396,-0.06873527722572277,-0.03494335333386896,0.03122094323494823,0.2089404872957077,-0.1067471867124746,-0.47517494849063946,-0.15548323371327896,-0.02113257001965219,0.011219092381700761,0.00286084208919513,-2.1664163294917262e-05,0.04242632753987176,0.00433384470252007,0.00019195765321902112,0.04865431078738274,-0.0013279250258351335
28.82882882882884,0.39651938942088927,-0.42508433152131336,0.0346246619348377,-0.10973088062792247,-1.9761288762199627,-0.2751701562045691,0.1070490680423822,-0.06851829125518721,-0.03585783368560348,0.031082830302274357,0.20007265727135745,-0.10232001769510893,-0.47356102440311443,-0.1552326090285648,-0.02109824871677006,0.01107575492332569,0.0015198181556402748,-2.0682295942130016e-06,0.04364998844303107,0.004514735298575658,0.00014174844268168528,0.04780989674562784,-0.0013089849918294784
28.928928928928947,0.41042415680806343,-0.41067448421774033,0.03250301122949949,-0.11646313585567976,-1.9444226827919209,-0.2825610416146753,0.1096865280593696,-0.06824887060626011,-0.03684516915161506,0.03094661497768559,0.19145951374438455,-0.09789350761884963,-0.47191552354114225,-0.1549685212732903,-0.021059686916687758,0.01093098612085094,0.0001907784834592096,1.7675285608330967e-05,0.04487572345898484,0.004668209667465592,7.740580939382783e-05,0.04697973576376886,-0.0012901326729046355
29.029029029029026,0.4242495003822845,-0.39628626572466674,0.03042527371184773,-0.12280224932932926,-1.9126950859079621,-0.2900830470699074,0.11223641877926442,-0.06793286011342668,-0.03789956198597996,0.030812883578688416,0.18313153269536392,-0.09348687244378098,-0.4702500676184716,-0.1546893583089008,-0.021015324424220605,0.01078419937941526,-0.0011242244899698638,3.757642051690686e-05,0.046104654575047796,0.004786562282131632,-5.375420698701047e-06,0.04616485556031462,-0.0012713265360579555
29.129129129129126,0.4379180315818637,-0.38195014581916764,0.028392811017299992,-0.12885232786757178,-1.8809979186654533,-0.2977183884330318,0.11469769585858765,-0.06758020865055786,-0.03901480985456559,0.03068183433220693,0.17507829053104512,-0.08906906085716779,-0.4685668094853332,-0.1543982487283358,-0.020967809596784952,0.010634900030016338,-0.0024259060496763184,5.758207433023312e-05,0.047336573732576506,0.004874528775839242,-0.00010382062398547262,0.045364824154553354,-0.0012527721533451962
29.22922922922921,0.45132307405931815,-0.3677093991184242,0.02640607592884353,-0.13471975693042956,-1.8494238624632628,-0.305455066877087,0.11706571691970742,-0.0671816199765273,-0.04020494343731886,0.030553308495810394,0.16728436883976563,-0.0846386434836516,-0.4668726829135923,-0.1540962822957757,-0.02091626859751302,0.010484702297721556,-0.0037139626776389783,7.766820917367807e-05,0.048569530332909915,0.004937529396343994,-0.0002145569235861882,0.04457850172536797,-0.0012342672214637354
29.32932932932935,0.4645076158112286,-0.3535268720613961,0.024473367794811296,-0.1403485388412454,-1.8179792851663386,-0.3132949291321384,0.11933974801251164,-0.06674515798777711,-0.041462434725573205,0.03042809914780255,0.15976811795509438,-0.08023650735810087,-0.4651726885485427,-0.1537822332061401,-0.020858744648828104,0.010333499072800621,-0.00498710285021029,9.782351177583947e-05,0.049804169878853354,0.004966303548153905,-0.00034210964924398686,0.043806772446722965,-0.0012157837966953913
29.42942942942944,0.4773750250146998,-0.3394449568681418,0.022605489915570202,-0.14582494568233864,-1.786708088726904,-0.3212142565889306,0.12151473506352665,-0.0662798242921612,-0.04277836735725386,0.03030679161676949,0.15255298669921602,-0.07583758156306858,-0.4634807107899005,-0.15345894349426434,-0.02079640234376917,0.010179956843168456,-0.006244787769125504,0.00011805311618259058,0.05104073678423802,0.004962961322022029,-0.000485373658335295,0.04304988587808624,-0.0011974648225385068
29.529529529529537,0.48984016833486077,-0.32550630956007653,0.02079888926860383,-0.15124583660570162,-1.7556958201428952,-0.32921344561389837,0.1235908255531998,-0.06577574003650269,-0.04417025382616881,0.03018858074109293,0.14560329788175067,-0.07143028594941188,-0.4617931751845881,-0.1531259821837911,-0.02073028938320817,0.010025682836968312,-0.00748654638750528,0.00013825444025070133,0.05227734522908585,0.004936096678747164,-0.000639534286462844,0.04230665243386074,-0.0011791594790869508
29.62962962962962,0.501960768337535,-0.31164987350502754,0.019055948397322494,-0.15654247711158736,-1.724916914910148,-0.33728134219348854,0.12557394140769312,-0.06524595209881705,-0.04562417473278103,0.030074725282257152,0.13891843486439487,-0.06706803386015622,-0.4601044350942346,-0.15278074353194468,-0.020658768220749146,0.009870000605517364,-0.008712045507781235,0.0001584328170097323,0.05351424489656888,0.004877612511882506,-0.0008083020984146459,0.04157750783409382,-0.0011608893892432564
29.729729729729723,0.5136672422685684,-0.29793710399792134,0.01739599047620882,-0.161797836696446,-1.6944350354940698,-0.3454066561279488,0.1274477457961444,-0.0646931860255953,-0.04714040338548485,0.02996509458240005,0.13253182758050622,-0.06271841623505432,-0.45844507240454685,-0.1524291429714768,-0.02058086208316366,0.009713253068882616,-0.009920859163542253,0.0001786063147231693,0.054751570355519086,0.0047875335016434465,-0.0009914592169418383,0.04086216426353538,-0.0011426360197579722
29.829829829829844,0.5249151075677816,-0.2843758892752217,0.015811838844654407,-0.16706544285372354,-1.6642932897081333,-0.3535977317953127,0.12921925602880452,-0.06411300968414663,-0.04873094782759537,0.029858952996795068,0.12641297572304183,-0.058391350212254965,-0.45681076547439686,-0.1520694454005827,-0.020498550020769286,0.009555218094408848,-0.011112220821047906,0.00019869666550419797,0.05598970239908836,0.004672936354500335,-0.0011852740406631714,0.0401604011374312,-0.0011243942781106265
29.929929929929937,0.5358001249458311,-0.2709112531921103,0.014300943073709632,-0.17226266603630394,-1.6344604468747714,-0.3618467178201189,0.13090588051634697,-0.06352379865184568,-0.05038889756444649,0.029757029010467784,0.12054804046027619,-0.05412156924948951,-0.45518126369932094,-0.15169770425069634,-0.020412103871863478,0.009395114585959704,-0.01228658011922165,0.00021870537325895242,0.057226269873332146,0.00452922730147665,-0.0013914538485966603,0.03947230347493717,-0.0011061840940003384
30.03003003003004,0.5462452137760094,-0.25758395635701925,0.012879463788732042,-0.1774680484594388,-1.6049982751497698,-0.3701305174798878,0.1324859306878457,-0.06292037775521782,-0.052114841273057134,0.0296598181909803,0.1149448228435936,-0.049889048058103014,-0.45359229031243464,-0.15132083481697728,-0.02031877344784113,0.00923495803664183,-0.01344344937270677,0.0002386048079540106,0.05846158901606965,0.004355369564353487,-0.001610291663843065,0.03879698287776466,-0.0010879303211724356
30.13013013013013,0.5562383149999208,-0.24435842285882847,0.01154552368539306,-0.18266802406413002,-1.5758844496339453,-0.37845282764624005,0.13396705787378507,-0.06230628054292211,-0.053916114400426665,0.029567069406604973,0.1095939185405251,-0.04572821949797427,-0.4520454814316895,-0.1509360194212954,-0.020220581860727706,0.00907283220053091,-0.014581518094565104,0.0002583949703329535,0.05969767451478438,0.004155214139459373,-0.0018394558556618832,0.03813475480513762,-0.0010696590536154414
30.230230230230223,0.5658440746723978,-0.23114849009045108,0.01028289570890753,-0.18778687229551777,-1.5470484904462212,-0.3868024991503173,0.13538731114685074,-0.061703765167737415,-0.055783773523067716,0.029478718453592522,0.10444654964639062,-0.041650311447970226,-0.4505124145201217,-0.15053651554896416,-0.02011893415948813,0.00890827013644622,-0.015701448898291497,0.00027805443851917265,0.0609314840232118,0.003929551263713266,-0.00207828318260139,0.03748498337076484,-0.001051375592437875
30.330330330330348,0.5751140161270194,-0.21795176340551178,0.009101555514258283,-0.19278207521704377,-1.5184534338766493,-0.39517162951654883,0.13672081979642642,-0.06110455876227509,-0.05772388365265295,0.02939543917681231,0.09950665810921905,-0.03766266476853578,-0.44902138237548944,-0.15012976024237462,-0.020009845227258367,0.008744813788745393,-0.01680347959390396,0.0002974934714557192,0.06216378865545086,0.003675714417567779,-0.002327927874118688,0.03684668774093554,-0.0010330485578972687
30.43043043043043,0.5841019073524384,-0.2046984442094709,0.00800064047254973,-0.19755474821992455,-1.49002952844577,-0.4035708193725334,0.13797224536840152,-0.06051756940170907,-0.05974880571488914,0.029317034844609912,0.0947655893366374,-0.03382371092594129,-0.44757786685124346,-0.14971111792220143,-0.019895775578192276,0.008579210989310262,-0.01788519858534557,0.00031678247759215765,0.06339669977167921,0.003394199747239552,-0.002587268668435693,0.03622037977886601,-0.0010146516765096223
30.530530530530534,0.5928600674429416,-0.19133015652734114,0.006962263800503926,-0.20207373221212563,-1.4617265517164832,-0.41199588038577817,0.13919435167404778,-0.05996689363902251,-0.061848895535517756,0.029242258010435656,0.0901581111099794,-0.030123950309490742,-0.44614996910155413,-0.14927387154469293,-0.019778322650717967,0.008411839010665723,-0.018948186909831383,0.000335917243337431,0.0646255135856034,0.0030906587905274265,-0.0028535503132588232,0.03560485035960652,-0.0009961876364128646
30.63063063063064,0.6014837141386048,-0.17783461372006568,0.0059819812185118,-0.20626430789704756,-1.433472856837824,-0.4204465286064095,0.14036027929076955,-0.05944074956237967,-0.06402994409907647,0.029172250162667147,0.0856931239469699,-0.02657853808547812,-0.4447553269748651,-0.14882489234716242,-0.01965392998406371,0.008245406759524019,-0.01999320044243555,0.0003547616730006172,0.06585302481565411,0.0027609457593046893,-0.0031290501548105836,0.034999859465948926,-0.0009777080165799478
30.73073073073072,0.6100065698441505,-0.16415260137352145,0.005059580261759728,-0.21003256662986264,-1.4052100456264665,-0.42892731837163944,0.14146303333871313,-0.05894682676936145,-0.06630378817080325,0.029106806484619812,0.08136703262713865,-0.02322609423366741,-0.44340826489362845,-0.14836102076682733,-0.01952423280762689,0.008077593649503764,-0.021017538812648333,0.00037340494202700954,0.06707857629915064,0.002405436426656671,-0.003412006119306368,0.03440511932671884,-0.0009590658003936529
30.830830830830855,0.6184836829156857,-0.15021711806813653,0.004175618664749705,-0.2133550084605395,-1.3769006155164492,-0.437448156807689,0.14255075671427683,-0.0585000102217136,-0.06866274894981855,0.029044384452485843,0.07711153088851513,-0.020074630556101945,-0.44208395471586864,-0.1478753957033992,-0.019389781716265715,0.007908557953741303,-0.02202291910975768,0.0003918706788039146,0.06830076974755164,0.002029026571007757,-0.003700362503258606,0.03382028003536874,-0.0009403668662333294
30.930930930930934,0.6269307790286209,-0.13604374370279657,0.0033174168446254626,-0.21621101158514308,-1.348499835427861,-0.4459989213685838,0.14360829097307998,-0.05809494905268814,-0.07110569573230521,0.02898591258962897,0.07294189120576047,-0.01711588316900592,-0.44078288390057274,-0.14737396883779813,-0.019250395451677976,0.007738983007341718,-0.023009794772287158,0.0004099833275110246,0.06952050012601879,0.0016300892232627158,-0.003995405093495587,0.033245520084150895,-0.0009216354632865253
31.031031031031034,0.6354059426673778,-0.12159726125785161,0.002483059554018439,-0.2185192429099616,-1.3199648663371772,-0.4545687671512593,0.14462055753687647,-0.05773132739423008,-0.0736413551214277,0.028931718359698443,0.06884359215548606,-0.014373578534469944,-0.4395257877190447,-0.14685521649038166,-0.01910538827013026,0.007568950275111721,-0.023976693014993236,0.00042785479315301427,0.07073562879105735,0.0012099946533065107,-0.004294721115649439,0.03267954128992318,-0.0009027158614447613
31.131131131131134,0.6438647331822456,-0.10685947876484776,0.0016632541385036878,-0.22029867468303124,-1.2912824909774012,-0.46314944363666866,0.14560260882836457,-0.05741456973557925,-0.07626254124313278,0.028882081620071186,0.06478207539821315,-0.011869704040706437,-0.438295128560611,-0.14631305152335033,-0.01895409662062387,0.00739818108287521,-0.02492454110195579,0.0004455040459566911,0.07194889561361095,0.0007702501309998077,-0.004598240736247481,0.032123219099741876,-0.0008837489683160721
31.231231231231213,0.65238462192147,-0.09186565724968625,0.0008419906629752339,-0.22153281041944034,-1.262432278316267,-0.47174949180867165,0.14656651532421547,-0.057149928619310494,-0.07897036365218538,0.028836235938264777,0.06076690824950056,-0.009571868148802579,-0.4370789986062615,-0.1457538136193139,-0.018799149790944,0.007226009229069909,-0.025854252120015103,0.0004627859660626773,0.07315697359036175,0.000312366714379661,-0.004905616627760031,0.031576107672169534,-0.0008646875728214116
31.33133133133135,0.6609966234275547,-0.07660546879013488,1.4986632486257284e-05,-0.22220267164628202,-1.2334264393819825,-0.48035565337911634,0.1474931130964432,-0.05692766510412891,-0.08176745829825262,0.02879435494339002,0.05678496660744048,-0.007489485839322918,-0.4359056331735209,-0.14517752526303324,-0.018638185870366576,0.007054073916940307,-0.02676549083846224,0.00047980016839027493,0.07435788479309009,-0.0001621818864493904,-0.005214413204367954,0.031037237639540045,-0.0008454832176532931
31.431431431431427,0.6697076821374476,-0.061077752939575146,-0.0008190033122428338,-0.22227702262638735,-1.204262513928704,-0.4889881734824283,0.1483773846380284,-0.05675379550584279,-0.08466605492753267,0.028757220976955832,0.05282044944632388,-0.005659604334178695,-0.4347594918222247,-0.14457858394606857,-0.018471909878323957,0.006881235850644768,-0.027656955787786302,0.0004964896963546332,0.07555534586164807,-0.0006551430878676677,-0.005526122476619178,0.030508290876834515,-0.0008262288585873696
31.531531531531535,0.678518468317867,-0.0453177110950316,-0.0016768424968636169,-0.22181404287297934,-1.174939717935954,-0.4976324338009799,0.14925417849534597,-0.0566351219442342,-0.08765243000559521,0.028723478962923443,0.04886649852516164,-0.004035180925719044,-0.43363376353514643,-0.143964023531926,-0.018302505572812357,0.00670667458973678,-0.02853112595725201,0.0005127988002716969,0.07674494135173258,-0.0011617346635369064,-0.005838693228652965,0.02998788742425097,-0.0008068345511749109
31.631631631631638,0.6873721638719631,-0.02936961783573388,-0.0025570395488514136,-0.22087339416362745,-1.1455391935475454,-0.5062620481259561,0.15009711090900368,-0.05655822374481421,-0.090722192910135,0.028693968336170265,0.04492456387508943,-0.002620237103991898,-0.4325409682052733,-0.14333355643339668,-0.018127402960532477,0.006532737172064175,-0.02938802300406021,0.0005288135651936047,0.07792511871885754,-0.0016797161054156156,-0.006149877121943567,0.02947596794834443,-0.0007873450081431076
31.73173173173172,0.6961628793384957,-0.01325316989216046,-0.00345577520144959,-0.21949478962543267,-1.1161211036118002,-0.5148707670899818,0.15088888918098464,-0.05652968116980981,-0.09388898697803452,0.028671061561406003,0.0410063390157949,-0.001426870077690119,-0.4314804912286611,-0.14268569740328388,-0.017948581921500614,0.0063573810370916055,-0.030225317295076944,0.0005444318325410239,0.07910034865583995,-0.0022113196784524667,-0.006461327404444521,0.028974475176052943,-0.0007677941406720422
31.831831831831845,0.7048754110169634,0.0029169920922476208,-0.004374919138845033,-0.21781786316436777,-1.0867706367514862,-0.523464432592204,0.15165669093017475,-0.05654157656230999,-0.09713359368170006,0.02865190015529275,0.037104703338432625,-0.00040443013677814307,-0.4304500173607466,-0.1420278813470569,-0.017765899951572316,0.006181669156215037,-0.03104655062277502,0.0005596708094760996,0.08026606211990682,-0.002751099897521496,-0.006770765662725171,0.02848182453431537,-0.0007481130882280589
31.93193193193194,0.7133684458200983,0.01910557731586874,-0.005307951890635223,-0.21593655258474015,-1.057601586373493,-0.5320038001925693,0.15239544580206035,-0.05659496254276366,-0.1004506971169421,0.02863788991509155,0.03323035533380314,0.0004403312993393312,-0.42944872852943466,-0.14135880360320413,-0.017578698179544897,0.006006234658564887,-0.03185033085593808,0.0005745546319644963,0.08142091835428464,-0.0032966560294129523,-0.007076033218332828,0.027998930167617536,-0.0007283491021395545
32.03203203203203,0.7215625833250817,0.03523496132523597,-0.0062432618456814025,-0.2139599983412161,-1.028750135251446,-0.5405057426466466,0.15308723294391516,-0.056696271950244806,-0.1038595901843363,0.02862988804020287,0.02942770883258104,0.001132457817653524,-0.4284913395812208,-0.14068313144788944,-0.017389949387557533,0.0058295445207371625,-0.032635267720288616,0.0005890076445701948,0.08256632399708393,-0.0038487887740549427,-0.007377605780450547,0.027526964355672624,-0.000708499696905243
32.13213213213213,0.7295295076479726,0.05122134312133645,-0.007179538378853404,-0.21192424981561878,-1.0002175307367693,-0.5489716506255209,0.15373904497057259,-0.056822475374833335,-0.10734053505695744,0.028626699199738776,0.025663234586174866,0.0016967820699494269,-0.42757625596416604,-0.14000447641356656,-0.017197489662281785,0.005653332139476118,-0.03340535369271687,0.0006030937988184085,0.08370164653703824,-0.004404461122638649,-0.00767477256892239,0.027063917477834026,-0.0006885341787373042
32.23223223223222,0.7371053475954146,0.06702894599278791,-0.008101905745099624,-0.20994338192204604,-0.9721718854715924,-0.5573660251502845,0.15436527043325718,-0.05699126825067723,-0.1108998264146599,0.028629041462382387,0.02195823333898748,0.00212356976590381,-0.4266949398571658,-0.13932206594878244,-0.017002023710389245,0.005477030666391186,-0.03415803092077596,0.0006167956715766073,0.08482476381087693,-0.0049627102801680385,-0.007965807175248949,0.02661203761571776,-0.0006684739545705114
32.33233233233234,0.7445021819389948,0.08203093036172762,-0.008839564418680066,-0.20798138467422725,-0.9442676697656787,-0.5659262483264047,0.15481744306887912,-0.057161793649634474,-0.11458422282823424,0.028631911604084702,0.018424716739670527,0.0026545588168450708,-0.42591285643003934,-0.13866387188381238,-0.016805581157173947,0.005301226883057721,-0.03491314579622442,0.000630564689213188,0.08594741094530536,-0.00551822553265628,-0.008248854369733287,0.02616194865437895,-0.0006480511498609523
32.43243243243245,0.7526112032759034,0.09437290025267872,-0.008866577911828282,-0.2056796703672313,-0.9153401393112409,-0.5754116432571793,0.15469964790373308,-0.057211056214897714,-0.11852147406251874,0.028616470440744453,0.015340406834789256,0.0039214034633480365,-0.4253808857024894,-0.13810506771927508,-0.016606163223368046,0.005130635047262189,-0.035730298626147725,0.0006458000840002691,0.0871013526093601,-0.006058310718853684,-0.00851994002452397,0.025685203158593305,-0.0006262456507761941
32.53253253253253,0.7569292282357394,0.10486127212473387,-0.008539641270044468,-0.2070351208136559,-0.8905214571547517,-0.5842610233886365,0.15449642828008364,-0.05721538833062968,-0.12235210691985984,0.028621206110165033,0.012931941664869866,0.005488351685747278,-0.4250386736958207,-0.13762362684269852,-0.01639641300898544,0.004963218511835719,-0.036517638351417595,0.0006604180152452176,0.08823804156106664,-0.00658967527389453,-0.008778356590550138,0.02523751162577943,-0.0006044204494336238
32.63263263263263,0.7592837301337352,0.11448705473916551,-0.008078530504058748,-0.21015195503715983,-0.8679203702589093,-0.5927115051713913,0.1542504284118711,-0.05721110343690626,-0.12615714624325583,0.028640777184408366,0.010832582111339292,0.007101501034134728,-0.42480518516217564,-0.13717315268165448,-0.01618225061971233,0.004796416534529729,-0.037279698311259005,0.0006744648100938777,0.0893607935880825,-0.007117413227047759,-0.009027379760875632,0.024810657752369465,-0.0005827689099612182
32.732732732732714,0.7631016812573246,0.12821610570262512,-0.008657545715976725,-0.21056209804360188,-0.84437350152325,-0.600283366418977,0.1546348590582939,-0.05748363191573167,-0.1299852490975581,0.028686814732739502,0.00767552982191601,0.007090673774614089,-0.42423560985341374,-0.13652071577249916,-0.015982034371921743,0.004619670877932876,-0.03793551333670336,0.0006857598933687362,0.09043470478972981,-0.007674867286503799,-0.009281186223004792,0.024424370610408766,-0.0005627507603477259
32.832832832832835,0.7664972939055693,0.14163552529713105,-0.009210976392121943,-0.2110679321021224,-0.8213484825374465,-0.6077595141563581,0.15501380122913583,-0.05779622306153324,-0.13389749208888732,0.028737858611606402,0.004558067266707768,0.006959381157263545,-0.4237043348699855,-0.13587032859664602,-0.015780619619600256,0.004442629096738665,-0.03857617646768554,0.0006967041253681517,0.09149746522504827,-0.008228973259929126,-0.009525882373515333,0.024048339565632817,-0.0005426487032218191
32.93293293293294,0.769599105321507,0.1547374367485049,-0.009744342457730874,-0.21160395608788396,-0.7987047462130186,-0.6151613111196397,0.15535796381906894,-0.05812400413689105,-0.13788009071449198,0.02879530239319744,0.001454212679319417,0.00674261241959645,-0.4232187331428553,-0.13522311783786706,-0.0155781276117942,0.0042650923154650645,-0.039205937808969415,0.0007073851850831707,0.09255294229881204,-0.008779464944259796,-0.00976210154701044,0.023681682527965885,-0.0005226485222644555
33.03303303303302,0.772096880874454,0.16687429478570195,-0.010067954776554918,-0.21256737226113537,-0.7767454977774028,-0.6225029964242237,0.15560026572414892,-0.05843975653736803,-0.1419346725143284,0.02886007598508857,-0.0015075909668086185,0.006652924641787956,-0.4228493678523154,-0.13460368247426088,-0.01537533628915494,0.00408771123848489,-0.03983252091452265,0.0007179407296740095,0.09360657704771824,-0.00932078470497856,-0.009987953336891552,0.023322705093308825,-0.0005025522564851075
33.13313313313312,0.7702584305183559,0.17152791347942203,-0.008231715963252598,-0.21880164061740345,-0.7588630574340812,-0.6302305800819568,0.15490357908042385,-0.05841593480099746,-0.14602546137651967,0.028919710711361252,-0.00291728792095362,0.00865108489375899,-0.4231280665419491,-0.1342619985907328,-0.015171185375922639,0.003914908186289171,-0.040530940106983195,0.0007299296418898018,0.09471747380440283,-0.009820591064884003,-0.010187622247058114,0.022963407998305006,-0.00048084500396857317
33.233233233233236,0.770572752202599,0.18014229390897674,-0.007606850889151548,-0.2218465493917416,-0.7391696163791981,-0.6375819011632378,0.15474453320744053,-0.05862234521743441,-0.15021718552692284,0.028991875216767538,-0.005268796466365903,0.009215536993411322,-0.4230899069053039,-0.13375934357345592,-0.014967242025869503,0.003738053022487281,-0.04116597369526327,0.0007405291810536249,0.0957841849978394,-0.010339577208242062,-0.010389186828585667,0.02262199692592799,-0.00046033309603885016
33.33333333333335,0.7727099633707951,0.19207440514833551,-0.008009525752929259,-0.22215748421690726,-0.7180394595505817,-0.6446153346348417,0.15507625552488422,-0.0590461620356269,-0.154533283135528,0.02907552217760657,-0.00842405773900876,0.008569344686938176,-0.42281547663686164,-0.1331216377021099,-0.014766328313606974,0.003556983143115823,-0.04174514525424947,0.0007499114964923342,0.09681033431031272,-0.010869071014756732,-0.01058926943025847,0.022296368517115358,-0.00044080472647208566
33.43343343343344,0.7748855009277029,0.20356729838799179,-0.008384335433405398,-0.22222901693498556,-0.6971317822003413,-0.6516297568064668,0.15536404582546914,-0.05946497639455477,-0.15894759710527556,0.029162192488504178,-0.011567551361852942,0.007858000580446717,-0.42259693492631445,-0.1324914049882719,-0.014564640713517336,0.0033747600038921814,-0.04231665379026868,0.0007590724143293795,0.09783118704839859,-0.011393806061539929,-0.010780596419999766,0.02197885406542229,-0.00042130197904550256
33.53353353353354,0.7770487933109571,0.21470089543722604,-0.008744047204150717,-0.2220457593148307,-0.6763572054248971,-0.6586307455230535,0.15562140111955075,-0.05988621977006962,-0.1634624326888176,0.029253468037409146,-0.014768582514675596,0.0070951236757218735,-0.422415927760592,-0.13186525550890116,-0.014363371187249879,0.003191462875009759,-0.042882133328152515,0.0007680406009236501,0.09884765131737626,-0.011913273825405945,-0.010963935063944155,0.02167151864239601,-0.0004020387188574916
33.633633633633615,0.7791544504749839,0.22547395624243696,-0.009086316112948235,-0.2216599991128368,-0.6558208468847397,-0.6656203264734986,0.15588864187136897,-0.06032348042382944,-0.1680928036712773,0.02934948234114851,-0.018030224146292406,0.0063023128083034684,-0.42229382383329106,-0.13124361982249258,-0.014164560067439227,0.003006504749075102,-0.04344155121213298,0.0007768784237878218,0.09985728283930508,-0.01242145420650106,-0.011137107541433374,0.021373037015101494,-0.0003829958451519914
33.73373373373373,0.7812507465437744,0.2358566792787374,-0.009402850328918461,-0.22104899218714186,-0.6354536784886345,-0.6726107998323673,0.15612106373774243,-0.060742593888345374,-0.17281918663210852,0.029447605593367888,-0.02131442845431958,0.005469601273507397,-0.4222122416626778,-0.1306301777531445,-0.01396607031021665,0.0028207260707460587,-0.043995827942247066,0.0007855830638811744,0.10086214440175087,-0.012921293304795018,-0.011301344338658894,0.02108211885716698,-0.00036408302202967384
33.83383383383385,0.7833017326437242,0.24583949451448833,-0.009682107313710064,-0.22021888526180944,-0.6152810211546258,-0.6795899359182871,0.15633265697636572,-0.061164111170588384,-0.17765815495793869,0.02954962318977833,-0.024630637998311646,0.004600319158228251,-0.422185114641649,-0.13002507442422231,-0.013769841667083385,0.002633214575127406,-0.04454470141882223,0.0007941092843926318,0.10186562380914373,-0.013414025201904572,-0.011457183217231815,0.020801298673331158,-0.0003454091948287743
33.933933933933936,0.7852738869755183,0.2554037901757678,-0.00992305840957515,-0.21924906291792196,-0.5954231496694302,-0.6865369636013909,0.1565400080277473,-0.061581396530563645,-0.18260226565244694,0.029657188993466956,-0.027997167772182585,0.003706491532295679,-0.4222173772978648,-0.1294289231057779,-0.013575999313301095,0.0024439357127460795,-0.04509027956374874,0.0008026205427213546,0.10286467853435324,-0.013894617251179764,-0.011602674529714195,0.020528911765957537,-0.00032704199707583273
34.03403403403404,0.7871883043442068,0.2645306073396667,-0.010117898372273403,-0.2181365034446913,-0.5758193226315246,-0.6934143306649607,0.1567310488534116,-0.06197615161453686,-0.18762594982619085,0.029769628152929557,-0.031384873105207906,0.002799938563089393,-0.42229339257451864,-0.1288443381563477,-0.0133839639027179,0.0022532236489355914,-0.04563365706709814,0.0008111097530621971,0.10386005086320711,-0.014364989200071402,-0.011739196776554857,0.020263471864210923,-0.00030889006130450935
34.13413413413412,0.7889835634831774,0.27322124714789364,-0.010254071494885147,-0.216881663385685,-0.5565087428299236,-0.7002349962172791,0.15692305058025094,-0.062375120180842625,-0.1927583947577321,0.02988656738704984,-0.03478205528820062,0.0018785074812853928,-0.42243782488724174,-0.1282723609717427,-0.013194879561704032,0.0020606589790920205,-0.04617292645385727,0.0008194604742851636,0.10485599085997117,-0.014827226254171036,-0.011867428795023968,0.02000762236475365,-0.00029099088832183805
34.23423423423425,0.7906474874609337,0.28144353383663817,-0.010336030741789154,-0.2155511733986523,-0.5375752785476291,-0.7070226637374613,0.1571006892448952,-0.06274941736670457,-0.19798515103908076,0.030009164137599676,-0.038204971388623984,0.0009412235423275836,-0.42264044449151106,-0.12771305533914695,-0.013008310927719757,0.0018660819200238764,-0.0467111382405759,0.0008278867877494179,0.10585008277406585,-0.015277226733540813,-0.0119857391451757,0.019759813602942482,-0.00027350011346317503
34.33433433433435,0.7922184483496398,0.2892001174976161,-0.010352313767342334,-0.21415621060802562,-0.51899869913804,-0.7138071468508902,0.15727716628772725,-0.06310458634294375,-0.20331577722933525,0.030134102692787896,-0.04164297022446074,3.122077737904849e-06,-0.4228923324432271,-0.1271687742617667,-0.012825537908015536,0.0016694237594623406,-0.04724776702907076,0.0008363323995024409,0.10684191083706418,-0.015715324132634746,-0.012095125868781396,0.01951913403775816,-0.0002563124515107046
34.43443443443443,0.7936708372736673,0.29649417622056007,-0.010300967370808656,-0.21266079596662957,-0.500778169091554,-0.7205758108873564,0.15744533404325545,-0.06344717912105487,-0.2087618942549813,0.030262100672128412,-0.04506122272825269,-0.0009314526148547664,-0.42321410190258824,-0.1266404887879191,-0.01264580483862999,0.001471226537277693,-0.047781986734245496,0.0008446927694395976,0.10783618549514273,-0.016145213704813675,-0.01219700883966501,0.019287592835689028,-0.00023945161575871144
34.53453453453454,0.7950269555002466,0.30334079486857013,-0.010194320987678526,-0.21108742902429478,-0.4829358694537033,-0.7273530974970398,0.15759602216311977,-0.06375749513062631,-0.21430888216559785,0.0303942722886118,-0.04848042657809766,-0.0018764382528586026,-0.42359622505395234,-0.12612641769251462,-0.012468136079450923,0.0012704774387865287,-0.048315660088010484,0.000853188555935635,0.10883040755446405,-0.016563800878622765,-0.012289732345843653,0.019062918756688144,-0.00022304354533595762
34.63463463463462,0.7962946226413432,0.3097427340879988,-0.010017559677878188,-0.20946074325735334,-0.46550608798183246,-0.7341100173368701,0.15777262556204671,-0.06405516643721365,-0.21996939745627125,0.03052908355029782,-0.05192370395254377,-0.0028289182636733203,-0.42402382777283554,-0.1256274407124311,-0.012294855281139322,0.0010676607830821124,-0.04884766067887135,0.0008616989797395686,0.1098226245242219,-0.016969426630225923,-0.012373654477462801,0.018845027779851194,-0.00020701482310384552
34.734734734734744,0.7974802014633604,0.31571502980444227,-0.009783992660093586,-0.20776870204674153,-0.44847337305475465,-0.7409153531150886,0.15793449885587843,-0.0643223118547639,-0.2257458020007505,0.03066477724631588,-0.05531852817063916,-0.0037816929779250254,-0.4245091947972467,-0.125144249788101,-0.012124395733406717,0.0008629817358865368,-0.049377438094357635,0.0008702283993749186,0.11081652428378819,-0.01736689800778771,-0.012450905515061495,0.018634545046244556,-0.00019137112157825663
34.83483483483486,0.7986054270897947,0.3212701749782001,-0.00950226031929272,-0.20598975365608832,-0.43181900721367966,-0.7477588123918034,0.15809328526644512,-0.06455709268567449,-0.23163213354821321,0.03080308727257895,-0.058697714462065766,-0.004735560972520406,-0.4250548548392006,-0.1246755695350279,-0.011955808679177837,0.0006552846555432111,-0.04990687578719063,0.0008789095142401285,0.11181119395596548,-0.017753163897326014,-0.012519494449483613,0.018429704891765937,-0.000176199488932383
34.93493493493493,0.7996875575631095,0.3264005414908028,-0.00915469116719603,-0.20412837657403102,-0.41556429264464423,-0.7545607323521444,0.1583055788171358,-0.06477865838814705,-0.23762797296765012,0.030943920016456728,-0.062100365367238994,-0.00570021596963082,-0.4256447251251744,-0.12422029867807668,-0.011792508137349078,0.000444549020195994,-0.05043515819924592,0.0008876299882084474,0.11280434497248806,-0.018126910628530696,-0.012579840123316723,0.018231157098089132,-0.00016146477877412372
35.03503503503503,0.8007920247053534,0.33111214051810106,-0.008768168531645776,-0.20211103105222095,-0.39966419441505197,-0.7613769376728123,0.15850393635581722,-0.06496023101255444,-0.24373015704382944,0.031086789544213855,-0.06547435229524157,-0.006664428344371726,-0.42628085667189997,-0.12377766738184051,-0.011632516619110536,0.0002309476923998046,-0.05096063476171251,0.000896457175000224,0.11379722858136943,-0.018493882241429928,-0.01263485497673741,0.01803976838354838,-0.00014720660526800966
35.13513513513512,0.8017812039840966,0.3353316393527878,-0.008336630171212712,-0.20016190667504508,-0.3842116691986682,-0.7682670465436807,0.15871586846682614,-0.06510820571106354,-0.24994555089117582,0.031230446646524468,-0.06878337710163837,-0.007563368652935448,-0.4269864488764095,-0.12335640569909372,-0.01147342628147428,1.4846001389608524e-05,-0.051491064258596585,0.000905519387996164,0.11479298460435183,-0.01884800463191457,-0.012681424412264358,0.017851057663693885,-0.0001333551019050023
35.23523523523524,0.8026816656779061,0.3390544571281458,-0.007860011385101104,-0.19827978885167585,-0.36917920083649897,-0.7752378962426102,0.1589559389180023,-0.06522501504023923,-0.25627834990686577,0.03137295762135223,-0.07204018598455167,-0.008416835633677884,-0.4277432673920993,-0.1229547654057886,-0.011317688334080239,-0.0002044195583259741,-0.052025721674369994,0.0009147719211329055,0.11579063062303949,-0.019188617937348988,-0.01271990601986625,0.017665234246836352,-0.00011991474154747751
35.33533533533535,0.8030466654793947,0.34208716886643614,-0.007384670346129128,-0.19698416926466059,-0.35501105544691686,-0.7822165385869384,0.15916187955616581,-0.06528316836029367,-0.26268505073075554,0.03151881106041417,-0.0751012473042019,-0.009144293993483401,-0.4285595878439832,-0.12258338181315813,-0.011162854765541328,-0.0004253440540008998,-0.05256761215997833,0.0009243948206473257,0.11679219027376223,-0.01951541573992966,-0.012751336164217341,0.017480057169163114,-0.00010683790906649247
35.43543543543545,0.8039545181724597,0.34492406273674536,-0.006853775849237122,-0.1948312291504097,-0.3407065240448083,-0.7891155930989123,0.15944137992016802,-0.06533075136223968,-0.26921357790269085,0.031666774719453346,-0.07834673620820597,-0.009953973013304617,-0.4294180288254963,-0.12220675926117182,-0.011014282380478226,-0.000651605774381108,-0.05309901954880023,0.0009339222256498228,0.11778797463974808,-0.019839345294844973,-0.01277799449413219,0.017305408113889354,-9.441269359383278e-05
35.53553553553553,0.8053785069966309,0.3475211525886269,-0.006276728252674809,-0.1919343971400273,-0.32629708513011624,-0.7960376404390158,0.15976223580783566,-0.0653558953884024,-0.2758699643904814,0.03181376000677124,-0.08172494764918832,-0.010840096233715575,-0.43030935588725744,-0.12182850857857323,-0.010872025999687469,-0.0008836832857922283,-0.053621768041962795,0.0009434511945506246,0.11878007257109627,-0.020160402887451086,-0.01280012244205147,0.01713993103043128,-8.264513455786846e-05
35.63563563563564,0.8069017351763123,0.3495386224926639,-0.005633021975608705,-0.18892559320751837,-0.3121725080188393,-0.8030889036012343,0.1600947839171753,-0.06533676889933078,-0.2826544250592337,0.03195805538148928,-0.08504713807226527,-0.011638145241187944,-0.4312591255376999,-0.12147140089552144,-0.010734195638684291,-0.001119192660973598,-0.05414890066304645,0.000953258422720291,0.1197766836508937,-0.02047242942746902,-0.012817546206572527,0.016978502817408064,-7.142070844401182e-05
35.73573573573576,0.8086392839862455,0.35116051715897206,-0.004935254181419937,-0.18562248932940167,-0.2982333376805687,-0.8102650852765377,0.16047095209548257,-0.06528421210687635,-0.2895790069053074,0.03209791004526199,-0.08838926622031683,-0.0124019026480054,-0.43226450544517575,-0.12112541387056959,-0.010600728902764029,-0.0013583405944673588,-0.054674642810631245,0.0009631136934737754,0.12077268707076923,-0.020776813988300266,-0.0128297874329612,0.01682234515343675,-6.071075355146859e-05
35.835835835835844,0.8104998380572497,0.3523737040101859,-0.004180578450527454,-0.18211145496951936,-0.2845161284281642,-0.8175079554665471,0.16086145881813788,-0.06519670611876403,-0.2966105497846028,0.03223605362707675,-0.09172407714491462,-0.013132118710651564,-0.4333169769952499,-0.12079269291651992,-0.010470887624586641,-0.0016016236172972994,-0.05520031016499617,0.000973192824583499,0.12176985345586484,-0.02107385694104382,-0.012836685810531314,0.016670212283394874,-5.0526575311429705e-05
35.935935935935944,0.8126456432824675,0.353035856744569,-0.0033431735818277865,-0.17828609417115687,-0.27096426739415136,-0.824888831036773,0.16128791603521148,-0.06507029322048956,-0.30378375969754234,0.03236921745713557,-0.09505528115736937,-0.013787840321354789,-0.4344308029754802,-0.12047717146303634,-0.010346028162844589,-0.0018482301925095098,-0.05572835842875985,0.00098350060668106,0.12277016196983064,-0.021364445529661963,-0.012840312175432411,0.016523877037034725,-4.099655650819496e-05
36.03603603603602,0.8150794459788925,0.3532697707686505,-0.0024622159839770555,-0.1741456566545109,-0.25754698422363564,-0.8324057311640424,0.1617445705842114,-0.06490232881593229,-0.31109101918099824,0.03249706771303622,-0.0983985354953067,-0.014396674354419617,-0.43559311228551384,-0.12017420505607931,-0.010225484518110783,-0.002098097496398647,-0.05625671877965731,0.0009938645407882407,0.12376922907329486,-0.021648645166054827,-0.012839920720589922,0.016382071495692173,-3.1973118800326896e-05
36.13613613613613,0.8176525889650017,0.3530808397465221,-0.001530014436673266,-0.16982413860328494,-0.2443734882704247,-0.8400530935220771,0.16221662279420665,-0.06469945165895771,-0.3185163089193225,0.03262038444938793,-0.10172171735522781,-0.014952488344613001,-0.4368023081034732,-0.11988574395170311,-0.010108104004931598,-0.002351955238458041,-0.05678544835173667,0.001004498645480813,0.124768838138188,-0.02192559845945429,-0.012834748385138373,0.016244074791327914,-2.348350277790584e-05
36.23623623623625,0.8205583839857246,0.35241987469436553,-0.0005724371444288487,-0.16517531949111325,-0.2313492157561769,-0.8478891363295636,0.16272854882145976,-0.06445671414576197,-0.3260922932752718,0.032735144592493305,-0.10504550617057666,-0.01544395774200914,-0.4380649044262734,-0.11961194403454127,-0.009994526734161565,-0.0026082173478206216,-0.05731602354224785,0.001015341737196302,0.12576898697094854,-0.022195577656413605,-0.01282599147811484,0.016110900023733485,-1.5634713633824953e-05
36.336336336336345,0.8237552787864635,0.35104603363352516,0.0008447670665609863,-0.1603092039883232,-0.21861186795617593,-0.8559438802150849,0.16328834337441903,-0.06417815299257672,-0.3338160993300874,0.032841018243176846,-0.1083319764788218,-0.015856375886623718,-0.4394388461868005,-0.11937037886518709,-0.00988372434338002,-0.0028657412837458825,-0.057850689041972214,0.0010263223951634118,0.12678356534781673,-0.022472772111621853,-0.012822326937974804,0.015986383733571117,-8.453012459683066e-06
36.436436436436445,0.8272657121054253,0.34929371126523484,0.002318460744437209,-0.15519309934569875,-0.20608584094573587,-0.8641852818649397,0.163877577750932,-0.06387389759164386,-0.3416757227684753,0.032939570245136704,-0.11160599356451369,-0.016220388266268832,-0.4408619474026255,-0.11914322459285862,-0.009774848055249488,-0.0031266871124706317,-0.05838636410756137,0.0010375976085322985,0.12779817579356978,-0.022745360158033114,-0.01281560455792082,0.015865489430856826,-1.7993708171889946e-06
36.53653653653653,0.8318705365309447,0.346846081597733,0.0034866833471174272,-0.14909682792587658,-0.19283502376816325,-0.8729055539059933,0.164322980327319,-0.06348327045840645,-0.34976182605905004,0.033022558555031375,-0.11491124508671666,-0.01634800962317523,-0.4423132999035163,-0.11893791821321205,-0.009661870680880877,-0.0033883667102292125,-0.05894089819232975,0.001049633932310301,0.12881187122177382,-0.02300187341165765,-0.01280011499638371,0.015742350230650317,4.497205288101576e-06
36.636636636636624,0.8366380066127668,0.344094396962752,0.004467900175941374,-0.14296778932317397,-0.18001502841303943,-0.8817847349454135,0.164776379747296,-0.0630564457322909,-0.3579762467658239,0.033097138755204744,-0.11814434583878242,-0.016451588297735187,-0.44378624371861247,-0.11874360404056752,-0.00955245242816465,-0.0036533425047313517,-0.05949158912074513,0.001061591894343906,0.1298134422197094,-0.02324893501402301,-0.01277900613265267,0.015622175916229327,1.0331170776208845e-05
36.73673673673676,0.8411091480011162,0.34150563324815625,0.005228468090265446,-0.13726252597948232,-0.16825220451166667,-0.8906052664015635,0.1653667786601118,-0.06263734896080732,-0.36625737347938025,0.0331676975012544,-0.12131199926411014,-0.01667882505811725,-0.44524902248748494,-0.11854112933829933,-0.009450270996105242,-0.003923608714418771,-0.060023227001587375,0.0010731797837304983,0.1307922169360135,-0.023487563914496117,-0.012751298100996317,0.015506075432170818,1.5623116523061202e-05
36.83683683683684,0.8460016603523212,0.3386155549291826,0.00600918069638204,-0.1312219089822385,-0.15665506417665603,-0.8996294497751943,0.16599141513293972,-0.06218375170625419,-0.374678747405659,0.033226300441255546,-0.12447926004659353,-0.016861392208296844,-0.4467390450759165,-0.11835361103228767,-0.009348419594047627,-0.004194432768499355,-0.06055683769026735,0.0010849349813314975,0.1317679096853657,-0.023724299776876442,-0.01272274651988749,0.015392776847433945,2.0354731205141065e-05
36.93693693693694,0.8511937724784705,0.3353761244755975,0.006722002809715993,-0.12503031256702302,-0.1452533210368286,-0.9089062674266548,0.1666233905164287,-0.061699744996762194,-0.38324035991476696,0.033273138243559,-0.12758692003606437,-0.016971768934015904,-0.448274575067265,-0.11818564000760282,-0.009245287726912353,-0.0044657413262573845,-0.06109375448860614,0.0010967886727171168,0.132740235247651,-0.023955994559934735,-0.0126919700586198,0.015280238063324628,2.4680296136996656e-05
37.037037037037045,0.8561398595577506,0.33132897129168426,0.007385045946627334,-0.11909690244600449,-0.13410957424903577,-0.9183877723554709,0.16716204523702666,-0.06115069423802481,-0.39189326247190864,0.03330952857509222,-0.13052089693829202,-0.016831089051561464,-0.44987904129184775,-0.11805810778376971,-0.009144702247612675,-0.004738234533003372,-0.06164324003450907,0.0011090163813826579,0.13371372586306512,-0.02417701346781635,-0.012659322905937034,0.015167550050324158,2.861638642166869e-05
37.137137137137124,0.8599649336366492,0.3258033704396145,0.00795682768894195,-0.1142521381945976,-0.12352040797185362,-0.9281097585835145,0.16743607358160303,-0.060462608063448976,-0.4005997209908396,0.033335183815354316,-0.13303973622994839,-0.016165972028014803,-0.4515844116753889,-0.11801415350317139,-0.009047429780827256,-0.005008382725685985,-0.062223903706370945,0.0011218041375716577,0.13469249137112227,-0.024377655961381715,-0.012625447404959947,0.015049436093757529,3.228477642673026e-05
37.23723723723726,0.8657164612312535,0.3214413460513031,0.008623807855382849,-0.10792191486006128,-0.11285493512218144,-0.9381652491351694,0.1680886559246549,-0.059894649611226126,-0.4095591798417092,0.033340710981577835,-0.13592043979450757,-0.01599525398385846,-0.4532582119257211,-0.11791537233502818,-0.008939346374494454,-0.005280131881710613,-0.06277449688336519,0.0011340949070099365,0.13566115870136738,-0.024597813852807706,-0.012590756739452919,0.014939162764685704,3.5364615358390155e-05
37.33733733733733,0.8720076782733235,0.31684712140727217,0.009594282202951377,-0.10134372469201366,-0.10226701278428885,-0.9485084257309229,0.16885626953019167,-0.05934417646094655,-0.41865595474781336,0.033329435914505975,-0.13876579940883102,-0.015797612760581996,-0.4550056716599758,-0.11783697560652875,-0.008826069178301688,-0.0055530861154986354,-0.06333050553285532,0.0011465308215178624,0.1366420514563874,-0.024826879464232673,-0.012559278650698896,0.014831363040467015,3.801393506785509e-05
37.43743743743744,0.8784721929147166,0.3096942438250359,0.00982321432701867,-0.09516507629077522,-0.09203956217754541,-0.9598344990134642,0.16925946997645697,-0.05868996531882169,-0.4280730538797254,0.033288769101142666,-0.1410716296974071,-0.014487242270337108,-0.4570555710552676,-0.11794415232433222,-0.008604275249266593,-0.00577631231556729,-0.063962582188865,0.00116073268625662,0.13762680145265957,-0.02503582393693688,-0.012527463318232476,0.014711453309276534,4.072661812269646e-05
37.537537537537546,0.8853380255182952,0.30228216434441485,0.009702004198375809,-0.08878037455435499,-0.08192525717629628,-0.9714673254287256,0.16962582833700415,-0.058001539861208165,-0.4376371010320784,0.03323173265710598,-0.1433253319311175,-0.013048738767830803,-0.45912798753804784,-0.11807186799722835,-0.008373495159811697,-0.005994844868273288,-0.0645975861025521,0.001174979441870078,0.13859745649425934,-0.025235150919242028,-0.012490943783838278,0.014589575896843936,4.312893662202382e-05
37.63763763763762,0.8926616145510737,0.2972115766678424,0.009610077380634933,-0.08143233396407332,-0.07193190203464857,-0.9824437612114616,0.17025338220620773,-0.05734192002667164,-0.4471178224505808,0.03317758191164634,-0.14612434411660385,-0.01269443616177054,-0.46084918931888874,-0.11801959148302958,-0.008269864705290456,-0.006269227687917237,-0.06513429823711296,0.001187048100721893,0.13952236943623314,-0.025449438130363034,-0.012452987273844748,0.014485159269710574,4.451719700886238e-05
37.73773773773775,0.900665839205996,0.29260390870023417,0.009720029338948792,-0.07365459300409707,-0.06236825260944569,-0.9936758451666275,0.17108189850284544,-0.05675027905090059,-0.456762744124618,0.03310472328363995,-0.14898871064289168,-0.012572114146732307,-0.4625637327868037,-0.11795561250866168,-0.008158872726451744,-0.00654121092884386,-0.06565193828067682,0.001198658982464618,0.14044287508428174,-0.025675714533911598,-0.01241696244803748,0.01438298352161049,4.5608518575268706e-05
37.83783783783783,0.9091374748317023,0.2882189306608212,0.009956596589695804,-0.06562001448422757,-0.053159895324171445,-1.005137912869365,0.17206272426486874,-0.056201185789464134,-0.46654084815286734,0.0330146852935356,-0.15188612719338218,-0.012566541266429056,-0.46429376981312415,-0.11789005050577014,-0.008039776561533585,-0.006809242515351863,-0.06615788818735338,0.0012100279452124962,0.14135874710715993,-0.025906934795329066,-0.012380472036128045,0.014281682228788884,4.641583736232623e-05
37.93793793793794,0.9179671742564919,0.28372993988107365,0.010102565367860982,-0.0574031556296171,-0.0441039939653712,-1.0167709254434074,0.1730750785530983,-0.05565633341760401,-0.4764116397952803,0.03290779302890755,-0.15473961060050626,-0.012514273996256894,-0.4660261605817647,-0.11783689781395393,-0.007913033489600369,-0.0070726595506527615,-0.06666009089875297,0.0012213452069525393,0.1422623867666896,-0.026141117979917,-0.012345148706815226,0.014178983378815296,4.690475587374893e-05
38.03803803803804,0.9270519438694483,0.2790534116290927,0.01027823364092696,-0.049104732701790034,-0.035335951158259354,-1.0286016413799248,0.17410171033256744,-0.055113351508847254,-0.4863890681459312,0.032783402851976506,-0.15754006891580538,-0.012403398850057094,-0.46777832917121503,-0.11780339682224503,-0.0077797497667893385,-0.0073304743975744074,-0.06715634600180095,0.0012323516801579372,0.14315882872416014,-0.026380392102366985,-0.01231234241381687,0.014075749782141034,4.716849213192158e-05
38.13813813813812,0.9357861300870824,0.2731471020091376,0.010803665326495822,-0.04120034105924383,-0.026797869695190168,-1.0406748017982617,0.17493947809498697,-0.05449742914549144,-0.49644189277935674,0.03264408976227202,-0.16012887693971314,-0.01186357619428657,-0.46968051305072916,-0.11785159405309473,-0.007642684783471927,-0.007580581304012471,-0.06766924441616921,0.001243511970450002,0.1440702481719712,-0.02662763794278185,-0.012290859092324694,0.013972524981785117,4.707333547019061e-05
38.23823823823825,0.9443115056904448,0.2654911686230112,0.011451017935513447,-0.0335626873913626,-0.018140206836645092,-1.0535897341627913,0.17539680782087813,-0.05378986538992279,-0.5067481923525865,0.03247058317152536,-0.16237220357176504,-0.010750528827459955,-0.47174667102965584,-0.11799588164479786,-0.007476064587658431,-0.007811787712218687,-0.06820551083838818,0.0012552646905329716,0.14499585106640586,-0.026875695427282777,-0.012276114807004005,0.013866715313118621,4.6763759899608434e-05
38.338338338338346,0.9563833472878931,0.25534650133271236,0.010135024042725399,-0.02406536012654965,-0.005909295481883316,-1.0695233029321005,0.17530577596511573,-0.0530098936164269,-0.5179092233523889,0.03221395357859996,-0.16405243911492703,-0.008114253986007434,-0.474023192036135,-0.11835442430278217,-0.007066243687432566,-0.007928088411736124,-0.0688838530471316,0.0012708328345937066,0.14589225630137082,-0.027054029288662646,-0.012234670018837641,0.013685022525064627,4.872536226744984e-05
38.43843843843843,0.9667914896319338,0.24522708689540237,0.008874877821425401,-0.01588769686114912,0.004059477241206021,-1.084693650297893,0.17531909776959126,-0.052260298964024954,-0.5289336314998756,0.03196035389489081,-0.1657926089381696,-0.005854605033563753,-0.4762753665397047,-0.11866654190806777,-0.006723911921740031,-0.008065237847204348,-0.06949947739661402,0.0012846354098888777,0.14677121012685396,-0.027253734194710732,-0.012198322968857015,0.013531790047936976,4.980840355526731e-05
38.53853853853853,0.9721235480393844,0.23648833953816012,0.009750812070456905,-0.012307778469213576,0.007270621065557521,-1.0976272751996818,0.17587320034898385,-0.0516715815647671,-0.5394033825668304,0.031739313098637575,-0.16719833193519926,-0.004697083933869262,-0.4785404142565353,-0.11885915174052349,-0.006536418501527174,-0.008274073662188018,-0.06994969675981856,0.0012941585195357936,0.14766866043317903,-0.027523131769257185,-0.012178404265671764,0.013439877336885852,4.9030875589597534e-05
38.638638638638625,0.9792987454627659,0.22928771111139482,0.010256012795852856,-0.007023850215043601,0.0113905474165169,-1.1105766094970444,0.17666934891018574,-0.05116968816739735,-0.5499330877406053,0.031506092344209015,-0.16905047761219086,-0.004038964922885313,-0.48058191932535693,-0.11899442375502547,-0.006357621415573745,-0.008486679343369679,-0.07037646322306453,0.0013026423506792555,0.14851660776105752,-0.027786802463649524,-0.012151277417330101,0.013343251255717985,4.810959924506996e-05
38.738738738738746,0.9862802253752223,0.2219097046109435,0.010177079544207737,-0.001861796922157069,0.015377383772519848,-1.1237897341121073,0.17738274510909183,-0.05066556448769305,-0.5605635228706247,0.03125216245958771,-0.17088106916103796,-0.0033970605719080282,-0.4825342513633494,-0.11913677498826611,-0.006173118554899741,-0.008689031895732623,-0.07079694380776749,0.001310889105928186,0.1493249388734011,-0.02803233860515646,-0.012117906229651778,0.013240256705509098,4.729106616785673e-05
38.83883883883885,0.9930739822371093,0.2143853458597854,0.009417522546263875,0.002916028162370188,0.018961770216525592,-1.1371554550470413,0.17802683329290409,-0.050149159164866355,-0.5712289679361227,0.030977213375188488,-0.1726391548428911,-0.002671032925770389,-0.4843925398540116,-0.1192871027287155,-0.005966812444975983,-0.008875670348414171,-0.07120832203371955,0.0013188829579394627,0.15009729106127262,-0.02825261733402038,-0.012074202295140547,0.013129944167103664,4.65785758265941e-05
38.93893893893893,1.0000391545088352,0.20687491552470774,0.011092351378866482,0.008032619485112935,0.022041278210310412,-1.1507224563981562,0.17908086432657885,-0.04982075123849673,-0.5820167256259735,0.030678048842426402,-0.1743521413002976,-0.0021007432638586896,-0.48654700866370015,-0.1194969239671353,-0.005764624644053108,-0.00905880082133467,-0.0716080832955083,0.001326010741909476,0.15093999278034478,-0.028544480210760337,-0.012060114982934042,0.013039812112007592,4.497636395333083e-05
39.03903903903903,1.0071270905932392,0.19979663367345865,0.012697665456234805,0.012942039083331214,0.024468782134393918,-1.164345334923952,0.18020357743171483,-0.04954637523409563,-0.5928478005045126,0.03035991562477334,-0.17599074054072783,-0.0016454082177734294,-0.48864395159897267,-0.11970440144695069,-0.005551898071216628,-0.009232620281257783,-0.07199137805156801,0.001332566514180344,0.15175403640701615,-0.028845002565415105,-0.012047454725948079,0.012943565564529585,4.347254845461756e-05
39.13913913913912,1.014335674647397,0.19271599948549242,0.014639358072729935,0.01778251447147334,0.02652764627268797,-1.1781400773599127,0.18136538589688583,-0.04931224566585231,-0.6037426304804381,0.03001881401919157,-0.1775877361564909,-0.0012077948085933918,-0.4907747978768082,-0.11992956934381746,-0.005323389458554537,-0.009390404091339826,-0.07236365895929439,0.0013385546946967578,0.15256179333266576,-0.02916105889129498,-0.012044175030122783,0.012846747463911918,4.180620444253702e-05
39.23923923923924,1.0215013747034623,0.1856894282076907,0.016091167708353914,0.022386910485574087,0.028249913781811842,-1.1920903039200064,0.1824787079280787,-0.04910887210667968,-0.6147026097329573,0.02965651096133526,-0.17910827271416147,-0.0007723126014505269,-0.49282787547948914,-0.120157579053523,-0.005077612585067665,-0.009534828104434255,-0.07272350922328964,0.001343912882838113,0.15333244161575,-0.029467343135358703,-0.012034803101071426,0.012742500849426058,4.028991589639037e-05
39.33933933933935,1.0271413746693256,0.17769908787182903,0.01621637928945642,0.025322958418373176,0.02886499970478353,-1.205950264532849,0.18319752945848153,-0.048840728656383774,-0.6256159651968933,0.02927848155821437,-0.1802634519955475,-3.3276120714198496e-05,-0.4947625170604928,-0.12040789528994714,-0.0048003351111711,-0.009654026408183178,-0.07308631741916408,0.001349336277791377,0.1540495906426294,-0.029740523417484843,-0.01201174446312325,0.012621309312522594,3.936214174519468e-05
39.439439439439425,1.0330990502006643,0.17012055930590303,0.016394446795221267,0.028505671034973902,0.029433147263911153,-1.2198089024322107,0.18396715253873014,-0.048618294152744,-0.6365297754935075,0.028881649392867803,-0.18147656529973963,0.0005565850327416425,-0.49665219720121245,-0.12065879774538957,-0.004512426696553244,-0.009761416012512347,-0.07343116227934936,0.0013538291252528582,0.15474914217296604,-0.03002196030663653,-0.01198974914094434,0.012497026011570392,3.848741005882897e-05
39.539539539539525,1.0398714061463266,0.16309953054488965,0.01678997279910038,0.032225248096814985,0.030076170574614168,-1.2336559891788377,0.18488244347351768,-0.04848103958476606,-0.6474493380714257,0.02846754929403373,-0.1827734558024367,0.0010604618609240362,-0.49851464127224554,-0.1209100247875347,-0.004214770014838233,-0.009861089079763626,-0.07375168015540311,0.0013573123889162196,0.15542921598614262,-0.030314773339978195,-0.011967935254801679,0.012370368739538468,3.769760081983322e-05
39.63963963963964,1.0459677160828993,0.15520497956748122,0.01749482045769149,0.03503884390483207,0.02992258946081683,-1.2474786934760502,0.18567655917486586,-0.048351142094331716,-0.6583204071009318,0.02803335961562553,-0.18379741345931297,0.0019351562777666933,-0.5004568179172526,-0.121212355491557,-0.003897657300708973,-0.009941767404713416,-0.07405975632308866,0.0013602149411250754,0.15610779461486604,-0.030614419515610607,-0.01194786789306215,0.012240090413717902,3.717431969736758e-05
39.739739739739754,1.0529458184330456,0.14849408176262893,0.017774814538449833,0.03894416671963401,0.030477991641718993,-1.2611890692745595,0.18660810069839504,-0.04829473065141396,-0.669169407555725,0.02758142052581094,-0.1851504725724161,0.002270951839258119,-0.5022031641470608,-0.12147256415557783,-0.0035735561059162765,-0.01001093970172754,-0.0743557348479004,0.0013622642217202816,0.15674372663799466,-0.030918103324732958,-0.011928260172533503,0.012106059876182672,3.661634978849212e-05
39.83983983983985,1.060131585929223,0.14171436042640387,0.019007654380170363,0.043272557739821395,0.03122586511350755,-1.2748954804131407,0.18768735444585255,-0.04833075591541819,-0.6800048684831285,0.027108042220057367,-0.1865575238248972,0.002533325435459109,-0.5040378598789093,-0.12176308205227071,-0.0032320399400651333,-0.010063510763843056,-0.07464275948941752,0.001363736200413451,0.15739303362885343,-0.03124879993310683,-0.011919946819686677,0.011976850627646298,3.587405386975506e-05
39.93993993993995,1.0659399968403225,0.13370073883258224,0.02134805975238529,0.0466984927620816,0.031510911913893755,-1.2882909984070072,0.1887380592180073,-0.04841458449688486,-0.690705621523319,0.026618559786127854,-0.1877534779584213,0.00307693040629906,-0.506064630143402,-0.12212710652947863,-0.002867018887824678,-0.010090676438604366,-0.07493579887746923,0.0013650052665888943,0.15807937768908115,-0.031603648334531116,-0.011925979912733996,0.011853447416225,3.49531675364548e-05
40.04004004004002,1.0713876395719315,0.1260808047346072,0.021175465524583513,0.04936855560850162,0.03145032353820108,-1.3014798040408098,0.18942287707050903,-0.04845147264711384,-0.701326481117202,0.026115017942012257,-0.18885980339297329,0.0035657004512475833,-0.5077211657797471,-0.12243921563201025,-0.0024895306589613974,-0.010101289179809927,-0.07521602318596919,0.0013655720047514378,0.15865434877918524,-0.03190486988137638,-0.011905927143287483,0.011703014079551337,3.4990863460545166e-05
40.14014014014013,1.0787655242605367,0.1198373964069932,0.021255435734080348,0.05370777754842236,0.03219451007760181,-1.3146328244589987,0.19036158084941554,-0.04859164137106489,-0.7119283130241498,0.025594756503333666,-0.19031770822893596,0.0036248080587546498,-0.5092373706916598,-0.12271731029983601,-0.0021057158833994853,-0.010104895695548816,-0.07546814015435907,0.0013650472918810522,0.15919938931311975,-0.03222336479369984,-0.01188644221161353,0.011548566874905823,3.517426996514333e-05
40.240240240240254,1.0869578987983952,0.11322862204386722,0.021387476996553377,0.058733681402959384,0.033884514525664454,-1.327925219417158,0.19123041957987633,-0.04875383684649923,-0.7225229526442034,0.02504821977247182,-0.19184784197933805,0.003912092425091536,-0.5107264238093905,-0.12301413579828928,-0.001709754536287861,-0.01009258764929411,-0.07571966723506496,0.0013640393788743334,0.15973324008652684,-0.03254478256207128,-0.011868605809756865,0.011389981863695213,3.559709307017359e-05
40.34034034034034,1.0949264207531537,0.10711152674471873,0.02150603078592354,0.06358302006380534,0.035096606729149486,-1.3408643302844114,0.1921323422780844,-0.04896687075816721,-0.7329755028272763,0.024488058861638455,-0.19336975589352223,0.0039408804305888665,-0.5121176038728779,-0.12330286221024904,-0.0013012480500101918,-0.010063338224676801,-0.07594660994408706,0.001361933407225026,0.16023522089131054,-0.03287397482557365,-0.011851887479562105,0.011229083743230932,3.612630778208239e-05
40.44044044044045,1.1024877566900766,0.1013318801466058,0.02156830745191956,0.06813576139226973,0.03585373223580786,-1.3534557506583353,0.19306707169008613,-0.04924478378945936,-0.7432829211528252,0.0239126110573206,-0.19485926778565327,0.0037586005339867224,-0.5134063757937324,-0.1235861952672483,-0.0008756537542723923,-0.01001496093313949,-0.0761542852259254,0.0013590827409857942,0.16070574442035443,-0.03320573127647751,-0.011834128485027216,0.011062180074626315,3.6895535853131166e-05
40.540540540540526,1.110143476862039,0.09571699712541816,0.0216035810290044,0.0727687056360439,0.03666159647093899,-1.365851638358195,0.19398915993191707,-0.04956168997283085,-0.7534762941247611,0.02331756033274125,-0.19637162501879218,0.0035057647418620776,-0.5145978777426181,-0.1238673431996528,-0.00043995590797163696,-0.009949126696510432,-0.07634548533447845,0.0013553685084117502,0.16114956608782008,-0.03353998888643763,-0.011817976334772488,0.010893337024659017,3.77670571793572e-05
40.640640640640626,1.1179187630366456,0.09022288827105905,0.021618217085168694,0.07749795411788257,0.037541271374307614,-1.3780576557262376,0.19486400624946237,-0.04990639160898867,-0.763558071729021,0.022703653982298917,-0.19786641165119187,0.0031793328103812885,-0.5157141508650146,-0.12415209877076006,8.932846450879564e-06,-0.009865478658023763,-0.07652280577714396,0.0013508844315267953,0.16156629400588948,-0.03388006934966621,-0.01180235709379544,0.010720778459388045,3.887034173104436e-05
40.740740740740755,1.1257856991732174,0.08480850339840777,0.02160373182704098,0.08229498164178115,0.03845352777104451,-1.39008630111011,0.19572966008462178,-0.0502999814921003,-0.7735378166562602,0.022070891233590254,-0.19934445765494177,0.0027662169585099205,-0.5167543978798131,-0.12443745673956794,0.00047261701778157433,-0.00976374959188099,-0.07668767967877979,0.0013457522412479814,0.16195746082865506,-0.03422429845609417,-0.011787178139121786,0.010543299784824413,4.022861434905137e-05
40.84084084084083,1.1336371350022878,0.07958427237538675,0.02155120294812616,0.08708025894232899,0.03937077870123557,-1.4018406169279949,0.19656423786248572,-0.05072752619158889,-0.7833599211277447,0.021419604679000205,-0.2008023364650696,0.0022697035358515334,-0.5176969173720669,-0.12472003272243468,0.0009452175917847968,-0.00964423599553858,-0.07683424620661405,0.001339721762182134,0.1623211144200642,-0.034570641287132026,-0.011773017511988563,0.01036318852235846,4.174942109301282e-05
40.94094094094094,1.141512281597401,0.07449642438241588,0.02146642325106039,0.09187945262651971,0.040304581133216985,-1.413347634618363,0.1973393862593325,-0.051173700924033026,-0.7930389794093317,0.020749832008274974,-0.2022029344169504,0.0016984387499193927,-0.5185602611444736,-0.12500518208788058,0.001429476858668614,-0.009507104820254764,-0.07696580458971261,0.001332982026757984,0.1626557875017361,-0.03492239754471367,-0.011758952009173497,0.01017934626307331,4.3537488314856785e-05
41.04104104104103,1.1483744047682538,0.0694733707632376,0.02103588221269757,0.09587490347990142,0.04093284516612765,-1.424534831370312,0.1979911231881101,-0.05163189689892732,-0.8025398645289865,0.020065576579222845,-0.20338043875296696,0.001100822786657471,-0.5193014074974599,-0.12529058560987005,0.0019313152142747254,-0.00934971704870494,-0.07708123944519613,0.0013255919899039827,0.16295624025740282,-0.035258736465681235,-0.011738378434773374,0.009982929194613408,4.584209033595299e-05
41.14114114114115,1.1535820718535743,0.0645613488692128,0.02011405954187223,0.09859177818937243,0.041091638553221926,-1.4351947591098708,0.19842455169996842,-0.052074455070091695,-0.8117470310426945,0.01936784132657713,-0.20423398264079418,0.0005060682964524527,-0.5198748765611287,-0.1255768761667828,0.002450600351002647,-0.009168792552696875,-0.07717464623369527,0.0013174655845030008,0.16321370100032584,-0.03557040454875878,-0.011707964877933668,0.00977049533508756,4.8786506293236316e-05
41.24124124124126,1.1613314448638739,0.060108185902063994,0.019857102338997547,0.10324008305734989,0.04192008703392454,-1.4454899990170564,0.1990908823336299,-0.05260198261356332,-0.8208192505129901,0.018653279362886636,-0.20549706811347326,-0.00037518689233661807,-0.5204378382231413,-0.12584762155491408,0.0029668655232437786,-0.00897857048231149,-0.07725867870256908,0.0013085684541698753,0.1634568901536336,-0.0359304276790104,-0.011694546722891101,0.009572232439400957,5.135842986539669e-05
41.341341341341334,1.169010047498253,0.055763367242551334,0.01957296989993627,0.1078436041421984,0.04273385928792976,-1.45527831753571,0.19972171560802876,-0.053151690482686476,-0.8296618436374519,0.017927827568143605,-0.20672277391448596,-0.0013455246522979859,-0.5209142532037878,-0.12611473637208825,0.0034946835581194822,-0.008771209479085046,-0.07733001265409627,0.0012989833677242199,0.16367254739857878,-0.03629283501041588,-0.011682287942845163,0.009369376689780653,5.4161137071289464e-05
41.441441441441434,1.176107514705975,0.05121502370405342,0.01925948532384637,0.11196592658614493,0.043421753783517154,-1.4645761069760181,0.2002016368900254,-0.05369402804861993,-0.8382290834341719,0.01718627931694849,-0.20776759332920736,-0.0023051607573855134,-0.5213119068006259,-0.1263947248126986,0.004034257612183376,-0.008543128168470481,-0.0773833424934621,0.0012886755247466645,0.16385935906802987,-0.03665477580651805,-0.011669725791586698,0.009161770992807145,5.728131594387605e-05
41.54154154154153,1.1810173060749862,0.04630959701524889,0.018557936835165212,0.11424021239005851,0.043389707673470834,-1.473354355980786,0.20037214395484143,-0.054181053586628905,-0.8464813694365814,0.016432707999084493,-0.20829021280405846,-0.0031120961697288785,-0.5216222397754376,-0.12670215842920154,0.0045909709182668955,-0.008293234821706418,-0.07741515004499236,0.0012778193837227616,0.1640111604037248,-0.03698805343599286,-0.011645379758279987,0.008940681563390666,6.112565131128025e-05
41.64164164164164,1.1856493124739393,0.04183559659202777,0.01754742262899305,0.11614881639678658,0.04315277042594392,-1.482129893466145,0.20047251042771283,-0.05467635636368464,-0.8546566286976468,0.015656414207136895,-0.20859721946762763,-0.0040709093319967055,-0.5217893466340555,-0.12699526743337786,0.005155258126930529,-0.008027798953653641,-0.07742563344962201,0.0012661778018825415,0.1641220082762152,-0.03730906313006094,-0.01161515592089388,0.008712012048962313,6.533556748231293e-05
41.741741741741755,1.1939864146281656,0.038213300792222085,0.01705128576404081,0.12079030836969817,0.04378823792183661,-1.4911577459872745,0.2008507102516892,-0.05527068604631842,-0.8629299147926913,0.014850426697557309,-0.2093730507849477,-0.00548138320382086,-0.5218759311500144,-0.12723960926210182,0.005703300717216456,-0.007757950776536629,-0.07742239206017314,0.0012537094499599547,0.16420641421026613,-0.037690021447323536,-0.01160722082941241,0.008500763485984848,6.892542710370503e-05
41.841841841841855,1.2020730337062284,0.034575993859969324,0.01652693958002626,0.1252005614559174,0.04434910259649018,-1.499440741424384,0.20114919529916148,-0.05584892656919024,-0.8708503979967995,0.014039289432110988,-0.2100489189260645,-0.0069008208817980836,-0.5218788144939784,-0.12748117303623469,0.006255619197570589,-0.00747408380234698,-0.07740858754759768,0.0012409013320777251,0.1642599485561888,-0.03807159424753251,-0.011600273747456936,0.008286102498594525,7.275208031881991e-05
41.941941941941934,1.210225691144271,0.031065853673163158,0.015960156210606986,0.12959891648699842,0.04491424664864455,-1.507180725570995,0.2014186886005816,-0.05641870731817135,-0.8784970614940464,0.013217922402037669,-0.21063362628236856,-0.008391989917628748,-0.5217789801056831,-0.1277147918052497,0.006812981228892741,-0.007175715061110676,-0.07738140773243656,0.0012275060426834119,0.1642778676004389,-0.03845511066980256,-0.011594335166691703,0.00806819559670381,7.680813089503061e-05
42.04204204204204,1.218463857222342,0.027666346868560777,0.01535983352969481,0.13401236588694654,0.04552902642525988,-1.514403174797943,0.2016545576224194,-0.0569796686730923,-0.8858558392800727,0.012380935072047728,-0.21108654846314473,-0.009957453953623126,-0.5215619717963657,-0.1279364382774398,0.007373859904922583,-0.006862834117632238,-0.07733768933210028,0.001213632110044644,0.1642599698011709,-0.03884267088115156,-0.0115898950507476,0.007847169874796,8.109597296790904e-05
42.14214214214216,1.2259256215522305,0.024476323366888413,0.014475777690287638,0.13777078271945592,0.045846757223379685,-1.521164918561672,0.20171074983901813,-0.05750691765844805,-0.8929620218020677,0.011532629473851608,-0.21127076325734356,-0.011581074025427183,-0.521216433605198,-0.1281476098074356,0.007937967919208025,-0.006535914292303942,-0.07727559628495514,0.0011993808424962237,0.16420458067225036,-0.03921807832029644,-0.011581269634229325,0.007618615776942475,8.572973666036612e-05
42.24224224224225,1.2316967241425654,0.02134434222353377,0.012981179095989618,0.14016379241159876,0.04578624065102239,-1.5277152624230301,0.20150006235161722,-0.05797340593375583,-0.899876742318772,0.010665461232774103,-0.2109659255570552,-0.013173416410256447,-0.5207122373156189,-0.12835727162862143,0.008512464662355506,-0.006191753959935316,-0.07719462486427515,0.0011847545064027415,0.16409828522030961,-0.03956062320735999,-0.011559632797833702,0.007376110314175771,9.103434115009222e-05
42.34234234234235,1.2394168303258883,0.01805902142885523,0.012190427194820129,0.14413814464810842,0.046489609852762945,-1.5344170979052685,0.20125133453813432,-0.05844418195631686,-0.9067859543112975,0.009770481228565399,-0.21079608327560218,-0.014889550244364521,-0.5202308557335099,-0.1285603571127972,0.009074522441664921,-0.005842381057744516,-0.07709769471903463,0.0011694933690869981,0.16399534239670271,-0.03994566298520415,-0.011557096314984288,0.007152591302931879,9.585398839845238e-05
42.44244244244243,1.2468997352782434,0.013807935996378157,0.01170551997585798,0.1482234436035436,0.04791447734151329,-1.5409870780102672,0.2006340504105823,-0.058829185378626206,-0.9135514914185497,0.008858171346975892,-0.21042658654794683,-0.01637705301360582,-0.5197892794883991,-0.12879147607994182,0.00963752016543754,-0.005479310185785286,-0.07699402057376496,0.001154062163594584,0.16389411587919184,-0.040338755122595014,-0.011561332280610374,0.006935754015855816,0.0001006981654669807
42.542542542542535,1.254652346233538,0.010301644185586557,0.011090834181410996,0.15210885868789983,0.048586314842402945,-1.5473747408665641,0.20005974675388782,-0.059222617730284734,-0.9201844461537005,0.007929392797306433,-0.2098297285366682,-0.01811913900585283,-0.5192285282093259,-0.12899995028248812,0.010195087328036569,-0.005108838336576796,-0.07686431755235644,0.001138020600502488,0.16374931221573413,-0.04073966390051258,-0.01156683186370756,0.0067190481004742895,0.00010561748445355866
42.642642642642656,1.2626139278807933,0.00745314312586829,0.010372989560088905,0.15580496012103962,0.04859601659168707,-1.5535226566090636,0.19943402500085577,-0.05960990435422962,-0.9266548092753514,0.006983612474819466,-0.20899294052491638,-0.020112838374678515,-0.518561941018654,-0.12918253181703332,0.010744232825740678,-0.004732685481313085,-0.0767082243713606,0.0011213717714859202,0.16356725389357998,-0.04114624527100709,-0.011574465797173932,0.006504507327411721,0.0001105600354231119
42.74274274274275,1.270659310524993,0.0044964437257314785,0.00967754005082792,0.15950595369122728,0.04869486071899699,-1.559169505387898,0.19866683567760943,-0.059942707146610597,-0.9328579970141574,0.006031610152507488,-0.2079754912441277,-0.022090089147832122,-0.5178421578381858,-0.12936231681006424,0.011288958931168746,-0.004348998774797206,-0.07654318951898924,0.0011046238693995039,0.1633610091433753,-0.04155853941987031,-0.011585433739111028,0.006290571138548824,0.00011561699028290201
42.84284284284285,1.278781784580215,0.0016072721753025668,0.008965184688842134,0.16318735117925773,0.048778124885316756,-1.5640674520186657,0.19780360845080205,-0.06023345331540162,-0.9386894355683383,0.005076613385754551,-0.20679073892898425,-0.024090312615768487,-0.5170358667576156,-0.1295321412818523,0.011832524190803653,-0.003955877485180868,-0.07636805509029689,0.001087783776946965,0.16312043762981593,-0.04197611408492099,-0.011598967387576826,0.006075045481081816,0.00012084148974529394
42.942942942942956,1.2871217687868042,-0.00127647224284686,0.008253599768792256,0.1668912004444504,0.048865691786210454,-1.56919657088692,0.19670854963080633,-0.06046775910376874,-0.9444960085409436,0.004095111002892398,-0.20531752074974174,-0.026132251775820736,-0.5161815855901364,-0.12969157773834775,0.012366004983086574,-0.0035578640299297366,-0.07617305668564633,0.0010706070735710476,0.1628554325015878,-0.042395818363827956,-0.011615451582945645,0.005865954877952081,0.00012601991330603855
43.043043043043035,1.295483855457123,-0.004161074799228833,0.007544696426112064,0.17055717518263694,0.04895725905160766,-1.5743116054726476,0.19539497758965124,-0.060644648791093714,-0.9502178580707744,0.0030971135070077065,-0.20357373214833183,-0.028197942538953358,-0.5152701253920227,-0.129846248795285,0.012892329597199298,-0.003153911140747432,-0.07596156073998037,0.0010532364435953735,0.1625672093541637,-0.04281968704634589,-0.011635135946341612,0.005660206573855246,0.00013122660404243515
43.14314314314317,1.303894606629302,-0.007037575721461337,0.006836389835272028,0.17419589273826713,0.04906260826716489,-1.5794086517585277,0.19383767185637157,-0.06076933904014523,-0.9558404693138455,0.002083660203986269,-0.20156297498237144,-0.030277956885033534,-0.5143119739585496,-0.12999571043519786,0.013410382224001993,-0.0027443133937069724,-0.0757334483707538,0.0010356512387409132,0.1622577201414531,-0.043246390953274615,-0.011656984259701197,0.005458498844631991,0.00013648350797134965
43.24324324324324,1.3122784152864813,-0.00994202109352357,0.006141861171445876,0.177782256930456,0.04918263150384027,-1.5844103585347942,0.19199378011641305,-0.060825479129424834,-0.9613385141891648,0.0010552955486426343,-0.1992583155454352,-0.0323833853056341,-0.5133263501833348,-0.1301380946036866,0.013918468436290393,-0.0023312330103367617,-0.07548939524651851,0.0010180177657535354,0.16193053946427577,-0.04367703159802321,-0.011682971955924193,0.005262315898096919,0.00014165053763633663
43.34334334334335,1.3206259700569265,-0.01284606795898631,0.005451626587399631,0.1813167697553141,0.04931061998717094,-1.5894348122287547,0.18991038119838793,-0.060818411398139635,-0.9667639105352507,1.2517634581906203e-05,-0.196669631562373,-0.03449871095543294,-0.5122996115254426,-0.13027577516090172,0.014415752752543387,-0.001915236659904992,-0.0752290773500493,0.00100026098095515,0.1615833157989756,-0.044112123892877886,-0.011712954171312883,0.005070914009605398,0.00014681387367055317
43.443443443443456,1.3290432572638067,-0.015739845307085956,0.004765216995328067,0.18483552064113293,0.04945532843483187,-1.594740510869068,0.1875887231338535,-0.060752937510669805,-0.9721893003036837,-0.0010501318207706018,-0.19377482612057367,-0.0366050279476131,-0.5112432935485813,-0.13040546460136054,0.014899401153680589,-0.0014976510449664162,-0.0749498562395893,0.000982291952006866,0.1612180974625284,-0.04454764359297618,-0.011744084548295416,0.004886100034346306,0.00015196347566426147
43.54354354354353,1.3375336983362314,-0.01867959006188694,0.0040989443788262536,0.18835249991439945,0.049649236102913864,-1.600336790532257,0.18499099087548457,-0.0606113843507455,-0.9776228148600188,-0.0021336361158674636,-0.19053522655196037,-0.03870200028599234,-0.5101745741943364,-0.130528511672307,0.015371164777972155,-0.0010793482183789854,-0.074653031961073,0.0009644420197196461,0.16083757944194102,-0.04498549320883104,-0.011778859261113179,0.004708985164744296,0.0001569667730601899
43.643643643643664,1.346043045725423,-0.02160082616280625,0.0034351052712262254,0.19183981905052033,0.0498544848751775,-1.606079410644848,0.18213305238038655,-0.060403482015147156,-0.9830265180955997,-0.0032311057937118954,-0.18698908151031945,-0.04079670370950415,-0.5090820587191807,-0.13064554716123705,0.015827528412001742,-0.0006619265518845443,-0.07433964708968253,0.0009465372350062771,0.16044054486235684,-0.04542617921054671,-0.011817334837014831,0.004538759637581652,0.0001619243595367694
43.74374374374374,1.354515297564879,-0.024408866945157225,0.0027717563905355173,0.19527163470623102,0.049989537037719,-1.611854431936947,0.17904049549528267,-0.060142003421660414,-0.9883515043383367,-0.00433852385775897,-0.18315093628317727,-0.04289517498668628,-0.5079555305346118,-0.13074974967751252,0.016270409278040653,-0.0002445299688785556,-0.07400961885679673,0.0009286207303287629,0.16002682910523996,-0.04586524878300708,-0.011856201435780511,0.004374773653468992,0.0001668794818513164
43.84384384384385,1.3628673766154586,-0.027547164601602114,0.0021773748997214945,0.19867089521465678,0.05038149664195597,-1.6178297481646393,0.1755741283929994,-0.05978627102063069,-0.9936496468753291,-0.005460735066534858,-0.17895231299885922,-0.04488246118322224,-0.5068597228334772,-0.13086178570825377,0.016701446368317566,0.00017179908211010833,-0.07366660961827212,0.0009110640147415598,0.15960794834032963,-0.04630736243138889,-0.011899861054830003,0.00421772342934461,0.0001717470434148929
43.94394394394395,1.3709705118653643,-0.03096767398936711,0.001644198101325043,0.20194668495800433,0.050938343336164225,-1.623790790074148,0.17175668521128382,-0.05934476652995254,-0.9988407476622573,-0.006592026648611563,-0.17442281177583221,-0.04675634551790109,-0.5057732886041859,-0.1309792876174252,0.01711811808048546,0.0005868216806348949,-0.07331063722666421,0.0008936790583628689,0.15918168497686147,-0.04674973367271047,-0.011947048826272061,0.004067877190779161,0.00017655622235037004
44.04404404404403,1.378486310582727,-0.035011229470788385,0.0012583616017933271,0.20488857408889283,0.05166209427452095,-1.6295600401507613,0.16759486994826808,-0.05881396689668357,-1.003840766386821,-0.007726029306658107,-0.16954802745275993,-0.04839441556349065,-0.5047210729818495,-0.13111380390650074,0.017524560021332857,0.0010019705709070203,-0.07294577257601027,0.0008765797250998711,0.15875293401675855,-0.04718674011984119,-0.011995917031870976,0.003924062113075258,0.00018143045050379145
44.144144144144164,1.3861746632574719,-0.03822378226959897,0.0007694509334839117,0.20783196474234011,0.051880381631972686,-1.6350777406093364,0.1633645856410922,-0.05825547801633625,-1.0086846708137336,-0.0088651339734321,-0.1644308308539908,-0.0502519094824825,-0.5036030752409054,-0.13120705696614604,0.017911039311900953,0.0014098728800192998,-0.07256415436655021,0.0008598055797344642,0.15829617117928482,-0.04762855090083774,-0.012046345425619078,0.003785638194589171,0.00018617689680584923
44.244244244244264,1.393888804115133,-0.04105896618395955,0.00024058830280542163,0.2107347519630028,0.05185789607984951,-1.6405546930137263,0.15895202512477977,-0.05765100736227008,-1.0134285366893805,-0.010011799565460548,-0.15905165060963639,-0.05217901013685391,-0.5024440849949274,-0.13127625599215537,0.018277437302424,0.001811645648276077,-0.07216671293977801,0.0008432042432692244,0.15781988487724324,-0.04807080502289584,-0.012097808152938554,0.003655478131395625,0.00019072715361734917
44.34434434434434,1.401387239557983,-0.04407819878527601,-0.00023179729938204997,0.21353295931577287,0.05190972391049965,-1.6460234966571339,0.1543046321872447,-0.05698555901751897,-1.0180664549286893,-0.0111614442014322,-0.15337772354081575,-0.05399445100189887,-0.5012811404368378,-0.13134272915770245,0.018629858094521376,0.00221024056690964,-0.07175881933602349,0.000826914498652139,0.15733310454406585,-0.048508468415421786,-0.012150465767666953,0.0035316469481329075,0.00019526321126208814
44.44444444444444,1.4087373079640955,-0.04705394392028521,-0.0006789021531516094,0.21627268374498687,0.05196073084993026,-1.6514241967814656,0.14940426504609586,-0.05624639539206917,-1.0225824253784783,-0.012319410134215435,-0.1474050798022262,-0.055764740690860716,-0.5001119162418967,-0.13139688192293,0.018964536019157527,0.0026015938042091716,-0.0713395864412269,0.0008111226004294993,0.156832039781763,-0.04894497936236786,-0.01220516311837741,0.003415135300539179,0.00019968103669439958
44.544544544544536,1.4158920304491407,-0.05001058854162606,-0.0011090964577057812,0.21893500714558556,0.052014507032382584,-1.6567832127850164,0.14427773486269552,-0.05544902876265915,-1.0269809346979908,-0.013482123607941713,-0.14117947050573268,-0.057470255829175795,-0.4989251908262641,-0.1314406160296944,0.019281821146594623,0.0029862532944738176,-0.07090970406524062,0.0007957177166527541,0.15631907852463045,-0.049377347686067385,-0.012260309428123544,0.0033066077673459793,0.00020397550040961908
44.64464464464466,1.422855971757601,-0.05298828194403939,-0.0015095459243741212,0.22151860125539297,0.052076375908364426,-1.662220515891327,0.1389550461401764,-0.054602419623633436,-1.0313083297966439,-0.01464761317051061,-0.13467166954919582,-0.05910375758854177,-0.4977202733586493,-0.13147323542081438,0.019581896870552302,0.003365362709009874,-0.0704682401289463,0.000780683829934067,0.15579400816653485,-0.04980332093511414,-0.012315925070734247,0.003205445934778021,0.0002081497882072512
44.744744744744764,1.4296144252300051,-0.05594510599732032,-0.0018738124467349339,0.2240294362915863,0.052148626483186876,-1.6677328985709619,0.13338635653854977,-0.053685920044165905,-1.0355634003285918,-0.015820886984403988,-0.1278665990484264,-0.06066792668483345,-0.49651655028847486,-0.13149432233670239,0.019862760565260255,0.0037354850296919414,-0.07001524832354311,0.0007661833208645397,0.1552588874151966,-0.05022487372196345,-0.012372322073175504,0.003112552706134885,0.0002121832066111976
44.844844844844836,1.4362775746164802,-0.058870152907193496,-0.0022201811414381363,0.22650540571357897,0.0522326989086553,-1.6735328598384698,0.12759640082718213,-0.05272194139685071,-1.0398295710575889,-0.017000967142148292,-0.12077697379498124,-0.06216488460869331,-0.4953075816077591,-0.13150815130641358,0.020125837379090527,0.004097951027406942,-0.06954931731595003,0.0007520822644194725,0.1547145561045317,-0.05064073575966569,-0.012428431680811735,0.0030278283475164273,0.00021609988187836892
44.94494494494494,1.4427447306596615,-0.06178177573877099,-0.0025462429235194256,0.22891270931468224,0.052324020111747624,-1.6792809593987184,0.12165589326440977,-0.051711229082255304,-1.0439679618967213,-0.01818085017174345,-0.11343127442168624,-0.06357515074920539,-0.49407696373029913,-0.1315073360316081,0.02036981431825079,0.00445265498788497,-0.06907357663638594,0.0007385109412682185,0.1541564082685547,-0.05104818609120456,-0.012484339604140863,0.002950574899604617,0.0002198320060497007
45.04504504504505,1.4489920182122673,-0.06465365639277977,-0.002838748991959892,0.2312569291213103,0.05242820359360243,-1.6849850638736712,0.11554117793224938,-0.05064158867125773,-1.047980922372355,-0.01936382038491091,-0.1058528886857514,-0.06490059770811789,-0.4928351360519475,-0.13149132479236375,0.020594620762972027,0.00479702229159573,-0.06859019394390067,0.0007255946752978232,0.15358713367953675,-0.05144754766542069,-0.012539777173742103,0.002881028477012725,0.00022344361975401805
45.14514514514515,1.4550184355110265,-0.06746554393727279,-0.0031207196740339798,0.23353866806464155,0.052541024564404196,-1.6906392993563215,0.10929853832613123,-0.049533256565690145,-1.0518693355105015,-0.020545956133390407,-0.09807044215444632,-0.0661439869716098,-0.4915651796457122,-0.1314609472180142,0.02080152237870846,0.005131668956514396,-0.06809968030104699,0.0007132818660086995,0.15300608157390255,-0.05183643214286672,-0.012593221755429273,0.0028183950001379626,0.0002269766108094748
45.24524524524526,1.4606684134995134,-0.07023097904666284,-0.0033904250956294014,0.23570203070199977,0.05265663649213177,-1.6962954361377485,0.10294466487868321,-0.0483856016432252,-1.055643102464012,-0.021729336999313308,-0.09004883080466594,-0.06728943011240222,-0.4902683195598656,-0.1314121870582002,0.020988052874802914,0.005456341197076815,-0.06759883166814021,0.0007015149558257111,0.15241393460558889,-0.05221203434616043,-0.012644431516047295,0.0027643833930611635,0.000230273376749166
45.345345345345336,1.4660646998478344,-0.07294190861405568,-0.003633963618558026,0.2378047736905716,0.052785334554236105,-1.7018731669060974,0.09648365876405976,-0.04719290284923465,-1.0592760617119494,-0.022912007633027625,-0.08183739458293283,-0.06834330520354252,-0.4889491799214348,-0.131345598396739,0.02115544527205005,0.005769433523483229,-0.06709211921032296,0.0006904790086476565,0.1518106606683969,-0.05257637574708871,-0.012694201149545392,0.0027176043292037864,0.00023344548393442577
45.445445445445436,1.4712025906749742,-0.07556844846279417,-0.003871012668717555,0.23984543097458738,0.05292379803102274,-1.707291774131559,0.08996060407603904,-0.045970719867654185,-1.0627402657595713,-0.024090718912423474,-0.07345718270800652,-0.06930156087543773,-0.48758752305063957,-0.13126076619389004,0.021304037659028448,0.006071182309492379,-0.06658080363392045,0.000680176563696945,0.15119276662790143,-0.05292643302787553,-0.012740442532730128,0.0026771962882291096,0.00023654398492110006
45.54554554554555,1.4760888264752936,-0.078127696593415,-0.004100967908805215,0.24182304188951634,0.053070813491678706,-1.7125463529092269,0.08339010365076387,-0.044721203377281846,-1.0660381589907442,-0.025264221469381197,-0.06491377900824372,-0.07016145439686089,-0.4861945985613335,-0.13115729204021734,0.021432648554999136,0.006361432212209639,-0.06606433132479292,0.0006705630221840949,0.15056153130011313,-0.05326276811190149,-0.012783782288904633,0.0026437881386716738,0.0002394407515559943
45.645645645645644,1.480690761346547,-0.08062683692362015,-0.0043169426554109085,0.24373886404483985,0.05322924714549092,-1.7175366747946583,0.0767802074350246,-0.04344016450089548,-1.0691211206663598,-0.026431007173692074,-0.05625172464276592,-0.07091278210864392,-0.4847666537160286,-0.13103248124332145,0.021541775434558354,0.00663847162978537,-0.06554543728042979,0.0006617803147890329,0.14991832645886197,-0.05358543848665578,-0.012824783565683274,0.002617535991489881,0.00024217680739800239
45.74574574574576,1.4849404980256031,-0.08301674498716108,-0.004528133573301759,0.24557373736602303,0.05339713156909927,-1.7224522408900864,0.07016752650833336,-0.04214077001541174,-1.0720687800933013,-0.0275944339554623,-0.047430288844062876,-0.07156678800480117,-0.4832916774733098,-0.13088666573002264,0.021631806457252534,0.006903308209612139,-0.06502123439672357,0.0006537303101175303,0.14926122096791455,-0.05388993815288665,-0.012860919435500329,0.0025979766953768343,0.00024482202175466394
45.84584584584586,1.488834895717639,-0.08532801337485293,-0.004735153030101881,0.24732141556513923,0.05357191227056122,-1.7270769834197506,0.0635401891543679,-0.04082026221565911,-1.0748018104347699,-0.028743606136905263,-0.03848644624915939,-0.07213094552926907,-0.4817797295079586,-0.13072119822367853,0.021703677466987113,0.0071564253011745516,-0.06449311469054236,0.0006463801378520288,0.1485919620623264,-0.05417835529081969,-0.012893074845764924,0.002584480443900178,0.0002472640645483945
45.94594594594593,1.49234434702355,-0.08757068164564662,-0.004935474630460261,0.24897478092586628,0.05375440830887507,-1.7315910587509102,0.056913498194650046,-0.03948501566957323,-1.0773806566580055,-0.02989699128329068,-0.029420638549069345,-0.0725828603539356,-0.48022962587543006,-0.13053472824332712,0.021756416915116365,0.0073960359574472365,-0.06396004742826558,0.0006397918914216821,0.14791213075873536,-0.05444993662319388,-0.012921514015829083,0.002578740457851193,0.00024950011982056064
46.046046046046044,1.4955662033056953,-0.08966692139855177,-0.0051382107174079445,0.2505800765252568,0.053949488243158206,-1.7360820034615547,0.05036309048894013,-0.03814801938454464,-1.0798503788284166,-0.031053983620023484,-0.020238661098635168,-0.07293335133302531,-0.4786289799682463,-0.1303250438934192,0.021791171061736607,0.00762338284825657,-0.06342247832820144,0.0006339470810570989,0.14721704537367122,-0.05470087829607101,-0.012943926910172493,0.002579080894243296,0.0002516370830485743
46.146146146146165,1.4985165307255683,-0.09168119384313242,-0.0053403382410589185,0.25213298911470466,0.05415446756716998,-1.740518483891448,0.04380869957891224,-0.03676231309024442,-1.0821659260870242,-0.03215971894158863,-0.010955913096477633,-0.07320170435559888,-0.47698462714037976,-0.13009377704607106,0.021807667267482688,0.007837761620212835,-0.06287930530472026,0.0006287393588866212,0.1465090476555438,-0.054933946566555626,-0.01296177969435371,0.0025870153629829478,0.00025349407384022115
46.24624624624625,1.5011967835720663,-0.09360354559387021,-0.005546911390196328,0.25363924496821355,0.054369877214578186,-1.744904034386267,0.03736827366082583,-0.03542373000807074,-1.0843767143513285,-0.03330752709682448,-0.001595718406723631,-0.07334450428885586,-0.4752934277481817,-0.12984212738868864,0.02180447080004704,0.00803791904442931,-0.062332805391891496,0.0006242813935629661,0.1457884487030338,-0.0551474587967661,-0.012974837512344897,0.002602384957908581,0.00025515207122860605
46.34634634634636,1.5035949562403064,-0.09535003191137326,-0.0057682971197980226,0.25511103011036196,0.05459691809690122,-1.7492863309088278,0.031152476942547656,-0.034157567402374786,-1.0865259150150592,-0.034516674817008854,0.007816568903058691,-0.07337475039682474,-0.47355422369148165,-0.12956605246300096,0.021785440850573604,0.00822585954948853,-0.06178418405703249,0.0006205771939741258,0.14505226927253106,-0.055337466902579735,-0.012980411095365157,0.002623639108698409,0.0002566752190708916
46.44644644644643,1.5057563563086718,-0.09706745865939771,-0.005978382560037452,0.2565434877972894,0.05483680097355562,-1.7537211681020732,0.024628567217587213,-0.03255159142455429,-1.0884467908658522,-0.03549257575567198,0.0173403811592327,-0.07342489753027907,-0.47176235357951013,-0.12926371463205713,0.021747294795407247,0.008399574175792837,-0.06122500526051885,0.000617400397177922,0.1443013144816463,-0.05551215524200241,-0.012982164494725662,0.0026531831449270885,0.00025783439914088194
46.546546546546566,1.5075374303682736,-0.09871599528908899,-0.006186395415298095,0.25789620461068513,0.05508533801429368,-1.7581770363757225,0.017984302720157753,-0.030766777462332418,-1.0902440974462086,-0.036421129843092766,0.026949613294863263,-0.07343603761582279,-0.46991241035544,-0.12893769830585244,0.021689646074584304,0.00855873758550002,-0.06065857642454873,0.0006148615349603571,0.14353685188849247,-0.055667219886478506,-0.012978999518447637,0.0026894320883791957,0.00025875589278625405
46.64664664664667,1.5091329464434455,-0.10029028357462602,-0.006393868619010509,0.2592439689334525,0.05534830645474124,-1.7629056926542028,0.011087935367730974,-0.028660855580893325,-1.0920467821131818,-0.037346312321702956,0.036663953486682,-0.07348017636186818,-0.46802557677958223,-0.12858563029500622,0.021617188764537366,0.00870506545725248,-0.060082173255131835,0.0006128902232272204,0.1427541438128487,-0.055805421553713354,-0.012970576810035297,0.00273201758476659,0.00025939394952922165
46.746746746746744,1.5105380258186105,-0.1015966665734713,-0.00665172468861418,0.2605924957659357,0.055619975872935976,-1.7671437346055943,0.005146465388863387,-0.02719219071526095,-1.0937177706042855,-0.0385096671618813,0.04623767598143026,-0.07323725169083625,-0.46607604704378236,-0.1282161303065847,0.021529876079266465,0.008839522639283694,-0.05951691198706388,0.0006117917719975282,0.14195761204923235,-0.05591212851819897,-0.012952220413260454,0.002779881303997616,0.000259921910604473
46.84684684684685,1.511713602062416,-0.10273327473470306,-0.006936658276807428,0.26192591471708837,0.05590225161805461,-1.7709735922600405,-0.00029647401204458134,-0.025996139434473663,-1.095187862859738,-0.0397536646458536,0.05572102993837704,-0.07280932791474301,-0.46406758290014105,-0.1278274189342655,0.021425477328919536,0.008960382010461648,-0.05895666964135121,0.0006114750077495814,0.14114805871312658,-0.055994154900891914,-0.012926894972686342,0.00283346653396905,0.0002602520367966502
46.94694694694694,1.5127021647115202,-0.10377362739730892,-0.007232453054298618,0.26325834195092285,0.056195794312969595,-1.7746967589545595,-0.005642289165915404,-0.024691460352371228,-1.0964542338916483,-0.040884468189219654,0.06516060838398327,-0.072334307145161,-0.46202141403863434,-0.12741246878039864,0.021308648813766734,0.009068198408757241,-0.05839463795849202,0.0006117852511398536,0.14032261518382916,-0.05605706078425875,-0.012896130328169572,0.0028929353886008673,0.0002602839739964934
47.04704704704706,1.5135544254959905,-0.10465849541006042,-0.007557831725054599,0.26460976274378545,0.05650216992823905,-1.7783044966322685,-0.01070971558938534,-0.023421003959230177,-1.097567156372978,-0.04196279495597745,0.07454766351929618,-0.07177828689312005,-0.45990938204513254,-0.1269721079302263,0.021176209216043955,0.009163242190147686,-0.057830350639235986,0.0006126862505091947,0.13948009816230597,-0.05609618610011617,-0.012857721684190998,0.0029590036287802644,0.0002600885981552657
47.14714714714717,1.514203441345984,-0.10544242657477314,-0.007897926632266444,0.26595067988958954,0.056820126947273675,-1.7815344063341751,-0.015532810737482916,-0.022180103498202153,-1.0984207957210796,-0.04298583933785856,0.08384165165681974,-0.07112171036536089,-0.457737793589496,-0.12651038029659192,0.02102991086095119,0.009245679162918612,-0.05726715844090761,0.0006142417901553735,0.13862355431341103,-0.05611368797442923,-0.01281328239153445,0.003031045952444352,0.0002596028673177275
47.247247247247245,1.5147521511657887,-0.10612144290950073,-0.008253744669926458,0.26731752819987437,0.05715128713052876,-1.7847733299340294,-0.020095593925602267,-0.020944484573720095,-1.099144627328808,-0.04393315343912131,0.0930469987818481,-0.07038771492618151,-0.45552843245282615,-0.12602504297893097,0.020871946509655886,0.009315336984714703,-0.05670401635045793,0.000616383606273129,0.13775219151474766,-0.05611008865694905,-0.01276297061870742,0.003109365859785661,0.00025878674861611414
47.34734734734735,1.515217778863262,-0.106647282322619,-0.008652841541624467,0.2687207990136112,0.05749491317792051,-1.788067806580477,-0.024366764561778213,-0.019740552165238824,-1.0997923377222565,-0.044843590006609466,0.10216362071397204,-0.06958334370988102,-0.4532684276814158,-0.12551469723932956,0.02069862209300265,0.009371901857504542,-0.05613731586078433,0.0006189878845636012,0.13686514734347205,-0.05608253012417404,-0.01270450138700115,0.003195228248745293,0.00025771908409999184
47.44744744744746,1.5154628191662556,-0.10709201358501585,-0.009068134575467957,0.2701055145307064,0.057848929602447655,-1.7913838050176285,-0.028365021604641043,-0.01856115086934964,-1.100334900134032,-0.045707022910040224,0.1111971646208453,-0.06869296589706816,-0.4509566523846241,-0.12498066167380865,0.020509566381379636,0.009414608908970775,-0.055567171914181035,0.0006220146535189458,0.13596520307704069,-0.05603247730191798,-0.01263967883396227,0.003288989646767204,0.00025622839854499193
47.54754754754755,1.5155859128862004,-0.10743722653401333,-0.009501831162335342,0.27150815152763086,0.05821387559179407,-1.7946763252210798,-0.03206951420192453,-0.017402572601581477,-1.1007584645561157,-0.046520142820980465,0.1201032662221474,-0.06773064086804317,-0.4486122588669616,-0.1244253375306085,0.020309057264310794,0.009444778717724506,-0.05499774993996396,0.0006255547995838667,0.1350533962338865,-0.055962245222789045,-0.012569179542792606,0.0033886081488523263,0.00025438752044398697
47.64764764764765,1.5155604197251276,-0.10765233420699709,-0.009976071400917146,0.27292619760541437,0.05858774323173791,-1.7979145978705329,-0.0354798607586806,-0.016278697880859085,-1.1010636633610418,-0.04729075979725356,0.12885996308102793,-0.06670897966343872,-0.4462372448161053,-0.12384770452875671,0.020096102023733246,0.009462549892145114,-0.05442670731258081,0.0006294870749368648,0.13412904715258253,-0.05586923652376865,-0.012490957072363446,0.003495093373594778,0.0002522921568234782
47.747747747747766,1.5154488419977328,-0.10777215401517175,-0.01047375540580397,0.2743751805621012,0.05897297523445766,-1.8011800357731726,-0.038563728166092014,-0.015196234106107754,-1.1013011631204666,-0.04805447376399783,0.1374810432584606,-0.06561149988037998,-0.4438280582911468,-0.123248150188814,0.01987004747827906,0.009467305155841117,-0.053852807805615535,0.0006337312490218071,0.1331919572888866,-0.055755755227870775,-0.012407166529323284,0.0036091643575933037,0.0002497227220017063
47.84784784784786,1.5152752401932554,-0.10779474544509611,-0.010991991135071346,0.2758591088710887,0.05936967547310018,-1.8044240916111356,-0.04132979529393886,-0.01413175643466238,-1.1014141758939417,-0.048746042074684325,0.1459350546527563,-0.06444367169365157,-0.4413885794058908,-0.12262934985812275,0.019633191580283437,0.009460101732002622,-0.0532792761721107,0.0006383745043625473,0.13224481473905242,-0.05562278398599273,-0.01231770120561091,0.0037294736097756203,0.0002467824965294074
47.94794794794795,1.5149069183874662,-0.1077226366600315,-0.01153824816095698,0.27733770942595004,0.059772270587514165,-1.8075074895511012,-0.043829402673973464,-0.013082411822600578,-1.1013271145863923,-0.04930502540578462,0.15417816755233643,-0.06323042907949904,-0.4389365990968591,-0.1219899556591365,0.019386601781946948,0.009440911420086583,-0.05270584394507523,0.0006433329109867881,0.13128948500709933,-0.05546928064862513,-0.012221694740164903,0.0038565097780241487,0.00024353742835168525
48.04804804804805,1.5145080610379993,-0.10755787730793702,-0.012113147973887997,0.27886841577966437,0.06018453779709524,-1.8110954025119106,-0.04588878876159517,-0.012205223066239479,-1.1016653543911332,-0.0503813528494621,0.16232085709367228,-0.061935117124251635,-0.4364752998581191,-0.12133610744292309,0.019132161216672463,0.009411871132948496,-0.052129202436077306,0.0006484906178061848,0.13032252119804233,-0.055291960462705694,-0.012118320758017092,0.0039894904679477865,0.00023986734650290742
48.14814814814816,1.513902570539797,-0.10731449983714159,-0.012704203544067327,0.2803726398470444,0.06060273526397024,-1.813874923515073,-0.04783077218066552,-0.011088805563114392,-1.1010042632724297,-0.05032916590114628,0.17013003958918926,-0.06062861815143017,-0.4339852168201254,-0.12065736452550022,0.018863806785664197,0.009368528463313402,-0.0515493538988111,0.0006538065085597248,0.12935059393481946,-0.055104763355540175,-0.01201317628035673,0.0041325392574309205,0.0002356728586846919
48.24824824824827,1.512967818749223,-0.10701568507024269,-0.01330519146598579,0.28181708959702095,0.06102040637283514,-1.8155896682132204,-0.0497203848759781,-0.009712396693369376,-1.0991895928376438,-0.04900956106901549,0.17754049402092686,-0.059344934215809185,-0.43149092123652616,-0.11995271620992468,0.01858408147245281,0.009311102394580367,-0.05096823639693483,0.0006592330459360516,0.12837561860260874,-0.054908730573535756,-0.011906698915802713,0.004285652793620009,0.00023099011812288396
48.34834834834835,1.5116885890457739,-0.10665868317020819,-0.01392228690554993,0.2831886536813567,0.06143465589220297,-1.8159866982222852,-0.05159877525217349,-0.008014259066353778,-1.0959795320386363,-0.046146804241072335,0.18450292171266766,-0.05808396976653254,-0.42900314543624907,-0.11922162837849844,0.01829060738128389,0.009238973133900303,-0.05038181657448014,0.0006645663106397573,0.1273994704592281,-0.05471005837596192,-0.011801768900385225,0.004450144258065785,0.0002256708469977944
48.448448448448445,1.510703649748176,-0.10620959070816398,-0.014573676372400734,0.2847355800985032,0.061867237497407766,-1.8181011708653045,-0.052572159005535704,-0.006975903242442652,-1.0947238360328062,-0.045772097085816886,0.1915186798366293,-0.05662416300069917,-0.4265070680907743,-0.11849374576193243,0.018000120404173887,0.009164119078800808,-0.04980515213937159,0.0006704818867424724,0.12640854486495737,-0.054471142057025225,-0.011682173849866478,0.004612243026725816,0.00022025809894362232
48.54854854854857,1.509778026917338,-0.10573025497137267,-0.015232509630350846,0.2863674353191789,0.06230860846197038,-1.8206558203369627,-0.0530291801282756,-0.006200055753899999,-1.0940618528129877,-0.04624695744041908,0.1983622606918789,-0.055079930452639723,-0.4240258128761109,-0.11775951378451618,0.017710422044127497,0.009083230540798449,-0.049236091993862405,0.0006767456208903955,0.12540972786676796,-0.05420867871390987,-0.01155492083344906,0.004776830677718879,0.00021458742849560109
48.64864864864865,1.508762553172784,-0.10521200118355582,-0.015911601897165277,0.2880155386047216,0.0627522650299803,-1.8226572192817851,-0.05327587412017237,-0.005370944970282503,-1.0928870819069314,-0.046235116219329374,0.20484126527312735,-0.05351720283559369,-0.4215751462775287,-0.11701030277204372,0.017413521095280972,0.008991438622799542,-0.048666946405614454,0.0006829985102572405,0.12440979003968118,-0.053936780078930734,-0.011426206206932283,0.004948834426580192,0.00020843914614191247
48.74874874874876,1.507665166449731,-0.10467335421625487,-0.016599033509692933,0.28969367045604655,0.06320008756037682,-1.8245928272812848,-0.05309649177545341,-0.0046182785415018095,-1.091759868930175,-0.04643764200241385,0.21104285593032518,-0.05189618270834808,-0.41912255768721635,-0.1162498093301779,0.017111863145730717,0.00889120882610485,-0.0481008967917682,0.0006894419900098366,0.12340442515507832,-0.05364500977193214,-0.011291226113955773,0.005125482994354214,0.0002018814438779028
48.848848848848846,1.5064695359768305,-0.10414201877905915,-0.017279681889689272,0.2913953554434602,0.06364909591513797,-1.826322150347351,-0.05258942487078353,-0.0039768533548234205,-1.090553818907239,-0.046681735331308205,0.21694833032162486,-0.05024215838933869,-0.41669321029291934,-0.11548176753931516,0.016810140075711508,0.008784431103299125,-0.04754091755770695,0.000696075863464314,0.1223990532895621,-0.053339576857410934,-0.011152889059920634,0.005307068142653552,0.00019493498827365393
48.94894894894894,1.5051088483127044,-0.10360616945190822,-0.017977381829595834,0.2930904329133459,0.06409585476397808,-1.8276221291559,-0.05187369458036871,-0.003457210084787525,-1.0890933168713226,-0.04679060900223893,0.22249550003599294,-0.04856894283700154,-0.4143240361558858,-0.11470687455509965,0.01650575345695579,0.008668932340942674,-0.0469843345062598,0.0007027085662607636,0.12139985381547014,-0.053024912049087346,-0.011013421628168629,0.005494528809993693,0.0001875675483232086
49.049049049049074,1.5037439877418994,-0.10302893750420117,-0.018699816516331562,0.2948362202612213,0.06454526383651893,-1.8290012228406933,-0.05085795808849425,-0.003457201810502569,-1.0878488403095026,-0.04724112960854707,0.22775722654003833,-0.046820252197159566,-0.41203091621721094,-0.11394136668313522,0.016201996663356703,0.008549930302541298,-0.04643658488896375,0.0007095656573260561,0.12041423906881077,-0.0527008394924202,-0.01087362513404453,0.005689942655394152,0.00017968124300475288
49.14914914914913,1.5023009158756546,-0.1025554492357464,-0.019376496679537576,0.2966052797538587,0.06499533512323356,-1.8300308395992473,-0.049391258639262504,-0.0031110284019138065,-1.0864589808887106,-0.047758855706920136,0.23266400106659968,-0.04506147821756402,-0.40971662082379,-0.11315545683636379,0.015897842597725257,0.008422541624350553,-0.045891551761269314,0.0007164347083093418,0.1194150690953113,-0.05235631796672848,-0.010725632990052685,0.005885417514308034,0.0001715351949826302
49.24924924924925,1.500648373093488,-0.10215364530833286,-0.020025819967065057,0.2983278058328539,0.06544132379875266,-1.8295967538440938,-0.047976177936501475,-0.0023114987252849796,-1.0836946058876125,-0.046845497572194056,0.23702110655657468,-0.04339730296607015,-0.40742826769174834,-0.11234707830109725,0.015586002764020704,0.00828184677688144,-0.04534412062219457,0.0007229945265036903,0.11841545075801951,-0.052010640515716744,-0.01057852500050287,0.006087493737505566,0.00016291537641756383
49.34934934934937,1.4984216313957823,-0.10170327408481392,-0.02070189818062067,0.2998815777047663,0.06587099663885168,-1.8263419825289056,-0.04673923972852347,-0.0014537273603526246,-1.078061533817033,-0.04275295046847274,0.2405603646409082,-0.041774656385629896,-0.4051869396090848,-0.11152178445739151,0.01525980730825954,0.008127570763826818,-0.04479920342662069,0.0007292594318219741,0.1174089449335983,-0.05167449784140972,-0.010437330306741408,0.0063137901236559974,0.00015334299198771012
49.449449449449446,1.4946998609313737,-0.10140677686257771,-0.02131870547586658,0.3009132816844708,0.06626639924020808,-1.8173022550297624,-0.04769733712643466,0.0005634001643266259,-1.0666582900228674,-0.03426702611676379,0.24343431292225345,-0.040466216909938665,-0.40302850138878143,-0.11070275260135928,0.014918532515739569,0.007958622156917958,-0.04422022094515515,0.0007344224612938284,0.1163746340685075,-0.05136408154675043,-0.010304540720647497,0.0065837689628912704,0.00014232617605047115
49.54954954954957,1.4906198211541182,-0.1012974807119045,-0.021857194952893216,0.30183151109851636,0.06665306831072841,-1.807464510181444,-0.04892411323744097,0.003173634665827198,-1.0550143317135292,-0.026973800081511474,0.2461835042321047,-0.039235994978717055,-0.4009456134976544,-0.10989292025615671,0.014579740447843126,0.007785452578596421,-0.04363880695024458,0.0007394842926743422,0.11533252435644585,-0.05103950223298677,-0.010165495337299978,0.006855077665672985,0.00013102089385739712
49.649649649649625,1.4861096799629803,-0.10128084004638885,-0.022371772210173335,0.30262108904224255,0.06701386537424252,-1.7959025085757467,-0.050111683031151835,0.005530747230991952,-1.0410960195469077,-0.015631504771880626,0.24808399029495093,-0.03809582826559593,-0.3989155588481654,-0.10903986608330274,0.014205318729955655,0.007595634158954906,-0.04309052690259861,0.0007448103545351459,0.11433425810343131,-0.05077766250617881,-0.01005731976530083,0.007134343596954538,0.00011876448645347625
49.74974974974975,1.480900551711529,-0.10120686164765998,-0.022907972193008625,0.30318129085347895,0.06735212165678134,-1.781302785758033,-0.05226779979822589,0.007507300572422995,-1.0240503182117522,-0.0006538756262483798,0.24943603666970687,-0.037034339353591725,-0.3969723591133988,-0.10818585887096414,0.013807805526926198,0.0073913545099702355,-0.042531302340624494,0.0007494139471251279,0.11335580978221753,-0.05056605502751367,-0.009974414402758073,0.007439441170522925,0.00010522198411622051
49.84984984984988,1.477997766770253,-0.10135848297107308,-0.023288994954967272,0.3046376097503356,0.06776237930186767,-1.7756416586482957,-0.05113774527676022,0.009520963398446011,-1.0168797925838104,0.003593432889751928,0.25163273364828564,-0.03547382374576635,-0.3950244741838592,-0.10736577528631261,0.013462811774398228,0.007198611105517031,-0.0419821384294357,0.000754378834811659,0.1123248440326818,-0.050215107713158715,-0.009834186841114766,0.007691984660102358,9.35255811222472e-05
49.94994994994994,1.4718311215309259,-0.10152650849130077,-0.02367681154689085,0.304881515025178,0.06807512045742395,-1.7523345751408663,-0.05549189910277021,0.014741910957272772,-0.9917632070657213,0.023812743116294968,0.25104496809334037,-0.03490401796403317,-0.39337810434677495,-0.10645977817967305,0.013105857728931636,0.006973386190665112,-0.04138339410014459,0.0007573195393415306,0.11136133941576556,-0.04996624794640833,-0.00971276612119692,0.00801632191096387,7.977030235959497e-05
50.05005005005006,1.4677313986359306,-0.10139176670721947,-0.024136103712143513,0.3059750385813531,0.06844179198496972,-1.7402730636787827,-0.05496459954248236,0.01675493511797504,-0.979174725542285,0.03150658124514761,0.25177061359604924,-0.0333031576591694,-0.39172060127828706,-0.10564856468233992,0.012787403808500806,0.00677588160333892,-0.040831764687539816,0.0007616107705582298,0.11035088849514903,-0.04960806644467274,-0.009562367463504015,0.008300528392204787,6.707945571281784e-05
50.15015015015013,1.4642465868474361,-0.10111405431047675,-0.024649879408180714,0.30737580705831336,0.06882743498264923,-1.7364475090199751,-0.05200517334044898,0.01713425160954253,-0.9752484366013825,0.031070269676837615,0.25404877375002577,-0.031117933155003923,-0.3900588547870444,-0.10490907242156258,0.012431289597223356,0.0065684693346060976,-0.040274112606259696,0.0007657109640542136,0.1091525735448002,-0.04919933873080014,-0.009404470455595183,0.008571796202365558,5.449834799029815e-05
50.250250250250254,1.4606583280977767,-0.10094174639951788,-0.02507925604220267,0.30877379448695286,0.06920654784946548,-1.7332590305713738,-0.04910809878571787,0.01638058362621999,-0.9724184269777452,0.029248582376801235,0.2563359205113716,-0.028788884542111082,-0.38859179944015054,-0.10423103874280074,0.012080329858099644,0.006366176662253352,-0.03971898575749144,0.0007696355207633158,0.10794179133715871,-0.048798521210388184,-0.0092558245347572,0.008854672963402532,4.144606817500875e-05
50.35035035035038,1.4583247781890356,-0.10091990128796931,-0.025380692836253826,0.31066764286291376,0.0696101839207974,-1.731875945043684,-0.04403351559250115,0.015028091659954274,-0.9723594201807664,0.02387537080083211,0.25794248213894416,-0.026238111372212103,-0.3871193114761423,-0.10355077816962173,0.01178882899019472,0.0061842196444292456,-0.03921823112700623,0.0007745659050501252,0.10686625266684846,-0.0483311884367791,-0.009079942341767193,0.009111150059161268,2.9150489589125738e-05
50.45045045045043,1.4555989062704813,-0.10107863454944657,-0.02558085139701552,0.31244707321743015,0.06999976644686909,-1.7292687416006447,-0.03918515185161762,0.014374958259715001,-0.971038282853168,0.019568963929598025,0.2591710729844316,-0.023832409938363195,-0.38567245607287887,-0.10286411151707646,0.0114867111276792,0.005992575353330762,-0.03871186675324349,0.0007789455474202494,0.1057863608748582,-0.047860773013532316,-0.008901696227201873,0.009373949702090444,1.6463965789871225e-05
50.55055055055057,1.4510646576750006,-0.10120939592827008,-0.02577451282093472,0.3135360905153555,0.07033023955184763,-1.7201972614473533,-0.03615125518053995,0.015069685213485279,-0.9627101814485295,0.021915538349461024,0.2597960604763599,-0.02174201020596537,-0.3842476329414072,-0.10215337225068888,0.011124140348124046,0.005769699208117938,-0.03815432483933705,0.0007815634121066325,0.10458428172510592,-0.04743719831207775,-0.008740709189177496,0.009676043807415624,2.4128449030039276e-06
50.65065065065063,1.4433481934201333,-0.10154338389893922,-0.025893485520493247,0.3133738010382843,0.07056472521900431,-1.6949574709238089,-0.03916748719482724,0.018511726733092735,-0.9376760176884387,0.04027979167527846,0.25813564246532433,-0.02075875844886906,-0.3830495777582076,-0.10137838529480289,0.01070423074180451,0.0054975672290990705,-0.03754187905692441,0.0007817408713997383,0.10340781918120619,-0.04711538171690691,-0.008614676399354744,0.010052642011669607,-1.4074565802499252e-05
50.75075075075075,1.4387793226409789,-0.10210529664205256,-0.025765519586220857,0.3144808011540208,0.07087929027911763,-1.6842167193576962,-0.03627570454394095,0.019962266116114312,-0.9288291091434104,0.041650887059803944,0.2577566795046263,-0.01878762713214619,-0.3817459893341601,-0.10066154012049489,0.010384097420364183,0.005276610998855471,-0.03698302808561249,0.0007836313413968242,0.10223645088565428,-0.04664729435073352,-0.008422464926441848,0.010360257670413459,-2.8015960358772817e-05
50.850850850850875,1.4352454688547494,-0.10265507836844187,-0.02556229386384191,0.31605900868111597,0.07121602575444054,-1.6795799480408107,-0.030452201435743002,0.019860437588825282,-0.9272817908697133,0.0351858402032423,0.2579105837404152,-0.016221395781750497,-0.3804541074523301,-0.09998150996811203,0.01008867267823599,0.005070303164921628,-0.03645912461604175,0.0007861319822143699,0.10104836170526113,-0.04613057615359433,-0.008208940977379512,0.010641597167825163,-4.1004589215698885e-05
50.95095095095094,1.432058928225674,-0.10282689875983611,-0.025529533253434034,0.31777897597871874,0.0715511938745597,-1.6764001251472251,-0.024153875572616813,0.01745143459363558,-0.9275948457820758,0.02711310073535849,0.2580812714779636,-0.013349296811898665,-0.3794599499425895,-0.09940419488603382,0.009803331222697404,0.004873403777719771,-0.03597030687353011,0.0007890397207812889,0.09993790766474382,-0.04561532381745849,-0.008016608250649438,0.010934213280650997,-5.455289409374922e-05
51.05105105105106,1.4282895240657107,-0.10317755542700305,-0.02533772362597706,0.31930878741332047,0.07185880457923652,-1.671329150840127,-0.01762960924099693,0.016249101468761195,-0.926493810663678,0.019730293503958593,0.2577087250235916,-0.010565005352262718,-0.378376901231079,-0.09877424719465779,0.00952109412723597,0.0046688126886147265,-0.03546960460713182,0.0007913770229892491,0.09879245986218936,-0.04508532638580177,-0.007807101984430022,0.011227840963345993,-6.796335032313171e-05
51.151151151151126,1.4239472265172877,-0.10356219181229928,-0.02513977258387435,0.3206517504585817,0.072138380832504,-1.663554594397023,-0.012583680293549854,0.014227419780466488,-0.9222544045209797,0.015703981876825986,0.2568226084144858,-0.008000252511828598,-0.3775760767434282,-0.09820636617314095,0.009211046370054796,0.0044541852814895325,-0.0349854832310898,0.0007932693460197864,0.09772007909668903,-0.044603186858417035,-0.0076248084178009625,0.011539743243193193,-8.226284210288908e-05
51.25125125125125,1.4192251216664085,-0.1040715427987517,-0.024854737437877566,0.32187007817624086,0.07239697854085353,-1.6543586259130574,-0.007813209638567294,0.012515241597404136,-0.9166564006022326,0.012783128828765875,0.2555254464133975,-0.0055290645262657786,-0.37685024007033063,-0.09764525861962911,0.00888965981980574,0.004231454541212579,-0.0345018948827809,0.0007946138720001979,0.09665585750033716,-0.04412427477412147,-0.00744485987933116,0.011858199322261327,-9.681608792726869e-05
51.351351351351376,1.4148923655851364,-0.1046655353477309,-0.02448683191746125,0.3232461843624903,0.07265494383254165,-1.647050424688291,-0.0015883998099366025,0.011199416778298301,-0.9138508684389262,0.006428802377924427,0.2541775080566734,-0.0028838011076447343,-0.3760746319441036,-0.09709394358333621,0.008589398806958895,0.004016375774530272,-0.0340232608163119,0.0007959832338208528,0.09556973610716224,-0.043588885248401876,-0.007244749299732181,0.012163783085821089,-0.00011087269228946513
51.451451451451454,1.4103819751694056,-0.10532417113700779,-0.024022152009240665,0.3245599888358741,0.07289604811786694,-1.638983366104349,0.00475891744382736,0.010467746265215416,-0.910395094519928,0.0004884204372931335,0.2524295117059696,-0.000281855126092527,-0.37532489458981,-0.09654496355643,0.00829030640730927,0.0037998995197747825,-0.03354051486824804,0.0007969736093680386,0.09448224456084131,-0.0430399682332271,-0.007040436594518635,0.012472334001485489,-0.0001249269142174126
51.55155155155156,1.4052496167655772,-0.10588061139252117,-0.023547483965202967,0.3256776255009472,0.07310768451179196,-1.6282863180102933,0.01004457197657791,0.008732390700149521,-0.9042263540159435,-0.0026051461047913197,0.24993759103306507,0.00226661486232929,-0.3748608649676394,-0.0960323497900172,0.007979857532492366,0.0035743272112098677,-0.033082876071106784,0.0007976836822106124,0.09348142300972753,-0.042530298173773046,-0.006852541474045161,0.012802519740902699,-0.00013952446505597786
51.65165165165162,1.3992316959212172,-0.10638851822797442,-0.023036186459988634,0.32645408521457425,0.0732781708853266,-1.6130453528363382,0.01382389422106815,0.007115141769890485,-0.8929079872515988,-0.0003091936318353257,0.24651572983749004,0.0045804638789697484,-0.3746035893003237,-0.09552939394549713,0.00765333365158753,0.003337491255295511,-0.032630886308539844,0.0007977937060814058,0.09253897787159453,-0.04206848436654825,-0.006683246411510862,0.013158770054481555,-0.0001549278580816157
51.75175175175174,1.3931824723072934,-0.10709668151971038,-0.022396003156590502,0.3271993442440023,0.0734357102877349,-1.5972187839738066,0.017546581831017857,0.006507585640565164,-0.881180253739338,0.002082219754174609,0.2427068562085383,0.006768695648858854,-0.3743644225267638,-0.09502661620530614,0.007328660179800185,0.0030984699414776293,-0.03216606583453267,0.0007973719386077519,0.09160268585327545,-0.04159367964042843,-0.0065087183132320255,0.013512459065815783,-0.00017006983534534171
51.85185185185188,1.3875222590550034,-0.10775239033604522,-0.02170771551321241,0.3281410397776682,0.0735921104030987,-1.5835095655677998,0.02212148504632258,0.004805756800806768,-0.8727184646741598,0.0005310918499019955,0.23891673152022244,0.009183532658804954,-0.37423246546721567,-0.09456752586844694,0.007020102383696313,0.002866743386357877,-0.03172726200376116,0.0007971426273984266,0.09069832694893269,-0.041091368038754586,-0.006322232439458411,0.013852419218108111,-0.00018445248876590344
51.95195195195195,1.3816028019193258,-0.10842035012288986,-0.020942125873807088,0.32897951498619593,0.0737277926309072,-1.5683795000526417,0.026181200914298215,0.0032273587128017122,-0.8628898946975369,0.000189779782930765,0.23463704280885872,0.01150225472622211,-0.3742313921464125,-0.09412238644013056,0.006709516624118343,0.0026312017923754297,-0.031296451800574485,0.0007965394973935833,0.08983815222140726,-0.04059865170602118,-0.006139049479439065,0.01419750636814468,-0.00019890534832829845
52.052052052052055,1.3753825351691769,-0.1091422909064957,-0.020090274328315536,0.32970575924786333,0.07384223743908414,-1.5514954528494962,0.02956926180502657,0.001895002269005522,-0.8512969679045442,0.00149331795203895,0.2297798170893989,0.013693497546311545,-0.3743681276297524,-0.09368684181614866,0.006395689712227151,0.002390445804706259,-0.03087267614586612,0.0007955521009081654,0.08902466620993539,-0.04011947542484359,-0.0059610003167539245,0.014547468766794141,-0.00021334294877032044
52.15215215215212,1.368819900351009,-0.10993337399704925,-0.019136567871037465,0.3303007754151171,0.07393385350230211,-1.53268030014431,0.03222655044461377,0.0008698388522690489,-0.8376715221761624,0.004723961779712964,0.22433905573528096,0.01575329495312432,-0.37460871959232933,-0.09325899963090775,0.006075695557873702,0.002145039598909413,-0.03045532670959502,0.0007942673236888615,0.08825551707056153,-0.039653116686949326,-0.005787841736434167,0.014903228621338341,-0.0002276446621984331
52.25225225225226,1.3620893535805931,-0.11074918662635828,-0.018087626320306967,0.3307996836800381,0.0740083406909911,-1.5123697519567991,0.03415969062405657,0.0001361010336525397,-0.8222373554273517,0.009765823144150148,0.21841123059009604,0.01768003077266706,-0.3749756367806139,-0.09284325188779194,0.005749467069382452,0.0018942298043052989,-0.03004153873002837,0.0007925125729882114,0.08753159683053693,-0.039199556241238824,-0.005619913804567457,0.015266762451851393,-0.00024205866202525544
52.352352352352376,1.355146728668856,-0.11160408536646149,-0.01695298440149356,0.33119677218884347,0.0740639834576559,-1.4904051500422533,0.035383740217076236,-0.0003120934851067167,-0.8049834967294883,0.016561100888805226,0.2119703953674376,0.01948582333201761,-0.3754576259029119,-0.0924362096343063,0.005418905339246632,0.00163881315982911,-0.029631264546331672,0.0007903349427805502,0.08684832173912677,-0.038757097751933756,-0.005455809804128545,0.01563528017184728,-0.0002563849738654496
52.45245245245244,1.3479260937458006,-0.11246661599503019,-0.015731176754216168,0.3314621221728472,0.07410104404084263,-1.4667745950109516,0.036077053307535634,-0.00020319154205099502,-0.7857346765847549,0.025391714525815318,0.20510804590670179,0.02123944190026706,-0.3759610824952868,-0.09202929459755475,0.005076848947819726,0.0013775483761346533,-0.029220038785121093,0.0007877112346240074,0.08617247340687803,-0.038318144477857405,-0.005294643365001783,0.016015826920877115,-0.00027066528719310075
52.552552552552584,1.3405211446449472,-0.11333672408366416,-0.014413150084021147,0.3316307673980717,0.07412153864445517,-1.4421972706828534,0.036181136910216495,0.00021469617961634765,-0.765164603616931,0.03548679478674373,0.19795055907637524,0.022922844224282757,-0.37654871331918616,-0.09163779777807578,0.004728697943929855,0.0011127193873794357,-0.028808729831413877,0.0007846289898614795,0.08552319089105187,-0.03788274895061683,-0.005135737166910842,0.01640439010714844,-0.00028494319358677407
52.65265265265263,1.3331225778820426,-0.11425384386811184,-0.01300031090757763,0.33177788991351576,0.0741295153832378,-1.4171239046219566,0.035541670404130164,0.000601708860973541,-0.7439685691245346,0.04592983588704959,0.1905066617765192,0.024494673698054057,-0.3773090937856399,-0.09127459776459883,0.004384422266263845,0.0008481600179131392,-0.028401905408582208,0.0007812131179131714,0.08493339662955113,-0.03745428259979701,-0.004976684675433813,0.016788405620502978,-0.00029870262958649077
52.752752752752755,1.325651554671186,-0.11527446524876506,-0.011459086562062487,0.33187974534668147,0.07412568221257519,-1.3915956687031743,0.034774935511224764,0.002023981219154078,-0.7220736255255875,0.0567374417566183,0.18285762753008344,0.025961361679521205,-0.3780217400974243,-0.09090271378076817,0.004030465354006166,0.0005791921570423221,-0.027992352346410464,0.0007773978454264784,0.08433626327891083,-0.03700835602678106,-0.004810515749127821,0.017168137916456026,-0.000311833442731826
52.85285285285287,1.318193705223287,-0.116248819701643,-0.009839774045078284,0.33195846317164984,0.07411253021895013,-1.3662208173344523,0.033526323456215215,0.0033866307529203748,-0.6999420969516961,0.06759742509634928,0.17517517985417347,0.027408040200290685,-0.37883457510422586,-0.09056362303528712,0.0036735200274555903,0.00031008588751724924,-0.027582069859798115,0.0007732281216011626,0.08376212973207332,-0.03655970118644099,-0.004642740403954416,0.017553139399260613,-0.00032465417264043224
52.952952952952934,1.3107563627978784,-0.11705921480975193,-0.008203767906795523,0.3320066619868843,0.07408787735559595,-1.340853511839894,0.03140191651130478,0.003945609113944681,-0.6773618121635592,0.0789531949774681,0.16744776024056535,0.028880134482363918,-0.37984856057745536,-0.09027676247111846,0.0033191584554572856,4.3388676741990245e-05,-0.02717106402768884,0.0007686220515800942,0.08323694811939107,-0.03612265855714339,-0.004477053324473912,0.01794936000341395,-0.0003372533809750069
53.05305305305308,1.3034123395170656,-0.11780949417215947,-0.006509017130467652,0.33206117995483275,0.0740561595928711,-1.3159733549777264,0.028937689082079353,0.004486827535517289,-0.6549456328433555,0.08994574263709966,0.1597763650292108,0.030343311438912716,-0.3809328899929415,-0.09001798013129263,0.0029631289025694257,-0.00022218911060138766,-0.02675806784762826,0.0007636820651410323,0.08272343032211502,-0.03567741312759861,-0.004306419400283546,0.018348375798302376,-0.00034930585299147536
53.15315315315312,1.2962030088685488,-0.11862048375188947,-0.004700100822437837,0.3321332361548238,0.0740209238747231,-1.2921479428828027,0.026460790190150858,0.005758356651241994,-0.6331888811262527,0.09983047636435521,0.15229487543589618,0.03176924790734944,-0.3819640824381477,-0.08977115849418268,0.0026042852786174664,-0.0004869705937220688,-0.026336200828445407,0.0007583210660367467,0.08219062055223197,-0.0352058583610651,-0.004124114077435964,0.018744752959742244,-0.00036066139007951147
53.25325325325325,1.2891218339230663,-0.11935913259264361,-0.0028394282079599615,0.33221411196209794,0.07397968446595732,-1.2694477916520341,0.0234458853079806,0.006838900442468829,-0.6119381608898351,0.109039853147752,0.14505610098189758,0.03321525023835245,-0.3830699705348984,-0.08956654946203378,0.0022424077796435174,-0.0007494293832906523,-0.02590605002220256,0.0007524605351393854,0.0816724839469725,-0.03472504191961225,-0.003935502830884061,0.019146464333259124,-0.0003714960174560851
53.35335335335336,1.282187527833824,-0.1199001400112099,-0.000988715590469313,0.33232248104578027,0.07393184469391686,-1.2480861992276289,0.019853501647775825,0.007033731483178242,-0.5915089842540789,0.11735202774834382,0.13810484794048222,0.034734281592183204,-0.3843469085888854,-0.08942160387089701,0.001879811223436482,-0.001007740142403323,-0.025471863344499246,0.0007462269533204096,0.08118323163633746,-0.03424284768104288,-0.0037431984433069845,0.019557886670701564,-0.00038183482709149415
53.453453453453434,1.2754830372336812,-0.12033952799060506,0.0008938333036819729,0.33248993051405773,0.07388338183587542,-1.2286002944245287,0.016036246234111755,0.006981066325695885,-0.5724376522629453,0.12397675112826309,0.1315711992870475,0.03631043919024092,-0.385666608276934,-0.08932102361440267,0.0015156183838147378,-0.001261612096405702,-0.025028216330253632,0.0007396373359603249,0.0806916353478646,-0.033742277601930784,-0.003541454221920777,0.01997318024253799,-0.0003915014274700324
53.55355355355357,1.269104415880005,-0.1206879683876297,0.002812012389076468,0.3327275740107457,0.07383667484698317,-1.211373164308513,0.011883027509210883,0.0067036414867002615,-0.5548724305747136,0.1287846315778851,0.12558291760255536,0.03795240265851206,-0.3870136138860658,-0.08927104291482679,0.0011485138020420368,-0.0015105646553881702,-0.024571989104968446,0.0007325862323743495,0.08019687563803517,-0.0332223335400076,-0.003328537814744342,0.020393553080625848,-0.0004004394683397891
53.65365365365361,1.26300175021781,-0.12092089761804978,0.0047466103110866565,0.333027320146319,0.07378937758445916,-1.1962288615655905,0.007450841469729843,0.006205457154074617,-0.5387636427557061,0.13183091664254795,0.12008756621980998,0.03964023893482159,-0.3884097274386966,-0.08926527253862146,0.0007791082216856149,-0.0017550253082144248,-0.02410427092222032,0.0007250492448892202,0.07969787488556315,-0.03268227351967448,-0.0031031002405406223,0.02081925881055156,-0.0004086540145959645
53.75375375375374,1.257179239736704,-0.12104120850809823,0.00669494347905038,0.33340131965014,0.07374395282455103,-1.1832852423621385,0.0027365525908899816,0.005414499584555072,-0.5242388570252182,0.1329169574268844,0.11512452827033026,0.041385400518234784,-0.38983440487575843,-0.08930735696313631,0.0004074070515845251,-0.0019938458947271497,-0.023625967932743953,0.0007172191258466201,0.07919435306274394,-0.032122141067008024,-0.0028668694154818097,0.021249376634276576,-0.0004160989045727972
53.85385385385389,1.2516584485887063,-0.121044559719154,0.008650016243084672,0.33383358915136574,0.07369959362811704,-1.1726509433349082,-0.002446996465016063,0.0044325034661569455,-0.5111060078444825,0.13224086359823534,0.11077682957129684,0.04315750849876639,-0.3912730036788298,-0.08940015273139353,3.117019971971939e-05,-0.0022273613499434524,-0.023132228666529912,0.0007089538521320178,0.07868929733363958,-0.03154355301383821,-0.0026188879301564127,0.0216867075794445,-0.00042278553616950665
53.95395395395393,1.2464004291382393,-0.12093468754000755,0.010611245369413692,0.33432042504070514,0.07365504862178932,-1.164121406632618,-0.008146901733337134,0.003324547029844401,-0.49925488589899497,0.12991206564846294,0.10698315005563477,0.0449225327671159,-0.3927471844585208,-0.08953756434035284,-0.0003505010118804913,-0.0024568567531188428,-0.022623426175663788,0.0007001379874379415,0.07818432865620205,-0.0309470604551631,-0.002358730679200359,0.022130893228827463,-0.0004287009842833234
54.05405405405406,1.241376366920093,-0.1207121908137567,0.012572407788555992,0.3348601677172362,0.07361147644041605,-1.1574542475940337,-0.014386206131274334,0.002091290285827653,-0.4884944783125631,0.1261013759015043,0.10369709656586243,0.04666438637425274,-0.39423737002931813,-0.08971707922351736,-0.0007368151789550383,-0.002681545065204017,-0.022103328294549057,0.000691060736859214,0.07768276487944178,-0.030335050596017644,-0.0020895250936431463,0.02258036125238982,-0.00043385886953145765
54.15415415415414,1.2365958755612516,-0.12036427273132826,0.014518718118159274,0.3354323866647585,0.07356701293784362,-1.1526497755664693,-0.021320064536956,0.000817927022793117,-0.47854456853215915,0.1210670877003128,0.1009764842542813,0.048366694645701036,-0.3957336482953176,-0.08994081271891506,-0.0011293189073339652,-0.0029012527293600593,-0.021566865104836207,0.0006815770866586345,0.07718715153865853,-0.02970979432826326,-0.0018101515524754804,0.023038771538094464,-0.00043826687396055565
54.25425425425426,1.2320344173480844,-0.11991634843570358,0.016464983555617436,0.3360353810228754,0.07352213507252033,-1.1494392917270175,-0.029105440073584656,-0.00039576920646294323,-0.4691323384779946,0.11504821269715326,0.09875764699338085,0.04998912173540434,-0.39725151360369393,-0.09020503757963963,-0.0015306512070880512,-0.003118300556698101,-0.021014233231042803,0.0006715399664130665,0.07670419061416502,-0.029072684479525695,-0.0015214167193276038,0.023505843884817086,-0.0004418928875087343
54.354354354354385,1.227622795651932,-0.11936896621839425,0.018403556304664243,0.33665266941185107,0.0734757022094072,-1.147289520804088,-0.03775528326153006,-0.0014594263082520044,-0.4598143320446675,0.10854474657800714,0.09691758455312015,0.05149599527693394,-0.39877999549224896,-0.09050151648602597,-0.0019392011065357307,-0.0033320834746033536,-0.020450134876745674,0.0006612369153910515,0.07623778799689071,-0.028428517693631056,-0.0012273263696044496,0.023979964780383847,-0.00044482616320115295
54.45445445445442,1.2233629682090794,-0.11871710281256251,0.020322072197160663,0.3372654041158107,0.07342618615544282,-1.1461785422552835,-0.04742399954839092,-0.002319330549468834,-0.4503430362799844,0.10173968223138863,0.0955044604000648,0.052875302241792134,-0.40031400157015334,-0.09083265221766337,-0.002355656491565267,-0.0035417849339180628,-0.019871227322596306,0.0006506065099463837,0.07579150407112967,-0.02778020970751327,-0.0009267844847287677,0.024464545014600443,-0.0004470700984272421
54.55455455455457,1.2192320566694907,-0.11798019399146045,0.022232821336423198,0.33786982639125174,0.07337442331456207,-1.1458202825889876,-0.05829617517760588,-0.0028816550743983324,-0.44037771848600366,0.09488614747359758,0.09447848862923267,0.05410116454830953,-0.40186271642841653,-0.09119767223431746,-0.0027823366289157084,-0.0037496989623773554,-0.01927604618923132,0.0006394301689085035,0.07537280439983904,-0.027129718256997937,-0.0006214838378160118,0.024959378041081438,-0.00044858200142008843
54.654654654654635,1.21518216638545,-0.1171536319794769,0.02413099302723638,0.3384584269777908,0.07331871440461847,-1.1459291799564946,-0.07028036957547751,-0.0030973554848955443,-0.4297316977800576,0.08824372334184499,0.09375465157743515,0.05514242403869725,-0.40341563387475504,-0.09158980812287962,-0.003217544360059661,-0.0039549099594594125,-0.018670525495042924,0.0006280372070637046,0.0749799275455704,-0.026477942002149556,-0.00031317989348583346,0.02546234907571774,-0.0004493999417044825
54.75475475475476,1.21122537644065,-0.11623257517497294,0.02600624436216778,0.3390235088266854,0.073259494501031,-1.1464775954234907,-0.08345470320277534,-0.002948380458104168,-0.41826095542735936,0.08187316496542545,0.09336478191830608,0.05601032550393381,-0.4049708983608841,-0.0920094536915248,-0.0036610713941511537,-0.004156444100668613,-0.018052334454085807,0.0006163889552373759,0.07461650622105419,-0.025827798505490978,-1.17823952304405e-06,0.025976457854074663,-0.00044957883194488284
54.85485485485488,1.2073407568060912,-0.11522211370936537,0.02785981065264646,0.3395622752632467,0.07319761651519965,-1.1472570307259722,-0.09797172742101887,-0.0023755930370680427,-0.4056962640926118,0.07593929704814799,0.09331916189949375,0.05669653389426184,-0.4065310648653561,-0.09245763073360862,-0.004113497685930964,-0.00435563457033772,-0.017419018961164597,0.0006042660170258779,0.07428619722825605,-0.025180443388638712,0.0003125787819432882,0.02650131025525058,-0.00044908176864514617
54.954954954954914,1.2034642986400057,-0.11411068682927587,0.029683761562037298,0.3400565206766434,0.07312889496523176,-1.1477993505806032,-0.11377644717786924,-0.0012856985881680907,-0.3916416227863436,0.07084220219373112,0.09349647759879265,0.05715782308900559,-0.40808818938592106,-0.09292751660518894,-0.004574712662373791,-0.004552260680210854,-0.016776599007956937,0.0005920011799645783,0.07398986130605825,-0.024537848334833516,0.0006266072400925796,0.02703491097009862,-0.00044785578479638043
55.05505505505507,1.1996245504248515,-0.11289464951590203,0.031473831818540056,0.34051810194528037,0.07305617073946216,-1.1482642698329057,-0.130817414289298,0.0002624176990582209,-0.3763293169887697,0.06629298854621592,0.09392582155363542,0.0574385187034393,-0.40964742178910163,-0.09341881061981441,-0.0050423973756440355,-0.004744970362852063,-0.016123274091025853,0.0005795339162718887,0.07372888456393645,-0.02390054377729798,0.0009417227667682044,0.027579016465803408,-0.0004460654337483542
55.15515515515513,1.195917667027068,-0.11158561705637846,0.03323010967719346,0.34097592526878534,0.07298329752477037,-1.1490340147959437,-0.14916267144148154,0.0022499142972798396,-0.35993962482048614,0.06207770063054997,0.09473872735919572,0.05755514917828428,-0.41120685180036876,-0.0939383337251002,-0.005516072920888447,-0.004933358464161953,-0.01545562870648243,0.0005666757166237043,0.07350312402554363,-0.02326679477800394,0.0012567416677086304,0.028133527416810977,-0.00044362123045680853
55.25525525525525,1.1921115575200552,-0.1101873424993696,0.034944845738948474,0.34133746481646715,0.07290228362666863,-1.1490698462462239,-0.1690518534685738,0.004932943645403151,-0.34133685027648053,0.05934339876923065,0.09571020500959282,0.057404347766788086,-0.41277056767639414,-0.0944765878288509,-0.006000222134453018,-0.00512019635084335,-0.014777658205552274,0.000553672956888869,0.07331988246645946,-0.022646765981951318,0.0015674809941079477,0.028700852103423068,-0.00044061771406009846
55.35535535535538,1.188262466429635,-0.10868280224535225,0.03661462431188485,0.3416323864988045,0.07281720653753301,-1.1487058391647635,-0.19027553694449933,0.008149097390561747,-0.3210160624692576,0.057499472794158325,0.09692710436970271,0.057081920459030155,-0.4143476084587773,-0.09503663790330766,-0.006491809737841183,-0.005303553118368144,-0.014088989838106835,0.0005404777811234189,0.07317279700800501,-0.02203722409051747,0.001876100958467728,0.029282590256669627,-0.0004372185769756262
55.45545545545544,1.184352095104351,-0.10710216670141696,0.03824048920542485,0.3418498875813349,0.07272784908209536,-1.147947768455849,-0.21304810813885836,0.011955348036246465,-0.2988115072345284,0.056651351917016556,0.09848596388141727,0.056569383448300384,-0.4159351661833474,-0.09562303595019891,-0.006989618642317799,-0.005482097040189151,-0.013387248360970883,0.0005269748451741049,0.07306139436275316,-0.021442831809343147,0.0021788104298866113,0.029878645277964334,-0.0004332943225815635
55.555555555555564,1.1810227592925697,-0.10527422085376215,0.039752456414555284,0.3422508126370755,0.07264919827907786,-1.1491471703568403,-0.2360247652337689,0.01558752074833875,-0.27788507181414884,0.053455177891807856,0.10066510157810382,0.056125323710770766,-0.4174628419346059,-0.09624972974007143,-0.007476331509235196,-0.005646143807245893,-0.012675389439556897,0.0005135193008879145,0.07295948566614524,-0.020824049923595496,0.0024936640141451105,0.030475967052088104,-0.00042831744045307505
55.65565565565562,1.1778802953232927,-0.1032843037914978,0.041190008518401745,0.3426890258513543,0.07257332703442956,-1.1509539352982592,-0.2597578773984125,0.01944293571350675,-0.2565823887067533,0.049538327114779325,0.10328520277427027,0.05565141389314644,-0.4189726567098463,-0.0969065575652062,-0.007961828765392878,-0.005801702016939711,-0.011955777102907857,0.0005000619973741958,0.07287959861682028,-0.02019828766107728,0.0028128034779557843,0.031082823521427393,-0.0004227473249217136
55.755755755755764,1.174839574943179,-0.10117568541708617,0.04255309382609193,0.34313376431448084,0.07249703305750879,-1.1532681187487022,-0.2844406807486183,0.02360557922826242,-0.23468291496411003,0.04509917892052251,0.10640104724895767,0.055122530608108525,-0.42045806768983296,-0.09759360190196893,-0.00844435125220556,-0.0059466613830043615,-0.011226298594064595,0.0004865324202229882,0.07282178876104599,-0.019572811527627243,0.003131508835442837,0.031698707053349255,-0.0004164242170351147
55.855855855855886,1.1720378028445286,-0.09892353999163161,0.04382552809176564,0.34362639942783635,0.07242582174407028,-1.156643938295828,-0.30987912976771104,0.027970638870178914,-0.21267444020333706,0.03975710098549014,0.1100475268583897,0.05453972417262187,-0.42190146927617933,-0.09831489075876924,-0.008923574779733066,-0.006080375881329398,-0.010483930933361746,0.00047301007722481763,0.07278228221326075,-0.018940836903625684,0.003453605310481299,0.032325801639863226,-0.0004094787371218357
55.955955955955936,1.1694878804269302,-0.09649434820940309,0.044999031688694846,0.34417630947030103,0.07236050309287509,-1.161226064176437,-0.33593703956770676,0.032513617090335956,-0.1906765988696706,0.033278310158412136,0.11426545835912147,0.05394627112285082,-0.4233124579444663,-0.09906964230057218,-0.00939969573057455,-0.006203906381856519,-0.009730935866077007,0.00045949027895030546,0.07275626894634044,-0.01829773950005085,0.003780045874486419,0.032964339069436674,-0.0004020066031240075
56.05605605605606,1.167173112659687,-0.09391712197792138,0.04606866193983553,0.3447907739604166,0.07229928951701257,-1.1671025830913633,-0.36251401525406574,0.03716730135155147,-0.16891437436929033,0.02543543617087992,0.11908650653827355,0.053377237181531666,-0.4246673517879759,-0.09985384664057935,-0.009868380086919645,-0.0063136423084693555,-0.008966474468007631,0.00044598264592164065,0.07274061103665608,-0.01764564896866235,0.004109310524650689,0.03361276086966061,-0.000393795872813569
56.15615615615612,1.165085547062111,-0.09117586738382419,0.04702826805124669,0.3454649937938958,0.07224398051608626,-1.1742365706054652,-0.38964060463238887,0.041975296568146574,-0.14726171951964492,0.01636842554181547,0.12450019342259985,0.05279872826665821,-0.4259592772345817,-0.10067041403973853,-0.010332561753061461,-0.006411094941453728,-0.008189959717152012,0.000432537246620207,0.07273768256094132,-0.01698328990263668,0.004442305421045971,0.03427384088056808,-0.00038504746568088276
56.25625625625626,1.1632751010443134,-0.08825688845275051,0.047866924142592825,0.34621454198475937,0.07219546122955361,-1.1828882385132178,-0.41721549964672144,0.046889309128064584,-0.1259889660777754,0.005791054278258359,0.1305344415544541,0.052224401428351316,-0.42719703529924075,-0.10151978072521373,-0.010788772947509927,-0.006494949056546753,-0.007400801370277907,0.00041909417639719954,0.0727413116493564,-0.016308250239877392,0.004779080864928642,0.03494653242835781,-0.00037588443802746146
56.35635635635638,1.161707407625535,-0.08518620305063854,0.04859073322759083,0.3470399297828285,0.07215250866715842,-1.1928297975358233,-0.44513559349803467,0.051898708659953094,-0.10503586163180337,-0.006257686277889582,0.137163121227623,0.0516907282721492,-0.42836414916616344,-0.1023960542978594,-0.011235870766653647,-0.006563631414935783,-0.0065996410897350396,0.0004057505386279497,0.07275161622534773,-0.015623345023363428,0.005118154771147882,0.035630119107727856,-0.0003660807583924464
56.45645645645643,1.1602870214988565,-0.08192939153066195,0.04918574705704574,0.3479236908441977,0.07211335540472066,-1.203642218142881,-0.4733712106988449,0.05701843925250122,-0.08415778567416797,-0.019769238959621876,0.1443855379355775,0.05118386610574046,-0.42944250739080153,-0.1033022073792839,-0.011676377396542587,-0.0066181059779617125,-0.005791533158515678,0.00039264327671908105,0.07276741192512459,-0.014925905956131713,0.0054604402691989734,0.036325509907224336,-0.00035578088948075824
56.55655655655655,1.159046720862834,-0.07850440147114232,0.04964443864204532,0.34887044581888443,0.07207726688892674,-1.2153732690509709,-0.5018796429697662,0.06223782212514818,-0.06344364387706274,-0.034711014203488696,0.15212138268181744,0.05069081392051411,-0.43043689929288265,-0.10423086533447139,-0.012105115346877426,-0.006656959350373547,-0.00497437020951294,0.00037964862619740535,0.07278561428939698,-0.014218694167261892,0.005803930115670564,0.03703065910178234,-0.00034512466607298397
56.65665665665669,1.1579663910774352,-0.07491756471827758,0.04997527288767611,0.3498801334918904,0.07204485151956239,-1.22797379467888,-0.5305865463118875,0.06758951268270438,-0.04280687447468527,-0.05098199737101956,0.16037350463092487,0.05024492857724209,-0.43133264782254566,-0.10517826886243206,-0.012524254792145025,-0.0066803524555341266,-0.004147646605668999,0.00036689232820505846,0.07280715298174022,-0.01350221073918594,0.00614838276689215,0.03774754233329104,-0.00033392955306491364
56.75675675675675,1.157045645173675,-0.07114716889039423,0.050167198507581987,0.3509493025225935,0.07201665155322631,-1.241441959706583,-0.5594948049919379,0.07307947433718595,-0.022158721158161483,-0.06855443913054378,0.1691558154738301,0.049828388433423944,-0.4321292030389431,-0.10614931440524829,-0.012933390980482153,-0.006687947924672909,-0.0033134567509610752,0.0003543133964897018,0.0728308569928941,-0.01277499612369718,0.0064936444289887315,0.03847916951787719,-0.0003224551536337776
56.85685685685687,1.1562491547417764,-0.06722397830501087,0.05021965955448694,0.3520658500300572,0.07198936778078949,-1.2555469393689587,-0.5885985964182177,0.07874730239389259,-0.0013673843662267483,-0.08713471175335259,0.17834546154726458,0.04942511446681165,-0.4328284773745222,-0.10713332899297376,-0.013328522285906913,-0.006678555789013797,-0.002468506732602634,0.0003418628583509441,0.07285569408489886,-0.012043431149800343,0.0068366132207231065,0.03922255579010481,-0.0003107407275181885
56.95695695695692,1.1555625861591912,-0.06314583032983365,0.05013976725524368,0.3532338028654676,0.07196508104963438,-1.2702896166173356,-0.6178351215798559,0.08461071864304179,0.019611050410282826,-0.10668748007274154,0.1879756986091908,0.04905467119305771,-0.4334103285320314,-0.10812859123674731,-0.01371176935448289,-0.006652575963257199,-0.001613384287257461,0.00032963852662832877,0.07288230997960767,-0.011305281721831123,0.0071777406533463425,0.039980401060529074,-0.0002987482228522519
57.05705705705706,1.1549647014103361,-0.05888589347740025,0.04991511001463082,0.3544452846436227,0.0719419102716902,-1.2854562145680672,-0.6471328926795887,0.0906744490661884,0.04094511847310391,-0.1271362518454303,0.1979882058871555,0.04871967501574791,-0.43388067544451603,-0.10913561530146265,-0.014081385544364593,-0.006609709751128953,-0.0007497885595105034,0.0003176023052682888,0.07290723062924268,-0.010561226686672288,0.007515672959785636,0.04075535695397961,-0.000286715906433176
57.15715715715719,1.1544310321725424,-0.054480551201869475,0.04955280296551398,0.3556909625063698,0.07191793584664681,-1.300935500642723,-0.6765000333444249,0.09695297449016788,0.0626730161917733,-0.14827235612304598,0.20833339098492482,0.048405260060185584,-0.43423987650623125,-0.11014853345177997,-0.014435868671816746,-0.0065490656640785445,0.00012484372820673376,0.0003057279130988203,0.07292896106342953,-0.009816042019144818,0.007848874335731632,0.04154416860192856,-0.00027455942834282395
57.257257257257244,1.1539595322516938,-0.04991782087540475,0.049054813357932374,0.35697812683111496,0.07189627706628018,-1.3166893451890922,-0.7058584038499629,0.10347733107999202,0.0848989242128248,-0.1700000784107133,0.2190182527230035,0.04813865627816531,-0.4344679794590977,-0.11116320273041302,-0.014775397340722498,-0.0064707504078815896,0.001010349947370993,0.00029399293010277884,0.072947868177419,-0.009068414774937115,0.008176381857790621,0.0423505650790995,-0.0002624198712205967
57.3573573573574,1.1534945969651251,-0.045176867786959465,0.04840568997132673,0.3582886195642786,0.07187172347259249,-1.3324081431896448,-0.7351241582154822,0.11023278012260147,0.10777987760911989,-0.1922493807907793,0.22994978955910378,0.04793035868159552,-0.43456928222131114,-0.1121787550927916,-0.01509700634549252,-0.006373337610538777,0.0019065094193816204,0.00028248689743454755,0.07295819595493466,-0.008320301773564343,0.00849695193680708,0.04317675779579992,-0.0002505019078403597
57.45745745745743,1.1530115068834117,-0.04029830753156241,0.04762219216647527,0.35961763030232186,0.07184423419178329,-1.3480560589410457,-0.7643316361496305,0.11723215404209553,0.1313178097899875,-0.2148816786951985,0.24114706601428035,0.047762921276276266,-0.43454611894290257,-0.11319364330599417,-0.015402791228629443,-0.006257806141532476,0.002813829660244097,0.0002711058368296604,0.07296022055380672,-0.0075743926268063535,0.008809858438095324,0.0440195518430033,-0.00023861938938974487
57.55755755755756,1.1525099403629153,-0.0352585857492461,0.046698383287363074,0.36097308881332335,0.07181613083250715,-1.363587741864313,-0.7933165828561937,0.12446826027428992,0.15557948631830196,-0.2378559471835449,0.25258079959960594,0.047699102442203614,-0.4343829369133608,-0.11420196483002872,-0.015690006500639654,-0.006122743035813445,0.003733572044307578,0.0002597714849786719,0.07295143453309413,-0.006830019383884752,0.009113542306073237,0.044883810648810044,-0.00022705160558542594
57.65765765765768,1.1519583661517352,-0.030045380114395403,0.045620954169539894,0.3623384025689769,0.07178282615431564,-1.3789219674727815,-0.8219774973708296,0.1318851160308342,0.18053671414826403,-0.26115902443844397,0.26419093542484984,0.04774615589419226,-0.4340826161693232,-0.11520449444690431,-0.01595621077458832,-0.005966726378147075,0.004666671312920263,0.00024864934081037773,0.07292456210988628,-0.006088784489046849,0.00940750987985346,0.045770962324753764,-0.00021599901293306738
57.757757757757744,1.1513333374710202,-0.02468443121863046,0.044402914984006406,0.3637116196567264,0.07174515487904176,-1.394014242432088,-0.8503606585111878,0.13950953474201994,0.2062254458956637,-0.2847349632197921,0.27602473545308176,0.04789713759513019,-0.4336421392923115,-0.11620179185366224,-0.01620549980304715,-0.005792238745401186,0.00561209922211889,0.00023756581803335646,0.07287990635015143,-0.005351289927686455,0.009691253219099763,0.046679036739550164,-0.000205254089432705
57.857857857857894,1.1506190458572578,-0.019155559750893107,0.04303963912496521,0.36509263808381937,0.07170373890931576,-1.408807107225468,-0.8782748262762239,0.1472945776266334,0.23266222493311406,-0.30856819479499864,0.28802748425809094,0.04822164629487638,-0.4330658821392639,-0.11718986178037075,-0.01643282336182659,-0.005596061423196279,0.006572859125545734,0.00022643572574995952,0.07281199378055933,-0.0046195411986816705,0.009962634992023111,0.047613711775607734,-0.00019516153563237554
57.95795795795792,1.1498095936019914,-0.01346148416671214,0.04152180225199842,0.3664753327496326,0.07165610210736897,-1.4232989653537336,-0.9056346304114937,0.15518201114466096,0.2597435797913764,-0.33268232774956275,0.3001872055851497,0.04871161196273234,-0.4323366408230894,-0.11816766305214402,-0.016636665945797584,-0.0053777021000524245,0.007548796544415831,0.0002154411338956399,0.07271534399856325,-0.0038927832899374724,0.010222004680483055,0.04857366256351045,-0.00018584098886646874
58.05805805805805,1.1488574004432248,-0.007610314092488357,0.03986312690320878,0.3678509654029764,0.07160219944584593,-1.437402963441686,-0.9324477531271015,0.16317001095185163,0.2875061822752243,-0.35705463951355904,0.3125174485775613,0.049396655684599985,-0.4314602805588379,-0.11913680966640101,-0.016821547281212303,-0.005140051624554001,0.008538784462251923,0.00020441416058702158,0.07258772425174102,-0.0031728590572077386,0.010467843518941684,0.04955944350582462,-0.0001771825722769281
58.15815815815817,1.1477656888587835,-0.0015892991938939644,0.03805180120788728,0.3692192984458542,0.07154179444003783,-1.4512068846522852,-0.9585569262589418,0.17122532753484382,0.3159317010030639,-0.38167815498921887,0.324993016223474,0.05031516452098128,-0.4304459559814589,-0.12009588953888342,-0.016981622747768814,-0.004878416889124411,0.009548536734422564,0.00019324036772120425,0.07242287409329466,-0.002461899650310964,0.010698841394249653,0.05057732224989103,-0.00016951462929938802
58.25825825825825,1.1464956612577057,0.0045934933551514175,0.0360905595848295,0.37057668355911794,0.07147322920411565,-1.4645372006900987,-0.9838800317682039,0.1792895237134361,0.34493190729833834,-0.40663524567905346,0.33758742540928377,0.05147665451758723,-0.4292713564322578,-0.1210388848206587,-0.017118996429337275,-0.0045964610738787335,0.010573177894760062,0.00018205634149791482,0.07221894100691106,-0.001756897402983847,0.010915878277325364,0.05162141490604608,-0.0001628081145149773
58.35835835835839,1.144981151148695,0.01094767381736986,0.033982057050088214,0.3719038554456219,0.07139428223500062,-1.4772573961548685,-1.0083515748884369,0.1873268718656298,0.37457419126781266,-0.4318555706475721,0.3502932049060744,0.05292182194409265,-0.42794240312494186,-0.12196715173484204,-0.0172362945338888,-0.0042943415866229535,0.011613524700541916,0.00017077518432993653,0.07196829963466925,-0.0010623307565151082,0.01111626217968054,0.05269588469740442,-0.00015712159018702954
58.45845845845842,1.1432159195008056,0.017466185510513873,0.031721830888696616,0.3732016860521589,0.071304457787077,-1.4894347795953276,-1.0318912973610899,0.19532336603267703,0.40484991304142826,-0.4573739280127822,0.3631141073693897,0.0546597651385959,-0.4264661424235115,-0.12288273336366132,-0.01732804973482387,-0.003967633197501915,0.012675311065689237,0.0001592737455708096,0.07166490885948786,-0.00037914635886341817,0.011299308341459152,0.05380669677359613,-0.00015275908390171054
58.55855855855858,1.1412760661020562,0.024123494358890114,0.029327156227828034,0.37448359462292524,0.07120707468866003,-1.5013323887615173,-1.0545450251219446,0.20325036356609302,0.4355612422239602,-0.48322856425803573,0.3760729187882075,0.05667522671077892,-0.4248355964690453,-0.12378387441683258,-0.01739750062658136,-0.003621062884336508,0.013756443996902342,0.00014753114152709468,0.07131379496915083,0.0002963676721188222,0.01146696002267494,0.05494748583591667,-0.0001495789958066616
58.6586586586587,1.1390990394119895,0.030917481687360304,0.02680163345650962,0.3757286582011831,0.07109935743464654,-1.5129143958634446,-1.0761815191134683,0.21105974132527647,0.4666784884628446,-0.5093452420295446,0.3891852096649978,0.05901922309729922,-0.42306088374181766,-0.12467164148431036,-0.017445225360918564,-0.0032521632625393745,0.014860782771972822,0.00013545610318996251,0.07090264794848808,0.0009574376974027177,0.011615136517008077,0.05612561285534188,-0.00014781433863951846
58.758758758758745,1.1366651145992468,0.03784287136355263,0.024140916261343074,0.3769328756860233,0.07098037466608464,-1.5242220603424754,-1.0967755383990643,0.2187264128493029,0.49820807557640745,-0.5357920144053032,0.40245777411796196,0.06169744702957294,-0.42114124029997474,-0.12555156617703897,-0.0174662808700101,-0.0028574744545405194,0.015993276727643398,0.0001229168173698053,0.07042506537466589,0.001603856280441174,0.011743404891774658,0.057347234882286456,-0.00014781776692789498
58.85885885885888,1.13403279912423,0.044879760112488475,0.021361403658519067,0.3781062308705215,0.07085280931749038,-1.5352809051275869,-1.1164441120064585,0.22626748921185733,0.5301255711268369,-0.5625104351990673,0.4158612153039048,0.06466966787597943,-0.4190781024672782,-0.12641791073618364,-0.01746610420522824,-0.002443462585774221,0.017148256390963495,0.00010995458457737128,0.0698936323584179,0.0022397634072935943,0.011855021588450896,0.05860248550448862,-0.00014922198765614242
58.95895895895895,1.1311134384023442,0.052008710500288255,0.018472227064279985,0.37922414996291404,0.07071304516189503,-1.5460660924117604,-1.135002744929226,0.23363153152465319,0.5623217335670884,-0.5894873374481225,0.4294374522320007,0.06799660820767739,-0.4168776234813015,-0.12727037924826867,-0.01744509162886645,-0.0020067124094651162,0.018331970057214833,9.646443413471527e-05,0.06929072894803269,0.0028571128194790334,0.011944923653896006,0.0599008840208341,-0.00015239944617856128
59.059059059059074,1.1278746038779335,0.05922929894164811,0.015471855025859243,0.38027991658226556,0.07055979771454379,-1.5564883812189396,-1.1524784475269585,0.24079132415801635,0.5948824510627377,-0.616712071945699,0.4431424258986885,0.0716832941896807,-0.414532851682722,-0.12811448254986385,-0.017398743917056085,-0.0015450166533531894,0.019547544483442196,8.228122513726431e-05,0.06861133484332102,0.0034552952132761543,0.012012339245146506,0.061247273525277646,-0.00015771354594364814
59.159159159159195,1.1243942770278117,0.06652921291114607,0.012368057833506424,0.3812859769326909,0.07039605760912934,-1.5666595759820967,-1.1689908684369439,0.24777909712995871,0.6277744063924382,-0.6441545538087942,0.45698436382079405,0.07567055269777197,-0.4120554902463464,-0.12894562377981864,-0.017332883521434948,-0.0010643975417619878,0.020789616939540487,6.75073782641888e-05,0.06787005144495063,0.00403937166301001,0.012061533501036623,0.06263282476785946,-0.00016476552152931804
59.25925925925924,1.120634883435427,0.07385909931480297,0.009187082005950411,0.38222501817920296,0.07022042882054691,-1.5767997843415995,-1.1844738048152799,0.25456470185128166,0.6607862168623105,-0.6718082968181256,0.4710185880115433,0.08000353291318425,-0.40945895523978243,-0.12976845186610128,-0.01724660262939836,-0.0005610141238586433,0.022066946996994564,5.198712282333091e-05,0.06705271966519807,0.004601777834507483,0.012088635083129365,0.06406659893543218,-0.00017388067741806507
59.35935935935938,1.116547857277204,0.0812311236050248,0.00592411476891328,0.3830901564151473,0.07003130262872377,-1.5866524221926448,-1.1989113375212654,0.26112001303853416,0.694047700679139,-0.6996255288938804,0.48519309476652106,0.08469032182674777,-0.4067339147892192,-0.13058343874018583,-0.017137448006813414,-3.437690081899238e-05,0.02337970672484496,3.553438937637419e-05,0.06615368840602638,0.005141580075636148,0.012091618040142301,0.06555118733828239,-0.0001853631710488021
59.459459459459445,1.112162679858725,0.08862827411119617,0.002579740507878698,0.3838797148537926,0.06982890242323983,-1.5962870632315442,-1.2123946050977383,0.26746065199211555,0.7275557854781562,-0.7276081723502372,0.4995065861101704,0.0896958910596923,-0.4038917884623746,-0.13138808392004692,-0.017009779152812425,0.0005114580984754244,0.024724657973845127,1.826125690824272e-05,0.06518398115478466,0.005661889447590597,0.012074171472213818,0.06708285545428164,-0.0001990542924027291
59.55955955955957,1.1074387462150987,0.09600375652133884,-0.0008166808580832513,0.3845842574150811,0.06961264175542672,-1.6056991766768038,-1.224935288257141,0.27358529637392803,0.7611930614008549,-0.7557385003007996,0.5139547854011516,0.09502631350198891,-0.4009356734793902,-0.13218239983269991,-0.016864480907526517,0.0010772768172073407,0.02610685653792084,5.1774901580869517e-08,0.06413614987966387,0.006158342305640501,0.012034682077852864,0.068663304932214,-0.00021498019330539706
59.65965965965969,1.1023451727078162,0.1033648745179763,-0.004265684187477628,0.3851954479450781,0.06938115451503726,-1.6147942758755054,-1.2365269735362892,0.2794820525861809,0.7950120804087343,-0.7839909328524858,0.528542373237093,0.10069328213642925,-0.3978673021764833,-0.13296793921222033,-0.016700219516930973,0.001663735542501232,0.027526471456717556,-1.9292587996445016e-05,0.06300284027885567,0.006628611271906866,0.011969914389032247,0.07029601551530491,-0.0002334034601783724
59.75975975975973,1.0968914856446677,0.11067749157978801,-0.007759055617777846,0.385707121860415,0.06913410412180505,-1.6237166197769635,-1.247268660182853,0.2851373531168265,0.8289474252071255,-0.8123795942550187,0.543264002600947,0.10667507341339189,-0.39470658316802887,-0.1337465268433479,-0.016520280821339405,0.0022681537448696397,0.02898471012543167,-3.977310993000765e-05,0.061792780086198776,0.007074026837168593,0.011883451832301991,0.0719832283337152,-0.00025448648872172466
59.859859859859874,1.0916896643323708,0.11782543308688449,-0.011289680154368861,0.3860441418509202,0.06890172817295172,-1.6326983379079276,-1.2571649424703522,0.29055641808572447,0.8628348698823786,-0.8408905681024132,0.5582247702617076,0.11294900496069575,-0.39147998634452574,-0.1345409689615636,-0.016321995509441307,0.0028943665037859598,0.03047532314686468,-6.114513334721804e-05,0.060497145573486066,0.0074892662039520745,0.011773898155134275,0.07371791848703801,-0.00027787598755435255
59.95995995995994,1.0863484425184167,0.12483871297863106,-0.01483575134211495,0.3862309523615774,0.06866540013216395,-1.6415156733762324,-1.2662697946485664,0.2957513833381366,0.8967489361427013,-0.8695117786833502,0.573371174499654,0.11953192476870264,-0.38818699639457993,-0.1353400940861617,-0.01610654472859057,0.0035409947032719684,0.032002807621675955,-8.372314452288754e-05,0.059113898190651784,0.007871673317726117,0.01163751468991327,0.07550541314630474,-0.00030389548258146463
60.06006006006008,1.0797238446321535,0.13188460332707436,-0.01837101688444524,0.38642194974056376,0.06836904153818639,-1.6498305698238624,-1.2747810126568886,0.30074341461921006,0.9307707580500633,-0.8982714489968293,0.5884824941430665,0.12641355139516314,-0.38478056696686436,-0.1360955014521677,-0.01588255426630958,0.004196213692872341,0.033581988262240584,-0.00010808150972636665,0.05766793228389287,0.008235013376786967,0.011482585520717046,0.07735109182194119,-0.00033282708338952505
60.1601601601602,1.0727668149543186,0.1388027175520313,-0.021907765139151672,0.3865207405136255,0.06805837160327667,-1.6579960915035574,-1.2825627947444775,0.3054843039840235,0.9647482368568582,-0.9271322251303783,0.6037533949176839,0.1335836688148735,-0.3812869487874725,-0.1368411667616888,-0.015644736628886043,0.004866879951443424,0.0352033632704223,-0.0001338926501904806,0.05614564947345504,0.008570869224375603,0.011305762236172821,0.07924738946297905,-0.0003644516493738779
60.26026026026026,1.06542769264593,0.14555768090056373,-0.02541465139249436,0.3865041196660421,0.06773170893677856,-1.6659909545428238,-1.289780202262735,0.31002263745252046,0.9986441975365551,-0.9560970394128597,0.6191579992036289,0.14100613588582697,-0.37774218251488156,-0.13758237771838117,-0.015396220936588993,0.005552352316324845,0.036867216081644935,-0.0001611723435495351,0.05454534253013523,0.008875332944694447,0.011104809385591368,0.08119636178289276,-0.00039875519462201733
60.36036036036037,1.0577247542334167,0.15213144936964595,-0.028878899945283216,0.38637045653121926,0.06739051569794793,-1.673846190255349,-1.296590187635363,0.31437556595258315,1.032410604475821,-0.9851884708646521,0.6346506963788447,0.14865287523925655,-0.3741682581096909,-0.13832029935667872,-0.015140706695329737,0.006248429834378547,0.03857239402976742,-0.00019003977192671778,0.05287320308136295,0.00915095646407211,0.010884279900878823,0.08320147855280355,-0.0004360319942237831
60.460460460460446,1.049674519508612,0.1585152824933192,-0.03230975890450545,0.3861361496449639,0.06703378504523065,-1.6815526367456983,-1.3028026143611866,0.31847716389806674,1.0660291751453237,-1.0143486243179272,0.6502927262659968,0.156555576416278,-0.37053213995045453,-0.13904767598287754,-0.014876520350926148,0.00695647359626315,0.04032258177419562,-0.00022062413618732443,0.05112914120169222,0.009397018967836825,0.010642312314082048,0.08525788399854548,-0.00047626796830601377
60.560560560560575,1.0415233526465166,0.16464913829813993,-0.03567396322998502,0.3857396664539634,0.06667404277242925,-1.6892778497499326,-1.3086623255621084,0.32239645809876283,1.099386527816863,-1.043598384378845,0.6660910775374889,0.1646577354155476,-0.36688073821556066,-0.13978143914404811,-0.014603729459429666,0.0076766087862302716,0.042113317610318494,-0.0002527650892715116,0.049310234942217424,0.00961077906717069,0.01037876222407275,0.08736515323956595,-0.000519175282177897
60.660660660660696,1.033532710763941,0.17051111473857833,-0.03896566957990376,0.38514610755252343,0.06632364960364932,-1.6970452796789517,-1.3143309209977982,0.32617057267176774,1.1324602865066988,-1.0729500594861743,0.6820306130119159,0.17292789712057838,-0.3632475870427553,-0.1405314783893118,-0.014323171825644715,0.008405800535672154,0.04393524728658655,-0.000286457779818709,0.047420277026860004,0.009793822390861044,0.010097534210450726,0.08952391437743881,-0.0005650379317234451
60.76076076076075,1.0244337742969547,0.17615671934724533,-0.042176522357546285,0.3845313176414207,0.06592249598273117,-1.7042939505926415,-1.3196162695607103,0.3297303800439873,1.1654073191378307,-1.1023506542675279,0.6979776960568889,0.18142571637063373,-0.3595658265606353,-0.14124270333111774,-0.01404454649027922,0.009140082938577303,0.045814698546221624,-0.0003222535593205782,0.04547525968004879,0.009948321687601597,0.009795973182802111,0.09173524963154593,-0.0006140053587288729
60.86086086086086,1.0148861660450255,0.18151680883661547,-0.045285749713059445,0.3838107158768945,0.0655025554692165,-1.7113332878015317,-1.3247595242071883,0.33314338305220476,1.198062818930478,-1.131806621342831,0.7139923503176066,0.19007388196239206,-0.35588480694471697,-0.14194231765934462,-0.013765002041442681,0.009879689662009573,0.04774006618959818,-0.0003599195525124757,0.043470857790649006,0.010074356073424528,0.009476925573070349,0.09399597978026114,-0.0006656753745689922
60.960960960960946,1.0050119513777394,0.18659432025526387,-0.04829337488032,0.3829703943996211,0.06506876466082023,-1.7181671508638332,-1.3299027331235451,0.33645044913953975,1.2304339529931663,-1.1613359631277003,0.7300488672989107,0.19883200733562892,-0.35223513114583604,-0.14263655963781482,-0.013486052664334692,0.010621696480302735,0.04970234972786654,-0.0003994154270858429,0.04141087905826263,0.010174586579958528,0.009143889926024204,0.09630605674971485,-0.000720328947179213
61.06106106106107,0.9947814328366229,0.19134437746132876,-0.051185688523846716,0.3820081196344944,0.0646187800291442,-1.7247351646988947,-1.334924335198901,0.3395995671157497,1.2624549991116163,-1.1909211708990657,0.7461741354553111,0.20775856231637363,-0.34859051100354876,-0.14331978528466782,-0.01321044969607267,0.011366374919490323,0.051710109035372855,-0.00044086576675533465,0.03929436771718354,0.0102434912936594,0.008792375539427808,0.09866174317122027,-0.0007778381447724776
61.16116116116119,0.9842113808842672,0.1957627240570397,-0.05395480426422309,0.38093219827204317,0.06415523081937693,-1.7310604037513104,-1.339956277526711,0.3426403799348797,1.2941234445683505,-1.2205329429886302,0.762361862387952,0.2168170026530579,-0.34496501798322743,-0.14399042203201512,-0.01293785628393942,0.012111871752400047,0.05376229844133963,-0.00048442435750096526,0.03712758521751541,0.01028561973490526,0.008426216864583738,0.10106437173461762,-0.0008381258395836405
61.26126126126128,0.973343264338941,0.19986032127988965,-0.056601921018121025,0.37973930110346904,0.06367837613677045,-1.7371514410517956,-1.3451460847511036,0.34560911620093854,1.325418831046793,-1.2501821895404275,0.778573049674845,0.22592558573694488,-0.34138867664042893,-0.14465220121263883,-0.012669995974407511,0.012855435652993538,0.055849540412070395,-0.000529859165683987,0.03491318436794215,0.010306856321298019,0.008050429720029045,0.1035110025588819,-0.0009012903646566791
61.361361361361375,0.9626311730789302,0.2034887279313223,-0.05910243463607269,0.37834742597004345,0.06320967817502528,-1.7430815963856694,-1.3504696928131676,0.3484769320802149,1.356186153320762,-1.2798765715742069,0.7948409429033134,0.23513428724486704,-0.3378817347267692,-0.14531781078449604,-0.012408668764428006,0.013598826286955485,0.0579714896428126,-0.0005770653491842404,0.03265049350700661,0.010296092711514085,0.007659593393021908,0.10599450843289633,-0.0009669984870396206
61.46146146146144,0.9525719541948119,0.20659251579729565,-0.061473406548438525,0.37667275592256627,0.06277628331533447,-1.7486965047656071,-1.3559066367240775,0.3512888357951084,1.38656905138924,-1.3095739281072498,0.811254127087446,0.2444617805602299,-0.3344656666892408,-0.14600394950117956,-0.012151534812379593,0.014344584525143898,0.06011980673553008,-0.0006259338899274109,0.03033487484945755,0.010252323800078771,0.007254713015481829,0.10851459188349799,-0.0010352545922101314
61.56156156156156,0.9415730963394318,0.2094424041157456,-0.06369426501298465,0.37496898903417825,0.06229857300840215,-1.753714123884188,-1.3616326777030643,0.35406785256899187,1.4166016892014297,-1.3392898452012099,0.8275577416093582,0.25381405380555366,-0.3310757396330582,-0.14665014351882535,-0.01190511518803881,0.015079590706539418,0.062307296836282264,-0.0006769723968766967,0.02798805181176194,0.01019793912160584,0.006846341642121184,0.11107187691029023,-0.001106251165693396
61.66166166166171,0.9293054542526857,0.21202768215786438,-0.06573061933963789,0.37330065157095016,0.0617604609808269,-1.7578017233124192,-1.3676567498282013,0.3568056608130975,1.4462546841345465,-1.3690253240497763,0.8435710796565035,0.26321500389938335,-0.32770327903758817,-0.14723102376280509,-0.011675155879407022,0.015797599321335287,0.06454108798443793,-0.0007305157015972104,0.025628255599040008,0.010128059629956904,0.006432425297069648,0.11366183020251572,-0.0011797545137488827
61.761761761761775,0.9167463253961516,0.2142476796272194,-0.06761230539225252,0.37153264236580946,0.06121048253271275,-1.7614992148797401,-1.3739804717598498,0.3595470646507836,1.4754829178909221,-1.3987599439322431,0.859574167789229,0.27270010341997286,-0.32439947375371203,-0.1477936818855586,-0.011455974880156941,0.01650713907797838,0.06681120554453182,-0.000786183406707857,0.023243171292836488,0.01003937138432789,0.00601219797963721,0.11628659407288008,-0.0012558175550376183
61.86186186186187,0.9039628322491524,0.216076428938146,-0.06932809906705696,0.3696700583993957,0.06065012827820511,-1.7648183769685624,-1.380656658776099,0.36228836929204544,1.5041408554622204,-1.4285045194581651,0.8755575745983382,0.2821656116490664,-0.32116984185828,-0.14833389335968264,-0.011250604787508271,0.017204959077308027,0.06911184759527961,-0.0008438999842568573,0.020830325080120397,0.009939702147347637,0.005591746915541188,0.11894010168761833,-0.0013344431542212157
61.96196196196193,0.8910846397590374,0.21748042935292897,-0.07086342047523161,0.3677073389090463,0.060085304039940515,-1.7676888982405523,-1.387735016318612,0.36502459880653954,1.532147562736514,-1.458240161470144,0.8913985906017199,0.2915921502602504,-0.31802753723279464,-0.14884419644401076,-0.011063070865726877,0.017886268440311222,0.07144059580035828,-0.0009036217303489977,0.018400686211800486,0.009825559346628435,0.005170229352620058,0.12161311737621702,-0.0014151192486215945
62.06206206206207,0.8783491257391474,0.21851477073203215,-0.0722328184494534,0.365605418954252,0.059527717787826465,-1.7702545148875142,-1.3951909853671605,0.3677902734540375,1.559605616684508,-1.4879670887326801,0.9072253743506637,0.3010317644927435,-0.3149749081050703,-0.1493463006787242,-0.01089050871967973,0.018554955845853746,0.07379055534566542,-0.0009651194799067739,0.015951180485437706,0.009700280556128642,0.004749241346720815,0.12430869482977032,-0.0014979472583458975
62.162162162162204,0.8650844482613455,0.219140921237444,-0.0734195910524385,0.36347380073915414,0.05894533816976706,-1.7722081590066403,-1.4030788443207831,0.37061302940647856,1.5864401759269406,-1.5176745749786114,0.9229349143418493,0.31043135569998676,-0.31200117210516554,-0.14979956839003397,-0.010739290587331208,0.01920421867299669,0.07617603605940873,-0.0010289609761014692,0.013491159708588048,0.00956927949334094,0.004332518584093052,0.12702692732790954,-0.0015832334758077115
62.26226226226227,0.8515432660417996,0.2193689254534205,-0.07443027583997838,0.3612915165708397,0.05834994075330163,-1.7735529637568554,-1.4113914742050269,0.3734545532739002,1.6126129938055336,-1.5473379557002578,0.9384524826070735,0.3197636985172855,-0.3091080693449489,-0.1502088179006867,-0.010608865984336146,0.019832662956046233,0.07858597430049175,-0.00109472151070291,0.011025719669316324,0.009432137078330103,0.0039197340311877705,0.1297561685723472,-0.0016702568610824273
62.36236236236236,0.8378568038124057,0.2192353838499274,-0.07526490387983896,0.3590367910555327,0.057747635928190766,-1.77434062767691,-1.4201044268426453,0.37634358200570356,1.6381848637865701,-1.576971622388951,0.9538354539192426,0.3290709809342804,-0.30629811090806747,-0.15058667856339636,-0.010499848465849209,0.020441356418326156,0.08101359996150578,-0.0011622183309141936,0.008555447436714164,0.00929413697211787,0.003514431731221184,0.13249869599196729,-0.0017590884225696772
62.462462462462426,0.8240222980897147,0.21869869108442028,-0.07592394010242479,0.3567102318671997,0.0571381067984422,-1.7745492408254162,-1.429285061146469,0.3793194013758015,1.663020084589737,-1.6065532489213787,0.9690865536906358,0.33832705968217996,-0.30358999901398276,-0.15092015585738863,-0.010415190522796589,0.021025807284179954,0.0834663316699879,-0.0012317938720834464,0.0060816883282754875,0.009153991298310448,0.0031176120959362946,0.13525250601081598,-0.0018500185403012514
62.562562562562576,0.8101033364848538,0.2177964007760007,-0.07641668354069557,0.35433050855044895,0.0565239291960025,-1.7741795618985292,-1.4388433305902986,0.382331976231123,1.6871160163515637,-1.6360776028607702,0.9841731574790973,0.3474990837637987,-0.30096729022876073,-0.15120889999727008,-0.010352428391827938,0.021587417684532942,0.08593565495445497,-0.0013032149651486702,0.003607475358348358,0.009015259657176405,0.002729778368624024,0.1380078537025208,-0.0019423236771032165
62.6626626626627,0.7961209858464161,0.21656184695149197,-0.07674154006755854,0.35189910282171954,0.0559060687966873,-1.773190002314358,-1.4487205342873604,0.38538152301063383,1.7105097024369562,-1.6655464388063947,0.9990680240731384,0.3566055904899189,-0.29842069618677025,-0.15145499030491524,-0.010314242683954108,0.022123808590228427,0.088413796538752,-0.0013762083332520118,0.0011357678579846542,0.008885505738732915,0.0023566516865651268,0.14076498440033522,-0.0020360024750021234
62.76276276276276,0.7820187435954972,0.21494172142018697,-0.07689390822038258,0.34940623540119137,0.055282079584488296,-1.771439646614048,-1.4590611136790943,0.3885258963990314,1.7331169197227005,-1.6949212573289085,1.0137499585578913,0.36563790859524614,-0.29598149988629774,-0.15164556942770896,-0.010304887139655338,0.022629939710809004,0.0909097633138825,-0.0014509984425548602,-0.0013274122039872362,0.008759844430153759,0.0019969530350646175,0.14352206629145808,-0.0021313839652561273
62.862862862862855,0.7678813020867057,0.21299877006413998,-0.07689260500550979,0.34687467661137805,0.05465576675715574,-1.7690671943615979,-1.46969883743651,0.39172993833867564,1.7549315929439764,-1.7242345045616196,1.0282560545077384,0.37458149384956124,-0.29361952362519184,-0.15178445010566577,-0.010319179770349962,0.023110766027096268,0.09341613350047144,-0.0015276303366647355,-0.0037842047141468356,0.008643636095373995,0.0016512044181858552,0.14627150991922375,-0.002227795456012278
62.96296296296295,0.7537509338028503,0.2107556980661141,-0.07674013997138932,0.3443079796565545,0.05402830728417478,-1.7660924135513159,-1.4805605057226954,0.394955973966235,1.775954615914209,-1.7534613315002239,1.0425415017063293,0.38343004607252795,-0.2913320060063453,-0.1518699341282863,-0.010358970316142219,0.023562867599447097,0.0959252778450556,-0.0016056263292414357,-0.006232587549658825,0.00854332074429671,0.001326068834081435,0.14901312914620246,-0.002325226306655542
63.06306306306307,0.739588424808954,0.20818862381413505,-0.07644006360101603,0.3417001859465648,0.05339841412582069,-1.7623578465623768,-1.4917330891997367,0.3982439778784395,1.7960986152268013,-1.7825681313727375,1.0565657174190866,0.3921755447362519,-0.2891283424980896,-0.15188996120781662,-0.010429759482312981,0.02398038672066586,0.09844020191123815,-0.0016850233813637192,-0.008664027580937945,0.008455202111908047,0.0010199185941039558,0.15173984701559548,-0.002423738090502353
63.16316316316319,0.725425822901339,0.20534669664432098,-0.07600071378504894,0.33906499164783266,0.0527681116921519,-1.7579528340390405,-1.503140373933723,0.4015915883251733,1.8154062063538698,-1.8115934332005292,1.0703821414307289,0.4008262902899814,-0.2869961420054809,-0.15185272246457077,-0.010526765271191257,0.024368573663491672,0.1009585645973107,-0.0017660069620018177,-0.011082619358647499,0.008382879549742834,0.000732570686666283,0.15445048385531762,-0.0025230126009386238
63.263263263263276,0.7113294931894381,0.20225382893301852,-0.07543590037119347,0.33641201368010487,0.05213917617422805,-1.7529641883187224,-1.5146411088054301,0.40494844959774345,1.833865764947903,-1.8405024423608949,1.0839847844505446,0.4093696851852918,-0.2849271801702489,-0.15175339815212727,-0.010649252242916804,0.024726155586272204,0.10347443284036859,-0.0018481786888719918,-0.013488477605749973,0.008330847805345366,0.00046989302847368146,0.15714347107752516,-0.002622933943769983
63.36336336336338,0.6972835716038212,0.19889970808731763,-0.07474575264297273,0.3337367168754969,0.05151154051911151,-1.747216071894425,-1.5262566730554894,0.40831907059098443,1.851377113949877,-1.869270333358981,1.0972938275320412,0.41777716556438166,-0.2829155660083133,-0.15157956376345333,-0.010804344638028143,0.025045177670328284,0.10598409094015102,-0.0019313826587284942,-0.01587305781771378,0.00829861647353019,0.00023174877473740654,0.15980751128345747,-0.0027233489585990708
63.46346346346344,0.6832672855298894,0.19532126017885515,-0.0739389976343878,0.3310402167995655,0.050884579428286156,-1.7407852902662946,-1.53800762452066,0.41172894357848655,1.8680329581175357,-1.8979326808847268,1.1103555054056122,0.42608695517070433,-0.2809651202497283,-0.15134286022096893,-0.010987299629877384,0.02533195005176907,0.10849065511094072,-0.0020157873678531444,-0.018239793112367786,0.008286314247076479,1.6223106630644524e-05,0.16244738803081177,-0.0028242324921403583
63.56356356356356,0.6693617275318888,0.19154476023501424,-0.07303210665907377,0.32833644131260786,0.050261095553469824,-1.7337415683096953,-1.5497099934409184,0.41513113091011267,1.8837996329551001,-1.926445252096881,1.1231955313663566,0.43427944797714996,-0.27905803556281294,-0.15103460476819117,-0.011196528149835,0.025585602788751282,0.11098809165842032,-0.0021012032883349963,-0.020589377071933344,0.008298212090584386,-0.00017122839956910837,0.16505886954966248,-0.00292538005453358
63.66366366366369,0.6555541952319449,0.18757950519012845,-0.07202839780299906,0.325623965444073,0.049641499421391524,-1.7259346105566848,-1.561291111170225,0.41848577527874325,1.898597459526251,-1.9547781123694747,1.1357380887496205,0.4423306381632813,-0.27717709466363394,-0.1506451016179183,-0.011439732132678451,0.02579749184506603,0.11346968066900028,-0.0021873787036961376,-0.02291828084761567,0.008335370251446369,-0.0003300190704879087,0.16762943308125505,-0.00302653273772772
63.76376376376377,0.6418177935669321,0.1834488361621042,-0.07093379176188053,0.32289562501129104,0.049023712309082035,-1.717452798777779,-1.5728708591627627,0.4218474601433302,1.912517042204842,-1.9829902955083518,1.1480019271516995,0.45026074879865285,-0.27534376200726074,-0.1501855717317132,-0.011711354167358195,0.025975609358580416,0.11594180108840853,-0.0022743321025975216,-0.025224104233965115,0.008395830935184336,-0.0004630222359023214,0.1701673359707191,-0.0031277734621967235
63.86386386386388,0.6282688352099663,0.17918740953752116,-0.06977117715276537,0.32015792267518195,0.04841331945927753,-1.7083770586496807,-1.5842423892961908,0.4251570938939217,1.9255267660807456,-2.011026328404946,1.1600370973320493,0.4580643928249762,-0.27352680901534526,-0.14965167004532096,-0.012009392823855968,0.026118385420078404,0.11839539282653255,-0.002361912641527923,-0.027511179367494372,0.008482856197174652,-0.0005662075182485408,0.17266630266412603,-0.003228881728450702
63.963963963963934,0.6150272028282103,0.17480542015405848,-0.06854210813696462,0.31739936160492455,0.047817229853370134,-1.6986518120083276,-1.595287775344032,0.4283751411778546,1.9375158997014204,-2.038865437527112,1.1718157241789062,0.4657145789076397,-0.2717159212157,-0.1490374351139064,-0.012341100107184502,0.02621835450601424,0.12082351443622277,-0.002450023403025167,-0.029779566319773763,0.00859730769199819,-0.0006382887672214159,0.17511338162972928,-0.003329499813408492
64.06406406406406,0.6020284018610257,0.17030066543353733,-0.06725936038345622,0.3146091962402711,0.04723129682105685,-1.68834828649028,-1.6061144014461746,0.4315326771167897,1.948582795417633,-2.06657387761211,1.1833417037250165,0.47321956889021344,-0.2699374324110634,-0.1483504006493403,-0.012699050507460572,0.02628537776455663,0.12323392899454524,-0.002538378534257411,-0.032022542882171975,0.0087351657535579,-0.0006826249933671074,0.17751918712947407,-0.0034297493792649547
64.16416416416419,0.5894095761262728,0.16569493249370143,-0.06593814931263667,0.3117828322994305,0.046663400794849555,-1.6775197628447676,-1.6165976715154646,0.4345890976026238,1.9587170552559332,-2.094094896049673,1.1946494808328232,0.48058827688347183,-0.2681646730702946,-0.1475932537434806,-0.013082567855120585,0.026317145392192265,0.12561794162038667,-0.002626907826197269,-0.03424477585907315,0.00889617749736984,-0.000698487884372637,0.17987746489932804,-0.003529473179576478
64.26426426426426,0.5763019461951395,0.16111363624109884,-0.06457172768675437,0.30905369438865893,0.04606984771875735,-1.6657874798158514,-1.6266261156296278,0.4375344884189813,1.9679518937195772,-2.121407471365545,1.2055766516970416,0.48777973783161493,-0.2663367089734293,-0.1467230152395837,-0.013503245459760551,0.026301574057710192,0.12797783524954595,-0.0027159165403431154,-0.03644005197545465,0.009092467796195597,-0.0006798213669127195,0.1821764373003672,-0.003628356175009672
64.36436436436438,0.563340263147445,0.1565093801966681,-0.06317935962476393,0.30632492210119944,0.04548117758162461,-1.6534977594648776,-1.6362266121357993,0.4403449620778005,1.9762856596023568,-2.1485768420857356,1.2162220770495422,0.4948106708167762,-0.2644859962851782,-0.145775469199459,-0.013948458663941158,0.026252132915266606,0.130309872576202,-0.0028047042954324397,-0.038612119592586785,0.00931649564046308,-0.0006305417219488365,0.18442399583382846,-0.003726433653991486
64.46446446446444,0.5515130933478709,0.15187024440271235,-0.06178180886244775,0.30346781365209424,0.04494311712968177,-1.6409788088787267,-1.645279525232776,0.44299609847055343,1.98356769774514,-2.175553791614486,1.2267069811106588,0.5016811808431876,-0.26264642233040963,-0.14477400020616776,-0.01441701408532047,0.026167000785955123,0.1326042504994606,-0.0028930995048339126,-0.040767213194269014,0.009555770546590894,-0.000554906588473654,0.18661414072543114,-0.003823506667265923
64.56456456456455,0.5397196494549845,0.1472342318041741,-0.060372778782364,0.3006320498812141,0.04440683017712427,-1.6278594255188967,-1.65379932438616,0.4455059419269216,1.9899407233536455,-2.202320111490411,1.2369364814639014,0.5083734318698669,-0.26076727319208104,-0.14368186983530795,-0.014916219004641268,0.0260423528961228,0.13486612579749868,-0.002981418407628893,-0.04289789039273677,0.009820245084276955,-0.00044863709634280905,0.18874170366463203,-0.003919468733454957
64.66466466466468,0.5291149044305368,0.1425742274661139,-0.05897969279027741,0.29763166561343807,0.0439222108390046,-1.6146660258094532,-1.6617197316593213,0.44782510286709953,1.9952932600486122,-2.22893306769327,1.2470593740735736,0.5149151719498763,-0.25887019850726645,-0.14254290223330426,-0.015433673858248528,0.025887573379326716,0.13708400963833184,-0.003068846974630772,-0.04501425116989987,0.010102271563826351,-0.0003146311637661849,0.1908073534053801,-0.004014102862371619
64.76476476476475,0.5174258878779137,0.13801634671391066,-0.05758056858295561,0.29480534094031513,0.04339076886335997,-1.600398125951482,-1.6690992020241286,0.44995652748550785,1.9998915837513382,-2.255334492863423,1.2566404095690928,0.5212532336252294,-0.2568611301506489,-0.14128953526670796,-0.015979401685192438,0.02569079334735099,0.13926899878615048,-0.0031558666914619565,-0.04709340583755352,0.010413859436708181,-0.00014880550140643003,0.19280623262344634,-0.004107295632077254
64.8648648648649,0.5054610957821772,0.13351552251539847,-0.05618806884340578,0.29203581725973327,0.04284962177558736,-1.5854955674727633,-1.6758908043849563,0.4519148863780821,2.0037133915012904,-2.2815290929655996,1.2659453994739556,0.5274037519721515,-0.25478017710067785,-0.13994630476900266,-0.016553350666503423,0.025458645190753287,0.14141960641206983,-0.0032424217324668846,-0.04914723573654499,0.010748505596832159,4.627943123883954e-05,0.19474077828115857,-0.0041992427210820835
64.96496496496493,0.4939796821989722,0.12906863081888104,-0.05482330990354445,0.28922570716885565,0.04233238909044459,-1.5702712737140279,-1.682029053194712,0.4536620298146891,2.0066355641995055,-2.3075410989458,1.2750493901590214,0.5333547812828611,-0.25261136207636437,-0.13853927421947126,-0.017145856893574667,0.0251958723206575,0.1435240035969531,-0.0033279854658293585,-0.05118107165943124,0.01110076485828239,0.0002695280055067025,0.19660528257121881,-0.0042894774408938725
65.06506506506506,0.4820548884645558,0.12474885353088383,-0.05348550369100861,0.28651027303555276,0.041792917033924216,-1.5543191858981635,-1.687489778083804,0.45517237058548954,2.0087650145921896,-2.3333412015776362,1.2836801899134704,0.5390370214170389,-0.2503178358868717,-0.13703366453125898,-0.017762749551060254,0.024892246481118676,0.1455843580922929,-0.0034123992437758792,-0.05318307705995175,0.011473682545363083,0.0005207823917780248,0.1983937617721782,-0.004377801634380199
65.16516516516518,0.47026796168638507,0.12052799971346662,-0.05218148851026968,0.28380710997073555,0.04126080307431172,-1.537954551548872,-1.6922687829239103,0.4564668673221058,2.010139174013266,-2.3589391635298114,1.2920775461647789,0.544510267226505,-0.24794013527837047,-0.135455680380114,-0.018403977128918815,0.024555972889542727,0.14760437134528193,-0.0034959218693544104,-0.055164721991154145,0.01185894784574272,0.0007957036726210544,0.20011460734760617,-0.004464656051181049
65.26526526526526,0.4589352077974712,0.1164019080716587,-0.05092615297724721,0.2810755930136158,0.0407525434810522,-1.5213293620101933,-1.6963688342571146,0.4575407012395723,2.010651177810335,-2.384323604995486,1.300262701055602,0.5497311017921583,-0.24544775297588234,-0.13381749600293272,-0.019061696067238953,0.02418975008519733,0.14957143053801134,-0.003578116655697501,-0.057123079309291024,0.012253719909778157,0.00109539854449777,0.2017575728902333,-0.004549378040964139
65.36536536536539,0.44781258414581016,0.11239022893190447,-0.049715710569159854,0.27834619100953734,0.04025545686361109,-1.5043533844938626,-1.6997745696947035,0.45836314984118876,2.010352606658656,-2.40949314373855,1.3080999390287704,0.5546786584721071,-0.2428382539407961,-0.13211141521546388,-0.019737705174354598,0.02379087894444009,0.15148384940768236,-0.003658434403165991,-0.05905213549754571,0.012658188226218378,0.0014182897473611884,0.20332018093161813,-0.0046318650437107995
65.46546546546543,0.436541545236303,0.10853248342041635,-0.048552496445606705,0.27566470724138636,0.03975235110651692,-1.4869346922840025,-1.7025073162092326,0.458943384566735,2.009372932026106,-2.434444464453267,1.3156174498166555,0.5593733450370987,-0.24010030709261102,-0.13033197692216467,-0.020433599344723986,0.023360818065199716,0.15335191079010096,-0.0037375457148712994,-0.06095819959404315,0.013068072766537172,0.0017616196451402527,0.2048094015949255,-0.004712550615959997
65.56556556556555,0.4254605806107534,0.10480083747001526,-0.04744284487832669,0.27299286409387685,0.03926114815839753,-1.4692623431969314,-1.7046097455342277,0.45932299564329016,2.00763916534902,-2.4591684343021933,1.3228780512621658,0.5637907303606036,-0.23722830645156287,-0.12849267019031418,-0.021143035514309367,0.022902887401493127,0.15516483889378116,-0.003814985185130891,-0.06283441750314658,0.013478040473418185,0.00212407977553611,0.2062177003477319,-0.004790870491847867
65.66566566566567,0.4145549089602878,0.10118567474323896,-0.0463796880464405,0.27031896166780445,0.038780939838849206,-1.4513401659374892,-1.706121545409091,0.4594689614838151,2.0051812855159556,-2.4836552496206474,1.3297929162384299,0.5679150292237429,-0.23422174155467496,-0.12660174171887012,-0.021865160490866054,0.022417487949582916,0.15691615069787893,-0.0038899916788147125,-0.0646789046135621,0.013890511351967425,0.0025060927698050675,0.2075410743667266,-0.004866648511131254
65.76576576576575,0.4038320944503651,0.09772198951248004,-0.04538027176374815,0.26764719364318745,0.03831215284399088,-1.4332173105520987,-1.7069693570387987,0.45935358824731065,2.002002500964358,-2.507905352261395,1.3364026484523468,0.5717277231348703,-0.23107000248830606,-0.12465474073018148,-0.022601174790391493,0.021905362177480816,0.15861407922334456,-0.003963290347644626,-0.06650025765393766,0.0142974809639262,0.0029049401385616972,0.20878431200443276,-0.00494023898418807
65.86586586586589,0.39327448782471586,0.09437473028964771,-0.04443228587741808,0.2649785247154478,0.03785484352725435,-1.4149203694674943,-1.707290126225874,0.4590600606841,1.9981694990234213,-2.53192622484445,1.3427484249103414,0.5752467304510583,-0.22778646598377641,-0.12266115573008703,-0.02334605914794081,0.02137125530215863,0.16025537567144893,-0.004034566052296262,-0.06828931439356001,0.014695472731492017,0.0033161957661106906,0.20994676964302555,-0.005011307362961932
65.96596596596592,0.3828833489702156,0.09115302759857771,-0.04353510938732137,0.26230394414280966,0.037409803323148805,-1.3964751361559098,-1.7071228767565525,0.458550234874411,1.9936684129813376,-2.5556834287131,1.3487473899953097,0.5784376358146999,-0.2243465611857917,-0.12063123764002823,-0.024097919734320204,0.020814533047113414,0.16182763246972146,-0.004102901747041655,-0.0700446785876023,0.015086975747919753,0.0037429597995631133,0.21101947781124303,-0.00507953439972407
66.06606606606604,0.3726738846689758,0.08807819141863939,-0.042704174502429505,0.25962921657190485,0.03697704651884751,-1.3779344662543183,-1.7064135005257846,0.4578094552036709,1.9885112607193818,-2.579189385714712,1.3544290839582482,0.5812813202220318,-0.22074882200585205,-0.11855649230070238,-0.024859656052416336,0.020235060174700226,0.16334431784961406,-0.00416925860468673,-0.07177328584867822,0.01546439253741711,0.004181883271384629,0.21201027078769238,-0.0051453548610217005
66.16616616616616,0.3626136673509982,0.08511918007382085,-0.04192705558004838,0.2569501649622914,0.03655560588484387,-1.3592958523178886,-1.7052760196700671,0.45689094137228603,1.9827587235365403,-2.6024614809588886,1.3598136898779791,0.5837980903616267,-0.21700663920131844,-0.11644823897749443,-0.02562431989378324,0.019639458978105113,0.1648011041344295,-0.004233216423493485,-0.07347039365028923,0.015824877810483477,0.004627380747636614,0.21291852563751176,-0.005208350662484542
66.26626626626624,0.35271956145458705,0.08229751637684345,-0.04120578236814309,0.25426860316545247,0.03614805620687617,-1.3406252364162863,-1.7037433724188022,0.45579473012955674,1.9763987597686437,-2.6254356077687926,1.3648656379024242,0.585965211725991,-0.21308995235494987,-0.11431773617108305,-0.026391412992841284,0.019025413576347714,0.16618424323017703,-0.004293977836543428,-0.07513017478692492,0.016167858904671158,0.005083256115911929,0.21373481279963782,-0.005268378683193918
66.36636636636638,0.3429903007696744,0.0795975242910618,-0.040543472400619465,0.25157972867210676,0.03575259484721916,-1.3219385357256292,-1.7018525815100851,0.4545108322748101,1.9694751069992908,-2.6481510721421375,1.3695909952805077,0.5877680101920142,-0.20900964184798357,-0.11215835813355642,-0.02716336242903774,0.0183948815443589,0.16750991315605782,-0.004352284259935304,-0.07676104226307043,0.01649102510703101,0.005546146154744889,0.21447001458937875,-0.005325762998578292
66.46646646646647,0.33340788693482715,0.07701648157782486,-0.03993967685525716,0.24888346251661778,0.035369283797875545,-1.3032309422700323,-1.699640408230945,0.45306023921048083,1.9619966143664906,-2.6706087788357498,1.3739864098003998,0.589203557260979,-0.20476834949564618,-0.1099780296077681,-0.027933238586028232,0.017752489295149308,0.16877161180999384,-0.004407871456616709,-0.07836132575621453,0.016788948677426575,0.00601004959570971,0.21511998002638794,-0.00538000963162123
66.56656656656654,0.32399468049035407,0.07457378058801896,-0.03939294876357054,0.24618809433507555,0.03500155565041926,-1.2846171005634253,-1.697162890750775,0.4514784688035761,1.953969548119458,-2.6927248298667417,1.3780703849338967,0.5902706279627722,-0.2003432479719601,-0.10779040209696111,-0.02870049465669443,0.01709662163088755,0.169956284851267,-0.0044600846465797485,-0.07991913841045588,0.017058814419740193,0.006478974749934167,0.2156773268266754,-0.005431208999966115
66.6666666666667,0.3150838794874965,0.07222150595950841,-0.03890322677165125,0.24342373018875924,0.03466255567830162,-1.2662435831470238,-1.694474189201601,0.44975154400256,1.9453904177445456,-2.7145750431441638,1.3818280339665805,0.5909737691885152,-0.1957607565674528,-0.10560208284315331,-0.029467278122841823,0.016431693532964857,0.17107727994035898,-0.004509171591489504,-0.08145033238627734,0.017301210035465076,0.0069504457474928285,0.21615297917747353,-0.005479469216670734
66.76676676676674,0.30658536423873867,0.06998664995169765,-0.03848077570197997,0.24060250292287785,0.03434960003077418,-1.2480647864620706,-1.6915614667346677,0.4478829641475836,1.9362454798050177,-2.736126717147188,1.3852453925296215,0.5912747416201592,-0.19100740883243916,-0.10341252358958464,-0.030226590430815898,0.01575994251757718,0.17212653043819318,-0.004555129859025141,-0.08295476579089833,0.01750818086853992,0.007418698597888823,0.2165379408134785,-0.005524194899453627
66.86686686686689,0.2978146414439028,0.06788130925526034,-0.03809899409108752,0.23785146111692704,0.03403233789904325,-1.2298907175693672,-1.6885831488716565,0.4459277038665091,1.9266941145355598,-2.75729930237218,1.3883307611004545,0.5911788948871564,-0.18605414405478632,-0.10121775785406781,-0.03097745854277949,0.015078923638305966,0.17310206514886162,-0.004597688046136868,-0.08440669884841058,0.01768269005971254,0.007886776471202298,0.2168345744532759,-0.005565927129195089
66.96696696696696,0.2893446729502217,0.06586255586990399,-0.03775778344482554,0.2350697530687686,0.0337370074709764,-1.2119024897725499,-1.6855759259584466,0.443877589758716,1.9166999510349991,-2.778187193985264,1.3910611181853176,0.5907085134298635,-0.1809375096943162,-0.09903159321037047,-0.031721960931383235,0.014393509111365346,0.17401418738377444,-0.004636976843890138,-0.08582341313085659,0.017825312022992687,0.00835080817906744,0.2170521640379916,-0.005604632097283556
67.06706706706709,0.28075281596892065,0.0639377787106291,-0.03746918094743863,0.23231434446090896,0.03344191849879416,-1.193931851420923,-1.6825565693012252,0.441743310110094,1.9062906708791971,-2.7987246023922325,1.3934057979086725,0.5897876021337126,-0.17562410073035975,-0.09684182276598947,-0.032455313493647206,0.013702794913950031,0.17485572741757674,-0.004672962413850542,-0.08720519865048378,0.01792918227299118,0.008808108089765529,0.21718025260798163,-0.005639792753117033
67.1671671671672,0.27216337944017954,0.06210976838930834,-0.03722334201065407,0.22957877422054143,0.03315495261618135,-1.1761618071099353,-1.6795586278579324,0.4395445405049103,1.8954889568149693,-2.818877503452909,1.3954203832645118,0.5884805712666998,-0.17011814999600128,-0.09466826379192349,-0.03317363105310917,0.013010327549429412,0.17562139401959007,-0.004705241377682946,-0.08854239503046377,0.017993969147165764,0.009262390175159207,0.21722163989332546,-0.005671758471134422
67.26726726726723,0.2637162528441905,0.06034620110299377,-0.037012609074947043,0.22683516747768234,0.03288185122354982,-1.1585632173918696,-1.6766535393671638,0.4372970456503932,1.8843107285458593,-2.838720051362151,1.3970679601220068,0.5867937820904285,-0.16443732314794257,-0.09251125703821737,-0.033878740180988375,0.012318737286260359,0.17632363944591473,-0.004734272322938207,-0.08984202923754152,0.01801972485867199,0.009707787574546142,0.21718463188629414,-0.005700582086623196
67.36736736736738,0.25544769287690466,0.05867207393526915,-0.03685380371807534,0.22408662169421287,0.03262526774114923,-1.1412079203521812,-1.673862843401277,0.4350049079469911,1.8727081361299074,-2.8581679800915696,1.3983322662494708,0.5846309961202915,-0.15856993916139395,-0.09036974704511105,-0.034570244440193645,0.011625690021351326,0.17694879723270254,-0.004759479215964445,-0.09110419844185891,0.018000389392029574,0.0101437796643848,0.2170562893822512,-0.005725681879827461
67.46746746746746,0.2473354000185577,0.05707800468182306,-0.036731785230256164,0.2213368288132455,0.032384964533053215,-1.124165967061157,-1.6711708817476296,0.43267311619262994,1.86073266663534,-2.877243638704715,1.3992727322380882,0.5821048484090301,-0.15252250305254267,-0.0882596503610381,-0.03524184166433679,0.010936667950806701,0.1774988961451518,-0.0047809152995775765,-0.09232706542360025,0.01794003335031192,0.010573679480228028,0.21684594489979347,-0.0057475299552365525
67.56756756756758,0.23935801061694786,0.05552712556231474,-0.03663761865752747,0.21858054642313557,0.03215917845129408,-1.1073361153206922,-1.6686803640870054,0.43031896353824156,1.8484038324242629,-2.8959794585694336,1.399837984872358,0.5792056211718762,-0.14630369375089403,-0.08617544364424606,-0.0358942512158955,0.01025332800774374,0.17798502533550536,-0.004799180962769084,-0.09350880156624441,0.01783514051427268,0.010990010409684914,0.21655844065753566,-0.005766159590780351
67.6676676676677,0.23155784247586103,0.05404833232895412,-0.03658648712607049,0.21581810790520334,0.03194990795815687,-1.090806007483416,-1.666379922345227,0.4279545959429451,1.8356902928573766,-2.9142949365784667,1.4000264976022827,0.5758476811837578,-0.13989544445601138,-0.08411854337069515,-0.03652964207047473,0.009573434624405523,0.1783927101149932,-0.004813319001690135,-0.0946536320755412,0.017683782222265878,0.011394888706913282,0.21618345089012592,-0.005781116880970807
67.76776776776772,0.2238993761678602,0.052634686501857174,-0.036569218696398606,0.21305474859693746,0.031756167992959806,-1.0745808239837742,-1.6642268968485836,0.4255762724912602,1.822648956717471,-2.9322449511893884,1.3998932672230253,0.5721493836952679,-0.13331422421008013,-0.08209926140337205,-0.037142854266031367,0.00890082705848375,0.17872849607130198,-0.004823715887470589,-0.09576523087132154,0.017492360972467244,0.011792001340346771,0.21573161020036835,-0.005792793685511839
67.86786786786787,0.216385026772906,0.05126155181244298,-0.03657973229840238,0.21028936288053504,0.031578117323746546,-1.0586183550344774,-1.6623244386794718,0.4231812181650449,1.80926243955311,-2.9498056128088175,1.3993884818038,0.5680831111131546,-0.12656462040030608,-0.08011333444274789,-0.03773216889491755,0.008237744826711402,0.17899825165012523,-0.0048308963306923965,-0.09683404403697615,0.017252615194853927,0.012172510919632593,0.21520318407909814,-0.005801149510038279
67.96796796796795,0.209038273219838,0.04995677070022604,-0.03662990277895058,0.20752173603791482,0.03141594176370808,-1.0429740731116706,-1.6606190452613192,0.42079241885480334,1.795532013219607,-2.966939110261835,1.3985068959094844,0.5636100506804886,-0.11962819561767898,-0.07816528974077033,-0.038298990089307976,0.007583847364813358,0.17919192265307554,-0.004834022318853713,-0.09786758308233538,0.016967943135332945,0.012539949823812587,0.21459421459347355,-0.005805937920323958
68.06806806806809,0.2018199358845038,0.04870659178849527,-0.0367136714507188,0.20475472736342515,0.03126840937682943,-1.027620347426637,-1.6590708535818117,0.4184058041314467,1.7815098716148428,-2.9836986023701497,1.3973084990499254,0.5588308737354206,-0.11252880660154559,-0.07625831446583593,-0.03884318407052604,0.006939362705064312,0.17931697786212147,-0.0048334322668849815,-0.09887129635086936,0.01664393277981291,0.012897245335502077,0.21391430581746892,-0.005807526460199074
68.1681681681682,0.1947577322915856,0.04749143123018924,-0.03682551449850624,0.20198743959316384,0.031137509572384463,-1.0125720386803312,-1.6577988970240285,0.4160187071435022,1.767150739894595,-3.0000255830274343,1.3957478364508007,0.5536869476068256,-0.10526141405544687,-0.074389386854683,-0.03935826899930061,0.006308214739467563,0.1793736384912647,-0.004829516186998518,-0.09983338759157172,0.016269887690836694,0.01323657349600511,0.21315749363722883,-0.005805594125832267
68.26826826826824,0.1878435786845021,0.04632579519117429,-0.03696934641932482,0.19921976243504516,0.031021657376575362,-0.9978355665592094,-1.6567204666515423,0.4136375276165548,1.7524837919702196,-3.0159236128157323,1.3938164949135603,0.5482027542753928,-0.09781509454061647,-0.07256721456640426,-0.03984479779396753,0.005691456746749947,0.17935795470234975,-0.004821788829456655,-0.10076249843819625,0.015853072059598575,0.013561638526315778,0.21232790484167868,-0.005800257639252866
68.36836836836837,0.18105969496380286,0.04520636902791374,-0.03714718724080028,0.19645446231982344,0.030920079634957874,-0.9833991955045516,-1.6557893905608374,0.4112680188897547,1.7375406097220718,-3.031426790084258,1.391560799539163,0.5424279767963631,-0.09021233212731641,-0.07078500491487136,-0.04030684920798857,0.005086278316177492,0.17927657493550195,-0.004810372662112667,-0.1016629359132519,0.01539724009853458,0.013874837598739467,0.21143127236241693,-0.005791775145328002
68.4684684684685,0.17443579707691476,0.04411592569972625,-0.03734965556346227,0.193692652824209,0.03083539347516897,-0.9692906848686631,-1.6551022544629617,0.4089142825513646,1.7222674814188395,-3.046480457663191,1.3889600128749824,0.5363221266372102,-0.08244447963759652,-0.06904634895429917,-0.040735633647627015,0.00449774938925681,0.17912517566218333,-0.004795532584429112,-0.10252621832754252,0.014893527294572417,0.014170145407270388,0.21045993549585443,-0.005779670363772251
68.56856856856858,0.1679463114229872,0.04306517257152516,-0.037581392155253315,0.1909324397277698,0.0307651094581742,-0.9554828935123547,-1.654568570288821,0.4065532510945199,1.706707019020855,-3.061095139819477,1.3859988417587918,0.5299356041778787,-0.07451015367253518,-0.06735859585660324,-0.04113160944594578,0.0039268034949434625,0.17890513077444398,-0.004777127031917374,-0.10335873797040293,0.014349659878094233,0.01445067010312212,0.20942248373699163,-0.005764320919463514
68.6686686686687,0.1615968208100336,0.042055594042437125,-0.0378500558946105,0.18817826439906454,0.030708576594038167,-0.9419880526352029,-1.6541527728374015,0.4041999085886275,1.6908815885864663,-3.075293468882925,1.3827139855826227,0.5232847243548753,-0.06642682928513202,-0.06570686454262581,-0.041499138406293726,0.0033708512830717572,0.1786239906600751,-0.0047553276434581905,-0.10416256405276232,0.013767670709583364,0.014718099580280882,0.20832246731060972,-0.005745933896130748
68.76876876876875,0.15540089473643873,0.0410710964181242,-0.038140120095481775,0.1854292783655081,0.030668394886893113,-0.9288013160808205,-1.6539140482028158,0.4018773249956243,1.674739112345161,-3.089027582444527,1.3790952434884638,0.5163445210085009,-0.058186173110083984,-0.06410180723409308,-0.04183264331939149,0.002832940501467233,0.17827225127568608,-0.004729922540450367,-0.10493439920809015,0.013142751599809372,0.014968776847123319,0.20715167587247732,-0.005723843343453578
68.86886886886886,0.14932902958902203,0.0401222751383165,-0.03846053858230576,0.1826832083796513,0.030641649932309546,-0.9159077175139936,-1.6537540214242898,0.399526322069966,1.6583083187843937,-3.1023001879342873,1.3751319727285636,0.5091860303864284,-0.04979153934468187,-0.06254693219118958,-0.04213088284717699,0.002314624694538771,0.17785613354314805,-0.00470129757409155,-0.10567948274831636,0.012481659196803826,0.015204931375216394,0.20592109640224215,-0.005698749162019385
68.968968968969,0.1433975983870716,0.03920864200106154,-0.038816210809270106,0.1799450202767901,0.03062775758510803,-0.9033204360945021,-1.6536629676321688,0.39717405909700176,1.6416139964094683,-3.1151385055999112,1.3708544429490774,0.501796696986923,-0.041261733664297,-0.061025100028278226,-0.042397096499339745,0.0018144336084345823,0.17738247492140227,-0.00466957401068829,-0.10639818551741073,0.011786044797268155,0.01542890494264785,0.20463262384626404,-0.005670697622721046
69.06906906906907,0.1375981512872706,0.03832336328221715,-0.03919669801248901,0.17721185515409785,0.030627972530166924,-0.8909962915899969,-1.653607368309121,0.3948388648079602,1.6246082953571535,-3.1275069257163413,1.366262233718564,0.4941918976688332,-0.032591162015249496,-0.059546466989729194,-0.04263192344667993,0.0013318639840431887,0.1768439065746844,-0.004634398551174519,-0.10709015115004075,0.011054545499045141,0.015636957370062807,0.20328249361394599,-0.005639298039098484
69.16916916916922,0.13192021392239214,0.037468005916991565,-0.03960636340852789,0.17448282654826455,0.030640643143134742,-0.8789536802336093,-1.6535406536455963,0.3924680783336245,1.6073160871396452,-3.1393816147045737,1.361355747158239,0.48641633404847984,-0.023785936617987148,-0.05811251663540107,-0.04282979401667057,0.0008704772489926543,0.1762450849624537,-0.004596322229132234,-0.10775924451864986,0.010291833566109673,0.015831856033556115,0.20187745075986213,-0.005605075370199287
69.26926926926924,0.12637357766486773,0.03664773119855588,-0.04004963579799597,0.17176348454792728,0.03066513937345059,-0.8671938458040096,-1.6534437665185664,0.39007744619860263,1.5897551459402837,-3.150810699901723,1.3561439135560762,0.4784663017209656,-0.01485824207311633,-0.056711537829279915,-0.04299344773967728,0.0004292175088695796,0.17559107935228682,-0.004555377810883403,-0.10840641428631181,0.009500293850830191,0.016015771780911355,0.2004201787579673,-0.005568010478179979
69.36936936936937,0.12094526238966856,0.03586651293470369,-0.04052441876075961,0.169052573514563,0.030701519961681835,-0.8556684500253668,-1.6532359072144185,0.3876684193846903,1.5718818982159874,-3.1617606968826637,1.3506346988979887,0.4703648791889809,-0.005807473555510695,-0.0553471545288312,-0.04312643830189248,6.125811738500603e-06,0.17488030660350148,-0.004511513877346815,-0.10903150182915802,0.008680427273781294,0.01618549021573821,0.19891064329142497,-0.005527998159056347
69.46946946946949,0.11563359861054315,0.0351116385609727,-0.04102815057152741,0.16634799845714995,0.03074906356175499,-0.8444155419960218,-1.652912642095218,0.3852236094464834,1.5537170397280926,-3.172190573741273,1.3448434130201634,0.4621335707962717,0.0033529046590232148,-0.054019759660428844,-0.043222202745433064,-0.00039553143448300065,0.17411293144367707,-0.00446490528034762,-0.10963806353098215,0.007835418541531709,0.016343937178144717,0.19735085339009978,-0.00548527837250839
69.56956956956957,0.11044167762351316,0.03439114691317974,-0.041563906262507486,0.1636548754875975,0.030807265153871118,-0.8334190749926178,-1.6524452442593673,0.382737015240562,1.5352764416041667,-3.1821588770440523,1.3387644959747702,0.4537942822779909,0.012620310713433558,-0.05272486363668114,-0.043282961124178,-0.0007760177727524312,0.1732934514846039,-0.004415740485344684,-0.11022702589985452,0.006967310913880578,0.016492102509690083,0.19574531004448675,-0.005439880134186143
69.66966966966972,0.1052955202396861,0.03371206937449451,-0.04213547356737961,0.16098019795439253,0.030872334218505482,-0.82259297401196,-1.6517392945549212,0.38019808988796233,1.5165369231129484,-3.191630860808048,1.3323958793163166,0.44535334161176243,0.02199298056566013,-0.05145844778238472,-0.043312260420480725,-0.0011370677782319184,0.17242496502936142,-0.004364167468532951,-0.1107981838218745,0.006077659588223492,0.01662824299219135,0.19409529729830038,-0.005391864386652965
69.76976976976975,0.10010610891804053,0.03304803421503844,-0.0427308073628788,0.1583383357965366,0.03093975448455552,-0.8119546859655593,-1.6508194981355189,0.3776258976212043,1.4975263527816594,-3.200573927691341,1.3257675392170574,0.4368270337992185,0.031458727266766386,-0.05021757878993932,-0.043305854213687774,-0.0014777869274610622,0.1715060053073654,-0.004310061702878535,-0.11135293328239922,0.005168859754906562,0.016754541813690564,0.19240263878865305,-0.005341357927455452
69.86986986986986,0.09516722243832074,0.032419929662461315,-0.043358619153927816,0.15568945559805775,0.031023346820925096,-0.8015914628699516,-1.6496272826125076,0.3749892751987507,1.4782103519524785,-3.2090297870657607,1.3188854337078555,0.4282624200350827,0.04100783765282382,-0.04901179595337452,-0.043265226741593596,-0.001797148206776788,0.1705370724607282,-0.004253764422476653,-0.11189615428792972,0.00424334665817138,0.016871216847137965,0.1906698480302281,-0.005288395345323086
69.96996996996998,0.09036061889669034,0.03183142084961101,-0.04402298099763333,0.153046541430258,0.031116647354366745,-0.7914117074600402,-1.6481165365703614,0.3722814297566187,1.4585848106629045,-3.2169729882549896,1.3117347058311322,0.4196348069141024,0.050633818351176106,-0.04783140532522996,-0.04319080758368385,-0.002095553838830125,0.16952182369118646,-0.00419536492873887,-0.11242759290305834,0.003303983134423558,0.016979478032265245,0.18889635443239713,-0.005232944961073201
70.07007007007006,0.08565350286872529,0.03125577704285025,-0.0447076177991992,0.15041498348169136,0.031217925313440482,-0.7814309240979249,-1.6462914066113874,0.36952122032691126,1.4386797243592846,-3.224394492092717,1.304361428342184,0.41097298296277707,0.0603301453665957,-0.04667474488914466,-0.04308202881484767,-0.002373870788253958,0.16846074528895003,-0.004134914873381899,-0.11294720096316122,0.002351469418038426,0.01707907210325422,0.18708740085436726,-0.005175262095927705
70.17017017017021,0.0810396840073436,0.030707467395736664,-0.04542050857515575,0.14779411309526752,0.03132639252503985,-0.7716205362363879,-1.6440944830242714,0.36669123032804196,1.4184890255402343,-3.2312966732374035,1.296754246597288,0.4023211346655243,0.07008793213177114,-0.04554195979593696,-0.04294325875137011,-0.0026331649936409407,0.16735693817194017,-0.004072638631795535,-0.11345850992914877,0.0013893506139525454,0.017170242322156807,0.18524511083294132,-0.005115482554029565
70.27027027027025,0.07650815382366552,0.030191326507567333,-0.04616707868234067,0.14518414590394027,0.031440594149896174,-0.7619526452579359,-1.641495079237569,0.36377407256716215,1.397992236532702,-3.2376608471399564,1.2888862579652116,0.39364673617602086,0.0799037245926221,-0.04442718685139415,-0.04277044101369522,-0.0028713285088212337,0.16621126058995553,-0.004008570456715776,-0.11396290080119642,0.00042047549510143485,0.017255842957046963,0.18336745023550818,-0.00505344055772982
70.37037037037041,0.07206467113462985,0.02968523865838693,-0.0469304075321421,0.14258581316668062,0.03156085291190477,-0.7524309704536238,-1.638507476270206,0.3607877534618897,1.3772295869045372,-3.2435055221953575,1.2808151563282517,0.38497478813051406,0.08976823359184823,-0.04332910754396305,-0.042566360925009226,-0.0030904193983863773,0.16502791647747742,-0.00394305573555292,-0.11445869080389492,-0.0005555791873367334,0.01733419697621242,0.1814621801109168,-0.004989474345750314
70.47047047047047,0.067708240491183,0.029204195057488704,-0.04771976972833987,0.1399975040870348,0.031686211250216145,-0.7430600887837528,-1.6350608064207925,0.3577244472360428,1.3561731164742332,-3.248795416879657,1.2725371975416186,0.37635144795976094,0.09966076502315979,-0.04224659572435151,-0.04233622293776458,-0.003292963562743277,0.163806376729617,-0.0038760021153236243,-0.114948342196364,-0.001532907914081455,0.017406641541985145,0.17952964818213,-0.004923836885989956
70.57057057057057,0.06342199220158218,0.028753509301833364,-0.04854017365440502,0.13741970217715602,0.03181537292826651,-0.7337904510065544,-1.631139395054366,0.3545657724784893,1.3348240269276221,-3.2535342539995087,1.264023395475803,0.3677576220433112,0.10958594843101252,-0.04117853082222951,-0.04207435018533089,-0.0034755097915200165,0.16254731067986242,-0.003807536415229698,-0.11543678711929126,-0.0025103982459036916,0.01747577959620777,0.17756754326802407,-0.0048562326686299355
70.6706706706707,0.05920872549658995,0.028307545051634447,-0.04937321711533391,0.1348518167418271,0.0319485782138755,-0.7246065327880097,-1.6267905281196722,0.35133362978398147,1.3132321253883164,-3.2577455585491544,1.2553178003364276,0.3591922927109863,0.11953332190355799,-0.040120719262104323,-0.04178517992522031,-0.003640755242699685,0.1612576571551659,-0.003738155724465228,-0.11591837401797966,-0.0034891461515552946,0.017539101032162642,0.17558491960576786,-0.00478699450002433
70.77077077077078,0.05495390557783665,0.02787493489191371,-0.05022430360919655,0.13231021971564552,0.032079155509111876,-0.7155033755004637,-1.6219221183853787,0.3480113750069892,1.2913623579848188,-3.261390107195665,1.2464281011935587,0.3506937903074198,0.12948476654500965,-0.03906665957725895,-0.04147333454805199,-0.0037917933396804174,0.1599365207879961,-0.003667573041295536,-0.1163948468510834,-0.00446154054495681,0.01759933703780888,0.17358129932891528,-0.004716523068262465
70.8708708708709,0.05040289808613874,0.027460004865411575,-0.051100208444443865,0.12983089809376339,0.032194307226634716,-0.7063243112510232,-1.6165054009429778,0.34459079994071135,1.2692492323010403,-3.2644550855859102,1.237303234830485,0.3422629692217028,0.13945156312473295,-0.038012067256033996,-0.04113597512923462,-0.003925835122338857,0.15858812695107036,-0.0035960801179582558,-0.1168706467173111,-0.005428688391325296,0.017656573278357623,0.17155763754551992,-0.0046444943921117145
70.97097097097102,0.04623909836573541,0.02704940478198011,-0.05198512993514104,0.12731405140031116,0.03232754100766268,-0.6973094049063575,-1.610660484381762,0.3410982971410469,1.2468787149861849,-3.2669903041312645,1.2280279688000957,0.333890724523878,0.1493929894240525,-0.03697449812217119,-0.04077315299811416,-0.0040439394760546764,0.1572088314386951,-0.0035239728753638593,-0.11734675942372612,-0.006390267722826222,0.017710980924768298,0.16951571244215285,-0.004571031800985418
71.07107107107106,0.04223685227025598,0.026646709062131357,-0.0528803595553905,0.12478913429831076,0.03246681432345179,-0.6883972719777297,-1.6042973634719728,0.3375156424842438,1.2242412524883937,-3.2689730458961628,1.2186060582834444,0.3256014977141068,0.15930280941650146,-0.03594504422769847,-0.04038988877842589,-0.004148764336826531,0.15580056654424682,-0.003451104349206334,-0.11782317374878892,-0.007339776678471119,0.017765431043564085,0.16745716545765355,-0.004496596268509139
71.1711711711712,0.03829504183502683,0.02625425870754759,-0.05379051221413197,0.1222727244917905,0.0326067582994186,-0.6795043339231214,-1.597386901703,0.33384075882060266,1.2013404181962177,-3.2703519234112752,1.2090019217091499,0.31740941831065356,0.16917920697148986,-0.03492145688430319,-0.039983947751058575,-0.004238783154112602,0.1543634445686116,-0.0033776411524322086,-0.11830442384672964,-0.008277394787391614,0.017818534052417734,0.165380845511703,-0.004420864104702122
71.27127127127127,0.03439660566444026,0.02585501283281067,-0.0547029716786034,0.11976346797349305,0.03274639303522024,-0.6706094656504116,-1.5900223554341126,0.3300927724066962,1.1782383758353667,-3.2711767477054523,1.1992375780944835,0.3092940304027989,0.1790112277054678,-0.033900961279651795,-0.03955791286520914,-0.004314655757867861,0.15290519519153403,-0.0033039298407034324,-0.11878712140952655,-0.009203766447628083,0.017869942436243104,0.16329364904177374,-0.0043440550507090475
71.3713713713714,0.03053854596364681,0.02545102630947434,-0.05561351090618695,0.11725876975952654,0.03288514162063796,-0.6617091894781028,-1.5821873693882147,0.3262678791993724,1.1549284448009454,-3.271461858317309,1.1893341619863271,0.30126243263480434,0.18879018885484672,-0.032883650559689295,-0.03911625923483816,-0.0043792555809958385,0.1514266154124402,-0.0032299784486556674,-0.11927231363019475,-0.010113767687785855,0.017922951848686582,0.16119682895723472,-0.004266598394551744
71.47147147147152,0.026738210502068073,0.02504512296258532,-0.056527079931346105,0.11476019328235587,0.033023170526608955,-0.6527747282180296,-1.573823795057044,0.32235563263132433,1.1313977704116667,-3.2711305282575545,1.1792625326229866,0.29333945062985356,0.19851189045930698,-0.031865881471124194,-0.03865658791238773,-0.004432099516110411,0.14992445019794148,-0.0031558923697096288,-0.1197626921253963,-0.011007232567744562,0.01797457346661769,0.1590879453105311,-0.00418827015631696
71.57157157157155,0.022965674543386053,0.024632593645627737,-0.05743811048276874,0.11226708315238368,0.033158585659136625,-0.6437913215303761,-1.5649968686947804,0.31837407389843986,1.1076940539685955,-3.2702261192917144,1.1690528187740739,0.28552018046306493,0.20815279301441247,-0.030850901358502214,-0.0381814383468005,-0.004472280661885134,0.14840435733784166,-0.003081806855628751,-0.12025915699696754,-0.01188436084041922,0.018025753394311894,0.15697205615067442,-0.004109115155892247
71.67167167167169,0.019224735019975802,0.024207847101779343,-0.05833789015154387,0.10977790178139006,0.03329176488212497,-0.6347526759009645,-1.5557677234405523,0.3143301276820212,1.0838258193677122,-3.268792711603241,1.1587102511516485,0.27778323158989926,0.2177148746265502,-0.029837610191266073,-0.037694384533065665,-0.004503492060431097,0.146869640218658,-0.003007931251499309,-0.12075945455834476,-0.012741297054014647,0.018079983731360667,0.15485129894943073,-0.004029573704697517
71.77177177177177,0.015526337168622612,0.023773234666235758,-0.05923169460912112,0.10729404674697052,0.033422554738323465,-0.6256389209130083,-1.5460401433788566,0.3102078205173587,1.0597722990139191,-3.2667494704110838,1.1482130920287523,0.2701633249056349,0.22719409279804897,-0.02881999013410046,-0.03719403753627382,-0.00452559035150577,0.14531708153675832,-0.002934360232081409,-0.12126728031432807,-0.013577427683933163,0.018133309440963464,0.1527235278409143,-0.003949543469512906
71.87187187187189,0.011850171655647838,0.02332090440683465,-0.060113174880877404,0.10481311039760147,0.03354897476064034,-0.6164358130774158,-1.5358798633749937,0.30602342862557974,1.035570979039966,-3.2641194838963044,1.1375899238190863,0.26266844382759225,0.23655664253283942,-0.02780451699161789,-0.036684386512620584,-0.004538019215691665,0.1437495583045613,-0.0028610579130183595,-0.12178189910199352,-0.01439294752379015,0.018186712746535,0.15059279787838414,-0.0038690202011975308
71.97197197197201,0.008198936306103268,0.022850414013272494,-0.060976702261304486,0.10233474309320181,0.03367176586150788,-0.6071305130530242,-1.5253807547478633,0.30178904571818976,1.0112509311415285,-3.2609725697098733,1.1268365785447962,0.255261267491054,0.24581718940465863,-0.02678950768979933,-0.036166348154005844,-0.004543511183210699,0.1421720410591481,-0.002788348944050259,-0.12230200973596898,-0.015184430443949418,0.018244385007296176,0.14846071715305384,-0.0037883791522376315
72.07207207207205,0.004567612133481389,0.022358675947304348,-0.06182086292021847,0.099858353428214,0.03379034965328641,-0.597689322385564,-1.514483653594701,0.29750109544252723,0.9868074613852527,-3.2572495358125906,1.115942138097123,0.2479559625565091,0.2549613415380416,-0.02577169448371226,-0.03563952964023899,-0.004541415148432366,0.1405816031048071,-0.002716193763817325,-0.12283171857016781,-0.015952792845055457,0.018301777729936314,0.14632562420058892,-0.0037074653307672123
72.1721721721722,0.0010474512265044949,0.021841429729213623,-0.06264367362662604,0.09737078875535692,0.03390808693663415,-0.58819263378012,-1.503209164474804,0.2931566409083027,0.9622170385696677,-3.252935480761896,1.1049393060077963,0.24078746768866716,0.26396519261949714,-0.02475606372540941,-0.03510922414737376,-0.004533694474509459,0.1389779758584096,-0.0026446153652186733,-0.12336692541660048,-0.016697495633501043,0.018359984893016268,0.14419099265130217,-0.0036265010225599555
72.27227227227226,-0.0028036425978370926,0.02131993027663245,-0.06344031334841042,0.09493626406028359,0.03400357467880027,-0.5784436766977488,-1.491621869266274,0.28877368314860974,0.9375770454903385,-3.248092199052379,1.0937958331323643,0.23370501897304458,0.27284951216923325,-0.023730770527605895,-0.03457612833556306,-0.004520970388948406,0.13737416190007412,-0.0025740205879073454,-0.12390691265797385,-0.01741570325311653,0.01842198583600337,0.14206119406653,-0.0035457184230710164
72.3723723723724,-0.007156884866208221,0.020783610078052718,-0.06420212094672226,0.09257750852545087,0.03406906101192479,-0.5683252711361072,-1.4797446355673336,0.2843603630908099,0.9129359289759964,-3.2427062436102467,1.0824965349611986,0.2266966890423275,0.2816084619627925,-0.022688561323156536,-0.03404102119447259,-0.004503909914060861,0.13576913131271867,-0.0025042788318666996,-0.1244501901868545,-0.018110193873481905,0.01848305739605598,0.13993642594368155,-0.003464992832185131
72.4724724724725,-0.010759393394745059,0.0201880823904047,-0.06493195865621125,0.09011547235830426,0.034164703869881505,-0.5583438126731572,-1.4676386638048877,0.2799154932031528,0.888129532731701,-3.2367611539366643,1.0711464242434448,0.2198207163977524,0.29018443084179985,-0.02166948849535693,-0.033503579906479994,-0.004483354650610972,0.13414376253342375,-0.0024352720804855133,-0.12500588941451815,-0.01877754026732823,0.018547318431261256,0.13780915242452768,-0.003384398652122037
72.57257257257257,-0.014344331536844257,0.01956571041899268,-0.065626842477213,0.08765641588567721,0.034253844772124675,-0.5482021627506143,-1.4553071382504612,0.27544807869957744,0.8632781024364669,-3.2302694798459926,1.0596797522173986,0.21303533389252963,0.29859685239707334,-0.020650272487854053,-0.03296409128763648,-0.004458232068979791,0.1325158646528982,-0.0023675245759686467,-0.12557072089566707,-0.019415473992159822,0.018615123479347507,0.13568531803425604,-0.003304051344930966
72.67267267267269,-0.017919005025177633,0.018912947323268946,-0.06628042376333318,0.08519891008012961,0.03433781580881051,-0.5378838171993021,-1.442811309987299,0.2709742467322164,0.8384102012303828,-3.2232629812611746,1.0480880149845095,0.20632144431984062,0.3068436966327528,-0.01963116995931858,-0.032423446737921253,-0.004429207785737438,0.13088260580276176,-0.0023006164593350927,-0.12614157999087486,-0.020029791616853043,0.018683469879965973,0.13356463359736015,-0.003223770392919398
72.77277277277275,-0.021476820548743232,0.01823558760681674,-0.06689125975677937,0.08273851073548234,0.03441581178551836,-0.5274005236121543,-1.4301290337967578,0.2664809391161894,0.8135066029506606,-3.21571425235812,1.0364150648733017,0.1997128914040993,0.3149212063385004,-0.01861199926890341,-0.03188995965637127,-0.004400529813385695,0.12924599307945633,-0.0022348484016322936,-0.12671990630304206,-0.020616756370521155,0.018752657899528208,0.1314514390120965,-0.003144140663970507
72.87287287287289,-0.025014737311730335,0.017532361826112477,-0.06745766898967634,0.08028091500865223,0.03448649171790316,-0.5167194882037917,-1.4172804728049304,0.26197941778552936,0.7886126455247819,-3.207607444123304,1.0246255154755022,0.19319411642639592,0.32281016528989614,-0.017593822928223698,-0.03135792331594556,-0.0043680722594047075,0.12760927423041082,-0.002170610842908062,-0.1273070489898745,-0.021173199995197848,0.018823905558122474,0.12934407599032882,-0.0030649778461892636
72.97297297297303,-0.028538570585573908,0.016802307071433552,-0.06797910592526711,0.0778249173019034,0.03455213668114339,-0.5058375490836357,-1.404358902094081,0.2574901540465449,0.7637656522944634,-3.199014171562471,1.0127226652704566,0.18673906805045543,0.3305212357546472,-0.016575914849949698,-0.0308297491852068,-0.004334392809474539,0.12597174610705308,-0.0021073961156804163,-0.12789870153980157,-0.021706529893694156,0.018895354190340673,0.12724258518860715,-0.0029861224906634126
73.07307307307306,-0.03205622175019269,0.0160494264085324,-0.06844961571702415,0.07536930876556644,0.034611022193019966,-0.49475514942698845,-1.3913318889880255,0.2529998816490612,0.73894015107178,-3.189888037437399,1.0007355683189272,0.18037201570167333,0.3380361620162019,-0.015560358138319552,-0.03030989668477464,-0.004301307661605136,0.12433490756050347,-0.0020455365806054194,-0.12849895945127296,-0.022211416354877094,0.01896729364413193,0.12515027714251334,-0.0029080262684150642
73.17317317317318,-0.035557974338779545,0.01527016077967475,-0.06886552074224025,0.07291778228403903,0.03466258896715119,-0.48345327234329655,-1.3782121793402786,0.24851669115102673,0.7141727490277227,-3.180214889613734,0.9886406247202835,0.17408944697745848,0.3453484087039988,-0.014546348574650068,-0.029796351254009035,-0.0042666884125801925,0.12270041521790073,-0.0019854043049424125,-0.12910577386296582,-0.022686854371409954,0.019039589454418387,0.12306600938193628,-0.002830698847808588
73.27327327327325,-0.03904486755232043,0.014471738556069083,-0.0692339375614909,0.07046896604846287,0.03470882066855576,-0.47193733057793985,-1.365076047499919,0.24405793049858854,0.6895010973882015,-3.170065350232305,0.9764349258535787,0.1678691869979519,0.35246745404521723,-0.013532989333792298,-0.029290233882954753,-0.004232419772630253,0.12106864145730331,-0.0019264568510168468,-0.12971548971336988,-0.023138938409571076,0.019111508931251575,0.12098905781058462,-0.0027538481989583348
73.37337337337338,-0.042528942243786054,0.01365435948449192,-0.06954725358229778,0.06802370671824275,0.034748206772079085,-0.46020025787327146,-1.3519040245574936,0.23961295864522367,0.6649170670085396,-3.1594138253159123,0.9641379259693228,0.16172978693164092,0.35937715643615503,-0.012523353180622306,-0.028792643035205172,-0.004199043515422285,0.1194411026969664,-0.00186905988990927,-0.13033288390434755,-0.023562623232053454,0.019183835329974065,0.11892279526264837,-0.0026778495095855295
73.47347347347352,-0.046002728809803314,0.012817879167850849,-0.0698015541767401,0.06558317271942651,0.03478046762346591,-0.4482359790712329,-1.3387122697993412,0.2351868554809014,0.640435860411921,-3.14824341006869,0.9517448252723731,0.15567424020881307,0.36607446040513014,-0.011515871993281284,-0.028305912256597416,-0.004166325937602205,0.11781858301406156,-0.0018134614282964573,-0.13095448740315027,-0.023959208109143572,0.019254652980823784,0.11686653203706052,-0.002602848186803331
73.5735735735736,-0.04945983918377227,0.011971289502191503,-0.07000552262671773,0.06314816586654345,0.03480719372357896,-0.43606001395966115,-1.3255443846843724,0.2307959122898783,0.6160908761958865,-3.1365966762442823,0.9392408087362558,0.14968264040562043,0.37256608462985175,-0.010509849687433088,-0.027828514826922012,-0.004134657061272224,0.11620136055584425,-0.001759169457733929,-0.13157647945518497,-0.02433249867105237,0.01932438492313538,0.11481840063994246,-0.0025284584474945192
73.67367367367368,-0.05291089163988788,0.011114144888487696,-0.07015216514745476,0.06072189231110218,0.03482769813016502,-0.4236800616672099,-1.3123908930406822,0.2264316505135719,0.5918768172153264,-3.1244725789965004,0.9266428870113467,0.14377067742769428,0.37884542687020584,-0.009507679976999184,-0.027359097767150026,-0.004103857393914905,0.11459096878206512,-0.0017065532029119086,-0.13220412964647746,-0.024678929307739343,0.019393892894035206,0.11278196138020899,-0.0024550048042926006
73.77377377377375,-0.056355175631289424,0.010251272660487528,-0.07024122886466835,0.058302000645890785,0.03484147277821513,-0.41107539794251247,-1.2992839326927148,0.22209941759267485,0.5678125235451874,-3.111865691036535,0.9139580723875099,0.13793464503200625,0.38490549976400823,-0.008507580563531925,-0.0269041899225136,-0.004075878452046827,0.11298874195345392,-0.0016557352526979257,-0.13283315864896347,-0.025001227985904723,0.019459933157243807,0.11075681411770286,-0.0023826445297317794
73.87387387387388,-0.05978371379898596,0.009386177732144396,-0.0702753485783966,0.05588976318001184,0.03485000326548554,-0.39826557271010665,-1.2862371269922837,0.21781019876850877,0.5439226852417878,-3.098787552483587,0.9011687839731332,0.13216563597510986,0.39075317864367387,-0.007511383681953315,-0.02645994468851016,-0.004049138808525667,0.11139293045004175,-0.0016062658583681504,-0.13346032377847966,-0.025301295182017826,0.019523334631091786,0.1087406244563309,-0.0023110052809102426
73.97397397397403,-0.06319884875316831,0.00852450631283381,-0.07025415127617747,0.05349153269993343,0.03485303952845985,-0.3852776173179374,-1.2732320406810405,0.21355839587277106,0.5202014729144984,-3.0852601774153894,0.8882845282123089,0.12646626142277995,0.39639349491418596,-0.006517415861828771,-0.026024629631360003,-0.004023759145994484,0.10980674300874023,-0.0015585373476639478,-0.1340897620088139,-0.025577777905788045,0.01958502951872135,0.10673653911427525,-0.0022403984741534403
74.07407407407409,-0.06660974651773405,0.007675508055047839,-0.07017917499663366,0.051105957389952064,0.0348499903971168,-0.3720937142243677,-1.2603039314286744,0.20934845529843185,0.4966716760930794,-3.0712672410771877,0.8753207883154317,0.12083751369411574,0.40180556843469317,-0.005525171106158207,-0.025604315866775845,-0.004001806560343513,0.10823217177790098,-0.0015126250617114255,-0.13471755773645558,-0.02583240659527956,0.019642090132253945,0.10474472413354463,-0.0021708605535042604
74.17417417417417,-0.07000729158341323,0.006835049746533817,-0.07004836986499793,0.0487308790444263,0.0348419805575714,-0.3587187207258106,-1.2474612223620833,0.20518458751837473,0.47334742357499904,-3.0568098006689537,0.8622588750674659,0.11528549350068837,0.4069960027948957,-0.0045390689233918554,-0.025195966775118463,-0.003980975922917275,0.10666551816225964,-0.0014680720715451428,-0.13534104841961098,-0.02606643006510707,0.01969410712677909,0.1027629584025879,-0.0021021655108978353
74.27427427427425,-0.07418586215274245,0.005975349377205288,-0.06986801057507595,0.04648419119088989,0.03478756034865861,-0.34490263808469673,-1.2346333353773513,0.20107120229138462,0.4503203028754431,-3.0419273742696045,0.8490670814276857,0.10974767776165924,0.41202118475434657,-0.0035317116404469475,-0.024799830489632677,-0.003965197686236044,0.10512352066780792,-0.0014257787819033218,-0.13595882351184527,-0.026284770690370458,0.01974061109927291,0.10080138383174801,-0.0020349114195069512
74.37437437437438,-0.07813144715722897,0.005153558025079591,-0.06963412410205246,0.044224499034342266,0.03473998049126867,-0.33100262853046375,-1.2219138898858852,0.19700943687512476,0.4275084531953315,-3.0265853615764136,0.8358159787335705,0.10430081505002753,0.4167972043662528,-0.0025332511370017067,-0.024416464509998473,-0.003950972957948287,0.10359244250646663,-0.0013851317135075117,-0.13657144681666417,-0.026482262448143973,0.01978214314752019,0.09885065017387965,-0.001968586910423718
74.47447447447452,-0.08189113186036563,0.004403415775824844,-0.06934994365469753,0.04195968869723058,0.0346969860094378,-0.31699248303426486,-1.2092757246463501,0.19299129893612071,0.4049090010240034,-3.0107959726488818,0.8224570419166852,0.09895939179992758,0.4213362856963167,-0.0015457072955144579,-0.02404619695062119,-0.003937935622588504,0.10206834648759744,-0.0013457272322897197,-0.13717498858353377,-0.02666247837110335,0.019815328742336207,0.0969078454426063,-0.001903169851141306
74.5745745745746,-0.08546881924012441,0.0036856189813658535,-0.0690241875240217,0.03969312445737983,0.03465822566494697,-0.3029397136681683,-1.1966927509022407,0.1890251042019892,0.382533408624909,-2.994591017975261,0.8090158473903927,0.09367718410822097,0.4256727764814787,-0.0005602090533916899,-0.02368414942236092,-0.003925714350931953,0.1005574667955699,-0.001308116359823617,-0.13777479802442083,-0.02682347066905283,0.01984596323051824,0.09497635345798824,-0.0018388988025618952
74.67467467467466,-0.08888070857941453,0.002993340151488695,-0.06864826210985561,0.03742694975708351,0.03462406413430015,-0.28881333567647866,-1.1841960916489875,0.1851185317205534,0.36042972849513116,-2.9779350183699456,0.7955231903714125,0.08847298297746192,0.4297764172394583,0.0004194257372996986,-0.023332887910247676,-0.003914136788522394,0.09906140579085768,-0.0012721793849539199,-0.13836766298538702,-0.026965211980724678,0.019871276335599895,0.0930579621364438,-0.0017755956163067802
74.77477477477474,-0.09227917429244135,0.002345337698299816,-0.06823121786162355,0.03517944009713144,0.03458588326602123,-0.2745634209584634,-1.1717563583422053,0.18126079582171706,0.33858419119329225,-2.9608361097392772,0.781934102277291,0.08335125322851626,0.4336556725983777,0.0013953687006982483,-0.022995626597849966,-0.0039047654993391344,0.0975786239709029,-0.0012377551714709326,-0.13895266757722402,-0.027091252527323556,0.019886747235199738,0.09115114499159854,-0.0017133788270577142
74.87487487487488,-0.09565724539724188,0.0017462939767578464,-0.06777150374052235,0.032959808458391436,0.03454503135978382,-0.2602213403936638,-1.1593790155144295,0.17745659166345745,0.31702353801843985,-2.9433283587824355,0.7682772360822613,0.0782888419756202,0.4373455289870979,0.002376165471341716,-0.022667731211843695,-0.003897687282751412,0.09611230470455127,-0.001205006284720313,-0.13952608122575447,-0.027202808537288303,0.019897510421754073,0.08925641542234217,-0.0016523353271884103
74.97497497497501,-0.0994967145194353,0.001226625755595034,-0.06726769942353793,0.030838622362526002,0.03447674124101466,-0.24558084404299202,-1.1470064335610817,0.17371917594927197,0.29586337796655876,-2.925355192441972,0.7545178322771424,0.07329725148095137,0.44084190089097997,0.0033661646193217077,-0.022353362047879112,-0.0038932543944879493,0.09467064971167656,-0.0011740862390836905,-0.14008015510159555,-0.027304060019688124,0.019897782120760776,0.08737925677093154,-0.001592500800685108
75.07507507507509,-0.10319872300032976,0.000762288863329954,-0.06673405440681339,0.028724240969993986,0.03441230362535884,-0.23091765665523784,-1.134674710632397,0.17003276514558194,0.27497348243343667,-2.9069612385523054,0.7406961134451768,0.0683939431026404,0.44412256357102436,0.004352517415742716,-0.022051016012631743,-0.0038914430677604354,0.09324216354337708,-0.0011445584179060927,-0.14062376357540618,-0.027391473973124924,0.019888904524855106,0.0855128106091643,-0.0015336563265138886
75.17517517517517,-0.10657792061891755,0.00034293446746028503,-0.06616357912340039,0.026597578827929912,0.03436240899486605,-0.21630332669275817,-1.122401576954627,0.16639995674504682,0.2543639842538603,-2.8881555475140908,0.7268306009423158,0.06357332763585659,0.4471952452037443,0.00533599591020167,-0.021755699179022276,-0.0038898361957971283,0.09182668928145442,-0.0011165255889077626,-0.1411543585484285,-0.027464751127817107,0.019874483930617366,0.08365653252503069,-0.0014758277726894305
75.27527527527523,-0.10995059599504489,-3.4710215964160044e-06,-0.065559563157239,0.024503836856473872,0.03431090860787684,-0.20160936247072286,-1.1101413618773108,0.16283929521411708,0.2341381355415244,-2.8688872069996654,0.7129029654263042,0.05884293975719117,0.4500611411410408,0.006318632507227774,-0.021470018541828804,-0.00388811755309556,0.09043215815980059,-0.0010901800375977314,-0.14166606732361203,-0.027525999077166872,0.019851049155795726,0.08181495275968387,-0.0014191143372752086
75.37537537537538,-0.11351541140977832,-0.0002761877732713542,-0.06493290633300158,0.022474442649253926,0.03424790020013611,-0.18680236948920664,-1.0978667062756418,0.15932953278366405,0.21425602329122487,-2.8492077576798707,0.6989288513329255,0.0541890974833561,0.45274383090850356,0.007309010967193811,-0.021195129177638116,-0.0038902890472476,0.08905643432329621,-0.0010652499304214657,-0.14215953676864665,-0.027578053808674462,0.01981688729533926,0.07998735713279667,-0.0013634477474831043
75.4754754754755,-0.1171667839816698,-0.00047688855619322393,-0.06427680854555942,0.02049524113746886,0.03417902361267713,-0.1718945636311691,-1.0855874389472684,0.15587505084336514,0.19473808647065788,-2.8291049908749137,0.6848854493250708,0.04962080126308524,0.45523660597491783,0.008304942838152914,-0.020929199205666504,-0.003893558464019985,0.08770002453383846,-0.0010419415074780368,-0.1426320557795664,-0.02762225234495047,0.01977233631549124,0.07817343250002798,-0.0013088414083289542
75.57557557557558,-0.12053578586918598,-0.0005821386626244432,-0.063597957064087,0.018510260810003166,0.03412313058850789,-0.15705911487680185,-1.0733113436481938,0.152491819291162,0.17559170428725368,-2.8085622763386104,0.6708014994162943,0.0451510874495405,0.457527840389827,0.009296147896842409,-0.020672280089694205,-0.0038958012885890398,0.08636201848131571,-0.0010199645624656777,-0.14308509890036764,-0.027655753786085785,0.019719385721348338,0.07637079933621063,-0.001255253152397764
75.67567567567566,-0.12389719762393903,-0.0005972412477884013,-0.0629004983114698,0.01656401530745693,0.03406702348660878,-0.1422440082408538,-1.0609930351274326,0.14916863611828182,0.1567943986412043,-2.787611949751432,0.6566973595571943,0.04076499826566337,0.4596403138600019,0.010291701984634699,-0.020424432763978522,-0.0039011457782773297,0.0850406934808021,-0.0009992714437542108,-0.14351685552303622,-0.02768146296659807,0.01965702608181568,0.07457979647741914,-0.0012025671041275316
75.77577577577574,-0.12771208037760845,-0.0005473478983405204,-0.062187399753822134,0.014717182434725685,0.033986477782033446,-0.12722981287098417,-1.0486049603457586,0.14590264868799538,0.1384314804507598,-2.766226845621011,0.6425058693371235,0.03646361504348421,0.46156804867474766,0.01130075754965306,-0.020184780521248502,-0.00390744896382735,0.08374606929515203,-0.0009803964548298922,-0.14392292463219808,-0.027704550503740284,0.019580866401823774,0.07280649402232584,-0.001151029346239564
75.87587587587588,-0.13183919392213592,-0.00041310112611203794,-0.06146662847926523,0.012950886839736605,0.03388983557366323,-0.11208771233715756,-1.0361436030835613,0.14269997179708233,0.12052160450137846,-2.744425306864758,0.6282843669889455,0.03223398369932456,0.4633406260120133,0.012324483111157001,-0.01995270755607204,-0.003914567881816942,0.08247882281458264,-0.0009628734020353264,-0.14430298942014108,-0.02772268596400696,0.01949388523029246,0.07104985530078656,-0.0011007041173320777
75.97597597597601,-0.13523363549921677,-0.00012638868379704488,-0.060736846027099736,0.011123819452142853,0.03383239620936877,-0.09725665794564768,-1.0236084256470555,0.1395534600484633,0.10291541084571157,-2.722228490009731,0.6140829835430246,0.0281440083393364,0.464920055449355,0.013333147959288055,-0.01972587342171602,-0.003920724948482807,0.0812170735929928,-0.000946186995968971,-0.1446592980978439,-0.027730710316673467,0.019399511330030643,0.0692983714712842,-0.001050995930620782
76.07607607607608,-0.13865055426802822,0.00027951156485277894,-0.060009748432359775,0.009335874505624423,0.03377424773908148,-0.08241171704568087,-1.0109535459895496,0.13646083112031013,0.08573509385424308,-2.699602992775403,0.5998378560390192,0.02417669203342641,0.46629641593858845,0.014346104466152912,-0.019506091626220624,-0.003926667513848489,0.07997739263795187,-0.0009309906446600253,-0.14498881018433468,-0.027734246974779542,0.019292225547922755,0.06756049012019821,-0.0010022654854283323
76.1761761761762,-0.14261739807639195,0.0008180696814896849,-0.05928796638746788,0.007664243809711707,0.033688039891858396,-0.06737532169228963,-0.998138460334299,0.13342340894706547,0.06904015932828873,-2.676594615571912,0.5855502841755216,0.020288610407579014,0.46754510391681825,0.01537727899000434,-0.01929532590089548,-0.003934842587511304,0.07876622259727753,-0.0009169629389944561,-0.14527999877987643,-0.027741199148713112,0.01917003420557427,0.06583887393203708,-0.0009547311671534289
76.27627627627623,-0.14644607506677837,0.0014646575032431386,-0.05856885448859793,0.006007947198769024,0.03361131321759615,-0.052446287130633776,-0.9851633022986592,0.130436652404543,0.052737058583831264,-2.653195074335836,0.57126710293445,0.016510267743357277,0.4686474723072583,0.016411232034097816,-0.019088298835037765,-0.003942843832878926,0.07756988805551458,-0.000904020389675274,-0.1455458226754192,-0.02774219179437931,0.019039044324923714,0.06412893884130022,-0.000907999444281643
76.37637637637637,-0.1504835988438106,0.00220888009370527,-0.05786460418037419,0.004408984700201087,0.03352462049157987,-0.03743705379963393,-0.9720292470182222,0.1275077690270312,0.03692948532270382,-2.6293807486816188,0.5570048204448536,0.01284554085635784,0.46956342092119174,0.017453598857767715,-0.018885984596260195,-0.003950501620947191,0.07639890556088609,-0.0008924976397002247,-0.14578610246007626,-0.02773771187140752,0.01889764365164179,0.06243623802100433,-0.0008623197636938457
76.4764764764765,-0.15509987090677432,0.0030275543452260413,-0.05718127610678107,0.0029224790139802032,0.03341024223283619,-0.02229813042324375,-0.9586742899460262,0.12463048609620886,0.02159369360771442,-2.6052132736279345,0.5427169528601018,0.00924461803826172,0.4703631180008099,0.018516502507704515,-0.018689351868690605,-0.003959450585469802,0.07525771734202001,-0.000882246718709737,-0.1459950059190823,-0.02773488885445622,0.01874447535127692,0.06076201011676483,-0.0008177586063849943
76.57657657657657,-0.15915782741679943,0.004012771001684138,-0.0565106731318011,0.0013960832596494276,0.033329755847666,-0.007385703493261007,-0.9451605913505402,0.12180457789324484,0.006624416250325965,-2.5806885947325466,0.528465625141909,0.005790942624232827,0.4710044755140653,0.019572111337376224,-0.018496076279654255,-0.0039670855716525625,0.07412436837246617,-0.0008726968544476505,-0.14617324108428237,-0.02772574231646747,0.018582623175698962,0.059093756622918936,-0.000773729165079106
76.67667667667669,-0.16334387331655148,0.00514848140882447,-0.055861034018411616,-9.396653132627553e-05,0.03324778815972499,0.007703874665555066,-0.9314240121557003,0.11903182829907913,-0.007771846581756753,-2.5557756813305907,0.514278971505584,0.002467720805734207,0.4714658000433354,0.02062925431409044,-0.018310692992116236,-0.003975655142437673,0.0730129199476536,-0.0008642199616964259,-0.14631674883015008,-0.02771378179979748,0.01841003475691084,0.057440184424264185,-0.0007306862887106898
76.77677677677676,-0.16712505429279023,0.006434384816140466,-0.05524066231594216,-0.0016180674106788307,0.03318881821045561,0.022531449566993628,-0.9174847580877412,0.11630633427942698,-0.02182148572963538,-2.530549619231944,0.500118169321011,-0.0007217967641597565,0.4717712868223902,0.021677620003176884,-0.018126619601749976,-0.003980453605676475,0.07191482403014593,-0.0008563630312834016,-0.14643380234795852,-0.027698486060873374,0.018230270591780822,0.055794589909475965,-0.0006882091619062772
76.87687687687686,-0.17092192969930026,0.007850477606923666,-0.05464697435483519,-0.003111107036148042,0.03313311298380399,0.03731081126976673,-0.9033138450398159,0.1136325069947779,-0.03543662531029716,-2.5050009086448912,0.48597692310394497,-0.003805875013099319,0.4719620281278982,0.022734963923627373,-0.017946631775070405,-0.003985040012442916,0.07083378243446875,-0.0008493871371047082,-0.14651940206596414,-0.02768201490886369,0.01803973804418261,0.05416031528653098,-0.0006464388417340256
76.976976976977,-0.1747821539042515,0.009415181009120156,-0.054081980669657824,-0.004578268573101271,0.03307922713756798,0.0520131820271296,-0.8888783191265508,0.11100469887605391,-0.0485497067465984,-2.4791201656849666,0.4719128575534898,-0.006764416503158605,0.47200643139910775,0.023797763277868134,-0.017772145703849315,-0.003990312432102329,0.06977478936566735,-0.0008433019522638282,-0.14656928393579122,-0.027664142892696204,0.017840355581112646,0.0525407358582866,-0.0006056122093783531
77.07707707707706,-0.17867757369550027,0.011116440977308727,-0.05355307587800873,-0.006014128561330742,0.033027606152833656,0.06662363248900936,-0.8741879574368205,0.10841554427337965,-0.06125532193801566,-2.452955522970904,0.45790161600763113,-0.009599228124040005,0.4719232683027614,0.024862388580966406,-0.017598016216542063,-0.0039928144171223635,0.06873577724092546,-0.0008379950323395243,-0.14658709730239863,-0.027645657892793867,0.01763166898786627,0.050935329540008824,-0.0005655413420288739
77.17717717717721,-0.18263532918617922,0.01295248543768118,-0.05305976611701374,-0.007421822900040684,0.03297773490168155,0.08122116689434583,-0.8592269771614657,0.1058773676465071,-0.07349936210773185,-2.42649673757819,0.44394185611472814,-0.012323760731978231,0.47172433451758683,0.025935102487719398,-0.01742825129241885,-0.003994776608398381,0.06771419408617649,-0.0008334364972500108,-0.14657256831621743,-0.027626265136553474,0.017413088890289596,0.04934132421794697,-0.0005261140236618641
77.27727727727725,-0.18668995062457824,0.014927039205085101,-0.05260321555820631,-0.008818069740629065,0.03292908568221446,0.095883819358829,-0.8439690760300875,0.1033843497751312,-0.0852076171235657,-2.3997744696030923,0.430073981998132,-0.014927519826242191,0.4714023059153495,0.027010473181897792,-0.017265251076187742,-0.003998357529315767,0.06671146592785906,-0.0008295836276859178,-0.14652288516700723,-0.027606245511665916,0.01718652635117347,0.04776096350723295,-0.00048749754675470535
77.37737737737737,-0.19080162770980694,0.017036326481038595,-0.05218932979302325,-0.010188552655799979,0.032882904940144536,0.11049730241651261,-0.8284395983450134,0.10093097415764418,-0.09646257057580333,-2.3727787399391858,0.416299483405289,-0.01740794965432751,0.47095728094862466,0.02808588861813583,-0.01710298633725491,-0.0039994717382471675,0.06572824831412528,-0.0008263905209804389,-0.14643908626403662,-0.02758552793742215,0.016951689105648683,0.04619513972635343,-0.0004496755858772958
77.47747747747749,-0.19498440534376896,0.01927600339845804,-0.051816282705257635,-0.011539310891178812,0.03283833566093136,0.12505155884726865,-0.8126500672322499,0.09852173293353102,-0.10726817772409217,-2.3455238964225105,0.4026072557363446,-0.019780775514288095,0.4703987689382938,0.02916711919655419,-0.016945039940638718,-0.004000039094900592,0.06476271263367618,-0.0008238307232808207,-0.1463224099455846,-0.027564298471166194,0.016707970896355534,0.04464122272170341,-0.0004124414727669826
77.57757757757757,-0.199260970843187,0.02164723000422322,-0.051487711010315886,-0.01288443671620805,0.0327957347936499,0.1395880069381566,-0.7965875970136017,0.09616129855560428,-0.11757745343573536,-2.3180464003928347,0.38900880542380867,-0.022042877097456334,0.4697433335436304,0.030254039979394486,-0.016791162590520818,-0.004002129771203886,0.06381640882652562,-0.0008219401807590565,-0.1461706794615741,-0.02754282335263287,0.016456824949847574,0.04310100035360569,-0.0003759763017211672
77.6776776776777,-0.20361386433944992,0.02415003336764304,-0.051206797044997844,-0.014214466648132381,0.03275573845010802,0.15407535462434788,-0.7802683179993237,0.09383941084330656,-0.12740904152922913,-2.2903085381781088,0.37553090663597216,-0.024192629755325924,0.46898179213785474,0.03134208476556089,-0.01663748168595961,-0.004001944111492321,0.06288954991905094,-0.0008205736110254354,-0.14598473236034032,-0.027520576595955137,0.0161990381474863,0.0415754136502312,-0.00034036415782160296
77.77777777777774,-0.20807221303872367,0.026782845347277602,-0.05097317236810548,-0.015539801261298211,0.03271648824148641,0.1686125249960369,-0.7636814543690834,0.09155651466152816,-0.1367422219288262,-2.262328702577153,0.3621683614244613,-0.026236475910640083,0.4681138863423788,0.03243227393473276,-0.016487908844610374,-0.004001062745347483,0.06198010734972838,-0.0008197145391076125,-0.14576716343142426,-0.02749836924060235,0.015933746343440386,0.04006186664982769,-0.000305277121519244
77.87787787787786,-0.2126151328227024,0.029537640629590155,-0.05078847896259107,-0.01686240194919947,0.032679804170462866,0.18307827386800055,-0.7468593852822039,0.08932310740233793,-0.1455974254872344,-2.234163284796356,0.3489137936706238,-0.028187583039012427,0.46716593664639755,0.03352733939381919,-0.016341388901206753,-0.004001078871066379,0.061090018262272804,-0.0008194505543630273,-0.14551592368188979,-0.027476098419041927,0.01566155645118543,0.03856254564642388,-0.0002709403143675663
77.97797797797799,-0.21724250547676371,0.03239845750965968,-0.05064782299063891,-0.018178591072514134,0.03264560743081302,0.19747283804943128,-0.7298339028492482,0.08713000196778302,-0.15399394745835973,-2.2057778891440596,0.33579596526914557,-0.030051715654613186,0.4661291834714395,0.03462447288208899,-0.01619636018615255,-0.003999942053105187,0.06021729877328589,-0.0008195307461021939,-0.14523224068789647,-0.02745237282547927,0.015385044279420754,0.03707687271055123,-0.00023738271127997823
78.07807807807806,-0.2219609459904849,0.03537258293092722,-0.05055326769328532,-0.019489899292755818,0.03261338495837535,0.21176919725157123,-0.7125892533280311,0.08497452682859934,-0.16193422592268356,-2.177175738482714,0.3228334511430052,-0.03181823248210207,0.46499831269841907,0.03572211550640153,-0.016054272602114346,-0.003997927407310357,0.059362958167893456,-0.0008199817033630416,-0.14491510592115858,-0.027429071588682918,0.01510194376244271,0.03560525399296925,-0.00020441406911995158
78.1781781781782,-0.22713425475839633,0.03846401739918935,-0.050508089676103304,-0.020754439282102903,0.0325651746850946,0.22614747122767506,-0.6951510449915911,0.08286933064994755,-0.16934786017540243,-2.1483851738725988,0.3099827800289995,-0.033522668619249504,0.4638090814440341,0.03682957794616343,-0.015915666625395068,-0.003997161373954559,0.0585321260896143,-0.0008210429535653879,-0.14456283042480642,-0.027409252237673924,0.014810885036913298,0.03415099231208946,-0.00017228457802016768
78.27827827827824,-0.23293192774454577,0.041669156335849486,-0.05050306841025608,-0.02195752537840006,0.03249205854106582,0.24069105333696522,-0.6775468351132868,0.08080094294830595,-0.17623988053385597,-2.119404592205539,0.2972599360042366,-0.03517963422265878,0.4625565223007343,0.03794531455275736,-0.015781892513135297,-0.003997366227310818,0.05772310040743517,-0.0008225078263476673,-0.14417458960924212,-0.027393097640577763,0.01451409671843434,0.03271399257076662,-0.0001410187305672497
78.37837837837836,-0.23804633021848956,0.04493989372483526,-0.050546551411831696,-0.023264636465817935,0.03246100452173119,0.254832413559842,-0.6598145762443004,0.07877674894780506,-0.18272986311289635,-2.090214525957291,0.2847444501724553,-0.036733916464869766,0.46120432318080057,0.03904797405623932,-0.015649015553268208,-0.00399512601531859,0.056924073535607224,-0.0008239753893794392,-0.1437614797602493,-0.02736951808028524,0.014216651607884045,0.031285157809090046,-0.00011016408613136244
78.47847847847848,-0.24319010944307745,0.048295664071504506,-0.050639287827495716,-0.024587245257875923,0.03243540570667134,0.2688782730603963,-0.6419774992864438,0.07680191923060153,-0.18874499386774948,-2.0608331109110325,0.2723724226136145,-0.03823250106226486,0.4597896584702795,0.04015208818589592,-0.015517770777313648,-0.003992418225837166,0.056143220793105866,-0.0008258285361162441,-0.1433203923555964,-0.027345605764161108,0.013914968264799089,0.02986973226278784,-7.994408809598367e-05
78.57857857857856,-0.24842981082565632,0.05171853612403062,-0.05077076736142734,-0.025923770217878096,0.032411742611643146,0.28284355625662794,-0.6240672250874306,0.07486241756909395,-0.19432365444091437,-2.031297273222956,0.26015760623266954,-0.03968309582727848,0.4583108226797686,0.041256210100046396,-0.015390308915416867,-0.003989724339782366,0.05537776301970353,-0.0008278976344282412,-0.1428517637484047,-0.02732045343285703,0.013611336789980211,0.028467136414108824,-5.0318807488595474e-05
78.6786786786787,-0.25377758174248344,0.055222088469796614,-0.05094894956770918,-0.027274605163458338,0.0323901910295156,0.296732555030678,-0.6060590342693248,0.07296877857253725,-0.1993898683276855,-2.0015721297262408,0.24813319893868094,-0.041073645416716036,0.456778612620937,0.04235879989154628,-0.015267011634329844,-0.003987337473354802,0.05463101241130196,-0.0008301236879981095,-0.14235167372018193,-0.02729386093810628,0.013304721635910946,0.02707972121057136,-2.1515246256642878e-05
78.77877877877879,-0.2592216229921938,0.058795722499419924,-0.05117086842933992,-0.028645353940486996,0.03237045970931481,0.310577423418868,-0.5879949122974396,0.07111878417118642,-0.20397977188607502,-1.9716744588097952,0.23628116234039814,-0.04242424521790018,0.45519192868010083,0.043460052392800194,-0.01514558315698008,-0.0039840252499243195,0.05390247717272998,-0.0008325967869170853,-0.14182642494949033,-0.027267874746929915,0.0129951417718909,0.025706231523631995,6.694802158190612e-06
78.87887887887885,-0.2647847013169516,0.06241892139037029,-0.05143236277859694,-0.030044368196700883,0.03235186393470391,0.3244409913819477,-0.569888921860531,0.06930048068471464,-0.20812047212712104,-1.9416739094718654,0.22459959843814534,-0.04373689043876714,0.45355817393982256,0.044557454729992535,-0.015030684742093126,-0.003981767684743126,0.05318785357869197,-0.0008352328036598888,-0.1412774392257418,-0.027241234979543373,0.01268393700866434,0.02434537967521093,3.434824919461282e-05
78.97897897897901,-0.2704495469560734,0.06610419392927369,-0.05173729496616534,-0.03146642030347509,0.03233564445118251,0.33819039991687616,-0.5517578530545135,0.06752539187534441,-0.21178655317273587,-1.911549756694854,0.21311289431520467,-0.045013385057393024,0.45188805406067606,0.045653247258379305,-0.014920409821038053,-0.0039807346990193265,0.05249145411970798,-0.0008379918465928714,-0.1407002238966167,-0.027211411275412444,0.012371574896950613,0.0229999110653262,6.114412016631945e-05
79.07907907907905,-0.276191293979105,0.06983563915818868,-0.05207896634990766,-0.03290996354781904,0.032321618796924696,0.3517683629258472,-0.533613453060547,0.06579326526466477,-0.21507761319876365,-1.8813431390058444,0.20183871399094225,-0.046261112422468866,0.4501740171612143,0.04674719451979176,-0.014811402895720114,-0.003978706694447836,0.05181348481163833,-0.0008408547133451621,-0.1401007865835895,-0.02718145419574029,0.012058227190491967,0.02166922059427162,8.730972593530156e-05
79.1791791791792,-0.28202049219221353,0.07359823597978297,-0.05245745851440914,-0.03438089671646919,0.03230964464554106,0.3652123361150896,-0.515475413010243,0.06408820629965228,-0.2180292211789901,-1.8511308596872447,0.190756127986997,-0.04747871073425879,0.4484292507697675,0.04783816993701904,-0.01470775482455218,-0.003977647900155682,0.05115028708909306,-0.000843863633718908,-0.13948181445186567,-0.02715048824470101,0.011744265246892153,0.020351953153966953,0.00011292161145456925
79.27927927927928,-0.2879632154687286,0.07740389801368236,-0.05287597365209009,-0.03589080085521992,0.032299164486330814,0.3786278616731116,-0.49736739082315473,0.06241987764968364,-0.22051897684225863,-1.8208816883373289,0.17987913060263222,-0.048677037530366535,0.44666319030739976,0.04892506259212351,-0.014610583310463051,-0.003978709645826901,0.050504185647466004,-0.000846940384809138,-0.13884115513160894,-0.027115212941765894,0.011430754239429339,0.019050022964815984,0.0001376993439014791
79.3793793793794,-0.2939881896465381,0.081227140864988,-0.053324136461916825,-0.03743012545524927,0.032290238721868356,0.39184203753163716,-0.4792891758010588,0.060795246081318546,-0.2227120509139735,-1.790650711275779,0.16923643791730464,-0.04985695617503727,0.44486902487125873,0.05000823241190372,-0.01451647599393247,-0.0039797477459806736,0.049875287606298564,-0.0008500357520709519,-0.13818230663982245,-0.027078411715667616,0.011118587607604053,0.017762895894793535,0.00016179694488559736
79.47947947947951,-0.3000722972820379,0.08506147640024887,-0.05380420993563266,-0.038992677615972283,0.03228394597424049,0.4047632813799546,-0.46127850135217807,0.059201858927422434,-0.22467463211701758,-1.7604860936985058,0.15880994847038366,-0.05101071090608085,0.44305718247237397,0.05109077789419806,-0.014427194521928487,-0.003981956524461043,0.049262659828397545,-0.0008532302123077298,-0.13750869420308318,-0.027040077518743166,0.010806779445300101,0.01648961247282847,0.00018537811705553222
79.57957957957954,-0.30623243580128107,0.08891521966617358,-0.054319495163339705,-0.04059105994628891,0.032279486587348596,0.41742629533239556,-0.4433764994644337,0.057636498075443895,-0.22631680243752475,-1.7303804059643242,0.14860657290629478,-0.05215167714418478,0.4412359548987097,0.052168621513383154,-0.014342917096598365,-0.003985620331136338,0.048666817965805506,-0.0008564477534170129,-0.13681673677228817,-0.026997019125652656,0.010496473881383478,0.015233237117277216,0.00020811924914406686
79.6796796796797,-0.3124517271229551,0.09275829760850038,-0.05485648517503473,-0.04221890319088996,0.03227693023725748,0.4297876958623574,-0.42553658785561127,0.05611231634464268,-0.22778942155540455,-1.7004201225832354,0.13865726876318468,-0.0532737425533397,0.439405048539391,0.05324090591854049,-0.014262918384695641,-0.0039898761644939894,0.04808628656781843,-0.0008596381187945644,-0.13611078207989985,-0.02695071412182031,0.010189619622338098,0.013991596056245087,0.00023015114232838248
79.77977977977977,-0.3195894973056665,0.09667049295193296,-0.05542884233451334,-0.04377102595829874,0.03223291741896901,0.4421701592721103,-0.4076933194366009,0.054620790581823495,-0.22898689116694274,-1.6706217366881901,0.12894105534749187,-0.05439019556333537,0.43758278796414807,0.05431449184334104,-0.01419242540097845,-0.003997508965015549,0.0475305430979396,-0.0008629935447475661,-0.13538393996359122,-0.026912106242460977,0.009878765670575084,0.012772895169505133,0.00025131474477753076
79.8798798798799,-0.3263893042175636,0.10055839718288939,-0.05603395218632503,-0.045411472138035355,0.03221077138317576,0.4540365614919281,-0.38995723526674564,0.053151309527426416,-0.2300846096864284,-1.6410835959282977,0.11948311450611522,-0.055470408829123574,0.4357469238821351,0.055375310063616366,-0.014125491893674024,-0.004005185334612223,0.04698487147926001,-0.0008662041911662495,-0.13464945730383912,-0.026863533022539854,0.009573977571366854,0.011567803534029246,0.00027184008966244964
79.97997997998002,-0.33363927286504313,0.10447656537525689,-0.056655578339352884,-0.04703184290979193,0.03217020343746316,0.4656683494552752,-0.37225459914570225,0.051715038788239895,-0.23108589695923412,-1.611813386931719,0.11029119213985403,-0.056535761404795104,0.43391506126446744,0.05643079099932147,-0.014063158501287937,-0.004014101472233103,0.046456761251894886,-0.0008694158434388104,-0.13389828562561137,-0.0268155939675404,0.009271523805839387,0.010381568871491966,0.00029148851385356073
80.08008008008004,-0.34053987158758564,0.10835136406994836,-0.05731185990945743,-0.048734325464911785,0.032152157296003445,0.4767844964500877,-0.35464959604278834,0.05032121041922725,-0.2320427782866037,-1.5828412005027253,0.10136603930553505,-0.05756161671437902,0.43207832407777247,0.05747468175970867,-0.014006120240203817,-0.00402365360635664,0.04593891858599968,-0.0008723143770227515,-0.1331471905098524,-0.02675933929922215,0.00897537741572043,0.009207224307367373,0.0003107054091476606
80.18018018018019,-0.3470622653781815,0.11216702057702999,-0.05799243081517626,-0.05052083760144303,0.032156548349484816,0.4871594168551284,-0.3371835744370325,0.048951582035557634,-0.23308064279444501,-1.5542613591709538,0.0927155772275705,-0.05854151491314996,0.4302463249812519,0.0585093659697279,-0.013952536006699507,-0.00403364067230012,0.04543214711674351,-0.0008751099830007287,-0.13239461626822965,-0.026692443413372884,0.0086868999591564,0.008046737572091848,0.00032931920525740017
80.28028028028027,-0.3536236577950009,0.1159485959621173,-0.058687446027221014,-0.05234123896122979,0.03216236372598495,0.49713770808293223,-0.31980052080672344,0.047615450947846215,-0.23412162792697652,-1.5260161252230904,0.08432187882064517,-0.05949447247004717,0.4284329836802838,0.05953659892661103,-0.013903810696248613,-0.004044629646879239,0.04493773068025565,-0.000877764303094611,-0.1316378096192137,-0.026620197183771527,0.008404536884007349,0.006900437409560508,0.00034726659509709676
80.3803803803804,-0.36021995524613065,0.11970364852226076,-0.05940681216877185,-0.05420248384653925,0.03217080898244903,0.5067164139614363,-0.3025271564578323,0.04632077504911919,-0.23514079417203865,-1.4981491129340625,0.07619107844000006,-0.06041302211456414,0.4266394413154789,0.060555326105417216,-0.013861187662714432,-0.004057269324926023,0.044456759462099295,-0.0008801355690450759,-0.13087981711931404,-0.026542947770733183,0.008127441734173893,0.005769535944933055,0.000364558952741209
80.48048048048051,-0.3668618679243551,0.12342458625214585,-0.06014655683644361,-0.05610951899022325,0.03218002311334857,0.5158417986169251,-0.28536516381467913,0.045062223779790564,-0.23617782131638626,-1.4706943447674932,0.06833628164656866,-0.061289468051282395,0.4248642564287365,0.06156544095687466,-0.013825349385623131,-0.004072104470922834,0.04398927064180779,-0.0008824380581749147,-0.13011958629318288,-0.026461241389695706,0.007855560021214444,0.004655322267563388,0.0003811688065730198
80.58058058058056,-0.3735443740809914,0.1270896830966242,-0.060894019515713174,-0.05806063450072563,0.032190264417743225,0.5246706601944171,-0.26836153768388943,0.04383323662610187,-0.2371432007657983,-1.4434907200781242,0.06071348083416297,-0.062152870004410235,0.42312385982326683,0.06256810504836217,-0.013796042603376631,-0.0040887473192284555,0.04353328389197143,-0.0008845719040155752,-0.12935940576272992,-0.02637475845882839,0.007589399717284032,0.0035545943384876883,0.0003971050451898392
80.68068068068068,-0.3802498054655139,0.13071048506616337,-0.06165743134349176,-0.060058504735437654,0.03220258417027323,0.5331133025569985,-0.25149746027206954,0.0426429881387774,-0.23808576133766318,-1.4166723265731567,0.053341162097715944,-0.06298273104683946,0.42141068994564934,0.06356094078321055,-0.013771858088530564,-0.004107191389101173,0.04308948048557295,-0.0008864254381894372,-0.12860064463148163,-0.026282813907070112,0.007329400380360687,0.0024689553014428283,0.0004123712599530836
80.78078078078076,-0.38698712105869026,0.13427560120635051,-0.062427832135392734,-0.06210626170069483,0.03221582827543811,0.5412148376956705,-0.234795127626295,0.041498947211111706,-0.23898297435136304,-1.390177996720904,0.046215940364038456,-0.06378599410597025,0.41972964157930476,0.06454656801818248,-0.01375533651082679,-0.004128460854337512,0.04265857072231155,-0.0008881561591813797,-0.12784435189369386,-0.026187189902194936,0.007074693527351508,0.0013978553178362182,0.0004270319957811847
80.8808808808809,-0.39375984922148455,0.13777215964659079,-0.0632045984338104,-0.06420659679128474,0.03222978606029749,0.549092422130417,-0.21828571410284608,0.04037809000068973,-0.23974835841390138,-1.3638726221278734,0.03929021170013554,-0.06458616453167491,0.4180920466783233,0.06552469557805575,-0.013745550807310266,-0.004151565036812251,0.04223866896106198,-0.0008896924605111248,-0.12709133978821158,-0.026087555116157478,0.006825665977908566,0.00033965031401999473,0.00044101949391769116
80.98098098098102,-0.4005258142659448,0.14120467611722304,-0.06398534560726063,-0.06635095387377156,0.032245783938597464,0.5565074462975488,-0.20193740523129544,0.03929763346627385,-0.24052300896281978,-1.3379548306712121,0.03260266125076129,-0.06535421136577382,0.416493438422303,0.06649421707496146,-0.013739715609802038,-0.004176637780121017,0.04183025881504848,-0.0008909522768198735,-0.1263412605320345,-0.025982276442514995,0.006582952729117469,-0.0007034632066690363,0.00045432257728177827
81.08108108108105,-0.4073005457637879,0.14456386808324845,-0.06475970074884034,-0.06854263865235026,0.032262830130694545,0.5635871777709374,-0.18580379998987126,0.038259100908350246,-0.24122568535093863,-1.3122792092229372,0.026122360028133017,-0.06610476709610968,0.4149378431797617,0.06745669418073984,-0.013739854564039738,-0.004203675634101028,0.04143392547358796,-0.0008920533741457309,-0.12559615643136218,-0.025873541240861365,0.006346118347515921,-0.0017331104264581526,0.00046703190768555055
81.18118118118117,-0.41411490332733286,0.14784505118262642,-0.06553618398882576,-0.07079063453230222,0.03227969852226269,0.5704288820806838,-0.16989496965527298,0.03724542403530061,-0.24178254764789,-1.2867539592946433,0.01981921980685254,-0.06685378553025405,0.4134317344398018,0.0684127898668389,-0.013746085299609852,-0.004232534779690789,0.04104878385540918,-0.000892914817360326,-0.12485696775902892,-0.0257617336407149,0.0061144590967890725,-0.002750161085675392,0.0004790801653662014
81.28128128128125,-0.4209358591829756,0.15104063615717508,-0.06630455762932612,-0.07309247440012738,0.032297551638907504,0.5769325308399529,-0.15424721296138777,0.036276355644245056,-0.24222943137819777,-1.2614749451372709,0.01371879578360583,-0.0675903272836211,0.41197769258699424,0.06936233050225013,-0.013755583559632995,-0.004263296234947163,0.0406747141104993,-0.0008934837409853224,-0.12412246428895124,-0.02564572954228137,0.00588906776749543,-0.0037536510824707574,0.0004904667774543753
81.38138138138139,-0.4277745942173394,0.15414234770739735,-0.06705284550268772,-0.07545397046193236,0.03231594716391073,0.5832908343688239,-0.13891951324007262,0.03534222216938616,-0.2424443488349343,-1.2362393075414713,0.007766748763711187,-0.06833214883346703,0.4105727355895216,0.07030516072944748,-0.013769892776381812,-0.004295808216678518,0.04031208959287305,-0.0008938675415875539,-0.12339481767326362,-0.025528081655389757,0.005669049959982274,-0.004746352455473534,0.0005012967502713951
81.48148148148151,-0.43462913592722013,0.15715190807803295,-0.06779568469334507,-0.07787496211900377,0.03233487571258587,0.58948399068513,-0.12388803073475833,0.034439078512501456,-0.2424409691361335,-1.2110689579514866,0.0019581060789965934,-0.06907846640582813,0.40922322899889274,0.0712434279787861,-0.01379018393646415,-0.004330449192112161,0.03996039776270637,-0.0008939717290958853,-0.12267508130622588,-0.02540864272886114,0.00545397873252645,-0.005728363350924042,0.0005115274979059292
81.58158158158156,-0.4415056723706695,0.1600454425531725,-0.06851318106442866,-0.08036485958961495,0.03235416053405382,0.5955414278802325,-0.10923618324579087,0.03357627334797801,-0.24212988004658315,-1.185926819164162,-0.00370038932002519,-0.06985345924214043,0.40794534301363283,0.07217795629244585,-0.01381426575469582,-0.004367170712016072,0.03961959922559997,-0.0008937499272064166,-0.1219624749677082,-0.02528696610242408,0.005244204100950072,-0.006698907339917825,0.0005211161998068906
81.68168168168167,-0.44841602303298667,0.16283659820519208,-0.06920436227788909,-0.08292144297095655,0.03237300695297374,0.6015412658054724,-0.09491222501672306,0.0327377151758842,-0.2415373945865443,-1.1607539006900127,-0.009249095594163365,-0.07064408031591733,0.40672126000915065,0.0731069326549331,-0.013841759137238303,-0.004405317713685259,0.0392890679526105,-0.0008933217752625001,-0.12125885450434817,-0.025164822978286837,0.00503902544741205,-0.007660508830381498,0.0005301997588641392
81.7817817817818,-0.4553476885626006,0.16552481281600437,-0.0698766234697588,-0.08554554712936994,0.03239193935508357,0.6074228843728529,-0.08089055879088261,0.03192509188903508,-0.24068118731256308,-1.135599191369694,-0.014682926778411473,-0.0714444011469646,0.4055652929456704,0.0740324376905595,-0.01387436337492914,-0.004445193997376729,0.03896862984811273,-0.0008925901422733486,-0.12056495591409451,-0.025041261962188643,0.004839186345635637,-0.008612358715363207,0.0005386925425052264
81.88188188188188,-0.46249203318931953,0.16798902940362026,-0.07048303441894026,-0.08825226713527742,0.03240571330836343,0.613188008300805,-0.06728222670760317,0.031143912055442736,-0.23936416743344582,-1.1098016548510654,-0.01989273179998004,-0.07230831952171406,0.40450705668591247,0.07496398287834918,-0.013907109924082364,-0.00448636901697743,0.03864549902670498,-0.000891159620540001,-0.11989810120461648,-0.024911753932967812,0.004646844998148796,-0.009568507229093958,0.0005470246955556378
81.98198198198203,-0.47036058047875084,0.17007037849552104,-0.0709650177107122,-0.09107324242747286,0.03240065455393602,0.6189742436105795,-0.05390963179290044,0.03037527000822779,-0.23737613827701476,-1.0819322828015498,-0.024603954433933053,-0.0732501994958592,0.40353958164500464,0.07590614049210404,-0.013932343725244578,-0.004526964574783894,0.03828163036432403,-0.0008882007891986247,-0.11929997389964153,-0.02476479444379817,0.004469560689798131,-0.010567641039333822,0.0005563712621994906
82.08208208208205,-0.47749403641901045,0.1723386821660487,-0.07152128833355176,-0.09389271010504881,0.032415602695438625,0.6239837147220325,-0.04063512557562157,0.02971611180422855,-0.23616713023544547,-1.0567836583191141,-0.02948642219694867,-0.07403895089151818,0.4026082601718284,0.07682728335161533,-0.013974034121721175,-0.004571399428982816,0.037972812059537044,-0.0008861843415714969,-0.1186624683992326,-0.024628034450995113,0.004290771154141296,-0.011503327963649414,0.0005637165932325738
82.18218218218217,-0.4843313763699285,0.1745819127566534,-0.07207822144707013,-0.09676172862131038,0.03243880169930099,0.6286821963534542,-0.027693774534393766,0.029121740340458512,-0.23503712278472197,-1.032756313405389,-0.034390663383644944,-0.0748060883659317,0.40175092108582094,0.07774028498290726,-0.014026525683906837,-0.004619527266751251,0.03769311754615774,-0.0008843372546797987,-0.11801670586229669,-0.024495278095932556,0.0041127317855957765,-0.012406967927126316,0.0005699482144002105
82.2822822822823,-0.49121436103990135,0.1767154770927908,-0.07259959459234058,-0.09971134743831991,0.03246117723591111,0.6333663606561635,-0.015024740499334865,0.028543281058082032,-0.23367217977193047,-1.0087808407602712,-0.03920811625971925,-0.07557555891195859,0.4009505112498788,0.07864777452981414,-0.01408139501118134,-0.00466921675146659,0.03742101611259856,-0.0008822438221851362,-0.11738260281557378,-0.024362339860702104,0.0039386344124438515,-0.013303285950236712,0.000575733872588778
82.38238238238237,-0.4981190033414892,0.17873741217812064,-0.07308200596479238,-0.10273841313830925,0.03248356313415273,0.6379888799007547,-0.002618706984405707,0.027976060297166244,-0.23204150311997496,-0.9848499056737362,-0.043955288332569196,-0.07634115672141564,0.40021954818871175,0.0795493106310411,-0.014137302246679112,-0.004718734234120817,0.0371554346379241,-0.0008798082792850334,-0.11676114897653596,-0.024229324586872058,0.003770358755128065,-0.014191434596973687,0.0005810531229781859
82.48248248248252,-0.5050648249507901,0.18061208680261256,-0.07351159262163534,-0.10584994325406934,0.032505067726375306,0.6426085387651967,0.0094186824999021,0.02742404825320504,-0.23007521554855676,-0.9608964129746956,-0.048631972638198,-0.07713776822203547,0.3995709262644143,0.0804491599155335,-0.014197897350108044,-0.004770317477334943,0.036896756805900696,-0.0008769919286400873,-0.11615479795604522,-0.024095313728923606,0.0036058097702946655,-0.015072841138162513,0.0005859965163224628
82.58258258258256,-0.5120590558677988,0.18236742714641438,-0.07389923890290984,-0.1090435179754931,0.03252573602830204,0.6471898209275256,0.021185393088308704,0.026884055283172042,-0.2278918144739471,-0.9369832576072914,-0.05323643820641932,-0.07793736352502427,0.3989833383962792,0.08134458691079344,-0.014260370257718497,-0.004823472273889284,0.03664417401243515,-0.0008738935976955839,-0.11556201717491899,-0.023961306659709015,0.0034454801475190823,-0.015947987069571783,0.0005905710217894225
82.68268268268267,-0.5190895634324434,0.18399118866247846,-0.07423476979217918,-0.11232238414669253,0.03254591074162462,0.6517060712494367,0.03271429610871563,0.026341951387931294,-0.22547882157540253,-0.9131651429212859,-0.05777804236092826,-0.07872193878084895,0.39846342178115823,0.08223373304713352,-0.014321957125217324,-0.004875620560689438,0.03639650968821276,-0.0008704301016741977,-0.1149839302585546,-0.02382741866941822,0.0032904232420038803,-0.0168155252981403,0.0005947450822103224
82.78278278278279,-0.5268209144071438,0.1851572893147287,-0.0743959947118509,-0.11576616886769964,0.03254863867241808,0.6567894791430058,0.04366040777387975,0.02554478990293964,-0.22195686150762164,-0.8873626805934863,-0.06197023703758683,-0.07965459201269141,0.3980381335094189,0.08313916227709969,-0.014377402122328551,-0.0049289260444330425,0.03611663614690514,-0.0008656309436940089,-0.11445911976417941,-0.02367560120434986,0.003147619051830468,-0.017726508339176265,0.0006000239558717759
82.88288288288287,-0.5347665145528049,0.1861003393104434,-0.07447802748450309,-0.11930880018172843,0.0325469757374096,0.6618312372296803,0.05434574324099421,0.02469871417920519,-0.21816355368582147,-0.8612152620985997,-0.0659860549575436,-0.0805969466622103,0.3976827153653658,0.0840466831703098,-0.014432983826076162,-0.004983797082290203,0.035829710236096025,-0.0008602462352356504,-0.11396152117438707,-0.02351747483776969,0.003012313333341796,-0.01864484470740404,0.0006054089305663664
82.98298298298302,-0.5416681551653386,0.18738169573987568,-0.07467816710734025,-0.12277842007387943,0.03257307608089504,0.6649657711265788,0.06565398649764566,0.024345118130982633,-0.21641278040621376,-0.8391838418275887,-0.07015114595214728,-0.08116137274509887,0.39736323402765794,0.08492067148767626,-0.014506105195703006,-0.005039789194055396,0.035594536486771786,-0.0008557642764065634,-0.1134354198949453,-0.023372992376665885,0.002875269293270058,-0.019479758640137186,0.000608508491449444
83.08308308308305,-0.5486059959702414,0.18853138896227542,-0.07481650525921166,-0.12634386014468363,0.032598733610874175,0.6679994487215597,0.0767679558638168,0.024000000653215045,-0.21457248164681358,-0.817446064924704,-0.07423467650966042,-0.08169078919938466,0.3971166473141944,0.08578992789892582,-0.014584879267604742,-0.00509836004966738,0.03536179763580913,-0.0008508990544200351,-0.11292553723624137,-0.023225660739304727,0.0027427126762635716,-0.02030849566039509,0.000611383673968351
83.18318318318322,-0.5559501957652102,0.1894705125023839,-0.07488514555284262,-0.1300514486667718,0.03261560215651231,0.6710769388984125,0.08815537225457186,0.023595067392411233,-0.21271818885576227,-0.7958502224775534,-0.07798520080886098,-0.0820760974240837,0.39693214944515287,0.08665332685739345,-0.01466833028136653,-0.005159476849160988,0.035108654239864576,-0.0008452266237229566,-0.11245594408319655,-0.02306377248688626,0.0026219214990462,-0.02114910039208844,0.0006146994921613951
83.28328328328328,-0.5642694381760334,0.19007793858062688,-0.07484036763832788,-0.13399261501306942,0.03260937118708444,0.6743708141035824,0.10047765977979042,0.0229964776157434,-0.21096380074215765,-0.7742748802941264,-0.08099129919749724,-0.08213733663514002,0.3968064560231829,0.08750552723702779,-0.014752449700604135,-0.005221424139625832,0.03479881412561605,-0.0008378661365784452,-0.11206612135143916,-0.022865314308262396,0.0025249482992903494,-0.022029787250839237,0.0006195637476026619
83.38338338338338,-0.5714979681270987,0.19082312955954214,-0.07479863656926436,-0.13783820715507283,0.032631044617322115,0.6764568334629644,0.11181081377583393,0.022651579069514365,-0.209744537631601,-0.7541785942396411,-0.08455763860567582,-0.08233613010791581,0.39674406925242,0.08835455141878583,-0.014841639163616038,-0.005284062001452991,0.03455235113963809,-0.0008315784558907722,-0.11162632956193841,-0.022697458514773217,0.002414792152570731,-0.02284679061858144,0.0006222720252546868
83.48348348348351,-0.5783323381988728,0.1915230593131343,-0.07472213575709621,-0.14169838906875382,0.03266440590129122,0.6780279793673472,0.1226919831707097,0.022407038203241424,-0.20868865462393765,-0.7347590872642247,-0.08826481233395436,-0.08256553235934638,0.39673990002536585,0.08920159387111651,-0.014934394840756798,-0.005347855359517469,0.034327259383982546,-0.0008254304534220634,-0.11118244017158649,-0.022539627402229562,0.002302766456479597,-0.023640658858072858,0.0006241483336039147
83.58358358358359,-0.5852321890184997,0.1920666184848301,-0.07456521929519969,-0.1456726545626066,0.03269829921167957,0.6795214113402899,0.13330986825102353,0.02216669183866808,-0.2075459049591602,-0.7156235754766348,-0.09190141968120465,-0.08277171523197265,0.3968060208104168,0.09004770005511722,-0.015026310895456887,-0.005410876480207006,0.03410315879850677,-0.0008188802396623821,-0.11075969602004773,-0.022380371554139723,0.00219491705162282,-0.024431355403820902,0.0006259250239772808
83.68368368368371,-0.5921758500730074,0.19248645217272858,-0.07433897966266563,-0.14973978628607587,0.03273265932521842,0.6809400281613069,0.143726745996475,0.021932022960148463,-0.206350733884931,-0.6967650697305409,-0.09548064334640971,-0.08294077843781938,0.3969384244405806,0.09089171969411416,-0.01512123504715448,-0.005474973813309187,0.03387931406437147,-0.0008120289829781175,-0.11035341022391772,-0.02221967821942003,0.0020910386214834206,-0.025218211755836238,0.0006276555574357251
83.78378378378383,-0.5991553257575977,0.19279052853959394,-0.0740541403534293,-0.15390036081245181,0.032767968198468445,0.6822691208364036,0.15395099494543346,0.021708547994993846,-0.20510037768975362,-0.6781862645828363,-0.09901729658050178,-0.08308942184951701,0.3971181075344039,0.0917350367352194,-0.015219376679491489,-0.005540318266018614,0.033656108853227715,-0.0008048603452119306,-0.10996336184082844,-0.02205855523916824,0.0019901468230846954,-0.026001763179745906,0.0006292861215058158
83.88388388388387,-0.6062328288268741,0.1929487650751455,-0.0736852238994826,-0.1581939938133321,0.03280336313658726,0.6835338042732196,0.16392260628099803,0.021487455206751112,-0.20377347406392418,-0.6599454013117874,-0.10249740080560836,-0.08320571725859081,0.39736238492235076,0.09257826944723771,-0.015317661104050936,-0.005605477020752337,0.03343366741432334,-0.0007973507554005971,-0.10959198224083207,-0.021895801544012536,0.0018929942799404055,-0.026781997592134427,0.0006308838772279036
83.983983983984,-0.6133454923066649,0.19298328960841693,-0.07324334646528505,-0.16258079795578909,0.03284039934162942,0.6846965477769565,0.17372150038925266,0.021267232503787255,-0.2024526362807133,-0.6420533082271107,-0.10592078943237808,-0.08327211030264713,0.39766813108932786,0.09342064782975716,-0.01541803696158659,-0.005670757868719966,0.03321072747932968,-0.0007895657708795252,-0.1092371033024038,-0.021731442619536405,0.001799802670280649,-0.027558720582744934,0.0006324975438222527
84.08408408408408,-0.620531143681284,0.19291340792499362,-0.07274149441095817,-0.16707500628849306,0.03287745784535569,0.6857882290646647,0.1833540946225704,0.021045179369423447,-0.20109428504491475,-0.6244842798847332,-0.10930502986696836,-0.08330932095672886,0.39800755609925287,0.09426208171138313,-0.015521118537805575,-0.005736589105474557,0.03298739205768382,-0.0007814721083847885,-0.10889578879428452,-0.02156592342609532,0.0017091971297535959,-0.02833220276055794,0.0006340638083909154
84.1841841841842,-0.627818404660317,0.1927025866754954,-0.07215298061802458,-0.17170209072690013,0.03291519082887403,0.6867927211292939,0.19276714990396598,0.0208197504919608,-0.19971594406459986,-0.6073275766957609,-0.11263748377868066,-0.08330415773509137,0.39839624630019366,0.09510433527581717,-0.015624458864553579,-0.005802014385702346,0.03276391667104222,-0.0007730818445752732,-0.10857105451054146,-0.021399364940668304,0.0016216082631457685,-0.0291025482865999,0.0006357243314280479
84.28428428428433,-0.6351939962950142,0.19236929518634183,-0.07148810430083512,-0.17644256127234398,0.03295372256196323,0.6877377638503496,0.2019909798886475,0.020588682253206127,-0.19833601466508172,-0.5905353090240644,-0.1159214665172196,-0.08324446643549104,0.398840211129048,0.09594640622708021,-0.015729704998553203,-0.005867015995498838,0.03253987600014185,-0.0007644506975780224,-0.10826143233414032,-0.02123086870984352,0.0015377289566549264,-0.029869385235181282,0.0006374293034150781
84.38438438438436,-0.6426155520381488,0.19194792173265823,-0.07076747729495103,-0.18129067183556932,0.032993441932571074,0.6886519259649837,0.21106200781365675,0.02034550193340446,-0.1969093693379067,-0.5740730918339323,-0.11917634970515005,-0.08314820590258505,0.39930605814971487,0.09678655004658979,-0.01583719946060129,-0.005931965829598592,0.032314247845931524,-0.0007555385317548701,-0.10796316593035224,-0.021060169550032544,0.0014562678976875558,-0.030633666386242812,0.0006391809581597476
84.4844844844845,-0.6501482441541666,0.19139312798297894,-0.0699619042911208,-0.1862783155623266,0.033034092000375374,0.6895722220023931,0.219863932656777,0.020094323214248623,-0.19539436681512995,-0.5579476523552602,-0.12240726771042498,-0.08302142536431552,0.3998098826136474,0.09762864227969786,-0.015946406152995734,-0.005996970383945933,0.03208817145119422,-0.0007463736390084954,-0.10767906218512462,-0.020889798943929134,0.0013762235949237231,-0.031396280765078166,0.0006411221243854688
84.58458458458458,-0.6577935810675988,0.19072483648714733,-0.06907887458985568,-0.191392552593412,0.03307578104123311,0.6905327772100551,0.22845049793241112,0.01983599799002281,-0.1938007109176621,-0.5421282784655578,-0.12561449880441117,-0.08283649122168571,0.4003608751047336,0.09847065377581883,-0.01605827499346625,-0.006061171817090182,0.03186130492618878,-0.0007369939078750294,-0.10740734936899143,-0.020717405850433936,0.0012992600489845282,-0.032155433558384974,0.000643139726451507
84.6846846846847,-0.6654763096202887,0.1899787842042218,-0.06814210298152214,-0.19661431577432154,0.03311927087368392,0.6914975636739109,0.2368622952269163,0.019568569643363128,-0.19212951841726217,-0.5265940487596652,-0.12879945751679406,-0.08261337621071199,0.4009289517087179,0.09931213583905554,-0.0161725147369845,-0.006125099086073787,0.031632893529321235,-0.0007273960067515452,-0.10714370895056113,-0.020542713559843124,0.001224074522474187,-0.03291264141865002,0.0006452963964853932
84.78478478478482,-0.6731666307593706,0.18911378589815206,-0.06712744770527299,-0.2019543293563098,0.033167639863490396,0.6925291514347435,0.24493503996782953,0.019295281262819423,-0.19030029840635787,-0.5113052419202538,-0.1319875562832223,-0.08237351263758991,0.40152727972418434,0.10015581106422453,-0.016290548812304732,-0.006189651827639536,0.03140305213958041,-0.0007175838574141955,-0.1068924309366543,-0.020369001556099796,0.001149360328120634,-0.03367052671562688,0.0006477017360453409
84.88488488488485,-0.6809092309811348,0.1881512000816245,-0.06603987461238028,-0.20740602279284376,0.03321939934795932,0.6936457490702012,0.2527535932540702,0.0190223575306767,-0.1883405182612835,-0.4962634888828368,-0.1351733661133434,-0.08208208705196433,0.4021605355058255,0.10099952802188564,-0.016411608831323393,-0.0062533844927985995,0.03117204459057507,-0.0007075943722883657,-0.10665074208064415,-0.020193064007792517,0.0010767324059612175,-0.03442612361801218,0.0006502991677933038
84.984984984985,-0.6887823923344787,0.1871044685670117,-0.06489493460297314,-0.21299795834196544,0.03327064389056423,0.6949531597848927,0.2602993951214979,0.01873590865682029,-0.18615575821612768,-0.4813665788212175,-0.13835545306331606,-0.0817753635898136,0.4028140996676588,0.10184435299142472,-0.016536962824047725,-0.0063174747275417205,0.03094075086144918,-0.0006975024806488118,-0.10641606821695301,-0.02001583578078083,0.001005191059168935,-0.03518066809118274,0.0006531106100190488
85.08508508508507,-0.6968178574421461,0.1859554077523165,-0.06368290752912308,-0.21874377707541295,0.03332124096715056,0.6964443124159552,0.2674674265760115,0.018459531061024836,-0.1837514778224509,-0.46664907399738437,-0.14153283168810252,-0.08146350161753704,0.40349838660815845,0.10269292768984953,-0.016669114466878184,-0.006382991657734415,0.030709202687653158,-0.000687270309312517,-0.10619189542197396,-0.019838683899909997,0.0009339255079034877,-0.035934712507186745,0.0006561352912833242
85.1851851851852,-0.7050148764896177,0.18472792884394176,-0.06240469129132757,-0.22463326696357103,0.033370984212553224,0.6980995294736541,0.2743181503514608,0.018203369057966226,-0.18116826507732436,-0.4521525176114302,-0.14471473421241304,-0.08110926988068964,0.4042098004912725,0.10354418432345443,-0.016805539573597553,-0.006448082330611972,0.03047772424398939,-0.0006769296968673459,-0.10597614406267301,-0.019659008785766346,0.0008640179670581245,-0.03668604795097184,0.0006594304807142767
85.28528528528531,-0.7133580123919159,0.1834023802002623,-0.06106664152423126,-0.23067567908393452,0.03342068007961914,0.7000874457255556,0.2808876713190587,0.017755725147427882,-0.17822813384250222,-0.4376476717429121,-0.1479057812927299,-0.0807500478686757,0.4049131068545232,0.10438611359193128,-0.01693694507516495,-0.006508326599015529,0.030243830444952956,-0.0006664255105172238,-0.10576207669700448,-0.019479674985481383,0.0007943953808522933,-0.03743691853463772,0.0006629992238824097
85.38538538538536,-0.7218450252941006,0.18209060620697448,-0.05970360117997575,-0.23685537571576254,0.03346938002610518,0.7022129488294956,0.28651718269179344,0.01827211430929676,-0.17525796341027353,-0.4235819074198478,-0.151085747636212,-0.08042545750771798,0.40581764750329674,0.10529053107065081,-0.01713478510939743,-0.0066004455446578,0.030024182676810552,-0.0006567159059162618,-0.10558763211247628,-0.019296434332378525,0.0007273373368068287,-0.03819167823614479,0.0006668750537001481
85.4854854854855,-0.7305456415478512,0.1807631652214296,-0.058295498722831796,-0.2431920245644749,0.03351558315800509,0.7046419834332714,0.2913193088304694,0.019438451616691194,-0.17209310870090186,-0.4097848979291897,-0.154303738920491,-0.08012079097076391,0.4068613533434826,0.10623888470003222,-0.017377391566716225,-0.006713031563461355,0.029815460926554044,-0.0006475688895366353,-0.10544233994255821,-0.019111303952343946,0.0006613348207921514,-0.03894820536670581,0.0006711415764031133
85.58558558558556,-0.7394801907004942,0.1792554491488411,-0.05680351629214746,-0.24971464951862926,0.03355917338658477,0.7075834667196246,0.2962262482609127,0.01946010789828203,-0.16832451940049667,-0.39562605092802333,-0.15752266338634452,-0.07978071016772405,0.4077308590702219,0.10711976089492255,-0.017556004603023555,-0.006789899959724491,0.029590326356147466,-0.0006373873755481338,-0.10527089976616082,-0.018930641661541396,0.0005924615817439385,-0.03970049173464607,0.0006756680561184563
85.6856856856857,-0.7486518451158688,0.17761628852953934,-0.05524218580245286,-0.2563795192494415,0.03359932923515474,0.7107036792467236,0.3010188945364421,0.018975914298239974,-0.16435425715370372,-0.3813195142908718,-0.16067693360536278,-0.07938874454941992,0.40852650009197794,0.10797061733298145,-0.01770655601286491,-0.006848737313672158,0.02935221904580112,-0.0006266011879979163,-0.10509853553862565,-0.01874317321339186,0.0005258196313421025,-0.04045454370264066,0.0006806235386150657
85.78578578578583,-0.7580779690904256,0.1758789381346049,-0.05361615014684915,-0.26320217125025025,0.03363587375574209,0.7141592163497111,0.3054169492113977,0.018289610033243125,-0.16007068232661617,-0.366923851677669,-0.16383701480253351,-0.07898233956233541,0.40930284627081537,0.10881179053265236,-0.017848969863250658,-0.006900070158394912,0.02910862180355609,-0.0006155642761221262,-0.10493177765856265,-0.018552135439428956,0.00045975081166130667,-0.04120975518720922,0.0006860428538174162
85.88588588588591,-0.7676942516529873,0.17414420112275375,-0.051973651236413496,-0.2702325364401692,0.03367024228506106,0.7182217582081651,0.3088659450459337,0.01790543168085783,-0.15532218005857443,-0.35287094148969683,-0.16704234575266413,-0.0786944033549505,0.41018059531276885,0.1096783331698717,-0.01802206456149982,-0.006965695560870275,0.028880584936875793,-0.0006050209471717915,-0.10477978690651261,-0.018373109020231343,0.0003885611302513244,-0.04195914782384862,0.0006915516646858296
85.98598598598599,-0.7774828371847191,0.17236550088059827,-0.05030056896064196,-0.27739407806611954,0.03370175418436415,0.7225173512817671,0.3119238362534563,0.01730245398798086,-0.1503514909240777,-0.33856392981648153,-0.17025917922084166,-0.07841702224646949,0.4110333087128721,0.11052981313680306,-0.018187276104391876,-0.007023211386234465,0.0286453621990659,-0.0005942508731504253,-0.10463069954155228,-0.018188900543181896,0.0003177030441283469,-0.0427101277565661,0.0006974124434270873
86.08608608608607,-0.7875471504043352,0.1705765466590062,-0.04861015793570888,-0.28468053330130155,0.03372769150906428,0.726779060045996,0.315316622471887,0.016586558044854326,-0.14518028047607595,-0.32395721520309795,-0.17335377134615165,-0.07793012998707205,0.4118243814582992,0.11137701181914395,-0.01832830254789504,-0.00706566540484274,0.028397330837105612,-0.0005829779913456595,-0.10448605474602472,-0.017987455145967272,0.0002524960852913757,-0.04346591241355742,0.0007039650949188655
86.18618618618619,-0.7978285790432719,0.16866539025091704,-0.0468702725442519,-0.2921203182157864,0.03375148995024539,0.7308216855715022,0.31796982032827853,0.016087526952771578,-0.1402268243031955,-0.3101076300555311,-0.17619749556498931,-0.07750293093481986,0.41269985196842107,0.11225803419363449,-0.018480076719778065,-0.007116109147036235,0.028159462728271523,-0.0005720276207037003,-0.10438003386772692,-0.017777129231682225,0.00019582542620234198,-0.04422095980257721,0.0007111054322419142
86.28628628628634,-0.8081761947916298,0.16680325303165328,-0.04513431598301111,-0.2997246611992598,0.0337753416090317,0.7352322066238469,0.3197157742992466,0.015548798381808327,-0.13532570277592107,-0.297146040816031,-0.17906163450708074,-0.07719998609598197,0.41362677099795253,0.11313785646054089,-0.01865476002218832,-0.007172359160253291,0.027930181469164223,-0.0005614123820629127,-0.10428062877424124,-0.017581019201587868,0.00013185868613922389,-0.04496682154504641,0.0007181456388689097
86.3863863863864,-0.8185943712515232,0.16494484912632418,-0.04338644845246378,-0.3074865006927806,0.033798933859249494,0.7402889500736627,0.32023180683785213,0.014964886749528875,-0.13011345867291058,-0.28445615961602905,-0.18204481055126692,-0.07707626252844353,0.414619132904928,0.114013076210883,-0.018854972694017032,-0.007235298956182479,0.027707172587010814,-0.0005510647141868518,-0.1041871135302788,-0.017397996127236783,6.0353661114487255e-05,-0.04570709108424012,0.0007253223571695054
86.48648648648648,-0.8291339702050543,0.163062528661295,-0.04162445325743698,-0.3154100241171755,0.033821524490499286,0.7457459050690395,0.31979506987046535,0.014332727287189623,-0.12467961364971689,-0.27188944104016244,-0.18504757283280654,-0.07704165139088044,0.41565476934578455,0.11488978681625035,-0.019069170523648413,-0.007300701484038224,0.02748544360689248,-0.0005408363939915396,-0.10410886316883891,-0.01721605703362871,-1.3187033121240394e-05,-0.0464470912084798,0.0007329034584918386
86.58658658658656,-0.8398365343065108,0.16121447697326047,-0.03987527762366126,-0.323461022022029,0.03383950255736877,0.7514026515856204,0.3189895536658941,0.013700433207118326,-0.11909966278384787,-0.2594404789296457,-0.18798470858346975,-0.07699937019030026,0.41670552197765237,0.11577220422995207,-0.01928694759827925,-0.007363764206968213,0.02726401231639784,-0.0005306444172014268,-0.10404104697110299,-0.017030673980723582,-8.640158208708706e-05,-0.047186880063595,0.0007408570378575603
86.6866866866867,-0.8506970483112349,0.1593936224960583,-0.03813216698400575,-0.33164941830757244,0.033852657448899925,0.7573619176755647,0.3175240821347763,0.013100963911261976,-0.11335424455392977,-0.24712147093024844,-0.19087187942201722,-0.07698059667506414,0.4178000010678463,0.11666057747003222,-0.019516549747179857,-0.0074272203415943205,0.027045557151251315,-0.0005205505660137729,-0.1039849607782698,-0.016844289705516706,-0.00016003747034814658,-0.04792495892174824,0.0007492378098011552
86.78678678678683,-0.8616628051163353,0.15758843450894852,-0.0364057132697793,-0.3399859655514274,0.03386408004464146,0.7635767786066461,0.31527628206015257,0.012459987617632427,-0.1074984042556673,-0.23510526641371823,-0.19372493560804763,-0.07699558536300559,0.4189284829516959,0.11754749212403463,-0.0197563544013784,-0.007491032561617128,0.02682689233219701,-0.000510552525101587,-0.10394343382979251,-0.016656190881018943,-0.00023511162707627874,-0.0486586326454015,0.0007579197989913646
86.88688688688691,-0.872816747055678,0.1558365150454637,-0.034705205245445306,-0.3484427224039695,0.033868437962925185,0.7698320397895865,0.31275421596884523,0.011858875613748618,-0.1017184168355546,-0.223340157322786,-0.1964452957893717,-0.07696599986053658,0.4200690535379282,0.11844728547011907,-0.020002874660253637,-0.007550959076532288,0.026610712434295726,-0.0005005904668786549,-0.10391401896187669,-0.016462298115522564,-0.0003089878693748833,-0.049391299520922145,0.0007670283507928185
86.98698698698698,-0.8842465569997454,0.15422675745352457,-0.033057297727025495,-0.3570242995860899,0.03386321543266705,0.7752247581573696,0.3099814464727771,0.012378937855179024,-0.0970669896139083,-0.21278365528698612,-0.1987279480552388,-0.07672486565378055,0.42139313660124167,0.11944027643528035,-0.020312422115910517,-0.007630221940563013,0.02641607256936735,-0.0004913350598471573,-0.10393472908419629,-0.01624797291175541,-0.0003724971948748171,-0.05012491905867197,0.0007769369159072674
87.08708708708706,-0.8960486482474108,0.15279318026316988,-0.03148830849448415,-0.36581603324423667,0.03384631437475068,0.7811105539475616,0.3057169318107936,0.014388899975580838,-0.09220680243053991,-0.2024674481711687,-0.2009422168438837,-0.07653089489229331,0.42302606683686095,0.12053088606958151,-0.020726595771999458,-0.0077563431432775675,0.026246913415650986,-0.0004835409341329781,-0.10401248480452455,-0.01602181874968635,-0.0004333049285783798,-0.05086152479491699,0.0007873056496347791
87.18718718718719,-0.9079126860324142,0.15138463415969494,-0.02993833526212481,-0.3747337165387851,0.03382433857846212,0.7873810615488934,0.30130292266632386,0.015190996798366458,-0.08711222206356237,-0.192452349759844,-0.20319355704036704,-0.07637853836410273,0.42448236873618744,0.12153315679696279,-0.021079409621335855,-0.007849334207012065,0.026059352453435124,-0.00047491766907876233,-0.10406248318624647,-0.01580526464153844,-0.0005004794323754936,-0.051579356452063366,0.0007975190775920376
87.28728728728733,-0.9198401572846487,0.15001853478019664,-0.02841506484367229,-0.3837467824769842,0.03379593924556005,0.7933309566787522,0.2968275138781795,0.015510102769100514,-0.08255355900786979,-0.18336774016131313,-0.2052159442171953,-0.07613108073626862,0.4258813551411995,0.12250682340873058,-0.021409857227195666,-0.00792363679466136,0.025867362522297592,-0.00046584162131885567,-0.10410904554513481,-0.015582532439464036,-0.0005661218859127308,-0.05228131140825966,0.0008079781028942455
87.3873873873874,-0.9320333613781229,0.1487381689393236,-0.026946317924662004,-0.39292219011562246,0.03375660169721154,0.7992475833615651,0.2923543743723516,0.015562508698565774,-0.07818196269319783,-0.17470139797902057,-0.20700819658423786,-0.0757502764216019,0.4272398274355199,0.12347029316429566,-0.02173136048594623,-0.007981401611465582,0.02567302128527424,-0.00045654060705888934,-0.10415682738105785,-0.015349486623326896,-0.0006308199339425284,-0.05297311152439963,0.000818738713244848
87.48748748748748,-0.9443464080533154,0.14754551361191343,-0.02552635306201026,-0.40215660793055025,0.0337081559891749,0.8040599619393269,0.2874851152439181,0.01622768977784047,-0.07512444454547698,-0.16750130978698025,-0.20834760659035317,-0.07523532731382779,0.4287320594986747,0.124480436542922,-0.02208884381298378,-0.008051508528114624,0.025479891504613113,-0.0004474982950996258,-0.10425363298802488,-0.015086474259082647,-0.0006861667618591362,-0.05366399221559626,0.0008300408652591806
87.58758758758755,-0.9568433118463346,0.14648424005153488,-0.02417036966812967,-0.411568853539667,0.03364768496418501,0.8104532840902683,0.28211836858186773,0.016244723364655666,-0.07059902615240495,-0.15927066830350436,-0.20993318855553095,-0.0748092819179779,0.4301573318716939,0.12542769324773675,-0.022427972941178147,-0.008110864527764638,0.025277222619406254,-0.00043818899119472146,-0.10432437987081825,-0.014834058175637526,-0.0007489716234002434,-0.05434383414464938,0.0008413789202605694
87.6876876876877,-0.9695655681908631,0.1456677577577084,-0.022927629248132353,-0.42118240134227297,0.033574474933636245,0.8182087572674949,0.27648356638294735,0.015934091064814415,-0.06482044986451171,-0.1502769896034364,-0.21174703385472307,-0.0744324168841046,0.4315224059123245,0.12634054476671347,-0.022765928810760956,-0.008160428093229994,0.0250793162960544,-0.0004290657376084025,-0.10436764674358509,-0.014593557587320444,-0.000818517287455521,-0.05500744718363779,0.0008526225388558569
87.78778778778782,-0.9824957651864216,0.1450105683314972,-0.021756635764958364,-0.4309238682057697,0.03348875184690222,0.8261098571005159,0.27067052700279925,0.015753404698445977,-0.05902038596214017,-0.14154376988217715,-0.21343862984493395,-0.07398203512224251,0.4329115378814672,0.1272585875514207,-0.02311738631686532,-0.00820922519119536,0.024884648970037764,-0.000420105786599551,-0.10441853176227356,-0.014341827963390008,-0.0008849916928264836,-0.055663271930269875,0.0008641391667818211
87.8878878878879,-0.9956322367751799,0.14450594299033512,-0.02066719103966668,-0.4408002457000789,0.03338758864963827,0.8345065115115012,0.2646996798407074,0.015451928258576835,-0.052878555724970744,-0.13271872659857292,-0.21507882033668008,-0.07348582661751454,0.43428888047868314,0.12816293242151547,-0.02347422061057463,-0.008254547640848629,0.02468929581240793,-0.00041113879750729313,-0.10446541733811565,-0.014083280225819627,-0.0009508049005437589,-0.0563097766474175,0.0008759248123455018
87.98798798798798,-1.009034109500972,0.14416851546618564,-0.019678944144935935,-0.45083532047279845,0.033269753658421095,0.8432934291949442,0.25870537187172993,0.014963633827009298,-0.046492672461103834,-0.12391271095661542,-0.21664563468766632,-0.07293380177997763,0.4356362547575007,0.12904913986327968,-0.023831015982395315,-0.008291187323929724,0.02449221585254387,-0.00040211972337912623,-0.1045071402632515,-0.013816244703446404,-0.0010163209977239501,-0.056944776254262496,0.0008878404248210105
88.08808808808806,-1.0238487720443994,0.14433138568249454,-0.01887050149168585,-0.4612491707316549,0.03310870579603403,0.8524876940963951,0.25629218747263066,0.01541945895692065,-0.04015224386349176,-0.11550358795093296,-0.21743644105277263,-0.07139869926601014,0.4369594267627733,0.12996903832956874,-0.024192570085387135,-0.008323734833606811,0.02423119726767271,-0.0003925231536713084,-0.10466782170994575,-0.013442234718278217,-0.001024524066525038,-0.05761759355233579,0.0009024102040298014
88.18818818818819,-1.0401050851716198,0.14471965653923646,-0.01818434727342833,-0.47212155172078096,0.03290119136745635,0.8642709145826435,0.2548001123587195,0.01645749426010549,-0.031792738898383605,-0.10509860600490675,-0.21810900763899221,-0.06970675879125413,0.438385391033819,0.130932261906806,-0.024566598306416436,-0.00835817692123984,0.02394407961936345,-0.00038266735173313134,-0.104934232779393,-0.013030827999628911,-0.0010092162039195027,-0.05833539736350472,0.000918978358269206
88.28828828828833,-1.0550841286840908,0.14524328007062395,-0.017592897024040037,-0.48271577622892964,0.03270942272730938,0.8739820131730214,0.2517685952225593,0.017572905829338688,-0.025059308775809273,-0.0966477651963075,-0.21888094684688464,-0.06810760862576393,0.4398240727603291,0.13186998474410433,-0.024977318608478523,-0.008400663441050674,0.023698373704758198,-0.00037358904101105275,-0.10509580854782175,-0.012642089035768325,-0.0010170101681748899,-0.0589800311690877,0.0009336087240462327
88.38838838838839,-1.0702968665056596,0.14595500965208616,-0.01710779943048787,-0.4934023587757991,0.03249888219690872,0.8821761673098625,0.251363495522663,0.01754272827078625,-0.01983885361636565,-0.09001614345325906,-0.21895316559038958,-0.06574922730401606,0.44093943488464216,0.13272109572450566,-0.025314866418389054,-0.008394376612792534,0.02341193265181824,-0.0003630984187564153,-0.10521635972397725,-0.012197774125148749,-0.0010055530523134543,-0.05959787086251177,0.0009486230382099373
88.48848848848853,-1.084680575458046,0.14678072872586995,-0.016703798306239876,-0.5040092400172353,0.03228797117249358,0.8899403082985999,0.24741099836904587,0.017689138917937684,-0.014671048269717685,-0.08330271782718451,-0.21945163053383276,-0.06421735827381014,0.4422267010841159,0.13359969120120516,-0.025677453046701215,-0.008395701220791554,0.023210278403094413,-0.00035375576049356003,-0.1052576270914003,-0.011845185037981692,-0.001046744967191285,-0.06016002720800743,0.0009612682594721271
88.58858858858855,-1.0990852286809838,0.147759120229552,-0.01639705085293599,-0.5147377310121777,0.032064114558337665,0.8987002816025689,0.24221498298803837,0.01796735848965717,-0.008886795826853523,-0.0765349819235556,-0.22024317738073645,-0.06295090472949952,0.443612219061964,0.13446037192776222,-0.026081447944135683,-0.008409611927877021,0.023025121393892033,-0.0003450655763895118,-0.10530442579167568,-0.011507043741872426,-0.0010936833058707708,-0.06069992951734887,0.0009735383170579997
88.68868868868869,-1.1138440119986386,0.14871644195227923,-0.016135328757982067,-0.5256795559732498,0.031818529052242486,0.909511905335943,0.2357883241146653,0.017794964636548297,-0.0013913682424232688,-0.06813247796591275,-0.22129804623100036,-0.06200930238893314,0.44503382058926116,0.1352940281654949,-0.026511313322605524,-0.00843023944970352,0.022840392682663524,-0.0003364909526255837,-0.10533328580643464,-0.011176356561617026,-0.0011472266078093262,-0.061246416344268764,0.0009862530223411772
88.78878878878882,-1.128567346158555,0.14993842216834197,-0.016012456619641895,-0.5366709698001964,0.03155645368934625,0.920350478074068,0.22964145698433316,0.01759236490281199,0.006046144217371948,-0.060022319438885585,-0.2222324683030703,-0.06096245620614271,0.44644284560490444,0.13611521754705377,-0.026942971506951064,-0.008444269545386188,0.022657422744947982,-0.0003279056098864696,-0.10536703307621562,-0.010836638414571489,-0.0011983569269946104,-0.061777043606728574,0.0009989359510837643
88.88888888888889,-1.143069790615933,0.1512693290322395,-0.015981094494034877,-0.547649319586512,0.03128633662792739,0.9305023069203557,0.22296461676412896,0.017298203589355205,0.012410360474591172,-0.053360139673928685,-0.22288408526751619,-0.06002359230078026,0.44794297196418736,0.13692820578770654,-0.027393018674172015,-0.008459149548594457,0.022481184466092086,-0.0003194809384747685,-0.10545014040943546,-0.010491666586049022,-0.0012475435646419552,-0.06229064369073532,0.0010114356854115827
88.98898898898902,-1.1574924140312797,0.15280301299865612,-0.016059279154942378,-0.5586715675585112,0.0310003521520119,0.9411627572192718,0.21630548994388593,0.01690613331404139,0.01908688778176554,-0.04669451204666021,-0.22356498101883387,-0.059044004421631636,0.44943757023145203,0.13772158589476607,-0.027850977659571053,-0.00847166252193766,0.02230914967225076,-0.00031116374979020783,-0.1055208801343512,-0.010144466230993524,-0.0012984501478764292,-0.06278694076426879,0.0010237862850393125
89.08908908908907,-1.1717746641653182,0.15464109430502912,-0.016291200355277997,-0.5697031343418355,0.030697318691231622,0.9513853019725568,0.21034438297171162,0.016618669032187484,0.025352272034241063,-0.040670180257369105,-0.2240430956133502,-0.05781746154230118,0.45088462606163954,0.13851275967572577,-0.028306053682316458,-0.008476894238379535,0.022141436971314304,-0.0003029446082833196,-0.10558643513603619,-0.009784331314605335,-0.0013450089611946867,-0.06325999228482702,0.0010359535621178217
89.18918918918918,-1.1860340891230714,0.15662613826361874,-0.016626931072357926,-0.5807581780433453,0.03037855212066471,0.961286224623446,0.20470642755337645,0.01637060477703179,0.031263356794139927,-0.0350865434046217,-0.22430410929380465,-0.05649293380407104,0.4523242189040597,0.1393055028283025,-0.028760488900924325,-0.008477705070718362,0.021975117396891626,-0.00029469003217974624,-0.10565907487003501,-0.009413500832586217,-0.0013873018790598554,-0.06372105927335381,0.0010481508446523319
89.28928928928931,-1.2001166614094854,0.1587510568004038,-0.01706363491464926,-0.5917678972383005,0.03004368885986618,0.9705771370654619,0.19954847475690357,0.016243922560066626,0.036648781314201434,-0.030054665023101074,-0.22430133550765827,-0.05502641518185122,0.4537503331226814,0.14010295346173507,-0.02921394346561502,-0.008474042052944965,0.021808790603601174,-0.00028636825001744816,-0.1057422732701542,-0.009027380437417116,-0.0014224545850569567,-0.06417071306932212,0.001060373892936913
89.38938938938938,-1.2144129361657987,0.1609327537850594,-0.017582737557035585,-0.6029273656106021,0.02968534309489281,0.9817626808935362,0.19305980784692617,0.015902467691785126,0.04338201860793532,-0.023939231722782554,-0.22458443967144684,-0.05392801346829038,0.45526702216232434,0.14086596181187433,-0.029699952933614705,-0.008477256978698156,0.021639702738330973,-0.0002780814390911802,-0.10583886729895116,-0.008647340888890609,-0.0014627875137669956,-0.06461759236698923,0.001072718702280363
89.48948948948953,-1.228392863638674,0.163241585395925,-0.018197844616301827,-0.6140391477394642,0.029317191300963236,0.9928325268330813,0.18645036472790508,0.015497216504386041,0.04983834010648748,-0.01827539398965406,-0.22477651891248804,-0.05284987845532384,0.4567857103810133,0.14161175346984928,-0.030192920186489235,-0.008479087137457018,0.021472680239702557,-0.0002697927242668709,-0.10593769175228021,-0.008268287638819904,-0.001503192908884621,-0.06504780514138167,0.0010848956520178661
89.58958958958956,-1.2420032761409356,0.165665348273793,-0.018910073059794148,-0.6250598859743993,0.028934964275708124,1.0031733932844287,0.1800523389324643,0.01506300003636358,0.05548109352891478,-0.013604337091332028,-0.22473612979142393,-0.05168347013581228,0.45827828717893493,0.14234075541032282,-0.030688784910690752,-0.00847828989882656,0.021311241979895,-0.0002615998215853567,-0.10603640206098101,-0.007888601443978205,-0.0015418125360201662,-0.0654512969204736,0.0010966526980519162
89.68968968968967,-1.25553481168675,0.16819733530526168,-0.01971688248702673,-0.636086868891611,0.02853221615364282,1.0135196196619352,0.17362702105453773,0.01459436788325984,0.06089960698049318,-0.009325245765463728,-0.2245459521728567,-0.05050067999787172,0.4597622334007692,0.14305532932723383,-0.031192505284818546,-0.008476904039314585,0.021151897651860506,-0.0002534778700799347,-0.1061423923493074,-0.007504250163560586,-0.0015776147730870906,-0.06583534927471181,0.00110819800262482
89.78978978978981,-1.2689515443278148,0.1708151184489915,-0.020609807702925403,-0.6471089055895234,0.028111681985706533,1.0236800111421667,0.16722329465327515,0.014116986708781767,0.06601720206374047,-0.005471056006549005,-0.22419711407438894,-0.049309157197044665,0.4612350478292327,0.1437623536973011,-0.03169783579575576,-0.008473007159632404,0.020993591890506754,-0.0002452901119427057,-0.10625688234587075,-0.00711718153582812,-0.001610543965182045,-0.06620537146062377,0.00111963050570956
89.88988988988989,-1.282274026997501,0.1734345607530324,-0.02156929520242259,-0.6581241115176282,0.027672158085892205,1.0336990630877732,0.16074520501816456,0.013479727418224568,0.07084725007676186,-0.0020363180572652677,-0.2236847093762877,-0.048131306632999235,0.4626824441944155,0.1444490911806545,-0.03220423121888531,-0.008466363672508416,0.0208373790416932,-0.00023706342754400668,-0.10637414712420697,-0.006728800424828441,-0.0016417371846565543,-0.06655696769621094,0.0011307694129974138
89.98998998999002,-1.2955813642298097,0.1761427597268844,-0.022612085164378595,-0.6691478576472804,0.027208742897622883,1.0435684801090421,0.15440980976312943,0.012938912722258824,0.07537885492430935,0.0010313399954592268,-0.22299813428558815,-0.04690692662394016,0.46412392234970606,0.14512980034700443,-0.03271804593454129,-0.0084605645324326,0.02068334550580377,-0.0002289184877970432,-0.10650115310870864,-0.00633467888511321,-0.0016678932314852738,-0.06688772783778768,0.0011416594408285223
90.0900900900901,-1.3088228647358855,0.17895138234082708,-0.023746260661583054,-0.6801459407975944,0.026722641842317367,1.0530195183592697,0.14841929957417066,0.01307112220245608,0.07951207821442063,0.0037689379539036652,-0.22208032146445542,-0.045552703057651425,0.4656311337471212,0.14583756658901842,-0.03324928538205929,-0.008460757622457422,0.02052774903533089,-0.00022081382695034188,-0.10666399263965114,-0.005925848283887895,-0.0016817407083987543,-0.0672080767389577,0.001152729760820159
90.19019019019017,-1.3218127824471686,0.18172665316999287,-0.024935977142274607,-0.6910803878174442,0.026219335914939374,1.062087635401921,0.14235304256841272,0.01294761171659332,0.08313737329085794,0.005870350685146408,-0.2209983065147724,-0.04422535326097343,0.467085895822515,0.14651874708211796,-0.033776270411469,-0.00845711828266416,0.020374734553165554,-0.00021263442806891724,-0.1068225414835754,-0.0055192021822662,-0.0016951765460926482,-0.0675073849785178,0.0011633831402818847
90.2902902902903,-1.3348628287829214,0.18448059651966164,-0.026179721012920987,-0.7020500621068873,0.025689179903067506,1.0710092144796506,0.13628272253611307,0.012644157150438423,0.08642344164988416,0.007489291082633101,-0.21976073915444433,-0.042909524201628996,0.4684887038202688,0.14717974943240844,-0.03430321333822893,-0.00845187967288031,0.02022760020158753,-0.00020454639634367913,-0.10697990343291086,-0.005115811531369851,-0.001708074819087978,-0.06778093003169548,0.0011734792000999725
90.39039039039038,-1.3478298580584505,0.18711138336438737,-0.02745194283432535,-0.71299724261637,0.025139022103019264,1.0788403156606592,0.13042534646881113,0.012353652064226547,0.08863256677726641,0.007815123141718783,-0.21800960515711792,-0.04142749410609657,0.4699082911678123,0.1478451290433641,-0.03484565643208359,-0.008450823924317017,0.020074797074929762,-0.00019627019119267244,-0.10716844796575564,-0.0047068140347551034,-0.001714330830072303,-0.06803382749837215,0.001183361764424371
90.49049049049052,-1.360897935908271,0.18968299931549892,-0.02877502864192049,-0.7240098722979482,0.024562552129802157,1.087000472145292,0.1246308222112376,0.01168611378293787,0.09097539185995443,0.008205595993186404,-0.21624260726907701,-0.039983799714070734,0.47123974705494864,0.14848200419209703,-0.0353739644295654,-0.008442969393998261,0.01992758262408972,-0.00018795926617717193,-0.10734261995810845,-0.004298545794119148,-0.0017196114207048037,-0.0682658239021542,0.0011927732849761556
90.5905905905906,-1.373823383596514,0.19216114826928116,-0.030129787596567082,-0.7349842154585222,0.02396340037725355,1.0952725452466594,0.11853152671835901,0.010956516670069995,0.09334002581223005,0.008723378535486132,-0.21452818106572394,-0.038665717522682816,0.4725191397841483,0.1491030982409242,-0.035899723567708416,-0.008434724629023893,0.019794790736262377,-0.0001799766846588856,-0.10750764067375104,-0.003898388386788797,-0.0017257163373906917,-0.06847640350414454,0.0012015466637589085
90.69069069069067,-1.3863455106581255,0.1944367772768629,-0.031497440142534514,-0.745773926415269,0.023350995998349104,1.101233972723382,0.11202141781218282,0.011058820331963619,0.09379341496453072,0.007932422219835186,-0.21228888432734028,-0.03733196235609442,0.47390544797212797,0.14977864266251673,-0.03645348761749646,-0.008443065532719425,0.019669994663405417,-0.00017239574968134212,-0.10772174986803851,-0.003488461357017987,-0.0017197583624372612,-0.06866661274455003,0.0012100753206751849
90.7907907907908,-1.3987464834421597,0.19666919483222806,-0.032894830705356606,-0.7565963123557757,0.02271721448196897,1.1093120020444842,0.10602217755720884,0.009886292880471756,0.09593372707238186,0.008201454365018481,-0.2103787720329521,-0.03599760411322578,0.4750655209479901,0.15036187082029037,-0.03696797602121232,-0.00842949894341128,0.019541553478011127,-0.00016424163247091584,-0.10788084074730671,-0.0030896837647761263,-0.0017215965506956962,-0.06884522163655105,0.0012182788235051338
90.89089089089087,-1.410851839195073,0.19872405319467384,-0.03428766082943055,-0.7673138137898431,0.022064960910767855,1.1179126111441562,0.100273077978971,0.008129951553172938,0.0985194663899315,0.008775738767063692,-0.2085187923859643,-0.034632335961176805,0.4760942601027386,0.1509031734976864,-0.03746725471860131,-0.00840766975742904,0.019413300451070765,-0.00015594723769117927,-0.10802022948709462,-0.002695423812795499,-0.0017240286522061353,-0.06900821581584902,0.0012260166981825885
90.99099099099101,-1.4226478012651755,0.2007003620689832,-0.03571375442520151,-0.7779224316845006,0.021396644875910493,1.1263913302037643,0.09437470642906279,0.006941340819605499,0.10106948945769441,0.009268276849603406,-0.20655559717714006,-0.03328769243507143,0.477200721522268,0.15145883440046315,-0.03799421073386439,-0.008401499795657269,0.01929711765781132,-0.0001481162083443506,-0.1081765855712727,-0.0023082707490754365,-0.0017248833606959303,-0.06915680100602685,0.0012334954963146069
91.0910910910911,-1.4339208609077365,0.20253176861189695,-0.03714636712643616,-0.7883394459313141,0.020714470780703074,1.1347781563857637,0.0885503760736828,0.005732866601442752,0.10359520256592394,0.009723190503847786,-0.20454452419236077,-0.031918078184484014,0.47824786404355235,0.1520035624777408,-0.03852271639632269,-0.008397528770362503,0.019183984966444613,-0.00014024965397690107,-0.1083317033106976,-0.0019241873901859725,-0.00172324712031346,-0.06929045837434858,0.0012406515721042368
91.19119119119117,-1.4448673572969362,0.20415475005432354,-0.038573401425720175,-0.7986202358418772,0.02001468239357339,1.1431623433259697,0.08278294041410895,0.004508725620919738,0.10614706113280595,0.01019201605285185,-0.20245929862950507,-0.030533810818261887,0.4792322469861253,0.1525373017065988,-0.03905676760159954,-0.008397542682143336,0.019074920245439757,-0.00013248651991541548,-0.10848854357710261,-0.0015444841315711906,-0.0017194873120757906,-0.06940822021809026,0.001247320958826147
91.29129129129129,-1.4555996672835654,0.20560702805943176,-0.04000008980050275,-0.8088134705988764,0.01929776567896277,1.1515655217818406,0.077083327758202,0.003271924796707132,0.10875240084636292,0.010715515787381183,-0.2002846523262809,-0.029142720968766245,0.48019109755849954,0.1530591069496699,-0.03959356845307047,-0.008401256318313854,0.018971616114606633,-0.00012486387914142845,-0.1086437719892877,-0.001170091754079611,-0.0017147157669126195,-0.06951001805595372,0.001253662209656037
91.39139139139137,-1.4659074934545449,0.20678963906640058,-0.04139877266412554,-0.818836714543815,0.018566448475256514,1.159915950528983,0.07137101497555919,0.0020481766313381247,0.11143665053371703,0.011352375009867532,-0.19808784803125368,-0.027728989334245096,0.48110021703618566,0.15357512717791982,-0.040134490963376596,-0.008409251783552407,0.0188750265317321,-0.00011731102876327508,-0.10880006474945272,-0.0008022446607168765,-0.0017076454653741427,-0.06959579327831909,0.0012595708351824813
91.49149149149152,-1.4757806219088245,0.20776966774542244,-0.04278238860466448,-0.8286832711852454,0.0178208490233649,1.168618326820064,0.06571789815545925,0.0008439337244650735,0.1143820503486889,0.01216105209077977,-0.1958621782911518,-0.026322423716970755,0.4819366351915746,0.15407344967378864,-0.04068446938966732,-0.008423195262948307,0.01877958620595922,-0.00010977792744675651,-0.10895731398539503,-0.0004403302668628716,-0.0016996107341258372,-0.06967031815603301,0.0012650736648823846
91.5915915915916,-1.4853329172011172,0.20853672791156427,-0.044146203860094865,-0.8383939697152195,0.017061892681735445,1.1773901857529028,0.06008431696707517,-0.0003483791559961348,0.11745465955746155,0.013113999456524871,-0.19359098595403645,-0.024919467377750186,0.48273074589377646,0.15455852290576527,-0.0412386586581945,-0.008442396454992188,0.018689627457029682,-0.00010238542565611619,-0.10911053118097451,-8.632820782012614e-05,-0.0016914837124955985,-0.06973099001844034,0.0012702122370362226
91.69169169169172,-1.4946626528024909,0.20896088823081307,-0.04546034190008324,-0.8479859484067032,0.01628465534335908,1.1862311215372967,0.054374749838751034,-0.00151041561651045,0.12067363366382414,0.01423063470982755,-0.19128478693937023,-0.023507097458371085,0.4834761043130217,0.15503637428709074,-0.04179892015800595,-0.008467720934491756,0.018608031715630177,-9.511978799458123e-05,-0.10926319782464869,0.00025755674337035983,-0.0016818047009569688,-0.06977368973110734,0.001274811502775265
91.79179179179178,-1.503715235928964,0.20911789147802012,-0.04673591946879102,-0.8574501191092272,0.015489873896242137,1.1951253712871481,0.048639083605023316,-0.002641185947433098,0.12406533661943583,0.015554648354265583,-0.18892404134896712,-0.022111592214395227,0.484154084281878,0.15550887299256563,-0.04236347612974561,-0.008499240007760768,0.01853237386689738,-8.800140634671653e-05,-0.10941271675158956,0.0005944738514401176,-0.0016718422089702935,-0.06980325099333744,0.0012789122247829523
91.89189189189186,-1.5123620699090157,0.20901969796745026,-0.0479703610114761,-0.8667233550065234,0.014682204933903062,1.2039612070933348,0.04286876937418333,-0.003749537059603212,0.12753309473790586,0.01701227652027821,-0.18651438564164974,-0.020730643120520233,0.4847681003726847,0.15597028255457565,-0.04293224053407657,-0.008537026916053191,0.01846202035402041,-8.102162128055217e-05,-0.10955914134616858,0.0009222978415749452,-0.0016615343468677642,-0.06981887957576287,0.0012825688597794087
91.99199199199201,-1.520143020363688,0.20856155627472545,-0.04913719787174068,-0.8756300044455833,0.013869418027698154,1.2126068262222067,0.03695342814118708,-0.00481773933423731,0.1310207011413765,0.018582794445631566,-0.18410177080429824,-0.01935587944701081,0.485344551916058,0.15642401656068222,-0.043508138693667875,-0.008582374692983208,0.018398088845683263,-7.419402213404395e-05,-0.10971019316213663,0.0012394712401897247,-0.0016489132692392773,-0.06982274636849917,0.0012858437089456334
92.09209209209209,-1.5276328649789421,0.2078160539130211,-0.050250165259342464,-0.8843970844792489,0.0130413782605488,1.221261842192176,0.03096940086742203,-0.005857008436465723,0.1346294507502682,0.020310691588120842,-0.18162446299679522,-0.018006390879745822,0.485862836062349,0.1568726068233392,-0.04408747708893441,-0.008634189830584577,0.018340170266167112,-6.752460079311983e-05,-0.10985791222613468,0.0015491894864617082,-0.0016363553347097653,-0.06981418966121257,0.0012886077922467406
92.19219219219221,-1.5349464451542019,0.2067362662181111,-0.051303344405927875,-0.8930454734779267,0.01219714744167003,1.2298970360180232,0.024925234232678756,-0.006864933489906931,0.13831582463676853,0.022148981502487546,-0.17906620450196944,-0.01667289774143039,0.48629901071841014,0.15731283720162584,-0.044672223771684415,-0.00869361507890731,0.01828852208898298,-6.1007627848590596e-05,-0.11000117241940062,0.0018482474870459918,-0.001623820827197566,-0.06978907347476523,0.001290795138887585
92.29229229229233,-1.5420884142299487,0.2052047348809495,-0.05227991841635954,-0.9015669977190462,0.01133697348576326,1.2382261569530748,0.01865156104670055,-0.007658118157644164,0.14177106316979515,0.023870168189567217,-0.17635574567684012,-0.015352839150007496,0.48673083131341394,0.15776006124528086,-0.04526884935754611,-0.008764068678679583,0.018248009482155585,-5.479627240597071e-05,-0.11015240781965674,0.002136065702879366,-0.0016086753101829075,-0.06974554988618263,0.0012924558011642847
92.39239239239235,-1.548845682724835,0.20325990479891054,-0.05318244222276754,-0.9098577298653417,0.010467398719331741,1.244667676240806,0.011922000949755323,-0.007651823153605008,0.14379015601120199,0.024779649000029963,-0.17321083856127367,-0.014044588793046597,0.48722561838099204,0.15826485132792206,-0.04589388322034883,-0.008855230179606835,0.018217209808800476,-4.9073095466773697e-05,-0.11034535475019572,0.00242486100046774,-0.0015847465257578062,-0.06968766549712072,0.0012936683417961274
92.4924924924925,-1.5555614040611059,0.20100691347855704,-0.054012231533910805,-0.9181036055979058,0.009579878846596552,1.2527099354313784,0.005367115090403914,-0.008290200740446133,0.14713409459726107,0.026469900690991283,-0.1702804209335847,-0.012788901600337124,0.48753902316034703,0.15870385118638636,-0.04650390970480625,-0.008943064278244785,0.018190313330202306,-4.32427844635516e-05,-0.11049585407063936,0.0026926628274380133,-0.0015694235403948356,-0.06961330607820947,0.0012940976027098854
92.59259259259258,-1.5619959913465578,0.19838691057814695,-0.05476513692018205,-0.9261830950893568,0.008678558550527496,1.2611560206699706,-0.001173462981760994,-0.009076259312325452,0.1508469617116605,0.02838321510577311,-0.16736219879457512,-0.01155426309493417,0.4877892563522247,0.15911933902339306,-0.04711076684970258,-0.009034150098535523,0.01817116123886481,-3.748322407745987e-05,-0.11063071016383708,0.0029447809844141593,-0.0015567284466515775,-0.06952274694176695,0.001293970551954223
92.69269269269272,-1.5680916553117228,0.19547351357908885,-0.05544456558460683,-0.9340610583336177,0.007768583777059737,1.2695540688909002,-0.007762554226766928,-0.009876075013219543,0.15452822664379565,0.030245095128752432,-0.1643504762068268,-0.01034814036497706,0.48797866352541686,0.15952110548072296,-0.04771928166125684,-0.009131135980131799,0.01815706936805421,-3.182949497941123e-05,-0.11076028335792468,0.003186219600106471,-0.0015453767194878688,-0.069419225795415,0.0012932895981170403
92.79279279279282,-1.574074389884812,0.19209903576835477,-0.05601871030184937,-0.9417964635777031,0.006843810772635824,1.2774072378811208,-0.01463944876054644,-0.010464158411598586,0.1577183452645849,0.03167423718085484,-0.1610931652438941,-0.009203653486721478,0.4881190620425759,0.15993030138948733,-0.0483421110149524,-0.009242678179827539,0.018152558391669283,-2.658088108795872e-05,-0.1108995229795986,0.00341848003906077,-0.0015312429565250917,-0.06929639304803126,0.0012918666543129127
92.89289289289286,-1.5795627218901163,0.18851202950598248,-0.05657643733347971,-0.949184556899765,0.005905898372246571,1.2818056715997426,-0.020948279420823203,-0.009322189926342173,0.1582821106853917,0.03170137189479515,-0.15711922630109335,-0.007735391150564122,0.4884284812402521,0.16046297591049347,-0.049004457351586886,-0.009382963182636834,0.018155184412996794,-2.1743078246504133e-05,-0.11110454428042223,0.0036695972547084307,-0.001497282012949862,-0.06914850886072986,0.0012900462640818464
92.992992992993,-1.585155605078898,0.18466716485446852,-0.05706402993451283,-0.9565804131184281,0.004954352532839936,1.2881839777252915,-0.026959148002728972,-0.009199481582677953,0.160367315457223,0.032582718007758374,-0.15340004592172285,-0.006319291961863751,0.4885519940383092,0.1609021277500475,-0.04963780143506773,-0.009509100387595483,0.018157656966044673,-1.6527439742968062e-05,-0.11125923622267993,0.0038959436369765477,-0.0014755158818445242,-0.0689869349714909,0.0012875421443906308
93.09309309309313,-1.5908136004619677,0.1803504745308512,-0.057435550480922457,-0.9639179477310413,0.0039864122359507944,1.2949786566405908,-0.03314140833996944,-0.009516402802422923,0.16276302528573441,0.03347279236775133,-0.14964295618313522,-0.0050044479664129796,0.4885533439164451,0.16130447835518114,-0.050263210175256125,-0.009636347268525731,0.018167819336128477,-1.145137061400812e-05,-0.11139382202987476,0.004104957304411419,-0.001457479840342561,-0.06880624850021672,0.0012841639050943311
93.19319319319321,-1.5965728299909707,0.17548739813642153,-0.057674849949925236,-0.9712174153418509,0.0030058561184737108,1.3028610354788983,-0.03998284149989715,-0.01035409465133643,0.165998431978934,0.03468935693903828,-0.14600418829923184,-0.003938620456486475,0.488441709689,0.16165538342205327,-0.050884799958521874,-0.009766083966804192,0.01818953439923248,-6.596485745639295e-06,-0.11150251251120853,0.004288544811239049,-0.001448690626086489,-0.06861292238177182,0.0012801653201813053
93.29329329329335,-1.6021209763535786,0.1704360292244581,-0.057861191187899876,-0.9783178241531767,0.002016744250987874,1.3101818515286656,-0.046439288838690224,-0.010970721484660198,0.16873055369112996,0.035582121399730916,-0.14213421057321965,-0.002786817834832995,0.48828461771282095,0.16200543290197936,-0.05150919658673305,-0.00990158923463028,0.018212740891232246,-1.7453922062823728e-06,-0.11161102542989436,0.004467283706673679,-0.0014377519844427443,-0.06840280034949281,0.0012756391267491403
93.39339339339335,-1.606858525527605,0.16532333952159786,-0.05801642926262246,-0.9849602538101033,0.0010253586695088974,1.3155712382362796,-0.05180316325429285,-0.010955585630276609,0.16978619745839443,0.03545365536521371,-0.1377979473911301,-0.001321382569463174,0.48811329513712043,0.16240285198434082,-0.052139968913502976,-0.01004297696871689,0.018228492705111975,3.305583890140758e-06,-0.11173818246231075,0.004659020751268975,-0.001413928369601991,-0.06817692896342922,0.0012706637574811219
93.49349349349349,-1.6115867989613286,0.15979071076994528,-0.058054637248820685,-0.991519200995255,2.334624762758801e-05,1.322070115132187,-0.0578499142265594,-0.011381037560802151,0.17192212931355005,0.03590408407865475,-0.13367890081427827,-0.00014489013973325443,0.48783370305163254,0.16274207470210783,-0.052765977416300104,-0.010188754142865946,0.01825587439598296,8.13333161302156e-06,-0.1118353910691863,0.0048239037941716495,-0.0014020444775572573,-0.06794158194004626,0.001265098796278222
93.59359359359362,-1.6164257313398072,0.15394651446591898,-0.058009246081833055,-0.9980178429710465,-0.000990478432838226,1.3289469732092027,-0.06407450164075508,-0.011955773106316315,0.1744504453335763,0.036572788483562914,-0.12954272594739996,0.0009151224474443685,0.48746898175425235,0.1630499816114243,-0.05338880821276547,-0.010338762693652855,0.01829219234181039,1.2802489494132397e-05,-0.11191346118083252,0.004971213429565413,-0.0013953068662231661,-0.06769079909775971,0.001258840281026245
93.6936936936937,-1.6213364058583,0.14786563680233925,-0.05788643952610352,-1.0044191179141024,-0.0020163603591089744,1.3358755338920354,-0.07032481668924999,-0.012560085913918096,0.17711985189316506,0.03733387765446995,-0.12533444794871076,0.0018897237533885246,0.4870374391872013,0.1633409151367765,-0.054007914707115426,-0.010492242797255654,0.018335895642117607,1.7368443809416565e-05,-0.11197949590184178,0.005105571595812262,-0.0013902795325929748,-0.06742509686518752,0.0012518714167998764
93.79379379379384,-1.6263389033189075,0.1415991266611628,-0.057689236811797086,-1.0107115009818046,-0.0030554805119857994,1.3426190346213618,-0.07636933318371689,-0.013115949557858931,0.17968349144001666,0.038015757008898594,-0.12096097032982525,0.002846210740098784,0.4865437733476182,0.16361888275689382,-0.05462436355843161,-0.010649531338863752,0.018382708925749978,2.1881179075934294e-05,-0.11203872933072005,0.005231843593723617,-0.0013864643089218339,-0.06714283080034696,0.0012443825799924048
93.89389389389387,-1.6314223154456886,0.13512303557775482,-0.05742843226572501,-1.0169062433907277,-0.0041039347488270395,1.3494775142194566,-0.0822528437331444,-0.013649834347671636,0.18230613723381187,0.038693346363142804,-0.11647277432916055,0.003779069082998495,0.4859836150527287,0.16387734973044935,-0.05524136329151476,-0.01081095193668934,0.018432629935904367,2.637931584414918e-05,-0.11208759100690231,0.0053489393103136095,-0.001383525029421464,-0.06684527467617134,0.001236295491297414
93.99399399399398,-1.6365187407776252,0.12851740779024753,-0.057103711907299536,-1.022965448940973,-0.005159609491472652,1.356260192000836,-0.08802486246401316,-0.01415226509125284,0.18493726207610492,0.03937100689549119,-0.11187829854796946,0.004653413240043344,0.48536229771664263,0.16411856091820975,-0.055853423953377376,-0.010974213788845319,0.01848739815324239,3.086259518994015e-05,-0.1121254406997189,0.0054552878871341574,-0.001381401288873276,-0.06653424019864085,0.0012276184961193541
94.09409409409412,-1.6415930933014677,0.12175674693697155,-0.05671075303742994,-1.0288552232046366,-0.0062233954885934865,1.3628731987482836,-0.09359041233566334,-0.014632325414283614,0.18751942251638776,0.0400136030124741,-0.10715299497510786,0.005505984353356091,0.48467041513215425,0.16434071672667033,-0.056461103731974785,-0.011140076755309251,0.018543173100922107,3.532672698332389e-05,-0.11215228492507776,0.005553032814566041,-0.0013818858932031796,-0.06620893265950907,0.0012184751782818107
94.1941941941942,-1.6460730453775203,0.11484329220881846,-0.05625641313542405,-1.0343949333958533,-0.007281132407894013,1.369154484409508,-0.09902714500918476,-0.015087868493330565,0.19000520561258674,0.040639121632786504,-0.10238476580135485,0.006340462214445078,0.4839095735507783,0.16454795550976004,-0.057065910103385485,-0.011308317394907015,0.018599441020382756,3.9833319703497294e-05,-0.11216346863425027,0.005643515837230564,-0.0013834212973479266,-0.06587698816459032,0.001208955752038249
94.29429429429435,-1.650047346245783,0.10790078801074651,-0.055739793451419786,-1.0395843052930158,-0.00833279001550847,1.3751541164931138,-0.10428480232014481,-0.015509877802225592,0.19242156061321275,0.041246234597460366,-0.09755249802069019,0.007118898464048301,0.4830730406927004,0.16473069874040094,-0.057662946787735134,-0.011477084697600535,0.01865594873635639,4.440361909215132e-05,-0.1121571731668555,0.005724528597777295,-0.0013863606217506277,-0.06553865045802315,0.0011991079800152131
94.39439439439437,-1.6538920338853476,0.1009489535508433,-0.05516539362019727,-1.0445626267764963,-0.009388933911798585,1.380972502328282,-0.1093045337367965,-0.01591422945469346,0.19479802885598713,0.041829446633457196,-0.0926075366911966,0.007863011877372974,0.4821650154743162,0.16489130453367018,-0.05825355804669406,-0.011647468090895906,0.018712448339394366,4.901853611092503e-05,-0.11213489732612439,0.005794979366810326,-0.00139281223655048,-0.06518957140795838,0.0011889139056962116
94.49449449449449,-1.6577313325970624,0.0939444411899386,-0.05453623428473579,-1.0494049127089542,-0.010450650881284664,1.3866905518107029,-0.11413210324593201,-0.01630377647461998,0.19716285970604774,0.042402994093095336,-0.08755389549361349,0.008567180874520956,0.48120096332196594,0.1650347303460489,-0.05883967868040618,-0.01181947660133498,0.01877133608217123,5.3589635440797574e-05,-0.11210052741878455,0.005858784086541417,-0.0013997489614208905,-0.06482920266060407,0.0011782634730916227
94.59459459459461,-1.6613269800095776,0.08703482947147262,-0.05384998797279074,-1.0539770695559703,-0.011510328303873909,1.392209484318883,-0.11871760072284435,-0.016669098650659728,0.19948893369195358,0.04296163759610703,-0.08239532014767018,0.009204803864223675,0.4801580824492187,0.1651493420354196,-0.05941314026301647,-0.011989878992423446,0.018830218812358752,5.826192764642991e-05,-0.11204503997510454,0.005912820662882441,-0.0014091174303795535,-0.0644608591586934,0.0011673603113146749
94.6946946946947,-1.6649373996103787,0.08016180024642508,-0.05312070083259144,-1.0583995040069099,-0.012572779601247298,1.3975808350680672,-0.12303621082164962,-0.017014797500970243,0.20179732493235575,0.043501696326007956,-0.07713216494225139,0.009808241907392486,0.47905111867416084,0.1652420838359559,-0.05997728785837049,-0.01215989663429538,0.018889878731799713,6.297756694498371e-05,-0.1119768471116038,0.005958219375995513,-0.0014213053564109917,-0.06408148611361666,0.0011561109258303448
94.79479479479484,-1.6685808422213555,0.07327946760265032,-0.05234321637216952,-1.0626869594733899,-0.013638988677529088,1.4028541143561437,-0.1271234912360541,-0.017352725298005578,0.20410239637609234,0.04403372663516083,-0.07175815258866243,0.010370041113116487,0.4778873974370816,0.16531392452476032,-0.06053436214639951,-0.012330160808807956,0.018950910265836673,6.76359655145286e-05,-0.11189630237487391,0.005998473943781205,-0.0014339198654753304,-0.0636915479392681,0.0011444611306394136
94.89489489489492,-1.6724828122996414,0.0665282608236452,-0.05152135429548891,-1.0668877156808698,-0.014710305253774958,1.40804563297881,-0.13094481740195166,-0.017671484735109502,0.20641286299795167,0.044558536789785615,-0.06623901228334292,0.01085767004590779,0.47665214643919906,0.16535845173851363,-0.06107402398868619,-0.012496398395891081,0.01901461882867231,7.23447540571419e-05,-0.11179813609776748,0.006029043062489109,-0.001449353184034836,-0.06329035862545578,0.001132554655004876
94.99499499499498,-1.6764399443948839,0.0598961582520944,-0.050665307430080644,-1.0709571378608351,-0.015782747497448263,1.4130416797747967,-0.13447819717001225,-0.017975440887626072,0.20870037834469665,0.045067691836871156,-0.06063222705071347,0.011317498735153631,0.4753513676585122,0.16538198892556474,-0.06160020062947623,-0.012660235923811903,0.01907889004231152,7.713812177794577e-05,-0.11168582371142084,0.006052611981553388,-0.001466705334952384,-0.06287959399471278,0.0011203303753469656
95.0950950950951,-1.6804775751244734,0.05337026550092776,-0.04976954044405092,-1.0748906567683245,-0.01685880058555893,1.4179011303829234,-0.1377310391474217,-0.01828406133564563,0.21097660372120455,0.04557134380817072,-0.05490504548839257,0.011729182930932893,0.47398275901833975,0.16537963801539055,-0.06211367022122992,-0.012822153924022237,0.019143392793840027,8.189967409457654e-05,-0.11155769619681744,0.006071432565620057,-0.001484213648073959,-0.06245888736781883,0.001107827301681554
95.1951951951952,-1.6846306994993214,0.04707681288889072,-0.04884114420218445,-1.078679361701096,-0.017936455845309715,1.4225838315932502,-0.1407040664538583,-0.018576914244641217,0.21323671944873804,0.04607008338991059,-0.04905989631861392,0.012070155564867483,0.4725356412227269,0.16534804977658007,-0.06260635349318133,-0.012977847527731828,0.01920828704112551,8.67641864876411e-05,-0.11141078783447242,0.006082274257277117,-0.0015044949179173395,-0.06203046154451809,0.0010952452198126625
95.2952952952953,-1.6889814011386068,0.04095039427894899,-0.04788539562673326,-1.082386470334694,-0.019014974002567527,1.4271395926329558,-0.14338053238704393,-0.01886098551410531,0.21550175856240833,0.04656557050220186,-0.043100333018384195,0.012392683150015817,0.4710253056909949,0.16529270549028896,-0.06308390584939066,-0.013130131470149515,0.019273517276329487,9.170689874680927e-05,-0.11124994365121763,0.006087014025653202,-0.0015256831482887891,-0.061592218058751036,0.0010823967427888743
95.39539539539541,-1.6935574979794183,0.035014788184056386,-0.04690126797178078,-1.0860085042279224,-0.02009586833073785,1.4315117333231981,-0.1457688379112441,-0.019144569416575146,0.21775383149466965,0.04706235234718513,-0.03700351679780044,0.01266812461024468,0.4694454867533759,0.1652129151324828,-0.06354404951919503,-0.013278353509285018,0.019339671730908017,9.662056067889477e-05,-0.11107247299340225,0.006085879572010601,-0.0015471789270366703,-0.06114428653490737,0.0010693700434677373
95.49549549549553,-1.6984361014822578,0.029386535632610934,-0.045890736394073185,-1.0895561217926393,-0.021177766105063,1.4356905448587969,-0.14786766951851849,-0.019418264167982438,0.21998917404472063,0.04755990976239919,-0.03077282548835747,0.01287769934703079,0.4677918115538483,0.16510443035400452,-0.06398083639544225,-0.013419160890518344,0.019406817292295313,0.000101575742360681,-0.11087592235434043,0.006077468250974093,-0.0015713091260528029,-0.06068824329984157,0.0010563365151175258
95.5955955955956,-1.7035530571027955,0.023969348725658417,-0.044859202146448326,-1.093028041880621,-0.02225925492478604,1.4397527320606476,-0.14966456922475388,-0.0196898895205394,0.222241071011733,0.04806048680447748,-0.024420498629425323,0.013076651068716494,0.4660749099071764,0.16497093327042867,-0.0644003577565854,-0.013555507785979585,0.01947391217244669,0.00010658897836013682,-0.11066331385045373,0.006063603998963743,-0.0015960883864651568,-0.060223109137258854,0.0010431255662122232
95.69569569569572,-1.709030438920254,0.01880856313626452,-0.04380787218280156,-1.0964646805621754,-0.023339146178463423,1.4437326598088909,-0.15117967488638967,-0.019951715914585208,0.22452728085562593,0.048570323311082284,-0.017937202224057675,0.013231511519790856,0.46429354812437884,0.16481089627305381,-0.0648003504006727,-0.013685928839486569,0.01954130998257737,0.0001116169558023986,-0.11043577119102281,0.006044008158725624,-0.0016208507538928957,-0.05974929036497092,0.0010298459363570853
95.7957957957958,-1.7146870398240637,0.013974187245484392,-0.04273663743839176,-1.0997787109678767,-0.0244133072769852,1.447545766555311,-0.15241364596303336,-0.02021122994544244,0.2268113051422195,0.04908485237577061,-0.011350260613445734,0.013334985632557339,0.462441837309577,0.16461854084854227,-0.06517706124953211,-0.013808641962111453,0.019607744263017736,0.0001166844765424312,-0.11018955213421162,0.006019227181537919,-0.0016475244912202453,-0.059269402337508215,0.0010167078469632573
95.8958958958959,-1.720475970618794,0.00935400023735681,-0.04165219230625731,-1.102979576560902,-0.0254840976558889,1.451168246006685,-0.1533544596906285,-0.020471637974492637,0.22909336895905108,0.04960420433114557,-0.00464156575110013,0.013437008624786143,0.46052491102171994,0.16440161951284912,-0.06553459109598381,-0.013925784215090664,0.019673380544701677,0.00012180062528940265,-0.10992615543222259,0.00598969937050062,-0.0016745068705176023,-0.05878218274155288,0.0010035167680001772
95.99599599599603,-1.7266117579839395,0.005111750574575273,-0.04054971578178814,-1.106122135345008,-0.026549958922716166,1.4549100989684625,-0.15394859868413002,-0.020720641443683848,0.2314935081851815,0.050140157879075255,0.002139874744232628,0.013507309146542504,0.45853457542100884,0.1641518643728363,-0.06586825432127418,-0.014034991708274231,0.019738348694108513,0.0001269526539333943,-0.10964274766947497,0.005953797826764405,-0.0017026096548855812,-0.05829092030794743,0.000990435578126213
96.0960960960961,-1.7329936999417215,0.0012354368153563492,-0.03943338329397662,-1.109161385296467,-0.027608050600828105,1.4585668560369707,-0.15426000233045023,-0.02097561182471846,0.23392175365220091,0.050685350785588744,0.009017098447472161,0.013539832910785653,0.45647180225007933,0.16386797106199458,-0.06617767595235904,-0.01413667183184896,0.01980216610556838,0.00013209287122429393,-0.1093390267268386,0.005912790935467647,-0.0017326413082769747,-0.057794055941217296,0.0009775747127616493
96.19619619619621,-1.7396048544100566,-0.002386713957119857,-0.03831276736740971,-1.1121267448869294,-0.028663912179126137,1.4621832978953615,-0.15426651848048073,-0.021227576846453895,0.2364073916148688,0.05124150972786521,0.016007818279752166,0.013573128202931906,0.45434161027016523,0.1635593608076638,-0.066467175512723,-0.014231887011285749,0.019865740331982636,0.00013725968990827353,-0.10901735896655548,0.0058664657234172675,-0.0017633463968469904,-0.05729129544159621,0.0009647345554440429
96.29629629629632,-1.7463689379138472,-0.005625960543658583,-0.037174113665148,-1.1149608154450164,-0.02970861051483979,1.4656440650691036,-0.15402592704781895,-0.021473153252925776,0.2389010552818615,0.05180310029344026,0.023072418561978773,0.013569215597161266,0.4521566808530412,0.16321921906225875,-0.06673094303883195,-0.014318399687452821,0.019928324623639637,0.00014242921921553872,-0.10867853250099468,0.005815835632416374,-0.0017939821660584326,-0.056786705149119064,0.0009521945992067755
96.3963963963964,-1.7532097059219758,-0.008550833311745,-0.03602644057638345,-1.1176385128154191,-0.030738420093559822,1.4689308354095494,-0.15353706582877763,-0.02172857788456107,0.24139925948196977,0.052369520221831445,0.030210598221355033,0.013546943231830377,0.4499075723499768,0.16284897559435335,-0.06697047938901987,-0.014397828424527201,0.019989266389018094,0.00014757737556055846,-0.10832068127356256,0.005760493737869776,-0.001826166581650731,-0.05627856785265241,0.0009399921116012724
96.49649649649653,-1.7601081557367433,-0.01124519864099371,-0.034876042707086635,-1.1201833806139696,-0.03176208910848022,1.4720179501669048,-0.15283104542754258,-0.021978508314467095,0.24388302713080776,0.05292784839482963,0.03744380775662971,0.013515453974109946,0.447608166975316,0.16245650964900404,-0.06719076478490545,-0.014470370611507475,0.020049727850663848,0.00015272401513903314,-0.10794928462907845,0.005701861433788075,-0.00185789417163692,-0.0557669326920601,0.0009279654665533072
96.5965965965966,-1.7671054552850294,-0.013550321285667247,-0.0337115742855031,-1.1225833838429584,-0.032770507923530805,1.4748952228936711,-0.1518994504833468,-0.022230140430361273,0.24634994607440053,0.053480195939993855,0.044746784881992116,0.013458136300349519,0.44525748351697797,0.16203274851054433,-0.06738393503564707,-0.014533821502539065,0.020109052018952002,0.00015782290298338545,-0.1075605338307121,0.005639666930492883,-0.0018893746525070066,-0.055254439343128625,0.0009163654363210311
96.6966966966967,-1.7741351161967178,-0.015571805519267807,-0.032541652144423144,-1.1248195433041643,-0.033760332731722215,1.4775697834579489,-0.15076548015869523,-0.022487839351923136,0.24881193413988772,0.05402861989775146,0.05210097215187108,0.01340174895529854,0.4428525727247041,0.1615838291944321,-0.06755333410892908,-0.01459047655849596,0.02016695887027502,0.00016289838078503363,-0.10715473390085042,0.005572783288134077,-0.0019213690156524143,-0.05473985144958604,0.0009051459574464921
96.79679679679678,-1.7811886841680487,-0.017334889035774004,-0.03137143843863696,-1.1269053309289965,-0.034741691802790284,1.4800442176518267,-0.14944910043119275,-0.02274048544449799,0.251249434649634,0.05455718372930175,0.05952331653264135,0.013338530830077893,0.4404025841052153,0.16111165119326382,-0.06770247409700411,-0.01463957199789628,0.020224376769081173,0.00016791716117120744,-0.10673619386997275,0.005503548373809687,-0.0019523193315548546,-0.05422327824082133,0.0008942419897655226
96.89689689689689,-1.788268666456459,-0.01874071419539599,-0.030195048033159894,-1.1288347033990498,-0.03570287986755719,1.482283740897622,-0.14792446287791364,-0.02300004148849315,0.2536628288939495,0.055073371874084766,0.06700027557508012,0.013265695587755083,0.4379039098779467,0.16061076497173415,-0.06782499713160467,-0.014680112086573566,0.02028049688151935,0.00017282506010847247,-0.1063005761612343,0.005431270053212861,-0.0019830556223898203,-0.05370672678989822,0.0008838433256132877
96.99699699699703,-1.7953937178577166,-0.019882266340285566,-0.029013163097772236,-1.1306206163367287,-0.036644097481675485,1.4843335967772933,-0.14626074999898386,-0.023254175319197278,0.25606476873901923,0.05558062239536552,0.07450202416297852,0.013202858959835256,0.43537880603096485,0.1600880806375753,-0.06792568008214975,-0.014714159835391993,0.020336224122478545,0.0001776939803973587,-0.10585297916495665,0.005355060291042781,-0.0020127866470241902,-0.053189864726273725,0.0008738800787139742
97.09709709709713,-1.8024937599997668,-0.02077637951138999,-0.02783153856838026,-1.1322370457211388,-0.0375727145938974,1.48609932688379,-0.14446451009420652,-0.02350132010281215,0.2584087965493643,0.056059988276948705,0.08204738460227494,0.013138095668193083,0.43281595628145764,0.1595458862490619,-0.0680046902054081,-0.014740347523281258,0.02039259284881968,0.00018240551167444973,-0.10539332423133807,0.005277148742521522,-0.0020411279387792373,-0.0526720951744435,0.0008643570025332632
97.1971971971972,-1.8095949698695954,-0.021374651328317694,-0.026649248867278146,-1.1337003196619313,-0.038476110507787355,1.4876026500698867,-0.14250419234667172,-0.023755553656171595,0.26072174679818294,0.05652479370054121,0.08962544620282843,0.013080043149347858,0.43021858610323865,0.15898026212805239,-0.06805800788350284,-0.014759140804903731,0.02044892638625275,0.0001869112623013467,-0.10491799428058027,0.005195874606844756,-0.002069267703295774,-0.05215471635167177,0.0008554145037187909
97.2972972972973,-1.8166554052103663,-0.021742165755553704,-0.025463539027513898,-1.1350083621394682,-0.039358468377193326,1.4889147099218605,-0.14046592621966597,-0.023993192107494215,0.26301251515331414,0.056977362690957864,0.09719521715931281,0.013039100413393807,0.42761508551521044,0.158397432448749,-0.06809170570530279,-0.01477183641859467,0.020505643607064677,0.00019133334256494453,-0.1044342786111587,0.005111745968013503,-0.0020951157062752183,-0.051639744140903485,0.0008470089062586981
97.39739739739738,-1.8236290527518655,-0.0219026303253674,-0.024279058951351167,-1.1361293976035949,-0.04022219473835071,1.4900584189016848,-0.13835488342430793,-0.024224630412728702,0.2652809116670245,0.05740346970741115,0.10477709259938357,0.013000256249492335,0.4249884029489569,0.1577961207955183,-0.06810563009351916,-0.014777779469181369,0.020563270906492827,0.00019555975580186035,-0.10393949627952925,0.005024837660801963,-0.0021202026368510145,-0.05112602879192899,0.0008391817343566371
97.49749749749752,-1.830309604857926,-0.021788378816706484,-0.023102475257561157,-1.1369994886267132,-0.04105537612169042,1.490736343357193,-0.1361468550587858,-0.02445747944690736,0.26745417693790946,0.05781085693506595,0.11233490638423645,0.012976166367652604,0.42233822722363445,0.15717199606492108,-0.06809494244016948,-0.014776630791494988,0.020619640151713154,0.00019957993171754686,-0.10342909932151705,0.004935785594013397,-0.00214450737771126,-0.05061441644551884,0.0008320139659968437
97.59759759759763,-1.836913250366009,-0.02148005656777789,-0.021926701514409272,-1.1377202476067712,-0.04186683116052381,1.4912859640790384,-0.13390630493389707,-0.02466806766209865,0.2696217933039705,0.05820845137254336,0.11986582810621456,0.01297357113747932,0.41969612310606835,0.15653116529876185,-0.06806698747705499,-0.01477015910711325,0.020675913802303856,0.00020346990368395545,-0.10291255295544914,0.004844950232656268,-0.0021657981205938856,-0.05010649390218772,0.0008254680736041568
97.69769769769769,-1.8433325814113544,-0.021023096271966656,-0.020756549156492485,-1.138237365964465,-0.042653201032222136,1.4916091959446618,-0.13166019905656579,-0.024866984170657313,0.2717624117275382,0.05859816292458172,0.1273769764635174,0.012974922704170316,0.41705463479616345,0.15587527351413233,-0.06802034165064838,-0.014758002390542632,0.02073383761720101,0.0002071049874014256,-0.10238635429133591,0.004750657893134914,-0.0021865456964961214,-0.049601463381671526,0.0008195964548671754
97.79779779779777,-1.8496654871919318,-0.02032581528422144,-0.01960536958627787,-1.1385970921720017,-0.043409413188562326,1.4918759667444081,-0.12930498399244636,-0.025059085189502568,0.2739539514268309,0.05899581787323249,0.13480879247596297,0.013007451424241834,0.4144055806372643,0.15519802426718549,-0.06795296026881655,-0.014740264159749966,0.020792317532706082,0.00021043435547188377,-0.10184913736959622,0.004653819506656715,-0.002206223976774711,-0.04909866684334012,0.000814349473739193
97.89789789789788,-1.8557684358156639,-0.01948972472168831,-0.018457647364669077,-1.1387635757299155,-0.04414078954263625,1.4919091633637616,-0.1269457055537552,-0.025222932266583488,0.276125037926477,0.059395601226075775,0.14216580670014267,0.013072109339234689,0.41178076158392507,0.154511506100903,-0.06786904195572198,-0.014717560436718754,0.02085247271315498,0.00021356956728902496,-0.10130575015337495,0.004555681475106444,-0.002222603349295082,-0.04860169326792973,0.0008097838899902849
97.99799799799801,-1.8615144192136017,-0.018594438319485568,-0.017319973145701887,-1.1386888281338785,-0.04484004409003202,1.4916841587538796,-0.12464064816937122,-0.02536457274391274,0.2782719409804678,0.059807647527005604,0.1494480841652253,0.013146880419673084,0.40918271024585673,0.15381807182372267,-0.06776914380610066,-0.01469067339897058,0.02091585613913137,0.0002163648551400092,-0.100755279716264,0.004453356925840453,-0.0022388635932541453,-0.048111298983498696,0.0008059924703181602
98.09809809809815,-1.8668141685752537,-0.01752487299180549,-0.016201661914114547,-1.1383357179750153,-0.04550430644649607,1.491165907604421,-0.122321203717852,-0.025493522282164116,0.28038323690266265,0.06022836529651965,0.15658450541959937,0.013261587309191697,0.40659924122866026,0.15310931248501203,-0.06765084327707618,-0.014659088557216616,0.02097965509905398,0.0002188251305131402,-0.10019882763962176,0.004349848522968863,-0.002253095079478239,-0.047625616199568795,0.0008028330134343993
98.19819819819818,-1.871798226414451,-0.016411134720236205,-0.015091921139723885,-1.1377696382555915,-0.04613972935549218,1.490475317758652,-0.12005613022889669,-0.02558590526372049,0.28250493278699834,0.06066178386536236,0.16360668788745275,0.013410532528770341,0.4040654469696596,0.15239617568757696,-0.06751901544598662,-0.014623903340314054,0.021046165723758163,0.00022101047361475232,-0.09963958905667089,0.0042446671138649476,-0.0022639515087863626,-0.04714645838537687,0.0008003980376606092
98.29829829829826,-1.876494171965184,-0.015292713642119449,-0.013996755263264438,-1.1370142859248207,-0.04674161597750052,1.4896483826891609,-0.11788065735657154,-0.025650165071923352,0.2846398514894933,0.06111956239100337,0.1705231941835233,0.013575343949636087,0.4015801223453318,0.15167836061746903,-0.06737453777084985,-0.014585527314863653,0.021116027990175264,0.0002227852799226337,-0.09908008776359133,0.004136609773089,-0.002273614171459747,-0.04667384544160023,0.0007987229821469933
98.39839839839837,-1.880932515629739,-0.014068215788019959,-0.012925631112916785,-1.1360754261394195,-0.04731050608952224,1.4887011084667807,-0.11575715619661357,-0.025691914573759793,0.2867916212749363,0.06159378483375753,0.17728636203021267,0.013777119555419284,0.3991334478836825,0.15094974427747346,-0.0672163484920853,-0.014544252850838163,0.021187861304778732,0.00022414911918967043,-0.0985193523548538,0.004027335944055928,-0.002280768960995672,-0.04620421206551083,0.0007975644266471653
98.4984984984985,-1.885074560815451,-0.01283276555267758,-0.01186928551511047,-1.134942565976134,-0.04784737154394503,1.4876041672519897,-0.11374769527622355,-0.025683042543847706,0.28896182863100667,0.06208564268713135,0.1838769380318805,0.013996883092277822,0.3967539036706849,0.15022294449886806,-0.0670468839634571,-0.014500632114709876,0.021264694072225473,0.00022515690941606048,-0.09795539251757124,0.003914404802530837,-0.002285850902337294,-0.04574084473580972,0.0007971370426242168
98.59859859859864,-1.8889557501407885,-0.011579340325032567,-0.010835005355373795,-1.1336556431784446,-0.04834849031333529,1.4864125125112184,-0.11183971020791697,-0.025637043964403528,0.2911582160649785,0.06261079795555166,0.19031757793888923,0.014242852348834694,0.39443792158632873,0.14949359730540818,-0.0668660668094292,-0.014453967017582694,0.02134513006702888,0.0002257018678278102,-0.09739394135509044,0.003799438397996417,-0.0022890941716114687,-0.04528493060170443,0.0007974589546189617
98.69869869869873,-1.8924832349625753,-0.010292757430176347,-0.00983161048033986,-1.132182131077525,-0.04881294466099488,1.4851420686982713,-0.11004087109247451,-0.025562734280645344,0.2933766061398494,0.06315070858142723,0.19657091173110683,0.014520722837118732,0.392185249544837,0.14875925427826714,-0.06667496921475234,-0.014405700244098655,0.021428621195648236,0.00022578179525707573,-0.09683415619035791,0.0036833563146799974,-0.002289778731637472,-0.04483370037032603,0.0007983003225310589
98.79879879879876,-1.8955867786606397,-0.009019097739375214,-0.008849174007699792,-1.1304818652983972,-0.04924048737972045,1.4837499672716004,-0.1084112911972065,-0.02543091037906345,0.29561967001023404,0.0637071563134264,0.2025618684251488,0.014805100918766023,0.39001581163273585,0.14803070624949236,-0.06647466978220648,-0.014355829738649151,0.02151768553125429,0.00022548033126616835,-0.09627228029591937,0.00356229729956963,-0.002289385319209675,-0.04439035702121945,0.0007999005560618306
98.89889889889889,-1.8984289753000403,-0.007735871391149006,-0.007899734270304529,-1.1286472179780649,-0.04962970808328284,1.4823053066167335,-0.10686929719122958,-0.025211191221241158,0.29790043996141413,0.06432668021960604,0.20836200032340635,0.015139654387250717,0.38793621518085886,0.14730533332698875,-0.06626622985200083,-0.014304203443279937,0.021610243635631198,0.0002246560556839594,-0.09571795627514049,0.0034403993286540938,-0.0022859631897087407,-0.04395527031570018,0.0008022210673378737
98.998998998999,-1.9008475600748298,-0.006518009722104592,-0.006982688510526075,-1.1266305946863135,-0.04997885930461473,1.4808141541558284,-0.10554807317065533,-0.025034839118321085,0.30020849165694646,0.06490957073532515,0.21391969851495368,0.015477189304469351,0.38593281125349654,0.14657884411817187,-0.06604901165275259,-0.014251483347727389,0.021707625854605186,0.0002233144062661789,-0.09516513436360703,0.0033169491355885634,-0.00228050153543503,-0.04352530116786695,0.0008049953473793488
99.09909909909913,-1.9026674879886705,-0.00532042103323945,-0.0060831136801319016,-1.1243450101456411,-0.05028858864744299,1.4792566256514479,-0.10448171341810544,-0.024896773226191545,0.30253970630698024,0.06545285210592156,0.2191234644260831,0.015801678063691215,0.38400907139214707,0.14585265541238193,-0.06582151026728952,-0.014196555721323997,0.021809741949469268,0.00022160342917063044,-0.09460973098299065,0.0031884520735658726,-0.0022745525174304093,-0.04310502620523417,0.0008084947384293542
99.19919919919924,-1.9038340268284881,-0.0038726833794775423,-0.0052785167027660845,-1.1217769910541198,-0.050549178900696635,1.477059808217588,-0.10283563417156885,-0.023903074270666035,0.304600270277224,0.06627300087753663,0.22416193717337385,0.016401437735744852,0.3822949679337798,0.14518520264574203,-0.06560527867022006,-0.014147205449136174,0.021910193442150852,0.0002194591152429739,-0.09408360380793945,0.003070054759562997,-0.00226001053314489,-0.0427013945147819,0.0008129513499372809
99.29929929929925,-1.9043703388307456,-0.0024988581122072423,-0.004517815885951691,-1.1189772786861536,-0.050768702564653545,1.4746104691553785,-0.10133731386665563,-0.022893952412404793,0.3065064145417557,0.06692950905332908,0.2289251729704397,0.017026340116874115,0.3806811121339554,0.14452858297079152,-0.06538244077876318,-0.014097296431748738,0.022015231273673563,0.00021684311991295607,-0.09356156042587385,0.0029518705227729943,-0.0022429673221398775,-0.04230490570106909,0.0008178708537528148
99.39939939939939,-1.9043453524304872,-0.0011584573544304471,-0.003783008067459798,-1.1159648728147773,-0.05096341438093936,1.4719401012810744,-0.09999545159127474,-0.021888652266572207,0.30825823960868975,0.06741044714292621,0.23339228706015777,0.017682391823855954,0.37915967818127044,0.14387655392505555,-0.06515088663682359,-0.014045157017822888,0.02212319685456086,0.00021388791003739668,-0.09304304255539751,0.002831519223326921,-0.00222361752011263,-0.04191619823952151,0.0008233866063109901
99.4994994994995,-1.9036371840379953,-0.00011741547761837321,-0.0030406573046817672,-1.1126970849012126,-0.05102877050630054,1.4696627028494995,-0.09948874811507186,-0.021575147654676923,0.3103418418716438,0.06776074254867588,0.23732501292947408,0.01817985590346543,0.3776620817232132,0.14318203518867534,-0.06489132388002646,-0.013984291198578825,0.022238935381710557,0.00021019900634133295,-0.09250977088682195,0.002698807139814889,-0.0022066451288742833,-0.04153539691865056,0.0008293422859035544
99.59959959959963,-1.9023987470318502,0.0008646374249883688,-0.002372368584451775,-1.1093247908090451,-0.051160576763529295,1.467182183209486,-0.09907141980669003,-0.02113029897908286,0.3123516999953688,0.06809626157346044,0.24095590711559517,0.018727038660292548,0.37628713613299414,0.14251053499135977,-0.06462882877886234,-0.01392375466035448,0.022359259702496123,0.00020607843500060086,-0.09198440150489026,0.002567149177265124,-0.0021869662248726945,-0.04116367328447059,0.0008357375008515245
99.69969969969976,-1.9007137078120528,0.0018162197107153923,-0.0017623134939904056,-1.105919168333003,-0.05143714128075768,1.4645339183965569,-0.09872478393414189,-0.020557347692468482,0.314289033864073,0.06841686914562886,0.24429894944680436,0.019345520293465,0.3750236436255099,0.141858685199104,-0.06436305949979848,-0.013862893122372155,0.022482214767831143,0.00020161273350350188,-0.0914668456842523,0.002436495989209718,-0.0021643126395615693,-0.040801836272976545,0.0008426729338037859
99.79979979979974,-1.8972238243120212,0.0029158932917797606,-0.0010726467320196962,-1.1011265141843531,-0.05055484207306794,1.4615461114484134,-0.09859102622369201,-0.01996136542902293,0.3161576027029167,0.06874250171597199,0.24695848705683837,0.019896115434127958,0.3738799707463863,0.14119636004594813,-0.06407810848689954,-0.013796945837742667,0.022606953837884105,0.0001965243716137926,-0.09094460061581497,0.0022944038247461464,-0.0021446618443004416,-0.040454152282585074,0.0008501123864953405
99.89989989989988,-1.894597905464212,0.003573196036718888,-0.0006656566220338989,-1.0980316200180478,-0.05155821396605631,1.458622852340079,-0.09868189865331038,-0.01930434414203287,0.3180894430339432,0.06906531451852796,0.2495048521863203,0.020647132785045392,0.37289909821869,0.14059606519934142,-0.06379922750765041,-0.013733580235579596,0.02273875350638653,0.0001909958608648442,-0.09044582955709343,0.0021689978296521037,-0.00211410289623476,-0.04011717540327119,0.000858098126978407
100.0,-1.893156059483612,0.0037361179739690137,-0.0005215738184252961,-1.0970339062210486,-0.0548815939190179,1.455805147514739,-0.09901828303127595,-0.01859257084632205,0.32009908657482017,0.06938506840039774,0.25202235659442385,0.02164694883628654,0.3720693112297726,0.1400623576908925,-0.06352713926687895,-0.013672895358915815,0.022876742515983324,0.00018506635404592274,-0.08997184904822539,0.0020637961834324326,-0.002070654346828492,-0.03979059812261315,0.0008666793282697075
